symbol,isin,start_date,end_date,eligibility_status,reason_code,source_event_id,confidence,policy_version,lookback_contamination_supported,notes
360ONE,INE466L01038,2021-09-30,2026-09-07,RESEARCH_READY,nifty500_membership_period_default,,OFFICIAL_EVENTS_PARTIAL,CORPORATE_ACTION_EXCLUSIONS_V1,True,Default research eligibility for reconstructed Nifty 500 membership period.
3MINDIA,INE470A01017,2021-09-30,2026-09-07,RESEARCH_READY,nifty500_membership_period_default,,OFFICIAL_EVENTS_PARTIAL,CORPORATE_ACTION_EXCLUSIONS_V1,True,Default research eligibility for reconstructed Nifty 500 membership period.
3MINDIA,INE470A01017,2024-07-04,2024-07-10,EXCLUDE_CORPORATE_ACTION_WINDOW,special_dividend_exclusion_v1,nse-ca-52a6acb9953b02b7,OFFICIAL_EVENTS_PARTIAL,CORPORATE_ACTION_EXCLUSIONS_V1,True,"Official event is stored, but current methodology does not create a safe structural adjustment factor."
3MINDIA,INE470A01017,2025-07-24,2025-07-30,EXCLUDE_CORPORATE_ACTION_WINDOW,special_dividend_exclusion_v1,nse-ca-00a9c28c19521cfe,OFFICIAL_EVENTS_PARTIAL,CORPORATE_ACTION_EXCLUSIONS_V1,True,"Official event is stored, but current methodology does not create a safe structural adjustment factor."
3MINDIA,INE470A01017,2026-07-16,2026-07-22,EXCLUDE_CORPORATE_ACTION_WINDOW,special_dividend_exclusion_v1,nse-ca-d5d4fa570b922267,OFFICIAL_EVENTS_PARTIAL,CORPORATE_ACTION_EXCLUSIONS_V1,True,"Official event is stored, but current methodology does not create a safe structural adjustment factor."
AADHARHFC,INE883F01010,2024-09-30,2026-09-07,RESEARCH_READY,nifty500_membership_period_default,,OFFICIAL_EVENTS_PARTIAL,CORPORATE_ACTION_EXCLUSIONS_V1,True,Default research eligibility for reconstructed Nifty 500 membership period.
AARTIDRUGS,,2021-09-30,2024-03-27,RESEARCH_READY,nifty500_membership_period_default,,OFFICIAL_EVENTS_PARTIAL,CORPORATE_ACTION_EXCLUSIONS_V1,True,Default research eligibility for reconstructed Nifty 500 membership period.
AARTIIND,INE769A01020,2021-09-30,2022-05-03,RESEARCH_READY,nifty500_membership_period_default,,OFFICIAL_EVENTS_PARTIAL,CORPORATE_ACTION_EXCLUSIONS_V1,True,Default research eligibility for reconstructed Nifty 500 membership period.
AARTIIND,INE769A01020,2023-03-31,2026-09-07,RESEARCH_READY,nifty500_membership_period_default,,OFFICIAL_EVENTS_PARTIAL,CORPORATE_ACTION_EXCLUSIONS_V1,True,Default research eligibility for reconstructed Nifty 500 membership period.
AAVAS,INE216P01012,2021-09-30,2026-09-07,RESEARCH_READY,nifty500_membership_period_default,,OFFICIAL_EVENTS_PARTIAL,CORPORATE_ACTION_EXCLUSIONS_V1,True,Default research eligibility for reconstructed Nifty 500 membership period.
ABB,INE117A01022,2021-09-30,2026-09-07,RESEARCH_READY,nifty500_membership_period_default,,OFFICIAL_EVENTS_PARTIAL,CORPORATE_ACTION_EXCLUSIONS_V1,True,Default research eligibility for reconstructed Nifty 500 membership period.
ABB,INE117A01022,2023-08-24,2023-08-30,EXCLUDE_CORPORATE_ACTION_WINDOW,special_dividend_exclusion_v1,nse-ca-a8fb26a55afd522c,OFFICIAL_EVENTS_PARTIAL,CORPORATE_ACTION_EXCLUSIONS_V1,True,"Official event is stored, but current methodology does not create a safe structural adjustment factor."
ABB,INE117A01022,2026-08-06,2026-08-12,EXCLUDE_CORPORATE_ACTION_WINDOW,special_dividend_exclusion_v1,nse-ca-60f5c6dccf569170,OFFICIAL_EVENTS_PARTIAL,CORPORATE_ACTION_EXCLUSIONS_V1,True,"Official event is stored, but current methodology does not create a safe structural adjustment factor."
ABBOTINDIA,INE358A01014,2021-09-30,2026-09-07,RESEARCH_READY,nifty500_membership_period_default,,OFFICIAL_EVENTS_PARTIAL,CORPORATE_ACTION_EXCLUSIONS_V1,True,Default research eligibility for reconstructed Nifty 500 membership period.
ABBOTINDIA,INE358A01014,2022-08-01,2022-08-07,EXCLUDE_CORPORATE_ACTION_WINDOW,special_dividend_exclusion_v1,nse-ca-e6332f76008d2960,OFFICIAL_EVENTS_PARTIAL,CORPORATE_ACTION_EXCLUSIONS_V1,True,"Official event is stored, but current methodology does not create a safe structural adjustment factor."
ABBOTINDIA,INE358A01014,2023-07-20,2023-07-26,EXCLUDE_CORPORATE_ACTION_WINDOW,special_dividend_exclusion_v1,nse-ca-8e5d6c82d3439cba,OFFICIAL_EVENTS_PARTIAL,CORPORATE_ACTION_EXCLUSIONS_V1,True,"Official event is stored, but current methodology does not create a safe structural adjustment factor."
ABBOTINDIA,INE358A01014,2026-07-23,2026-07-29,EXCLUDE_CORPORATE_ACTION_WINDOW,special_dividend_exclusion_v1,nse-ca-d53a21edb45e87ed,OFFICIAL_EVENTS_PARTIAL,CORPORATE_ACTION_EXCLUSIONS_V1,True,"Official event is stored, but current methodology does not create a safe structural adjustment factor."
ABCAPITAL,INE674K01013,2021-09-30,2026-09-07,RESEARCH_READY,nifty500_membership_period_default,,OFFICIAL_EVENTS_PARTIAL,CORPORATE_ACTION_EXCLUSIONS_V1,True,Default research eligibility for reconstructed Nifty 500 membership period.
ABDL,INE552Z01027,2026-03-30,2026-09-07,RESEARCH_READY,nifty500_membership_period_default,,OFFICIAL_EVENTS_PARTIAL,CORPORATE_ACTION_EXCLUSIONS_V1,True,Default research eligibility for reconstructed Nifty 500 membership period.
ABFRL,INE647O01011,2021-09-30,2026-09-07,RESEARCH_READY,nifty500_membership_period_default,,OFFICIAL_EVENTS_PARTIAL,CORPORATE_ACTION_EXCLUSIONS_V1,True,Default research eligibility for reconstructed Nifty 500 membership period.
ABFRL,INE647O01011,2025-05-17,2025-06-11,EXCLUDE_CORPORATE_ACTION_WINDOW,complex_restructuring_exclusion_v1,nse-ca-da7c381010fb7b14,OFFICIAL_EVENTS_PARTIAL,CORPORATE_ACTION_EXCLUSIONS_V1,True,Complex restructuring event; exclude configurable review window until successor/predecessor handling is approved.
ABLBL,INE14LE01019,2025-09-30,2026-09-07,RESEARCH_READY,nifty500_membership_period_default,,OFFICIAL_EVENTS_PARTIAL,CORPORATE_ACTION_EXCLUSIONS_V1,True,Default research eligibility for reconstructed Nifty 500 membership period.
ABREL,INE055A01016,2021-09-30,2026-09-07,RESEARCH_READY,nifty500_membership_period_default,,OFFICIAL_EVENTS_PARTIAL,CORPORATE_ACTION_EXCLUSIONS_V1,True,Default research eligibility for reconstructed Nifty 500 membership period.
ABSLAMC,INE404A01024,2022-03-31,2023-03-30,RESEARCH_READY,nifty500_membership_period_default,,OFFICIAL_EVENTS_PARTIAL,CORPORATE_ACTION_EXCLUSIONS_V1,True,Default research eligibility for reconstructed Nifty 500 membership period.
ABSLAMC,INE404A01024,2024-09-30,2026-09-07,RESEARCH_READY,nifty500_membership_period_default,,OFFICIAL_EVENTS_PARTIAL,CORPORATE_ACTION_EXCLUSIONS_V1,True,Default research eligibility for reconstructed Nifty 500 membership period.
ACC,INE012A01025,2021-09-30,2026-09-07,RESEARCH_READY,nifty500_membership_period_default,,OFFICIAL_EVENTS_PARTIAL,CORPORATE_ACTION_EXCLUSIONS_V1,True,Default research eligibility for reconstructed Nifty 500 membership period.
ACE,INE731H01025,2024-03-28,2026-09-07,RESEARCH_READY,nifty500_membership_period_default,,OFFICIAL_EVENTS_PARTIAL,CORPORATE_ACTION_EXCLUSIONS_V1,True,Default research eligibility for reconstructed Nifty 500 membership period.
ACI,,2023-03-31,2025-03-27,RESEARCH_READY,nifty500_membership_period_default,,OFFICIAL_EVENTS_PARTIAL,CORPORATE_ACTION_EXCLUSIONS_V1,True,Default research eligibility for reconstructed Nifty 500 membership period.
ACMESOLAR,INE622W01025,2025-03-28,2026-09-07,RESEARCH_READY,nifty500_membership_period_default,,OFFICIAL_EVENTS_PARTIAL,CORPORATE_ACTION_EXCLUSIONS_V1,True,Default research eligibility for reconstructed Nifty 500 membership period.
ACUTAAS,INE00FF01025,2026-03-30,2026-09-07,RESEARCH_READY,nifty500_membership_period_default,,OFFICIAL_EVENTS_PARTIAL,CORPORATE_ACTION_EXCLUSIONS_V1,True,Default research eligibility for reconstructed Nifty 500 membership period.
ADANIENSOL,INE931S01010,2021-09-30,2026-09-07,RESEARCH_READY,nifty500_membership_period_default,,OFFICIAL_EVENTS_PARTIAL,CORPORATE_ACTION_EXCLUSIONS_V1,True,Default research eligibility for reconstructed Nifty 500 membership period.
ADANIENT,INE423A01024,2021-09-30,2026-09-07,RESEARCH_READY,nifty500_membership_period_default,,OFFICIAL_EVENTS_PARTIAL,CORPORATE_ACTION_EXCLUSIONS_V1,True,Default research eligibility for reconstructed Nifty 500 membership period.
ADANIENT,INE423A01024,2025-11-14,2025-11-27,EXCLUDE_CORPORATE_ACTION_WINDOW,rights_exclusion_v1,nse-ca-05c3e82029b49fc8,OFFICIAL_EVENTS_PARTIAL,CORPORATE_ACTION_EXCLUSIONS_V1,True,"Official event is stored, but current methodology does not create a safe structural adjustment factor."
ADANIGREEN,INE364U01010,2021-09-30,2026-09-07,RESEARCH_READY,nifty500_membership_period_default,,OFFICIAL_EVENTS_PARTIAL,CORPORATE_ACTION_EXCLUSIONS_V1,True,Default research eligibility for reconstructed Nifty 500 membership period.
ADANIPORTS,INE742F01042,2021-09-30,2026-09-07,RESEARCH_READY,nifty500_membership_period_default,,OFFICIAL_EVENTS_PARTIAL,CORPORATE_ACTION_EXCLUSIONS_V1,True,Default research eligibility for reconstructed Nifty 500 membership period.
ADANIPOWER,INE814H01029,2023-03-31,2026-09-07,RESEARCH_READY,nifty500_membership_period_default,,OFFICIAL_EVENTS_PARTIAL,CORPORATE_ACTION_EXCLUSIONS_V1,True,Default research eligibility for reconstructed Nifty 500 membership period.
ADVENZYMES,,2021-09-30,2022-09-29,RESEARCH_READY,nifty500_membership_period_default,,OFFICIAL_EVENTS_PARTIAL,CORPORATE_ACTION_EXCLUSIONS_V1,True,Default research eligibility for reconstructed Nifty 500 membership period.
AEGISLOG,INE208C01025,2021-09-30,2026-09-07,RESEARCH_READY,nifty500_membership_period_default,,OFFICIAL_EVENTS_PARTIAL,CORPORATE_ACTION_EXCLUSIONS_V1,True,Default research eligibility for reconstructed Nifty 500 membership period.
AEGISVOPAK,INE0INX01018,2025-09-30,2026-09-07,RESEARCH_READY,nifty500_membership_period_default,,OFFICIAL_EVENTS_PARTIAL,CORPORATE_ACTION_EXCLUSIONS_V1,True,Default research eligibility for reconstructed Nifty 500 membership period.
AETHER,,2022-09-30,2024-09-29,RESEARCH_READY,nifty500_membership_period_default,,OFFICIAL_EVENTS_PARTIAL,CORPORATE_ACTION_EXCLUSIONS_V1,True,Default research eligibility for reconstructed Nifty 500 membership period.
AFCONS,INE101I01011,2025-03-28,2026-09-07,RESEARCH_READY,nifty500_membership_period_default,,OFFICIAL_EVENTS_PARTIAL,CORPORATE_ACTION_EXCLUSIONS_V1,True,Default research eligibility for reconstructed Nifty 500 membership period.
AFFLE,INE00WC01027,2021-09-30,2026-09-07,RESEARCH_READY,nifty500_membership_period_default,,OFFICIAL_EVENTS_PARTIAL,CORPORATE_ACTION_EXCLUSIONS_V1,True,Default research eligibility for reconstructed Nifty 500 membership period.
AGARWALEYE,,2025-09-30,2026-03-29,RESEARCH_READY,nifty500_membership_period_default,,OFFICIAL_EVENTS_PARTIAL,CORPORATE_ACTION_EXCLUSIONS_V1,True,Default research eligibility for reconstructed Nifty 500 membership period.
AIAENG,INE212H01026,2021-09-30,2026-09-07,RESEARCH_READY,nifty500_membership_period_default,,OFFICIAL_EVENTS_PARTIAL,CORPORATE_ACTION_EXCLUSIONS_V1,True,Default research eligibility for reconstructed Nifty 500 membership period.
AIIL,INE206F01022,2025-03-28,2026-09-07,RESEARCH_READY,nifty500_membership_period_default,,OFFICIAL_EVENTS_PARTIAL,CORPORATE_ACTION_EXCLUSIONS_V1,True,Default research eligibility for reconstructed Nifty 500 membership period.
AJANTPHARM,INE031B01049,2021-09-30,2026-09-07,RESEARCH_READY,nifty500_membership_period_default,,OFFICIAL_EVENTS_PARTIAL,CORPORATE_ACTION_EXCLUSIONS_V1,True,Default research eligibility for reconstructed Nifty 500 membership period.
AJANTPHARM,INE031B01049,2023-08-03,2023-08-09,EXCLUDE_CORPORATE_ACTION_WINDOW,special_dividend_exclusion_v1,nse-ca-211ba80e818cd1e8,OFFICIAL_EVENTS_PARTIAL,CORPORATE_ACTION_EXCLUSIONS_V1,True,"Official event is stored, but current methodology does not create a safe structural adjustment factor."
AKUMS,,2024-10-16,2026-03-29,RESEARCH_READY,nifty500_membership_period_default,,OFFICIAL_EVENTS_PARTIAL,CORPORATE_ACTION_EXCLUSIONS_V1,True,Default research eligibility for reconstructed Nifty 500 membership period.
ALEMBICLTD,,2021-09-30,2022-03-30,RESEARCH_READY,nifty500_membership_period_default,,OFFICIAL_EVENTS_PARTIAL,CORPORATE_ACTION_EXCLUSIONS_V1,True,Default research eligibility for reconstructed Nifty 500 membership period.
ALIVUS,,2025-03-28,2025-09-29,RESEARCH_READY,nifty500_membership_period_default,,OFFICIAL_EVENTS_PARTIAL,CORPORATE_ACTION_EXCLUSIONS_V1,True,Default research eligibility for reconstructed Nifty 500 membership period.
ALKEM,INE540L01014,2021-09-30,2026-09-07,RESEARCH_READY,nifty500_membership_period_default,,OFFICIAL_EVENTS_PARTIAL,CORPORATE_ACTION_EXCLUSIONS_V1,True,Default research eligibility for reconstructed Nifty 500 membership period.
ALKEM,INE540L01014,2023-02-16,2023-02-22,EXCLUDE_CORPORATE_ACTION_WINDOW,special_dividend_exclusion_v1,nse-ca-207d49ae72ab762a,OFFICIAL_EVENTS_PARTIAL,CORPORATE_ACTION_EXCLUSIONS_V1,True,"Official event is stored, but current methodology does not create a safe structural adjustment factor."
ALKYLAMINE,,2021-09-30,2026-03-29,RESEARCH_READY,nifty500_membership_period_default,,OFFICIAL_EVENTS_PARTIAL,CORPORATE_ACTION_EXCLUSIONS_V1,True,Default research eligibility for reconstructed Nifty 500 membership period.
ALLCARGO,,2022-03-31,2022-12-29,RESEARCH_READY,nifty500_membership_period_default,,OFFICIAL_EVENTS_PARTIAL,CORPORATE_ACTION_EXCLUSIONS_V1,True,Default research eligibility for reconstructed Nifty 500 membership period.
ALLCARGO,,2023-09-29,2024-09-29,RESEARCH_READY,nifty500_membership_period_default,,OFFICIAL_EVENTS_PARTIAL,CORPORATE_ACTION_EXCLUSIONS_V1,True,Default research eligibility for reconstructed Nifty 500 membership period.
ALOKINDS,,2021-09-30,2023-03-30,RESEARCH_READY,nifty500_membership_period_default,,OFFICIAL_EVENTS_PARTIAL,CORPORATE_ACTION_EXCLUSIONS_V1,True,Default research eligibility for reconstructed Nifty 500 membership period.
ALOKINDS,,2023-09-29,2026-03-29,RESEARCH_READY,nifty500_membership_period_default,,OFFICIAL_EVENTS_PARTIAL,CORPORATE_ACTION_EXCLUSIONS_V1,True,Default research eligibility for reconstructed Nifty 500 membership period.
AMBER,INE371P01015,2021-09-30,2026-09-07,RESEARCH_READY,nifty500_membership_period_default,,OFFICIAL_EVENTS_PARTIAL,CORPORATE_ACTION_EXCLUSIONS_V1,True,Default research eligibility for reconstructed Nifty 500 membership period.
AMBUJACEM,INE079A01024,2021-09-30,2026-09-07,RESEARCH_READY,nifty500_membership_period_default,,OFFICIAL_EVENTS_PARTIAL,CORPORATE_ACTION_EXCLUSIONS_V1,True,Default research eligibility for reconstructed Nifty 500 membership period.
ANANDRATHI,INE463V01026,2024-03-28,2026-09-07,RESEARCH_READY,nifty500_membership_period_default,,OFFICIAL_EVENTS_PARTIAL,CORPORATE_ACTION_EXCLUSIONS_V1,True,Default research eligibility for reconstructed Nifty 500 membership period.
ANANTRAJ,INE242C01024,2024-09-30,2026-09-07,RESEARCH_READY,nifty500_membership_period_default,,OFFICIAL_EVENTS_PARTIAL,CORPORATE_ACTION_EXCLUSIONS_V1,True,Default research eligibility for reconstructed Nifty 500 membership period.
ANGELONE,INE732I01021,2021-09-30,2026-09-07,RESEARCH_READY,nifty500_membership_period_default,,OFFICIAL_EVENTS_PARTIAL,CORPORATE_ACTION_EXCLUSIONS_V1,True,Default research eligibility for reconstructed Nifty 500 membership period.
ANTHEM,INE0CZ201020,2026-03-30,2026-09-07,RESEARCH_READY,nifty500_membership_period_default,,OFFICIAL_EVENTS_PARTIAL,CORPORATE_ACTION_EXCLUSIONS_V1,True,Default research eligibility for reconstructed Nifty 500 membership period.
ANURAS,INE930P01018,2021-09-30,2024-09-29,RESEARCH_READY,nifty500_membership_period_default,,OFFICIAL_EVENTS_PARTIAL,CORPORATE_ACTION_EXCLUSIONS_V1,True,Default research eligibility for reconstructed Nifty 500 membership period.
ANURAS,INE930P01018,2026-03-30,2026-09-07,RESEARCH_READY,nifty500_membership_period_default,,OFFICIAL_EVENTS_PARTIAL,CORPORATE_ACTION_EXCLUSIONS_V1,True,Default research eligibility for reconstructed Nifty 500 membership period.
APARINDS,INE372A01015,2023-03-31,2026-09-07,RESEARCH_READY,nifty500_membership_period_default,,OFFICIAL_EVENTS_PARTIAL,CORPORATE_ACTION_EXCLUSIONS_V1,True,Default research eligibility for reconstructed Nifty 500 membership period.
APLAPOLLO,INE702C01027,2021-09-30,2026-09-07,RESEARCH_READY,nifty500_membership_period_default,,OFFICIAL_EVENTS_PARTIAL,CORPORATE_ACTION_EXCLUSIONS_V1,True,Default research eligibility for reconstructed Nifty 500 membership period.
APLLTD,,2021-09-30,2026-03-29,RESEARCH_READY,nifty500_membership_period_default,,OFFICIAL_EVENTS_PARTIAL,CORPORATE_ACTION_EXCLUSIONS_V1,True,Default research eligibility for reconstructed Nifty 500 membership period.
APOLLOHOSP,INE437A01024,2021-09-30,2026-09-07,RESEARCH_READY,nifty500_membership_period_default,,OFFICIAL_EVENTS_PARTIAL,CORPORATE_ACTION_EXCLUSIONS_V1,True,Default research eligibility for reconstructed Nifty 500 membership period.
APOLLOTYRE,INE438A01022,2021-09-30,2026-09-07,RESEARCH_READY,nifty500_membership_period_default,,OFFICIAL_EVENTS_PARTIAL,CORPORATE_ACTION_EXCLUSIONS_V1,True,Default research eligibility for reconstructed Nifty 500 membership period.
APOLLOTYRE,INE438A01022,2023-07-13,2023-07-19,EXCLUDE_CORPORATE_ACTION_WINDOW,special_dividend_exclusion_v1,nse-ca-3e26d0529d382957,OFFICIAL_EVENTS_PARTIAL,CORPORATE_ACTION_EXCLUSIONS_V1,True,"Official event is stored, but current methodology does not create a safe structural adjustment factor."
APTUS,INE852O01025,2022-03-31,2026-09-07,RESEARCH_READY,nifty500_membership_period_default,,OFFICIAL_EVENTS_PARTIAL,CORPORATE_ACTION_EXCLUSIONS_V1,True,Default research eligibility for reconstructed Nifty 500 membership period.
ARE&M,INE885A01032,2021-09-30,2026-09-07,RESEARCH_READY,nifty500_membership_period_default,,OFFICIAL_EVENTS_PARTIAL,CORPORATE_ACTION_EXCLUSIONS_V1,True,Default research eligibility for reconstructed Nifty 500 membership period.
ASAHIINDIA,INE439A01020,2021-09-30,2026-09-07,RESEARCH_READY,nifty500_membership_period_default,,OFFICIAL_EVENTS_PARTIAL,CORPORATE_ACTION_EXCLUSIONS_V1,True,Default research eligibility for reconstructed Nifty 500 membership period.
ASHOKA,,2021-09-30,2022-03-30,RESEARCH_READY,nifty500_membership_period_default,,OFFICIAL_EVENTS_PARTIAL,CORPORATE_ACTION_EXCLUSIONS_V1,True,Default research eligibility for reconstructed Nifty 500 membership period.
ASHOKLEY,INE208A01029,2021-09-30,2026-09-07,RESEARCH_READY,nifty500_membership_period_default,,OFFICIAL_EVENTS_PARTIAL,CORPORATE_ACTION_EXCLUSIONS_V1,True,Default research eligibility for reconstructed Nifty 500 membership period.
ASIANPAINT,INE021A01026,2021-09-30,2026-09-07,RESEARCH_READY,nifty500_membership_period_default,,OFFICIAL_EVENTS_PARTIAL,CORPORATE_ACTION_EXCLUSIONS_V1,True,Default research eligibility for reconstructed Nifty 500 membership period.
ASTERDM,INE914M01019,2021-09-30,2026-09-07,RESEARCH_READY,nifty500_membership_period_default,,OFFICIAL_EVENTS_PARTIAL,CORPORATE_ACTION_EXCLUSIONS_V1,True,Default research eligibility for reconstructed Nifty 500 membership period.
ASTERDM,INE914M01019,2024-04-22,2024-04-28,EXCLUDE_CORPORATE_ACTION_WINDOW,special_dividend_exclusion_v1,nse-ca-53880aeee3d8f6a6,OFFICIAL_EVENTS_PARTIAL,CORPORATE_ACTION_EXCLUSIONS_V1,True,"Official event is stored, but current methodology does not create a safe structural adjustment factor."
ASTRAL,INE006I01046,2021-09-30,2026-09-07,RESEARCH_READY,nifty500_membership_period_default,,OFFICIAL_EVENTS_PARTIAL,CORPORATE_ACTION_EXCLUSIONS_V1,True,Default research eligibility for reconstructed Nifty 500 membership period.
ASTRAZEN,,2021-09-30,2023-03-30,RESEARCH_READY,nifty500_membership_period_default,,OFFICIAL_EVENTS_PARTIAL,CORPORATE_ACTION_EXCLUSIONS_V1,True,Default research eligibility for reconstructed Nifty 500 membership period.
ASTRAZEN,,2024-03-28,2026-03-29,RESEARCH_READY,nifty500_membership_period_default,,OFFICIAL_EVENTS_PARTIAL,CORPORATE_ACTION_EXCLUSIONS_V1,True,Default research eligibility for reconstructed Nifty 500 membership period.
ATGL,INE399L01023,2021-09-30,2026-09-07,RESEARCH_READY,nifty500_membership_period_default,,OFFICIAL_EVENTS_PARTIAL,CORPORATE_ACTION_EXCLUSIONS_V1,True,Default research eligibility for reconstructed Nifty 500 membership period.
ATHERENERG,INE0LEZ01016,2025-09-30,2026-09-07,RESEARCH_READY,nifty500_membership_period_default,,OFFICIAL_EVENTS_PARTIAL,CORPORATE_ACTION_EXCLUSIONS_V1,True,Default research eligibility for reconstructed Nifty 500 membership period.
ATUL,INE100A01010,2021-09-30,2026-09-07,RESEARCH_READY,nifty500_membership_period_default,,OFFICIAL_EVENTS_PARTIAL,CORPORATE_ACTION_EXCLUSIONS_V1,True,Default research eligibility for reconstructed Nifty 500 membership period.
AUBANK,INE949L01017,2021-09-30,2026-09-07,RESEARCH_READY,nifty500_membership_period_default,,OFFICIAL_EVENTS_PARTIAL,CORPORATE_ACTION_EXCLUSIONS_V1,True,Default research eligibility for reconstructed Nifty 500 membership period.
AUROPHARMA,INE406A01037,2021-09-30,2026-09-07,RESEARCH_READY,nifty500_membership_period_default,,OFFICIAL_EVENTS_PARTIAL,CORPORATE_ACTION_EXCLUSIONS_V1,True,Default research eligibility for reconstructed Nifty 500 membership period.
AVANTIFEED,,2021-09-30,2025-03-27,RESEARCH_READY,nifty500_membership_period_default,,OFFICIAL_EVENTS_PARTIAL,CORPORATE_ACTION_EXCLUSIONS_V1,True,Default research eligibility for reconstructed Nifty 500 membership period.
AWL,INE699H01024,2022-09-30,2026-09-07,RESEARCH_READY,nifty500_membership_period_default,,OFFICIAL_EVENTS_PARTIAL,CORPORATE_ACTION_EXCLUSIONS_V1,True,Default research eligibility for reconstructed Nifty 500 membership period.
AXISBANK,INE238A01034,2021-09-30,2026-09-07,RESEARCH_READY,nifty500_membership_period_default,,OFFICIAL_EVENTS_PARTIAL,CORPORATE_ACTION_EXCLUSIONS_V1,True,Default research eligibility for reconstructed Nifty 500 membership period.
BAJAJ-AUTO,INE917I01010,2021-09-30,2026-09-07,RESEARCH_READY,nifty500_membership_period_default,,OFFICIAL_EVENTS_PARTIAL,CORPORATE_ACTION_EXCLUSIONS_V1,True,Default research eligibility for reconstructed Nifty 500 membership period.
BAJAJCON,,2021-09-30,2022-03-30,RESEARCH_READY,nifty500_membership_period_default,,OFFICIAL_EVENTS_PARTIAL,CORPORATE_ACTION_EXCLUSIONS_V1,True,Default research eligibility for reconstructed Nifty 500 membership period.
BAJAJELEC,,2021-09-30,2023-04-27,RESEARCH_READY,nifty500_membership_period_default,,OFFICIAL_EVENTS_PARTIAL,CORPORATE_ACTION_EXCLUSIONS_V1,True,Default research eligibility for reconstructed Nifty 500 membership period.
BAJAJFINSV,INE918I01026,2021-09-30,2026-09-07,RESEARCH_READY,nifty500_membership_period_default,,OFFICIAL_EVENTS_PARTIAL,CORPORATE_ACTION_EXCLUSIONS_V1,True,Default research eligibility for reconstructed Nifty 500 membership period.
BAJAJHFL,INE377Y01014,2025-03-28,2026-09-07,RESEARCH_READY,nifty500_membership_period_default,,OFFICIAL_EVENTS_PARTIAL,CORPORATE_ACTION_EXCLUSIONS_V1,True,Default research eligibility for reconstructed Nifty 500 membership period.
BAJAJHLDNG,INE118A01012,2021-09-30,2026-09-07,RESEARCH_READY,nifty500_membership_period_default,,OFFICIAL_EVENTS_PARTIAL,CORPORATE_ACTION_EXCLUSIONS_V1,True,Default research eligibility for reconstructed Nifty 500 membership period.
BAJAJHLDNG,INE118A01012,2026-06-29,2026-07-05,EXCLUDE_CORPORATE_ACTION_WINDOW,special_dividend_exclusion_v1,nse-ca-fae2a2159017cc4a,OFFICIAL_EVENTS_PARTIAL,CORPORATE_ACTION_EXCLUSIONS_V1,True,"Official event is stored, but current methodology does not create a safe structural adjustment factor."
BAJFINANCE,INE296A01032,2021-09-30,2026-09-07,RESEARCH_READY,nifty500_membership_period_default,,OFFICIAL_EVENTS_PARTIAL,CORPORATE_ACTION_EXCLUSIONS_V1,True,Default research eligibility for reconstructed Nifty 500 membership period.
BAJFINANCE,INE296A01032,2025-05-08,2025-05-14,EXCLUDE_CORPORATE_ACTION_WINDOW,special_dividend_exclusion_v1,nse-ca-195a6c4279a17879,OFFICIAL_EVENTS_PARTIAL,CORPORATE_ACTION_EXCLUSIONS_V1,True,"Official event is stored, but current methodology does not create a safe structural adjustment factor."
BALAMINES,,2021-09-30,2025-03-27,RESEARCH_READY,nifty500_membership_period_default,,OFFICIAL_EVENTS_PARTIAL,CORPORATE_ACTION_EXCLUSIONS_V1,True,Default research eligibility for reconstructed Nifty 500 membership period.
BALKRISIND,INE787D01026,2021-09-30,2026-09-07,RESEARCH_READY,nifty500_membership_period_default,,OFFICIAL_EVENTS_PARTIAL,CORPORATE_ACTION_EXCLUSIONS_V1,True,Default research eligibility for reconstructed Nifty 500 membership period.
BALKRISIND,INE787D01026,2022-02-20,2022-02-26,EXCLUDE_CORPORATE_ACTION_WINDOW,special_dividend_exclusion_v1,nse-ca-4deb9206dde768f3,OFFICIAL_EVENTS_PARTIAL,CORPORATE_ACTION_EXCLUSIONS_V1,True,"Official event is stored, but current methodology does not create a safe structural adjustment factor."
BALRAMCHIN,INE119A01028,2021-09-30,2026-09-07,RESEARCH_READY,nifty500_membership_period_default,,OFFICIAL_EVENTS_PARTIAL,CORPORATE_ACTION_EXCLUSIONS_V1,True,Default research eligibility for reconstructed Nifty 500 membership period.
BANDHANBNK,INE545U01014,2021-09-30,2026-09-07,RESEARCH_READY,nifty500_membership_period_default,,OFFICIAL_EVENTS_PARTIAL,CORPORATE_ACTION_EXCLUSIONS_V1,True,Default research eligibility for reconstructed Nifty 500 membership period.
BANKBARODA,INE028A01039,2021-09-30,2026-09-07,RESEARCH_READY,nifty500_membership_period_default,,OFFICIAL_EVENTS_PARTIAL,CORPORATE_ACTION_EXCLUSIONS_V1,True,Default research eligibility for reconstructed Nifty 500 membership period.
BANKINDIA,INE084A01016,2021-09-30,2026-09-07,RESEARCH_READY,nifty500_membership_period_default,,OFFICIAL_EVENTS_PARTIAL,CORPORATE_ACTION_EXCLUSIONS_V1,True,Default research eligibility for reconstructed Nifty 500 membership period.
BASF,,2021-09-30,2023-09-28,RESEARCH_READY,nifty500_membership_period_default,,OFFICIAL_EVENTS_PARTIAL,CORPORATE_ACTION_EXCLUSIONS_V1,True,Default research eligibility for reconstructed Nifty 500 membership period.
BASF,,2024-09-30,2026-03-29,RESEARCH_READY,nifty500_membership_period_default,,OFFICIAL_EVENTS_PARTIAL,CORPORATE_ACTION_EXCLUSIONS_V1,True,Default research eligibility for reconstructed Nifty 500 membership period.
BATAINDIA,INE176A01028,2021-09-30,2026-09-07,RESEARCH_READY,nifty500_membership_period_default,,OFFICIAL_EVENTS_PARTIAL,CORPORATE_ACTION_EXCLUSIONS_V1,True,Default research eligibility for reconstructed Nifty 500 membership period.
BATAINDIA,INE176A01028,2022-08-03,2022-08-09,EXCLUDE_CORPORATE_ACTION_WINDOW,special_dividend_exclusion_v1,nse-ca-0d8e3015a68d7f70,OFFICIAL_EVENTS_PARTIAL,CORPORATE_ACTION_EXCLUSIONS_V1,True,"Official event is stored, but current methodology does not create a safe structural adjustment factor."
BAYERCROP,INE462A01022,2021-09-30,2026-09-07,RESEARCH_READY,nifty500_membership_period_default,,OFFICIAL_EVENTS_PARTIAL,CORPORATE_ACTION_EXCLUSIONS_V1,True,Default research eligibility for reconstructed Nifty 500 membership period.
BAYERCROP,INE462A01022,2021-11-10,2021-11-16,EXCLUDE_CORPORATE_ACTION_WINDOW,special_dividend_exclusion_v1,nse-ca-132bf80e3028209b,OFFICIAL_EVENTS_PARTIAL,CORPORATE_ACTION_EXCLUSIONS_V1,True,"Official event is stored, but current methodology does not create a safe structural adjustment factor."
BBTC,INE050A01025,2021-09-30,2026-09-07,RESEARCH_READY,nifty500_membership_period_default,,OFFICIAL_EVENTS_PARTIAL,CORPORATE_ACTION_EXCLUSIONS_V1,True,Default research eligibility for reconstructed Nifty 500 membership period.
BCG,,2022-03-31,2024-03-27,RESEARCH_READY,nifty500_membership_period_default,,OFFICIAL_EVENTS_PARTIAL,CORPORATE_ACTION_EXCLUSIONS_V1,True,Default research eligibility for reconstructed Nifty 500 membership period.
BDL,INE171Z01026,2021-09-30,2026-09-07,RESEARCH_READY,nifty500_membership_period_default,,OFFICIAL_EVENTS_PARTIAL,CORPORATE_ACTION_EXCLUSIONS_V1,True,Default research eligibility for reconstructed Nifty 500 membership period.
BEL,INE263A01024,2021-09-30,2026-09-07,RESEARCH_READY,nifty500_membership_period_default,,OFFICIAL_EVENTS_PARTIAL,CORPORATE_ACTION_EXCLUSIONS_V1,True,Default research eligibility for reconstructed Nifty 500 membership period.
BELRISE,INE894V01022,2026-03-30,2026-09-07,RESEARCH_READY,nifty500_membership_period_default,,OFFICIAL_EVENTS_PARTIAL,CORPORATE_ACTION_EXCLUSIONS_V1,True,Default research eligibility for reconstructed Nifty 500 membership period.
BEML,INE258A01024,2021-09-30,2022-04-11,RESEARCH_READY,nifty500_membership_period_default,,OFFICIAL_EVENTS_PARTIAL,CORPORATE_ACTION_EXCLUSIONS_V1,True,Default research eligibility for reconstructed Nifty 500 membership period.
BEML,INE258A01024,2022-12-30,2026-09-07,RESEARCH_READY,nifty500_membership_period_default,,OFFICIAL_EVENTS_PARTIAL,CORPORATE_ACTION_EXCLUSIONS_V1,True,Default research eligibility for reconstructed Nifty 500 membership period.
BERGEPAINT,INE463A01038,2021-09-30,2026-09-07,RESEARCH_READY,nifty500_membership_period_default,,OFFICIAL_EVENTS_PARTIAL,CORPORATE_ACTION_EXCLUSIONS_V1,True,Default research eligibility for reconstructed Nifty 500 membership period.
BHARATFORG,INE465A01025,2021-09-30,2026-09-07,RESEARCH_READY,nifty500_membership_period_default,,OFFICIAL_EVENTS_PARTIAL,CORPORATE_ACTION_EXCLUSIONS_V1,True,Default research eligibility for reconstructed Nifty 500 membership period.
BHARATRAS,,2021-09-30,2022-03-30,RESEARCH_READY,nifty500_membership_period_default,,OFFICIAL_EVENTS_PARTIAL,CORPORATE_ACTION_EXCLUSIONS_V1,True,Default research eligibility for reconstructed Nifty 500 membership period.
BHARATRAS,,2022-09-30,2023-03-30,RESEARCH_READY,nifty500_membership_period_default,,OFFICIAL_EVENTS_PARTIAL,CORPORATE_ACTION_EXCLUSIONS_V1,True,Default research eligibility for reconstructed Nifty 500 membership period.
BHARTIARTL,INE397D01024,2021-09-24,2021-10-07,EXCLUDE_CORPORATE_ACTION_WINDOW,rights_exclusion_v1,nse-ca-0ca34f9751b772d9,OFFICIAL_EVENTS_PARTIAL,CORPORATE_ACTION_EXCLUSIONS_V1,True,"Official event is stored, but current methodology does not create a safe structural adjustment factor."
BHARTIARTL,INE397D01024,2021-09-30,2026-09-07,RESEARCH_READY,nifty500_membership_period_default,,OFFICIAL_EVENTS_PARTIAL,CORPORATE_ACTION_EXCLUSIONS_V1,True,Default research eligibility for reconstructed Nifty 500 membership period.
BHARTIHEXA,INE343G01021,2024-09-30,2026-09-07,RESEARCH_READY,nifty500_membership_period_default,,OFFICIAL_EVENTS_PARTIAL,CORPORATE_ACTION_EXCLUSIONS_V1,True,Default research eligibility for reconstructed Nifty 500 membership period.
BHEL,INE257A01026,2021-09-30,2026-09-07,RESEARCH_READY,nifty500_membership_period_default,,OFFICIAL_EVENTS_PARTIAL,CORPORATE_ACTION_EXCLUSIONS_V1,True,Default research eligibility for reconstructed Nifty 500 membership period.
BIKAJI,INE00E101023,2023-03-31,2026-09-07,RESEARCH_READY,nifty500_membership_period_default,,OFFICIAL_EVENTS_PARTIAL,CORPORATE_ACTION_EXCLUSIONS_V1,True,Default research eligibility for reconstructed Nifty 500 membership period.
BIOCON,INE376G01013,2021-09-30,2026-09-07,RESEARCH_READY,nifty500_membership_period_default,,OFFICIAL_EVENTS_PARTIAL,CORPORATE_ACTION_EXCLUSIONS_V1,True,Default research eligibility for reconstructed Nifty 500 membership period.
BIRLACORPN,,2021-09-30,2025-03-27,RESEARCH_READY,nifty500_membership_period_default,,OFFICIAL_EVENTS_PARTIAL,CORPORATE_ACTION_EXCLUSIONS_V1,True,Default research eligibility for reconstructed Nifty 500 membership period.
BLS,INE153T01027,2023-03-31,2026-09-07,RESEARCH_READY,nifty500_membership_period_default,,OFFICIAL_EVENTS_PARTIAL,CORPORATE_ACTION_EXCLUSIONS_V1,True,Default research eligibility for reconstructed Nifty 500 membership period.
BLUEDART,INE233B01017,2021-09-30,2026-09-07,RESEARCH_READY,nifty500_membership_period_default,,OFFICIAL_EVENTS_PARTIAL,CORPORATE_ACTION_EXCLUSIONS_V1,True,Default research eligibility for reconstructed Nifty 500 membership period.
BLUEJET,INE0KBH01020,2025-09-30,2026-09-07,RESEARCH_READY,nifty500_membership_period_default,,OFFICIAL_EVENTS_PARTIAL,CORPORATE_ACTION_EXCLUSIONS_V1,True,Default research eligibility for reconstructed Nifty 500 membership period.
BLUESTARCO,INE472A01039,2021-09-30,2026-09-07,RESEARCH_READY,nifty500_membership_period_default,,OFFICIAL_EVENTS_PARTIAL,CORPORATE_ACTION_EXCLUSIONS_V1,True,Default research eligibility for reconstructed Nifty 500 membership period.
BORORENEW,,2022-03-31,2024-09-29,RESEARCH_READY,nifty500_membership_period_default,,OFFICIAL_EVENTS_PARTIAL,CORPORATE_ACTION_EXCLUSIONS_V1,True,Default research eligibility for reconstructed Nifty 500 membership period.
BOSCHLTD,INE323A01026,2021-09-30,2026-09-07,RESEARCH_READY,nifty500_membership_period_default,,OFFICIAL_EVENTS_PARTIAL,CORPORATE_ACTION_EXCLUSIONS_V1,True,Default research eligibility for reconstructed Nifty 500 membership period.
BOSCHLTD,INE323A01026,2022-07-13,2022-07-19,EXCLUDE_CORPORATE_ACTION_WINDOW,special_dividend_exclusion_v1,nse-ca-84bd7fe6a0235448,OFFICIAL_EVENTS_PARTIAL,CORPORATE_ACTION_EXCLUSIONS_V1,True,"Official event is stored, but current methodology does not create a safe structural adjustment factor."
BPCL,INE029A01011,2021-09-30,2026-09-07,RESEARCH_READY,nifty500_membership_period_default,,OFFICIAL_EVENTS_PARTIAL,CORPORATE_ACTION_EXCLUSIONS_V1,True,Default research eligibility for reconstructed Nifty 500 membership period.
BRIGADE,INE791I01019,2021-09-30,2026-09-07,RESEARCH_READY,nifty500_membership_period_default,,OFFICIAL_EVENTS_PARTIAL,CORPORATE_ACTION_EXCLUSIONS_V1,True,Default research eligibility for reconstructed Nifty 500 membership period.
BRITANNIA,INE216A01030,2021-09-30,2026-09-07,RESEARCH_READY,nifty500_membership_period_default,,OFFICIAL_EVENTS_PARTIAL,CORPORATE_ACTION_EXCLUSIONS_V1,True,Default research eligibility for reconstructed Nifty 500 membership period.
BSE,INE118H01025,2021-09-30,2026-09-07,RESEARCH_READY,nifty500_membership_period_default,,OFFICIAL_EVENTS_PARTIAL,CORPORATE_ACTION_EXCLUSIONS_V1,True,Default research eligibility for reconstructed Nifty 500 membership period.
BSOFT,INE836A01035,2021-09-30,2026-09-07,RESEARCH_READY,nifty500_membership_period_default,,OFFICIAL_EVENTS_PARTIAL,CORPORATE_ACTION_EXCLUSIONS_V1,True,Default research eligibility for reconstructed Nifty 500 membership period.
CAMPUS,,2022-08-08,2026-03-29,RESEARCH_READY,nifty500_membership_period_default,,OFFICIAL_EVENTS_PARTIAL,CORPORATE_ACTION_EXCLUSIONS_V1,True,Default research eligibility for reconstructed Nifty 500 membership period.
CAMS,INE596I01020,2021-09-30,2026-09-07,RESEARCH_READY,nifty500_membership_period_default,,OFFICIAL_EVENTS_PARTIAL,CORPORATE_ACTION_EXCLUSIONS_V1,True,Default research eligibility for reconstructed Nifty 500 membership period.
CAMS,INE596I01020,2024-11-07,2024-11-13,EXCLUDE_CORPORATE_ACTION_WINDOW,special_dividend_exclusion_v1,nse-ca-5cc6d985ccde1681,OFFICIAL_EVENTS_PARTIAL,CORPORATE_ACTION_EXCLUSIONS_V1,True,"Official event is stored, but current methodology does not create a safe structural adjustment factor."
CANBK,INE476A01022,2021-09-30,2026-09-07,RESEARCH_READY,nifty500_membership_period_default,,OFFICIAL_EVENTS_PARTIAL,CORPORATE_ACTION_EXCLUSIONS_V1,True,Default research eligibility for reconstructed Nifty 500 membership period.
CANFINHOME,INE477A01020,2021-09-30,2026-09-07,RESEARCH_READY,nifty500_membership_period_default,,OFFICIAL_EVENTS_PARTIAL,CORPORATE_ACTION_EXCLUSIONS_V1,True,Default research eligibility for reconstructed Nifty 500 membership period.
CANHLIFE,INE01TY01017,2026-03-30,2026-09-07,RESEARCH_READY,nifty500_membership_period_default,,OFFICIAL_EVENTS_PARTIAL,CORPORATE_ACTION_EXCLUSIONS_V1,True,Default research eligibility for reconstructed Nifty 500 membership period.
CAPLIPOINT,INE475E01026,2021-09-30,2023-03-30,RESEARCH_READY,nifty500_membership_period_default,,OFFICIAL_EVENTS_PARTIAL,CORPORATE_ACTION_EXCLUSIONS_V1,True,Default research eligibility for reconstructed Nifty 500 membership period.
CAPLIPOINT,INE475E01026,2024-03-28,2026-09-07,RESEARCH_READY,nifty500_membership_period_default,,OFFICIAL_EVENTS_PARTIAL,CORPORATE_ACTION_EXCLUSIONS_V1,True,Default research eligibility for reconstructed Nifty 500 membership period.
CARBORUNIV,INE120A01034,2021-09-30,2026-09-07,RESEARCH_READY,nifty500_membership_period_default,,OFFICIAL_EVENTS_PARTIAL,CORPORATE_ACTION_EXCLUSIONS_V1,True,Default research eligibility for reconstructed Nifty 500 membership period.
CARTRADE,INE290S01011,2026-03-30,2026-09-07,RESEARCH_READY,nifty500_membership_period_default,,OFFICIAL_EVENTS_PARTIAL,CORPORATE_ACTION_EXCLUSIONS_V1,True,Default research eligibility for reconstructed Nifty 500 membership period.
CASTROLIND,INE172A01027,2021-09-30,2026-09-07,RESEARCH_READY,nifty500_membership_period_default,,OFFICIAL_EVENTS_PARTIAL,CORPORATE_ACTION_EXCLUSIONS_V1,True,Default research eligibility for reconstructed Nifty 500 membership period.
CASTROLIND,INE172A01027,2025-03-17,2025-03-23,EXCLUDE_CORPORATE_ACTION_WINDOW,special_dividend_exclusion_v1,nse-ca-54f6216e9918d5de,OFFICIAL_EVENTS_PARTIAL,CORPORATE_ACTION_EXCLUSIONS_V1,True,"Official event is stored, but current methodology does not create a safe structural adjustment factor."
CCL,INE421D01022,2021-09-30,2026-09-07,RESEARCH_READY,nifty500_membership_period_default,,OFFICIAL_EVENTS_PARTIAL,CORPORATE_ACTION_EXCLUSIONS_V1,True,Default research eligibility for reconstructed Nifty 500 membership period.
CDSL,INE736A01011,2021-09-30,2026-09-07,RESEARCH_READY,nifty500_membership_period_default,,OFFICIAL_EVENTS_PARTIAL,CORPORATE_ACTION_EXCLUSIONS_V1,True,Default research eligibility for reconstructed Nifty 500 membership period.
CDSL,INE736A01011,2024-07-15,2024-07-21,EXCLUDE_CORPORATE_ACTION_WINDOW,special_dividend_exclusion_v1,nse-ca-174456bd0def2d29,OFFICIAL_EVENTS_PARTIAL,CORPORATE_ACTION_EXCLUSIONS_V1,True,"Official event is stored, but current methodology does not create a safe structural adjustment factor."
CEATLTD,INE482A01020,2021-09-30,2026-09-07,RESEARCH_READY,nifty500_membership_period_default,,OFFICIAL_EVENTS_PARTIAL,CORPORATE_ACTION_EXCLUSIONS_V1,True,Default research eligibility for reconstructed Nifty 500 membership period.
CELLO,,2024-03-28,2025-03-27,RESEARCH_READY,nifty500_membership_period_default,,OFFICIAL_EVENTS_PARTIAL,CORPORATE_ACTION_EXCLUSIONS_V1,True,Default research eligibility for reconstructed Nifty 500 membership period.
CEMPRO,INE686A01026,2026-03-30,2026-09-07,RESEARCH_READY,nifty500_membership_period_default,,OFFICIAL_EVENTS_PARTIAL,CORPORATE_ACTION_EXCLUSIONS_V1,True,Default research eligibility for reconstructed Nifty 500 membership period.
CENTRALBK,INE483A01010,2021-09-30,2026-09-07,RESEARCH_READY,nifty500_membership_period_default,,OFFICIAL_EVENTS_PARTIAL,CORPORATE_ACTION_EXCLUSIONS_V1,True,Default research eligibility for reconstructed Nifty 500 membership period.
CENTURYPLY,,2021-09-30,2026-03-29,RESEARCH_READY,nifty500_membership_period_default,,OFFICIAL_EVENTS_PARTIAL,CORPORATE_ACTION_EXCLUSIONS_V1,True,Default research eligibility for reconstructed Nifty 500 membership period.
CERA,,2021-09-30,2026-03-29,RESEARCH_READY,nifty500_membership_period_default,,OFFICIAL_EVENTS_PARTIAL,CORPORATE_ACTION_EXCLUSIONS_V1,True,Default research eligibility for reconstructed Nifty 500 membership period.
CERA,,2022-06-12,2022-06-18,EXCLUDE_CORPORATE_ACTION_WINDOW,special_dividend_exclusion_v1,nse-ca-008b73034dcd9d55,OFFICIAL_EVENTS_PARTIAL,CORPORATE_ACTION_EXCLUSIONS_V1,True,"Official event is stored, but current methodology does not create a safe structural adjustment factor."
CESC,INE486A01021,2021-09-30,2026-09-07,RESEARCH_READY,nifty500_membership_period_default,,OFFICIAL_EVENTS_PARTIAL,CORPORATE_ACTION_EXCLUSIONS_V1,True,Default research eligibility for reconstructed Nifty 500 membership period.
CGCL,INE180C01042,2021-09-30,2022-03-30,RESEARCH_READY,nifty500_membership_period_default,,OFFICIAL_EVENTS_PARTIAL,CORPORATE_ACTION_EXCLUSIONS_V1,True,Default research eligibility for reconstructed Nifty 500 membership period.
CGCL,INE180C01042,2022-04-12,2026-09-07,RESEARCH_READY,nifty500_membership_period_default,,OFFICIAL_EVENTS_PARTIAL,CORPORATE_ACTION_EXCLUSIONS_V1,True,Default research eligibility for reconstructed Nifty 500 membership period.
CGCL,INE180C01042,2023-02-14,2023-02-27,EXCLUDE_CORPORATE_ACTION_WINDOW,rights_exclusion_v1,nse-ca-57d97af2a1e04397,OFFICIAL_EVENTS_PARTIAL,CORPORATE_ACTION_EXCLUSIONS_V1,True,"Official event is stored, but current methodology does not create a safe structural adjustment factor."
CGPOWER,INE067A01029,2021-09-30,2026-09-07,RESEARCH_READY,nifty500_membership_period_default,,OFFICIAL_EVENTS_PARTIAL,CORPORATE_ACTION_EXCLUSIONS_V1,True,Default research eligibility for reconstructed Nifty 500 membership period.
CHALET,INE427F01016,2021-09-30,2026-09-07,RESEARCH_READY,nifty500_membership_period_default,,OFFICIAL_EVENTS_PARTIAL,CORPORATE_ACTION_EXCLUSIONS_V1,True,Default research eligibility for reconstructed Nifty 500 membership period.
CHAMBLFERT,INE085A01013,2021-09-30,2026-09-07,RESEARCH_READY,nifty500_membership_period_default,,OFFICIAL_EVENTS_PARTIAL,CORPORATE_ACTION_EXCLUSIONS_V1,True,Default research eligibility for reconstructed Nifty 500 membership period.
CHEMPLASTS,,2022-03-31,2025-03-27,RESEARCH_READY,nifty500_membership_period_default,,OFFICIAL_EVENTS_PARTIAL,CORPORATE_ACTION_EXCLUSIONS_V1,True,Default research eligibility for reconstructed Nifty 500 membership period.
CHENNPETRO,INE178A01016,2024-03-28,2026-09-07,RESEARCH_READY,nifty500_membership_period_default,,OFFICIAL_EVENTS_PARTIAL,CORPORATE_ACTION_EXCLUSIONS_V1,True,Default research eligibility for reconstructed Nifty 500 membership period.
CHOICEIN,INE102B01014,2025-09-30,2026-09-07,RESEARCH_READY,nifty500_membership_period_default,,OFFICIAL_EVENTS_PARTIAL,CORPORATE_ACTION_EXCLUSIONS_V1,True,Default research eligibility for reconstructed Nifty 500 membership period.
CHOLAFIN,INE121A01024,2021-09-30,2026-09-07,RESEARCH_READY,nifty500_membership_period_default,,OFFICIAL_EVENTS_PARTIAL,CORPORATE_ACTION_EXCLUSIONS_V1,True,Default research eligibility for reconstructed Nifty 500 membership period.
CHOLAHLDNG,INE149A01033,2021-09-30,2026-09-07,RESEARCH_READY,nifty500_membership_period_default,,OFFICIAL_EVENTS_PARTIAL,CORPORATE_ACTION_EXCLUSIONS_V1,True,Default research eligibility for reconstructed Nifty 500 membership period.
CIEINDIA,INE536H01010,2021-09-30,2025-03-27,RESEARCH_READY,nifty500_membership_period_default,,OFFICIAL_EVENTS_PARTIAL,CORPORATE_ACTION_EXCLUSIONS_V1,True,Default research eligibility for reconstructed Nifty 500 membership period.
CIEINDIA,INE536H01010,2026-05-12,2026-09-07,RESEARCH_READY,nifty500_membership_period_default,,OFFICIAL_EVENTS_PARTIAL,CORPORATE_ACTION_EXCLUSIONS_V1,True,Default research eligibility for reconstructed Nifty 500 membership period.
CIPLA,INE059A01026,2021-09-30,2026-09-07,RESEARCH_READY,nifty500_membership_period_default,,OFFICIAL_EVENTS_PARTIAL,CORPORATE_ACTION_EXCLUSIONS_V1,True,Default research eligibility for reconstructed Nifty 500 membership period.
CIPLA,INE059A01026,2025-06-26,2025-07-02,EXCLUDE_CORPORATE_ACTION_WINDOW,special_dividend_exclusion_v1,nse-ca-85e279295e0abcc8,OFFICIAL_EVENTS_PARTIAL,CORPORATE_ACTION_EXCLUSIONS_V1,True,"Official event is stored, but current methodology does not create a safe structural adjustment factor."
CLEAN,INE227W01023,2022-03-31,2026-09-07,RESEARCH_READY,nifty500_membership_period_default,,OFFICIAL_EVENTS_PARTIAL,CORPORATE_ACTION_EXCLUSIONS_V1,True,Default research eligibility for reconstructed Nifty 500 membership period.
COALINDIA,INE522F01014,2021-09-30,2026-09-07,RESEARCH_READY,nifty500_membership_period_default,,OFFICIAL_EVENTS_PARTIAL,CORPORATE_ACTION_EXCLUSIONS_V1,True,Default research eligibility for reconstructed Nifty 500 membership period.
COCHINSHIP,INE704P01025,2021-09-30,2026-09-07,RESEARCH_READY,nifty500_membership_period_default,,OFFICIAL_EVENTS_PARTIAL,CORPORATE_ACTION_EXCLUSIONS_V1,True,Default research eligibility for reconstructed Nifty 500 membership period.
COFORGE,INE591G01025,2021-09-30,2026-09-07,RESEARCH_READY,nifty500_membership_period_default,,OFFICIAL_EVENTS_PARTIAL,CORPORATE_ACTION_EXCLUSIONS_V1,True,Default research eligibility for reconstructed Nifty 500 membership period.
COHANCE,INE03QK01018,2021-09-30,2026-09-07,RESEARCH_READY,nifty500_membership_period_default,,OFFICIAL_EVENTS_PARTIAL,CORPORATE_ACTION_EXCLUSIONS_V1,True,Default research eligibility for reconstructed Nifty 500 membership period.
COHANCE,INE03QK01018,2022-02-14,2022-02-20,EXCLUDE_CORPORATE_ACTION_WINDOW,special_dividend_exclusion_v1,nse-ca-1ea8050e549d915b,OFFICIAL_EVENTS_PARTIAL,CORPORATE_ACTION_EXCLUSIONS_V1,True,"Official event is stored, but current methodology does not create a safe structural adjustment factor."
COHANCE,INE03QK01018,2022-05-12,2022-05-18,EXCLUDE_CORPORATE_ACTION_WINDOW,special_dividend_exclusion_v1,nse-ca-d98650d3192c4382,OFFICIAL_EVENTS_PARTIAL,CORPORATE_ACTION_EXCLUSIONS_V1,True,"Official event is stored, but current methodology does not create a safe structural adjustment factor."
COHANCE,INE03QK01018,2022-09-08,2022-09-14,EXCLUDE_CORPORATE_ACTION_WINDOW,special_dividend_exclusion_v1,nse-ca-19c955da6bec10e2,OFFICIAL_EVENTS_PARTIAL,CORPORATE_ACTION_EXCLUSIONS_V1,True,"Official event is stored, but current methodology does not create a safe structural adjustment factor."
COLPAL,INE259A01022,2021-09-30,2026-09-07,RESEARCH_READY,nifty500_membership_period_default,,OFFICIAL_EVENTS_PARTIAL,CORPORATE_ACTION_EXCLUSIONS_V1,True,Default research eligibility for reconstructed Nifty 500 membership period.
COLPAL,INE259A01022,2024-05-21,2024-05-27,EXCLUDE_CORPORATE_ACTION_WINDOW,special_dividend_exclusion_v1,nse-ca-683e8d7ba06dabf7,OFFICIAL_EVENTS_PARTIAL,CORPORATE_ACTION_EXCLUSIONS_V1,True,"Official event is stored, but current methodology does not create a safe structural adjustment factor."
CONCOR,INE111A01025,2021-09-30,2026-09-07,RESEARCH_READY,nifty500_membership_period_default,,OFFICIAL_EVENTS_PARTIAL,CORPORATE_ACTION_EXCLUSIONS_V1,True,Default research eligibility for reconstructed Nifty 500 membership period.
CONCORDBIO,INE338H01029,2023-10-26,2026-09-07,RESEARCH_READY,nifty500_membership_period_default,,OFFICIAL_EVENTS_PARTIAL,CORPORATE_ACTION_EXCLUSIONS_V1,True,Default research eligibility for reconstructed Nifty 500 membership period.
COROMANDEL,INE169A01031,2021-09-30,2026-09-07,RESEARCH_READY,nifty500_membership_period_default,,OFFICIAL_EVENTS_PARTIAL,CORPORATE_ACTION_EXCLUSIONS_V1,True,Default research eligibility for reconstructed Nifty 500 membership period.
COROMANDEL,INE169A01031,2025-07-16,2025-07-22,EXCLUDE_CORPORATE_ACTION_WINDOW,special_dividend_exclusion_v1,nse-ca-dafdfd4ee5efbd55,OFFICIAL_EVENTS_PARTIAL,CORPORATE_ACTION_EXCLUSIONS_V1,True,"Official event is stored, but current methodology does not create a safe structural adjustment factor."
CPPLUS,INE819V01029,2026-03-30,2026-09-07,RESEARCH_READY,nifty500_membership_period_default,,OFFICIAL_EVENTS_PARTIAL,CORPORATE_ACTION_EXCLUSIONS_V1,True,Default research eligibility for reconstructed Nifty 500 membership period.
CRAFTSMAN,INE00LO01017,2023-03-31,2026-09-07,RESEARCH_READY,nifty500_membership_period_default,,OFFICIAL_EVENTS_PARTIAL,CORPORATE_ACTION_EXCLUSIONS_V1,True,Default research eligibility for reconstructed Nifty 500 membership period.
CREDITACC,INE741K01010,2021-09-30,2026-09-07,RESEARCH_READY,nifty500_membership_period_default,,OFFICIAL_EVENTS_PARTIAL,CORPORATE_ACTION_EXCLUSIONS_V1,True,Default research eligibility for reconstructed Nifty 500 membership period.
CRISIL,INE007A01025,2021-09-30,2026-09-07,RESEARCH_READY,nifty500_membership_period_default,,OFFICIAL_EVENTS_PARTIAL,CORPORATE_ACTION_EXCLUSIONS_V1,True,Default research eligibility for reconstructed Nifty 500 membership period.
CRISIL,INE007A01025,2022-03-29,2022-04-04,EXCLUDE_CORPORATE_ACTION_WINDOW,special_dividend_exclusion_v1,nse-ca-1c7f5f925ad90dbd,OFFICIAL_EVENTS_PARTIAL,CORPORATE_ACTION_EXCLUSIONS_V1,True,"Official event is stored, but current methodology does not create a safe structural adjustment factor."
CROMPTON,INE299U01018,2021-09-30,2026-09-07,RESEARCH_READY,nifty500_membership_period_default,,OFFICIAL_EVENTS_PARTIAL,CORPORATE_ACTION_EXCLUSIONS_V1,True,Default research eligibility for reconstructed Nifty 500 membership period.
CSBBANK,,2021-09-30,2024-09-29,RESEARCH_READY,nifty500_membership_period_default,,OFFICIAL_EVENTS_PARTIAL,CORPORATE_ACTION_EXCLUSIONS_V1,True,Default research eligibility for reconstructed Nifty 500 membership period.
CUB,INE491A01021,2021-09-30,2026-09-07,RESEARCH_READY,nifty500_membership_period_default,,OFFICIAL_EVENTS_PARTIAL,CORPORATE_ACTION_EXCLUSIONS_V1,True,Default research eligibility for reconstructed Nifty 500 membership period.
CUMMINSIND,INE298A01020,2021-09-30,2026-09-07,RESEARCH_READY,nifty500_membership_period_default,,OFFICIAL_EVENTS_PARTIAL,CORPORATE_ACTION_EXCLUSIONS_V1,True,Default research eligibility for reconstructed Nifty 500 membership period.
CYIENT,INE136B01020,2021-09-30,2026-09-07,RESEARCH_READY,nifty500_membership_period_default,,OFFICIAL_EVENTS_PARTIAL,CORPORATE_ACTION_EXCLUSIONS_V1,True,Default research eligibility for reconstructed Nifty 500 membership period.
DABUR,INE016A01026,2021-09-30,2026-09-07,RESEARCH_READY,nifty500_membership_period_default,,OFFICIAL_EVENTS_PARTIAL,CORPORATE_ACTION_EXCLUSIONS_V1,True,Default research eligibility for reconstructed Nifty 500 membership period.
DALBHARAT,INE00R701025,2021-09-30,2026-09-07,RESEARCH_READY,nifty500_membership_period_default,,OFFICIAL_EVENTS_PARTIAL,CORPORATE_ACTION_EXCLUSIONS_V1,True,Default research eligibility for reconstructed Nifty 500 membership period.
DATAPATTNS,INE0IX101010,2023-03-31,2026-09-07,RESEARCH_READY,nifty500_membership_period_default,,OFFICIAL_EVENTS_PARTIAL,CORPORATE_ACTION_EXCLUSIONS_V1,True,Default research eligibility for reconstructed Nifty 500 membership period.
DBL,,2021-09-30,2023-03-30,RESEARCH_READY,nifty500_membership_period_default,,OFFICIAL_EVENTS_PARTIAL,CORPORATE_ACTION_EXCLUSIONS_V1,True,Default research eligibility for reconstructed Nifty 500 membership period.
DBREALTY,,2024-09-30,2026-03-29,RESEARCH_READY,nifty500_membership_period_default,,OFFICIAL_EVENTS_PARTIAL,CORPORATE_ACTION_EXCLUSIONS_V1,True,Default research eligibility for reconstructed Nifty 500 membership period.
DBREALTY,,2025-07-13,2025-08-07,EXCLUDE_CORPORATE_ACTION_WINDOW,complex_restructuring_exclusion_v1,nse-ca-94e94a8e1ec2b957,OFFICIAL_EVENTS_PARTIAL,CORPORATE_ACTION_EXCLUSIONS_V1,True,Complex restructuring event; exclude configurable review window until successor/predecessor handling is approved.
DCBBANK,,2021-09-30,2022-03-30,RESEARCH_READY,nifty500_membership_period_default,,OFFICIAL_EVENTS_PARTIAL,CORPORATE_ACTION_EXCLUSIONS_V1,True,Default research eligibility for reconstructed Nifty 500 membership period.
DCMSHRIRAM,INE499A01024,2021-09-30,2024-09-29,RESEARCH_READY,nifty500_membership_period_default,,OFFICIAL_EVENTS_PARTIAL,CORPORATE_ACTION_EXCLUSIONS_V1,True,Default research eligibility for reconstructed Nifty 500 membership period.
DCMSHRIRAM,INE499A01024,2025-03-28,2026-09-07,RESEARCH_READY,nifty500_membership_period_default,,OFFICIAL_EVENTS_PARTIAL,CORPORATE_ACTION_EXCLUSIONS_V1,True,Default research eligibility for reconstructed Nifty 500 membership period.
DEEPAKFERT,INE501A01019,2022-09-30,2026-09-07,RESEARCH_READY,nifty500_membership_period_default,,OFFICIAL_EVENTS_PARTIAL,CORPORATE_ACTION_EXCLUSIONS_V1,True,Default research eligibility for reconstructed Nifty 500 membership period.
DEEPAKNTR,INE288B01029,2021-09-30,2026-09-07,RESEARCH_READY,nifty500_membership_period_default,,OFFICIAL_EVENTS_PARTIAL,CORPORATE_ACTION_EXCLUSIONS_V1,True,Default research eligibility for reconstructed Nifty 500 membership period.
DELHIVERY,INE148O01028,2022-08-08,2026-09-07,RESEARCH_READY,nifty500_membership_period_default,,OFFICIAL_EVENTS_PARTIAL,CORPORATE_ACTION_EXCLUSIONS_V1,True,Default research eligibility for reconstructed Nifty 500 membership period.
DELTACORP,,2021-09-30,2024-03-27,RESEARCH_READY,nifty500_membership_period_default,,OFFICIAL_EVENTS_PARTIAL,CORPORATE_ACTION_EXCLUSIONS_V1,True,Default research eligibility for reconstructed Nifty 500 membership period.
DEVYANI,INE872J01023,2022-03-31,2026-09-07,RESEARCH_READY,nifty500_membership_period_default,,OFFICIAL_EVENTS_PARTIAL,CORPORATE_ACTION_EXCLUSIONS_V1,True,Default research eligibility for reconstructed Nifty 500 membership period.
DHANI,,2021-09-30,2023-03-30,RESEARCH_READY,nifty500_membership_period_default,,OFFICIAL_EVENTS_PARTIAL,CORPORATE_ACTION_EXCLUSIONS_V1,True,Default research eligibility for reconstructed Nifty 500 membership period.
DHANUKA,,2021-09-30,2022-03-30,RESEARCH_READY,nifty500_membership_period_default,,OFFICIAL_EVENTS_PARTIAL,CORPORATE_ACTION_EXCLUSIONS_V1,True,Default research eligibility for reconstructed Nifty 500 membership period.
DIVISLAB,INE361B01024,2021-09-30,2026-09-07,RESEARCH_READY,nifty500_membership_period_default,,OFFICIAL_EVENTS_PARTIAL,CORPORATE_ACTION_EXCLUSIONS_V1,True,Default research eligibility for reconstructed Nifty 500 membership period.
DIXON,INE935N01020,2021-09-30,2026-09-07,RESEARCH_READY,nifty500_membership_period_default,,OFFICIAL_EVENTS_PARTIAL,CORPORATE_ACTION_EXCLUSIONS_V1,True,Default research eligibility for reconstructed Nifty 500 membership period.
DLF,INE271C01023,2021-09-30,2026-09-07,RESEARCH_READY,nifty500_membership_period_default,,OFFICIAL_EVENTS_PARTIAL,CORPORATE_ACTION_EXCLUSIONS_V1,True,Default research eligibility for reconstructed Nifty 500 membership period.
DMART,INE192R01011,2021-09-30,2026-09-07,RESEARCH_READY,nifty500_membership_period_default,,OFFICIAL_EVENTS_PARTIAL,CORPORATE_ACTION_EXCLUSIONS_V1,True,Default research eligibility for reconstructed Nifty 500 membership period.
DOMS,INE321T01012,2024-03-28,2026-09-07,RESEARCH_READY,nifty500_membership_period_default,,OFFICIAL_EVENTS_PARTIAL,CORPORATE_ACTION_EXCLUSIONS_V1,True,Default research eligibility for reconstructed Nifty 500 membership period.
DRREDDY,INE089A01031,2021-09-30,2026-09-07,RESEARCH_READY,nifty500_membership_period_default,,OFFICIAL_EVENTS_PARTIAL,CORPORATE_ACTION_EXCLUSIONS_V1,True,Default research eligibility for reconstructed Nifty 500 membership period.
DUMMYHEG,DUM545A01024,2026-09-07,2026-09-07,RESEARCH_READY,nifty500_membership_period_default,,OFFICIAL_EVENTS_PARTIAL,CORPORATE_ACTION_EXCLUSIONS_V1,True,Default research eligibility for reconstructed Nifty 500 membership period.
EASEMYTRIP,,2022-03-31,2025-03-27,RESEARCH_READY,nifty500_membership_period_default,,OFFICIAL_EVENTS_PARTIAL,CORPORATE_ACTION_EXCLUSIONS_V1,True,Default research eligibility for reconstructed Nifty 500 membership period.
ECLERX,INE738I01010,2021-09-30,2026-09-07,RESEARCH_READY,nifty500_membership_period_default,,OFFICIAL_EVENTS_PARTIAL,CORPORATE_ACTION_EXCLUSIONS_V1,True,Default research eligibility for reconstructed Nifty 500 membership period.
EDELWEISS,,2021-09-30,2023-04-27,RESEARCH_READY,nifty500_membership_period_default,,OFFICIAL_EVENTS_PARTIAL,CORPORATE_ACTION_EXCLUSIONS_V1,True,Default research eligibility for reconstructed Nifty 500 membership period.
EICHERMOT,INE066A01021,2021-09-30,2026-09-07,RESEARCH_READY,nifty500_membership_period_default,,OFFICIAL_EVENTS_PARTIAL,CORPORATE_ACTION_EXCLUSIONS_V1,True,Default research eligibility for reconstructed Nifty 500 membership period.
EIDPARRY,INE126A01031,2021-09-30,2026-09-07,RESEARCH_READY,nifty500_membership_period_default,,OFFICIAL_EVENTS_PARTIAL,CORPORATE_ACTION_EXCLUSIONS_V1,True,Default research eligibility for reconstructed Nifty 500 membership period.
EIHOTEL,INE230A01023,2021-09-30,2026-09-07,RESEARCH_READY,nifty500_membership_period_default,,OFFICIAL_EVENTS_PARTIAL,CORPORATE_ACTION_EXCLUSIONS_V1,True,Default research eligibility for reconstructed Nifty 500 membership period.
ELECON,INE205B01031,2024-03-28,2026-09-07,RESEARCH_READY,nifty500_membership_period_default,,OFFICIAL_EVENTS_PARTIAL,CORPORATE_ACTION_EXCLUSIONS_V1,True,Default research eligibility for reconstructed Nifty 500 membership period.
ELGIEQUIP,INE285A01027,2021-09-30,2026-09-07,RESEARCH_READY,nifty500_membership_period_default,,OFFICIAL_EVENTS_PARTIAL,CORPORATE_ACTION_EXCLUSIONS_V1,True,Default research eligibility for reconstructed Nifty 500 membership period.
EMAMILTD,INE548C01032,2021-09-30,2026-09-07,RESEARCH_READY,nifty500_membership_period_default,,OFFICIAL_EVENTS_PARTIAL,CORPORATE_ACTION_EXCLUSIONS_V1,True,Default research eligibility for reconstructed Nifty 500 membership period.
EMAMILTD,INE548C01032,2025-05-21,2025-05-27,EXCLUDE_CORPORATE_ACTION_WINDOW,special_dividend_exclusion_v1,nse-ca-2c6715b9b4dd102f,OFFICIAL_EVENTS_PARTIAL,CORPORATE_ACTION_EXCLUSIONS_V1,True,"Official event is stored, but current methodology does not create a safe structural adjustment factor."
EMCURE,INE168P01015,2024-10-10,2026-09-07,RESEARCH_READY,nifty500_membership_period_default,,OFFICIAL_EVENTS_PARTIAL,CORPORATE_ACTION_EXCLUSIONS_V1,True,Default research eligibility for reconstructed Nifty 500 membership period.
EMMVEE,INE1C6T01020,2026-03-30,2026-09-07,RESEARCH_READY,nifty500_membership_period_default,,OFFICIAL_EVENTS_PARTIAL,CORPORATE_ACTION_EXCLUSIONS_V1,True,Default research eligibility for reconstructed Nifty 500 membership period.
ENDURANCE,INE913H01037,2021-09-30,2026-09-07,RESEARCH_READY,nifty500_membership_period_default,,OFFICIAL_EVENTS_PARTIAL,CORPORATE_ACTION_EXCLUSIONS_V1,True,Default research eligibility for reconstructed Nifty 500 membership period.
ENGINERSIN,INE510A01028,2021-09-30,2026-09-07,RESEARCH_READY,nifty500_membership_period_default,,OFFICIAL_EVENTS_PARTIAL,CORPORATE_ACTION_EXCLUSIONS_V1,True,Default research eligibility for reconstructed Nifty 500 membership period.
ENRIN,INE1NPP01017,2025-09-30,2026-09-07,RESEARCH_READY,nifty500_membership_period_default,,OFFICIAL_EVENTS_PARTIAL,CORPORATE_ACTION_EXCLUSIONS_V1,True,Default research eligibility for reconstructed Nifty 500 membership period.
EPIGRAL,,2023-03-31,2024-03-27,RESEARCH_READY,nifty500_membership_period_default,,OFFICIAL_EVENTS_PARTIAL,CORPORATE_ACTION_EXCLUSIONS_V1,True,Default research eligibility for reconstructed Nifty 500 membership period.
EPL,,2021-09-30,2024-09-29,RESEARCH_READY,nifty500_membership_period_default,,OFFICIAL_EVENTS_PARTIAL,CORPORATE_ACTION_EXCLUSIONS_V1,True,Default research eligibility for reconstructed Nifty 500 membership period.
EQUITAS,,2021-09-30,2022-09-29,RESEARCH_READY,nifty500_membership_period_default,,OFFICIAL_EVENTS_PARTIAL,CORPORATE_ACTION_EXCLUSIONS_V1,True,Default research eligibility for reconstructed Nifty 500 membership period.
EQUITASBNK,,2021-09-30,2025-03-27,RESEARCH_READY,nifty500_membership_period_default,,OFFICIAL_EVENTS_PARTIAL,CORPORATE_ACTION_EXCLUSIONS_V1,True,Default research eligibility for reconstructed Nifty 500 membership period.
ERIS,INE406M01024,2021-09-30,2022-09-29,RESEARCH_READY,nifty500_membership_period_default,,OFFICIAL_EVENTS_PARTIAL,CORPORATE_ACTION_EXCLUSIONS_V1,True,Default research eligibility for reconstructed Nifty 500 membership period.
ERIS,INE406M01024,2023-04-28,2026-09-07,RESEARCH_READY,nifty500_membership_period_default,,OFFICIAL_EVENTS_PARTIAL,CORPORATE_ACTION_EXCLUSIONS_V1,True,Default research eligibility for reconstructed Nifty 500 membership period.
ESCORTS,INE042A01014,2021-09-30,2026-09-07,RESEARCH_READY,nifty500_membership_period_default,,OFFICIAL_EVENTS_PARTIAL,CORPORATE_ACTION_EXCLUSIONS_V1,True,Default research eligibility for reconstructed Nifty 500 membership period.
ESCORTS,INE042A01014,2026-02-15,2026-02-21,EXCLUDE_CORPORATE_ACTION_WINDOW,special_dividend_exclusion_v1,nse-ca-cd08566cfe4c54ff,OFFICIAL_EVENTS_PARTIAL,CORPORATE_ACTION_EXCLUSIONS_V1,True,"Official event is stored, but current methodology does not create a safe structural adjustment factor."
ETERNAL,INE758T01015,2022-03-31,2026-09-07,RESEARCH_READY,nifty500_membership_period_default,,OFFICIAL_EVENTS_PARTIAL,CORPORATE_ACTION_EXCLUSIONS_V1,True,Default research eligibility for reconstructed Nifty 500 membership period.
EXIDEIND,INE302A01020,2021-09-30,2026-09-07,RESEARCH_READY,nifty500_membership_period_default,,OFFICIAL_EVENTS_PARTIAL,CORPORATE_ACTION_EXCLUSIONS_V1,True,Default research eligibility for reconstructed Nifty 500 membership period.
FACT,INE188A01015,2021-09-30,2026-09-07,RESEARCH_READY,nifty500_membership_period_default,,OFFICIAL_EVENTS_PARTIAL,CORPORATE_ACTION_EXCLUSIONS_V1,True,Default research eligibility for reconstructed Nifty 500 membership period.
FDC,,2021-09-30,2024-09-29,RESEARCH_READY,nifty500_membership_period_default,,OFFICIAL_EVENTS_PARTIAL,CORPORATE_ACTION_EXCLUSIONS_V1,True,Default research eligibility for reconstructed Nifty 500 membership period.
FEDERALBNK,INE171A01029,2021-09-30,2026-09-07,RESEARCH_READY,nifty500_membership_period_default,,OFFICIAL_EVENTS_PARTIAL,CORPORATE_ACTION_EXCLUSIONS_V1,True,Default research eligibility for reconstructed Nifty 500 membership period.
FINCABLES,INE235A01022,2021-09-30,2026-09-07,RESEARCH_READY,nifty500_membership_period_default,,OFFICIAL_EVENTS_PARTIAL,CORPORATE_ACTION_EXCLUSIONS_V1,True,Default research eligibility for reconstructed Nifty 500 membership period.
FINEORG,,2021-09-30,2025-03-27,RESEARCH_READY,nifty500_membership_period_default,,OFFICIAL_EVENTS_PARTIAL,CORPORATE_ACTION_EXCLUSIONS_V1,True,Default research eligibility for reconstructed Nifty 500 membership period.
FINPIPE,,2021-09-30,2026-03-29,RESEARCH_READY,nifty500_membership_period_default,,OFFICIAL_EVENTS_PARTIAL,CORPORATE_ACTION_EXCLUSIONS_V1,True,Default research eligibility for reconstructed Nifty 500 membership period.
FINPIPE,,2022-08-21,2022-08-27,EXCLUDE_CORPORATE_ACTION_WINDOW,special_dividend_exclusion_v1,nse-ca-3136e18e533cb294,OFFICIAL_EVENTS_PARTIAL,CORPORATE_ACTION_EXCLUSIONS_V1,True,"Official event is stored, but current methodology does not create a safe structural adjustment factor."
FINPIPE,,2025-09-03,2025-09-09,EXCLUDE_CORPORATE_ACTION_WINDOW,special_dividend_exclusion_v1,nse-ca-38a5b1b90db7e8d6,OFFICIAL_EVENTS_PARTIAL,CORPORATE_ACTION_EXCLUSIONS_V1,True,"Official event is stored, but current methodology does not create a safe structural adjustment factor."
FIRSTCRY,INE02RE01045,2025-03-28,2026-09-07,RESEARCH_READY,nifty500_membership_period_default,,OFFICIAL_EVENTS_PARTIAL,CORPORATE_ACTION_EXCLUSIONS_V1,True,Default research eligibility for reconstructed Nifty 500 membership period.
FIVESTAR,INE128S01021,2023-03-31,2026-09-07,RESEARCH_READY,nifty500_membership_period_default,,OFFICIAL_EVENTS_PARTIAL,CORPORATE_ACTION_EXCLUSIONS_V1,True,Default research eligibility for reconstructed Nifty 500 membership period.
FLUOROCHEM,INE09N301011,2021-09-30,2026-09-07,RESEARCH_READY,nifty500_membership_period_default,,OFFICIAL_EVENTS_PARTIAL,CORPORATE_ACTION_EXCLUSIONS_V1,True,Default research eligibility for reconstructed Nifty 500 membership period.
FORCEMOT,INE451A01017,2025-09-30,2026-09-07,RESEARCH_READY,nifty500_membership_period_default,,OFFICIAL_EVENTS_PARTIAL,CORPORATE_ACTION_EXCLUSIONS_V1,True,Default research eligibility for reconstructed Nifty 500 membership period.
FORTIS,INE061F01013,2021-09-30,2026-09-07,RESEARCH_READY,nifty500_membership_period_default,,OFFICIAL_EVENTS_PARTIAL,CORPORATE_ACTION_EXCLUSIONS_V1,True,Default research eligibility for reconstructed Nifty 500 membership period.
FRETAIL,,2021-09-30,2022-03-30,RESEARCH_READY,nifty500_membership_period_default,,OFFICIAL_EVENTS_PARTIAL,CORPORATE_ACTION_EXCLUSIONS_V1,True,Default research eligibility for reconstructed Nifty 500 membership period.
FSL,INE684F01012,2021-09-30,2026-09-07,RESEARCH_READY,nifty500_membership_period_default,,OFFICIAL_EVENTS_PARTIAL,CORPORATE_ACTION_EXCLUSIONS_V1,True,Default research eligibility for reconstructed Nifty 500 membership period.
GABRIEL,INE524A01029,2026-03-30,2026-09-07,RESEARCH_READY,nifty500_membership_period_default,,OFFICIAL_EVENTS_PARTIAL,CORPORATE_ACTION_EXCLUSIONS_V1,True,Default research eligibility for reconstructed Nifty 500 membership period.
GAEL,,2021-09-30,2025-03-27,RESEARCH_READY,nifty500_membership_period_default,,OFFICIAL_EVENTS_PARTIAL,CORPORATE_ACTION_EXCLUSIONS_V1,True,Default research eligibility for reconstructed Nifty 500 membership period.
GAIL,INE129A01019,2021-09-30,2026-09-07,RESEARCH_READY,nifty500_membership_period_default,,OFFICIAL_EVENTS_PARTIAL,CORPORATE_ACTION_EXCLUSIONS_V1,True,Default research eligibility for reconstructed Nifty 500 membership period.
GALAXYSURF,,2021-09-30,2024-03-27,RESEARCH_READY,nifty500_membership_period_default,,OFFICIAL_EVENTS_PARTIAL,CORPORATE_ACTION_EXCLUSIONS_V1,True,Default research eligibility for reconstructed Nifty 500 membership period.
GALLANTT,INE297H01019,2026-03-30,2026-09-07,RESEARCH_READY,nifty500_membership_period_default,,OFFICIAL_EVENTS_PARTIAL,CORPORATE_ACTION_EXCLUSIONS_V1,True,Default research eligibility for reconstructed Nifty 500 membership period.
GARFIBRES,,2021-09-30,2023-09-28,RESEARCH_READY,nifty500_membership_period_default,,OFFICIAL_EVENTS_PARTIAL,CORPORATE_ACTION_EXCLUSIONS_V1,True,Default research eligibility for reconstructed Nifty 500 membership period.
GESHIP,INE017A01032,2021-09-30,2026-09-07,RESEARCH_READY,nifty500_membership_period_default,,OFFICIAL_EVENTS_PARTIAL,CORPORATE_ACTION_EXCLUSIONS_V1,True,Default research eligibility for reconstructed Nifty 500 membership period.
GESHIP,INE017A01032,2023-08-13,2023-08-19,EXCLUDE_CORPORATE_ACTION_WINDOW,special_dividend_exclusion_v1,nse-ca-6b0803b708358aa0,OFFICIAL_EVENTS_PARTIAL,CORPORATE_ACTION_EXCLUSIONS_V1,True,"Official event is stored, but current methodology does not create a safe structural adjustment factor."
GICRE,INE481Y01014,2021-09-30,2026-09-07,RESEARCH_READY,nifty500_membership_period_default,,OFFICIAL_EVENTS_PARTIAL,CORPORATE_ACTION_EXCLUSIONS_V1,True,Default research eligibility for reconstructed Nifty 500 membership period.
GILLETTE,INE322A01010,2021-09-30,2022-03-30,RESEARCH_READY,nifty500_membership_period_default,,OFFICIAL_EVENTS_PARTIAL,CORPORATE_ACTION_EXCLUSIONS_V1,True,Default research eligibility for reconstructed Nifty 500 membership period.
GILLETTE,INE322A01010,2023-09-29,2026-09-07,RESEARCH_READY,nifty500_membership_period_default,,OFFICIAL_EVENTS_PARTIAL,CORPORATE_ACTION_EXCLUSIONS_V1,True,Default research eligibility for reconstructed Nifty 500 membership period.
GILLETTE,INE322A01010,2024-02-07,2024-02-13,EXCLUDE_CORPORATE_ACTION_WINDOW,special_dividend_exclusion_v1,nse-ca-0aacac2540b7b084,OFFICIAL_EVENTS_PARTIAL,CORPORATE_ACTION_EXCLUSIONS_V1,True,"Official event is stored, but current methodology does not create a safe structural adjustment factor."
GILLETTE,INE322A01010,2026-02-03,2026-02-09,EXCLUDE_CORPORATE_ACTION_WINDOW,special_dividend_exclusion_v1,nse-ca-78c080de7051d14e,OFFICIAL_EVENTS_PARTIAL,CORPORATE_ACTION_EXCLUSIONS_V1,True,"Official event is stored, but current methodology does not create a safe structural adjustment factor."
GLAND,INE068V01023,2021-09-30,2026-09-07,RESEARCH_READY,nifty500_membership_period_default,,OFFICIAL_EVENTS_PARTIAL,CORPORATE_ACTION_EXCLUSIONS_V1,True,Default research eligibility for reconstructed Nifty 500 membership period.
GLAXO,INE159A01016,2021-09-30,2026-09-07,RESEARCH_READY,nifty500_membership_period_default,,OFFICIAL_EVENTS_PARTIAL,CORPORATE_ACTION_EXCLUSIONS_V1,True,Default research eligibility for reconstructed Nifty 500 membership period.
GLAXO,INE159A01016,2022-07-06,2022-07-12,EXCLUDE_CORPORATE_ACTION_WINDOW,special_dividend_exclusion_v1,nse-ca-beb41b289b78a21e,OFFICIAL_EVENTS_PARTIAL,CORPORATE_ACTION_EXCLUSIONS_V1,True,"Official event is stored, but current methodology does not create a safe structural adjustment factor."
GLENMARK,INE935A01035,2021-09-30,2026-09-07,RESEARCH_READY,nifty500_membership_period_default,,OFFICIAL_EVENTS_PARTIAL,CORPORATE_ACTION_EXCLUSIONS_V1,True,Default research eligibility for reconstructed Nifty 500 membership period.
GLS,,2022-03-31,2022-09-29,RESEARCH_READY,nifty500_membership_period_default,,OFFICIAL_EVENTS_PARTIAL,CORPORATE_ACTION_EXCLUSIONS_V1,True,Default research eligibility for reconstructed Nifty 500 membership period.
GLS,,2023-09-29,2024-09-29,RESEARCH_READY,nifty500_membership_period_default,,OFFICIAL_EVENTS_PARTIAL,CORPORATE_ACTION_EXCLUSIONS_V1,True,Default research eligibility for reconstructed Nifty 500 membership period.
GMDCLTD,INE131A01031,2024-03-28,2026-09-07,RESEARCH_READY,nifty500_membership_period_default,,OFFICIAL_EVENTS_PARTIAL,CORPORATE_ACTION_EXCLUSIONS_V1,True,Default research eligibility for reconstructed Nifty 500 membership period.
GMMPFAUDLR,,2021-09-30,2024-09-29,RESEARCH_READY,nifty500_membership_period_default,,OFFICIAL_EVENTS_PARTIAL,CORPORATE_ACTION_EXCLUSIONS_V1,True,Default research eligibility for reconstructed Nifty 500 membership period.
GMRAIRPORT,,2021-09-30,2021-10-28,RESEARCH_READY,nifty500_membership_period_default,,OFFICIAL_EVENTS_PARTIAL,CORPORATE_ACTION_EXCLUSIONS_V1,True,Default research eligibility for reconstructed Nifty 500 membership period.
GMRAIRPORT,INE776C01039,2022-05-04,2026-09-07,RESEARCH_READY,nifty500_membership_period_default,,OFFICIAL_EVENTS_PARTIAL,CORPORATE_ACTION_EXCLUSIONS_V1,True,Default research eligibility for reconstructed Nifty 500 membership period.
GNFC,,2021-09-30,2025-09-29,RESEARCH_READY,nifty500_membership_period_default,,OFFICIAL_EVENTS_PARTIAL,CORPORATE_ACTION_EXCLUSIONS_V1,True,Default research eligibility for reconstructed Nifty 500 membership period.
GOCOLORS,,2022-03-31,2024-03-27,RESEARCH_READY,nifty500_membership_period_default,,OFFICIAL_EVENTS_PARTIAL,CORPORATE_ACTION_EXCLUSIONS_V1,True,Default research eligibility for reconstructed Nifty 500 membership period.
GODFRYPHLP,INE260B01028,2021-09-30,2026-09-07,RESEARCH_READY,nifty500_membership_period_default,,OFFICIAL_EVENTS_PARTIAL,CORPORATE_ACTION_EXCLUSIONS_V1,True,Default research eligibility for reconstructed Nifty 500 membership period.
GODIGIT,INE03JT01014,2024-09-30,2026-09-07,RESEARCH_READY,nifty500_membership_period_default,,OFFICIAL_EVENTS_PARTIAL,CORPORATE_ACTION_EXCLUSIONS_V1,True,Default research eligibility for reconstructed Nifty 500 membership period.
GODREJAGRO,,2021-09-30,2023-09-28,RESEARCH_READY,nifty500_membership_period_default,,OFFICIAL_EVENTS_PARTIAL,CORPORATE_ACTION_EXCLUSIONS_V1,True,Default research eligibility for reconstructed Nifty 500 membership period.
GODREJAGRO,,2024-09-30,2026-03-29,RESEARCH_READY,nifty500_membership_period_default,,OFFICIAL_EVENTS_PARTIAL,CORPORATE_ACTION_EXCLUSIONS_V1,True,Default research eligibility for reconstructed Nifty 500 membership period.
GODREJCP,INE102D01028,2021-09-30,2026-09-07,RESEARCH_READY,nifty500_membership_period_default,,OFFICIAL_EVENTS_PARTIAL,CORPORATE_ACTION_EXCLUSIONS_V1,True,Default research eligibility for reconstructed Nifty 500 membership period.
GODREJIND,INE233A01035,2021-09-30,2026-09-07,RESEARCH_READY,nifty500_membership_period_default,,OFFICIAL_EVENTS_PARTIAL,CORPORATE_ACTION_EXCLUSIONS_V1,True,Default research eligibility for reconstructed Nifty 500 membership period.
GODREJPROP,INE484J01027,2021-09-30,2026-09-07,RESEARCH_READY,nifty500_membership_period_default,,OFFICIAL_EVENTS_PARTIAL,CORPORATE_ACTION_EXCLUSIONS_V1,True,Default research eligibility for reconstructed Nifty 500 membership period.
GPIL,INE177H01039,2023-09-29,2026-09-07,RESEARCH_READY,nifty500_membership_period_default,,OFFICIAL_EVENTS_PARTIAL,CORPORATE_ACTION_EXCLUSIONS_V1,True,Default research eligibility for reconstructed Nifty 500 membership period.
GPIL,INE177H01039,2024-08-15,2024-08-21,EXCLUDE_CORPORATE_ACTION_WINDOW,special_dividend_exclusion_v1,nse-ca-3ec97953b4e13985,OFFICIAL_EVENTS_PARTIAL,CORPORATE_ACTION_EXCLUSIONS_V1,True,"Official event is stored, but current methodology does not create a safe structural adjustment factor."
GPPL,,2021-09-30,2025-09-29,RESEARCH_READY,nifty500_membership_period_default,,OFFICIAL_EVENTS_PARTIAL,CORPORATE_ACTION_EXCLUSIONS_V1,True,Default research eligibility for reconstructed Nifty 500 membership period.
GRANULES,INE101D01020,2021-09-30,2026-09-07,RESEARCH_READY,nifty500_membership_period_default,,OFFICIAL_EVENTS_PARTIAL,CORPORATE_ACTION_EXCLUSIONS_V1,True,Default research eligibility for reconstructed Nifty 500 membership period.
GRAPHITE,INE371A01025,2021-09-30,2026-09-07,RESEARCH_READY,nifty500_membership_period_default,,OFFICIAL_EVENTS_PARTIAL,CORPORATE_ACTION_EXCLUSIONS_V1,True,Default research eligibility for reconstructed Nifty 500 membership period.
GRASIM,INE047A01021,2021-09-30,2026-09-07,RESEARCH_READY,nifty500_membership_period_default,,OFFICIAL_EVENTS_PARTIAL,CORPORATE_ACTION_EXCLUSIONS_V1,True,Default research eligibility for reconstructed Nifty 500 membership period.
GRASIM,INE047A01021,2022-08-10,2022-08-16,EXCLUDE_CORPORATE_ACTION_WINDOW,special_dividend_exclusion_v1,nse-ca-c508d3be3f4f537f,OFFICIAL_EVENTS_PARTIAL,CORPORATE_ACTION_EXCLUSIONS_V1,True,"Official event is stored, but current methodology does not create a safe structural adjustment factor."
GRASIM,INE047A01021,2024-01-07,2024-01-20,EXCLUDE_CORPORATE_ACTION_WINDOW,rights_exclusion_v1,nse-ca-bcb0e90aed26e64c,OFFICIAL_EVENTS_PARTIAL,CORPORATE_ACTION_EXCLUSIONS_V1,True,"Official event is stored, but current methodology does not create a safe structural adjustment factor."
GRAVITA,INE024L01027,2025-03-28,2026-09-07,RESEARCH_READY,nifty500_membership_period_default,,OFFICIAL_EVENTS_PARTIAL,CORPORATE_ACTION_EXCLUSIONS_V1,True,Default research eligibility for reconstructed Nifty 500 membership period.
GREAVESCOT,,2021-09-30,2022-03-30,RESEARCH_READY,nifty500_membership_period_default,,OFFICIAL_EVENTS_PARTIAL,CORPORATE_ACTION_EXCLUSIONS_V1,True,Default research eligibility for reconstructed Nifty 500 membership period.
GREENPANEL,,2022-09-30,2023-09-28,RESEARCH_READY,nifty500_membership_period_default,,OFFICIAL_EVENTS_PARTIAL,CORPORATE_ACTION_EXCLUSIONS_V1,True,Default research eligibility for reconstructed Nifty 500 membership period.
GRINDWELL,,2021-09-30,2025-03-27,RESEARCH_READY,nifty500_membership_period_default,,OFFICIAL_EVENTS_PARTIAL,CORPORATE_ACTION_EXCLUSIONS_V1,True,Default research eligibility for reconstructed Nifty 500 membership period.
GRINFRA,,2022-03-31,2024-03-27,RESEARCH_READY,nifty500_membership_period_default,,OFFICIAL_EVENTS_PARTIAL,CORPORATE_ACTION_EXCLUSIONS_V1,True,Default research eligibility for reconstructed Nifty 500 membership period.
GRINFRA,,2024-09-30,2025-03-27,RESEARCH_READY,nifty500_membership_period_default,,OFFICIAL_EVENTS_PARTIAL,CORPORATE_ACTION_EXCLUSIONS_V1,True,Default research eligibility for reconstructed Nifty 500 membership period.
GROWW,INE0HOQ01053,2026-03-30,2026-09-07,RESEARCH_READY,nifty500_membership_period_default,,OFFICIAL_EVENTS_PARTIAL,CORPORATE_ACTION_EXCLUSIONS_V1,True,Default research eligibility for reconstructed Nifty 500 membership period.
GRSE,INE382Z01011,2024-03-28,2026-09-07,RESEARCH_READY,nifty500_membership_period_default,,OFFICIAL_EVENTS_PARTIAL,CORPORATE_ACTION_EXCLUSIONS_V1,True,Default research eligibility for reconstructed Nifty 500 membership period.
GSFC,,2021-09-30,2025-03-27,RESEARCH_READY,nifty500_membership_period_default,,OFFICIAL_EVENTS_PARTIAL,CORPORATE_ACTION_EXCLUSIONS_V1,True,Default research eligibility for reconstructed Nifty 500 membership period.
GSPL,,2021-09-30,2026-05-11,RESEARCH_READY,nifty500_membership_period_default,,OFFICIAL_EVENTS_PARTIAL,CORPORATE_ACTION_EXCLUSIONS_V1,True,Default research eligibility for reconstructed Nifty 500 membership period.
GUJALKALI,,2021-09-30,2024-03-27,RESEARCH_READY,nifty500_membership_period_default,,OFFICIAL_EVENTS_PARTIAL,CORPORATE_ACTION_EXCLUSIONS_V1,True,Default research eligibility for reconstructed Nifty 500 membership period.
GUJGASLTD,,2021-09-30,2026-03-29,RESEARCH_READY,nifty500_membership_period_default,,OFFICIAL_EVENTS_PARTIAL,CORPORATE_ACTION_EXCLUSIONS_V1,True,Default research eligibility for reconstructed Nifty 500 membership period.
GVT&D,INE200A01026,2024-09-30,2026-09-07,RESEARCH_READY,nifty500_membership_period_default,,OFFICIAL_EVENTS_PARTIAL,CORPORATE_ACTION_EXCLUSIONS_V1,True,Default research eligibility for reconstructed Nifty 500 membership period.
HAL,INE066F01020,2021-09-30,2026-09-07,RESEARCH_READY,nifty500_membership_period_default,,OFFICIAL_EVENTS_PARTIAL,CORPORATE_ACTION_EXCLUSIONS_V1,True,Default research eligibility for reconstructed Nifty 500 membership period.
HAPPSTMNDS,,2021-09-30,2026-03-29,RESEARCH_READY,nifty500_membership_period_default,,OFFICIAL_EVENTS_PARTIAL,CORPORATE_ACTION_EXCLUSIONS_V1,True,Default research eligibility for reconstructed Nifty 500 membership period.
HAPPYFORGE,,2024-03-28,2024-09-29,RESEARCH_READY,nifty500_membership_period_default,,OFFICIAL_EVENTS_PARTIAL,CORPORATE_ACTION_EXCLUSIONS_V1,True,Default research eligibility for reconstructed Nifty 500 membership period.
HATHWAY,,2021-09-30,2022-09-29,RESEARCH_READY,nifty500_membership_period_default,,OFFICIAL_EVENTS_PARTIAL,CORPORATE_ACTION_EXCLUSIONS_V1,True,Default research eligibility for reconstructed Nifty 500 membership period.
HATSUN,,2021-09-30,2023-03-30,RESEARCH_READY,nifty500_membership_period_default,,OFFICIAL_EVENTS_PARTIAL,CORPORATE_ACTION_EXCLUSIONS_V1,True,Default research eligibility for reconstructed Nifty 500 membership period.
HATSUN,,2022-12-04,2022-12-17,EXCLUDE_CORPORATE_ACTION_WINDOW,rights_exclusion_v1,nse-ca-e1231586dd8e334d,OFFICIAL_EVENTS_PARTIAL,CORPORATE_ACTION_EXCLUSIONS_V1,True,"Official event is stored, but current methodology does not create a safe structural adjustment factor."
HAVELLS,INE176B01034,2021-09-30,2026-09-07,RESEARCH_READY,nifty500_membership_period_default,,OFFICIAL_EVENTS_PARTIAL,CORPORATE_ACTION_EXCLUSIONS_V1,True,Default research eligibility for reconstructed Nifty 500 membership period.
HBLENGINE,INE292B01021,2024-03-28,2026-09-07,RESEARCH_READY,nifty500_membership_period_default,,OFFICIAL_EVENTS_PARTIAL,CORPORATE_ACTION_EXCLUSIONS_V1,True,Default research eligibility for reconstructed Nifty 500 membership period.
HCLTECH,INE860A01027,2021-09-30,2026-09-07,RESEARCH_READY,nifty500_membership_period_default,,OFFICIAL_EVENTS_PARTIAL,CORPORATE_ACTION_EXCLUSIONS_V1,True,Default research eligibility for reconstructed Nifty 500 membership period.
HCLTECH,INE860A01027,2025-01-16,2025-01-22,EXCLUDE_CORPORATE_ACTION_WINDOW,special_dividend_exclusion_v1,nse-ca-846aebf8f8c0374d,OFFICIAL_EVENTS_PARTIAL,CORPORATE_ACTION_EXCLUSIONS_V1,True,"Official event is stored, but current methodology does not create a safe structural adjustment factor."
HDBFS,INE756I01012,2026-03-30,2026-09-07,RESEARCH_READY,nifty500_membership_period_default,,OFFICIAL_EVENTS_PARTIAL,CORPORATE_ACTION_EXCLUSIONS_V1,True,Default research eligibility for reconstructed Nifty 500 membership period.
HDFC,,2021-09-30,2023-07-12,RESEARCH_READY,nifty500_membership_period_default,,OFFICIAL_EVENTS_PARTIAL,CORPORATE_ACTION_EXCLUSIONS_V1,True,Default research eligibility for reconstructed Nifty 500 membership period.
HDFCAMC,INE127D01025,2021-09-30,2026-09-07,RESEARCH_READY,nifty500_membership_period_default,,OFFICIAL_EVENTS_PARTIAL,CORPORATE_ACTION_EXCLUSIONS_V1,True,Default research eligibility for reconstructed Nifty 500 membership period.
HDFCBANK,INE040A01034,2021-09-30,2026-09-07,RESEARCH_READY,nifty500_membership_period_default,,OFFICIAL_EVENTS_PARTIAL,CORPORATE_ACTION_EXCLUSIONS_V1,True,Default research eligibility for reconstructed Nifty 500 membership period.
HDFCBANK,INE040A01034,2025-07-24,2025-07-30,EXCLUDE_CORPORATE_ACTION_WINDOW,special_dividend_exclusion_v1,nse-ca-19b39595f6c8b787,OFFICIAL_EVENTS_PARTIAL,CORPORATE_ACTION_EXCLUSIONS_V1,True,"Official event is stored, but current methodology does not create a safe structural adjustment factor."
HDFCLIFE,INE795G01014,2021-09-30,2026-09-07,RESEARCH_READY,nifty500_membership_period_default,,OFFICIAL_EVENTS_PARTIAL,CORPORATE_ACTION_EXCLUSIONS_V1,True,Default research eligibility for reconstructed Nifty 500 membership period.
HEG,INE545A01024,2021-09-30,2026-09-07,RESEARCH_READY,nifty500_membership_period_default,,OFFICIAL_EVENTS_PARTIAL,CORPORATE_ACTION_EXCLUSIONS_V1,True,Default research eligibility for reconstructed Nifty 500 membership period.
HEG,INE545A01024,2026-09-02,2026-09-27,EXCLUDE_CORPORATE_ACTION_WINDOW,complex_restructuring_exclusion_v1,nse-ca-82a13ae43645ee76,OFFICIAL_EVENTS_PARTIAL,CORPORATE_ACTION_EXCLUSIONS_V1,True,Complex restructuring event; exclude configurable review window until successor/predecessor handling is approved.
HEIDELBERG,,2021-09-30,2022-03-30,RESEARCH_READY,nifty500_membership_period_default,,OFFICIAL_EVENTS_PARTIAL,CORPORATE_ACTION_EXCLUSIONS_V1,True,Default research eligibility for reconstructed Nifty 500 membership period.
HEMIPROP,,2021-09-30,2022-09-29,RESEARCH_READY,nifty500_membership_period_default,,OFFICIAL_EVENTS_PARTIAL,CORPORATE_ACTION_EXCLUSIONS_V1,True,Default research eligibility for reconstructed Nifty 500 membership period.
HEROMOTOCO,INE158A01026,2021-09-30,2026-09-07,RESEARCH_READY,nifty500_membership_period_default,,OFFICIAL_EVENTS_PARTIAL,CORPORATE_ACTION_EXCLUSIONS_V1,True,Default research eligibility for reconstructed Nifty 500 membership period.
HEROMOTOCO,INE158A01026,2024-02-20,2024-02-26,EXCLUDE_CORPORATE_ACTION_WINDOW,special_dividend_exclusion_v1,nse-ca-3adcbc6e7ddb1cad,OFFICIAL_EVENTS_PARTIAL,CORPORATE_ACTION_EXCLUSIONS_V1,True,"Official event is stored, but current methodology does not create a safe structural adjustment factor."
HEXT,INE093A01041,2025-09-30,2026-09-07,RESEARCH_READY,nifty500_membership_period_default,,OFFICIAL_EVENTS_PARTIAL,CORPORATE_ACTION_EXCLUSIONS_V1,True,Default research eligibility for reconstructed Nifty 500 membership period.
HFCL,INE548A01028,2021-09-30,2026-09-07,RESEARCH_READY,nifty500_membership_period_default,,OFFICIAL_EVENTS_PARTIAL,CORPORATE_ACTION_EXCLUSIONS_V1,True,Default research eligibility for reconstructed Nifty 500 membership period.
HGS,,2021-09-30,2023-09-28,RESEARCH_READY,nifty500_membership_period_default,,OFFICIAL_EVENTS_PARTIAL,CORPORATE_ACTION_EXCLUSIONS_V1,True,Default research eligibility for reconstructed Nifty 500 membership period.
HIKAL,,2021-09-30,2023-09-28,RESEARCH_READY,nifty500_membership_period_default,,OFFICIAL_EVENTS_PARTIAL,CORPORATE_ACTION_EXCLUSIONS_V1,True,Default research eligibility for reconstructed Nifty 500 membership period.
HINDALCO,INE038A01020,2021-09-30,2026-09-07,RESEARCH_READY,nifty500_membership_period_default,,OFFICIAL_EVENTS_PARTIAL,CORPORATE_ACTION_EXCLUSIONS_V1,True,Default research eligibility for reconstructed Nifty 500 membership period.
HINDCOPPER,INE531E01026,2021-09-30,2026-09-07,RESEARCH_READY,nifty500_membership_period_default,,OFFICIAL_EVENTS_PARTIAL,CORPORATE_ACTION_EXCLUSIONS_V1,True,Default research eligibility for reconstructed Nifty 500 membership period.
HINDPETRO,INE094A01015,2021-09-30,2026-09-07,RESEARCH_READY,nifty500_membership_period_default,,OFFICIAL_EVENTS_PARTIAL,CORPORATE_ACTION_EXCLUSIONS_V1,True,Default research eligibility for reconstructed Nifty 500 membership period.
HINDUNILVR,INE030A01027,2021-09-30,2026-09-07,RESEARCH_READY,nifty500_membership_period_default,,OFFICIAL_EVENTS_PARTIAL,CORPORATE_ACTION_EXCLUSIONS_V1,True,Default research eligibility for reconstructed Nifty 500 membership period.
HINDUNILVR,INE030A01027,2024-11-05,2024-11-11,EXCLUDE_CORPORATE_ACTION_WINDOW,special_dividend_exclusion_v1,nse-ca-b740d31e7b8f621a,OFFICIAL_EVENTS_PARTIAL,CORPORATE_ACTION_EXCLUSIONS_V1,True,"Official event is stored, but current methodology does not create a safe structural adjustment factor."
HINDUNILVR,INE030A01027,2025-11-30,2025-12-25,EXCLUDE_CORPORATE_ACTION_WINDOW,complex_restructuring_exclusion_v1,nse-ca-e0047ed4c386dc6b,OFFICIAL_EVENTS_PARTIAL,CORPORATE_ACTION_EXCLUSIONS_V1,True,Complex restructuring event; exclude configurable review window until successor/predecessor handling is approved.
HINDZINC,INE267A01025,2021-09-30,2026-09-07,RESEARCH_READY,nifty500_membership_period_default,,OFFICIAL_EVENTS_PARTIAL,CORPORATE_ACTION_EXCLUSIONS_V1,True,Default research eligibility for reconstructed Nifty 500 membership period.
HLEGLAS,,2022-03-31,2024-03-27,RESEARCH_READY,nifty500_membership_period_default,,OFFICIAL_EVENTS_PARTIAL,CORPORATE_ACTION_EXCLUSIONS_V1,True,Default research eligibility for reconstructed Nifty 500 membership period.
HOMEFIRST,INE481N01025,2021-09-30,2026-09-07,RESEARCH_READY,nifty500_membership_period_default,,OFFICIAL_EVENTS_PARTIAL,CORPORATE_ACTION_EXCLUSIONS_V1,True,Default research eligibility for reconstructed Nifty 500 membership period.
HONASA,INE0J5401028,2024-03-28,2026-09-07,RESEARCH_READY,nifty500_membership_period_default,,OFFICIAL_EVENTS_PARTIAL,CORPORATE_ACTION_EXCLUSIONS_V1,True,Default research eligibility for reconstructed Nifty 500 membership period.
HONAUT,INE671A01010,2021-09-30,2026-09-07,RESEARCH_READY,nifty500_membership_period_default,,OFFICIAL_EVENTS_PARTIAL,CORPORATE_ACTION_EXCLUSIONS_V1,True,Default research eligibility for reconstructed Nifty 500 membership period.
HSCL,INE019C01026,2024-03-28,2026-09-07,RESEARCH_READY,nifty500_membership_period_default,,OFFICIAL_EVENTS_PARTIAL,CORPORATE_ACTION_EXCLUSIONS_V1,True,Default research eligibility for reconstructed Nifty 500 membership period.
HUDCO,INE031A01017,2021-09-30,2026-09-07,RESEARCH_READY,nifty500_membership_period_default,,OFFICIAL_EVENTS_PARTIAL,CORPORATE_ACTION_EXCLUSIONS_V1,True,Default research eligibility for reconstructed Nifty 500 membership period.
HYUNDAI,INE0V6F01027,2025-03-28,2026-09-07,RESEARCH_READY,nifty500_membership_period_default,,OFFICIAL_EVENTS_PARTIAL,CORPORATE_ACTION_EXCLUSIONS_V1,True,Default research eligibility for reconstructed Nifty 500 membership period.
IBREALEST,,2021-09-30,2023-09-28,RESEARCH_READY,nifty500_membership_period_default,,OFFICIAL_EVENTS_PARTIAL,CORPORATE_ACTION_EXCLUSIONS_V1,True,Default research eligibility for reconstructed Nifty 500 membership period.
ICICIAMC,INE346A01027,2026-03-30,2026-09-07,RESEARCH_READY,nifty500_membership_period_default,,OFFICIAL_EVENTS_PARTIAL,CORPORATE_ACTION_EXCLUSIONS_V1,True,Default research eligibility for reconstructed Nifty 500 membership period.
ICICIBANK,INE090A01021,2021-09-30,2026-09-07,RESEARCH_READY,nifty500_membership_period_default,,OFFICIAL_EVENTS_PARTIAL,CORPORATE_ACTION_EXCLUSIONS_V1,True,Default research eligibility for reconstructed Nifty 500 membership period.
ICICIGI,INE765G01017,2021-09-30,2026-09-07,RESEARCH_READY,nifty500_membership_period_default,,OFFICIAL_EVENTS_PARTIAL,CORPORATE_ACTION_EXCLUSIONS_V1,True,Default research eligibility for reconstructed Nifty 500 membership period.
ICICIPRULI,INE726G01019,2021-09-30,2026-09-07,RESEARCH_READY,nifty500_membership_period_default,,OFFICIAL_EVENTS_PARTIAL,CORPORATE_ACTION_EXCLUSIONS_V1,True,Default research eligibility for reconstructed Nifty 500 membership period.
ICIL,,2021-09-30,2022-09-29,RESEARCH_READY,nifty500_membership_period_default,,OFFICIAL_EVENTS_PARTIAL,CORPORATE_ACTION_EXCLUSIONS_V1,True,Default research eligibility for reconstructed Nifty 500 membership period.
IDBI,INE008A01015,2021-09-30,2026-09-07,RESEARCH_READY,nifty500_membership_period_default,,OFFICIAL_EVENTS_PARTIAL,CORPORATE_ACTION_EXCLUSIONS_V1,True,Default research eligibility for reconstructed Nifty 500 membership period.
IDEA,INE669E01016,2021-09-30,2024-09-29,RESEARCH_READY,nifty500_membership_period_default,,OFFICIAL_EVENTS_PARTIAL,CORPORATE_ACTION_EXCLUSIONS_V1,True,Default research eligibility for reconstructed Nifty 500 membership period.
IDEA,INE669E01016,2024-09-30,2026-09-07,RESEARCH_READY,nifty500_membership_period_default,,OFFICIAL_EVENTS_PARTIAL,CORPORATE_ACTION_EXCLUSIONS_V1,True,Default research eligibility for reconstructed Nifty 500 membership period.
IDFC,,2021-09-30,2024-10-09,RESEARCH_READY,nifty500_membership_period_default,,OFFICIAL_EVENTS_PARTIAL,CORPORATE_ACTION_EXCLUSIONS_V1,True,Default research eligibility for reconstructed Nifty 500 membership period.
IDFC,,2023-02-12,2023-02-18,EXCLUDE_CORPORATE_ACTION_WINDOW,special_dividend_exclusion_v1,nse-ca-d5904aa0a76fb982,OFFICIAL_EVENTS_PARTIAL,CORPORATE_ACTION_EXCLUSIONS_V1,True,"Official event is stored, but current methodology does not create a safe structural adjustment factor."
IDFCFIRSTB,INE092T01019,2021-09-30,2026-09-07,RESEARCH_READY,nifty500_membership_period_default,,OFFICIAL_EVENTS_PARTIAL,CORPORATE_ACTION_EXCLUSIONS_V1,True,Default research eligibility for reconstructed Nifty 500 membership period.
IEX,INE022Q01020,2021-09-30,2026-09-07,RESEARCH_READY,nifty500_membership_period_default,,OFFICIAL_EVENTS_PARTIAL,CORPORATE_ACTION_EXCLUSIONS_V1,True,Default research eligibility for reconstructed Nifty 500 membership period.
IFBIND,,2021-09-30,2023-09-28,RESEARCH_READY,nifty500_membership_period_default,,OFFICIAL_EVENTS_PARTIAL,CORPORATE_ACTION_EXCLUSIONS_V1,True,Default research eligibility for reconstructed Nifty 500 membership period.
IFCI,INE039A01010,2024-09-30,2026-09-07,RESEARCH_READY,nifty500_membership_period_default,,OFFICIAL_EVENTS_PARTIAL,CORPORATE_ACTION_EXCLUSIONS_V1,True,Default research eligibility for reconstructed Nifty 500 membership period.
IGIL,INE0Q9301021,2025-03-28,2026-09-07,RESEARCH_READY,nifty500_membership_period_default,,OFFICIAL_EVENTS_PARTIAL,CORPORATE_ACTION_EXCLUSIONS_V1,True,Default research eligibility for reconstructed Nifty 500 membership period.
IGL,INE203G01027,2021-09-30,2026-09-07,RESEARCH_READY,nifty500_membership_period_default,,OFFICIAL_EVENTS_PARTIAL,CORPORATE_ACTION_EXCLUSIONS_V1,True,Default research eligibility for reconstructed Nifty 500 membership period.
IIFL,INE530B01024,2021-09-30,2026-09-07,RESEARCH_READY,nifty500_membership_period_default,,OFFICIAL_EVENTS_PARTIAL,CORPORATE_ACTION_EXCLUSIONS_V1,True,Default research eligibility for reconstructed Nifty 500 membership period.
IIFL,INE530B01024,2024-04-20,2024-05-03,EXCLUDE_CORPORATE_ACTION_WINDOW,rights_exclusion_v1,nse-ca-be464555db1734f3,OFFICIAL_EVENTS_PARTIAL,CORPORATE_ACTION_EXCLUSIONS_V1,True,"Official event is stored, but current methodology does not create a safe structural adjustment factor."
IKS,INE115Q01022,2025-03-28,2026-09-07,RESEARCH_READY,nifty500_membership_period_default,,OFFICIAL_EVENTS_PARTIAL,CORPORATE_ACTION_EXCLUSIONS_V1,True,Default research eligibility for reconstructed Nifty 500 membership period.
INDGN,INE065X01017,2024-09-30,2026-09-07,RESEARCH_READY,nifty500_membership_period_default,,OFFICIAL_EVENTS_PARTIAL,CORPORATE_ACTION_EXCLUSIONS_V1,True,Default research eligibility for reconstructed Nifty 500 membership period.
INDHOTEL,INE053A01029,2021-09-30,2026-09-07,RESEARCH_READY,nifty500_membership_period_default,,OFFICIAL_EVENTS_PARTIAL,CORPORATE_ACTION_EXCLUSIONS_V1,True,Default research eligibility for reconstructed Nifty 500 membership period.
INDHOTEL,INE053A01029,2021-11-08,2021-11-21,EXCLUDE_CORPORATE_ACTION_WINDOW,rights_exclusion_v1,nse-ca-d9a00ed4bf55e78e,OFFICIAL_EVENTS_PARTIAL,CORPORATE_ACTION_EXCLUSIONS_V1,True,"Official event is stored, but current methodology does not create a safe structural adjustment factor."
INDIACEM,INE383A01012,2021-09-30,2026-09-07,RESEARCH_READY,nifty500_membership_period_default,,OFFICIAL_EVENTS_PARTIAL,CORPORATE_ACTION_EXCLUSIONS_V1,True,Default research eligibility for reconstructed Nifty 500 membership period.
INDIAMART,INE933S01016,2021-09-30,2026-09-07,RESEARCH_READY,nifty500_membership_period_default,,OFFICIAL_EVENTS_PARTIAL,CORPORATE_ACTION_EXCLUSIONS_V1,True,Default research eligibility for reconstructed Nifty 500 membership period.
INDIAMART,INE933S01016,2025-06-05,2025-06-11,EXCLUDE_CORPORATE_ACTION_WINDOW,special_dividend_exclusion_v1,nse-ca-20a6f6de6a5f5888,OFFICIAL_EVENTS_PARTIAL,CORPORATE_ACTION_EXCLUSIONS_V1,True,"Official event is stored, but current methodology does not create a safe structural adjustment factor."
INDIAMART,INE933S01016,2026-06-18,2026-06-24,EXCLUDE_CORPORATE_ACTION_WINDOW,special_dividend_exclusion_v1,nse-ca-2cba7f629bf6c045,OFFICIAL_EVENTS_PARTIAL,CORPORATE_ACTION_EXCLUSIONS_V1,True,"Official event is stored, but current methodology does not create a safe structural adjustment factor."
INDIANB,INE562A01011,2021-09-30,2026-09-07,RESEARCH_READY,nifty500_membership_period_default,,OFFICIAL_EVENTS_PARTIAL,CORPORATE_ACTION_EXCLUSIONS_V1,True,Default research eligibility for reconstructed Nifty 500 membership period.
INDIGO,INE646L01027,2021-09-30,2026-09-07,RESEARCH_READY,nifty500_membership_period_default,,OFFICIAL_EVENTS_PARTIAL,CORPORATE_ACTION_EXCLUSIONS_V1,True,Default research eligibility for reconstructed Nifty 500 membership period.
INDIGOPNTS,,2021-09-30,2024-09-29,RESEARCH_READY,nifty500_membership_period_default,,OFFICIAL_EVENTS_PARTIAL,CORPORATE_ACTION_EXCLUSIONS_V1,True,Default research eligibility for reconstructed Nifty 500 membership period.
INDOCO,,2021-09-30,2023-03-30,RESEARCH_READY,nifty500_membership_period_default,,OFFICIAL_EVENTS_PARTIAL,CORPORATE_ACTION_EXCLUSIONS_V1,True,Default research eligibility for reconstructed Nifty 500 membership period.
INDOCO,,2022-09-13,2022-09-19,EXCLUDE_CORPORATE_ACTION_WINDOW,special_dividend_exclusion_v1,nse-ca-8889d4776927da65,OFFICIAL_EVENTS_PARTIAL,CORPORATE_ACTION_EXCLUSIONS_V1,True,"Official event is stored, but current methodology does not create a safe structural adjustment factor."
INDUSINDBK,INE095A01012,2021-09-30,2026-09-07,RESEARCH_READY,nifty500_membership_period_default,,OFFICIAL_EVENTS_PARTIAL,CORPORATE_ACTION_EXCLUSIONS_V1,True,Default research eligibility for reconstructed Nifty 500 membership period.
INDUSTOWER,INE121J01017,2021-09-30,2026-09-07,RESEARCH_READY,nifty500_membership_period_default,,OFFICIAL_EVENTS_PARTIAL,CORPORATE_ACTION_EXCLUSIONS_V1,True,Default research eligibility for reconstructed Nifty 500 membership period.
INFIBEAM,,2021-09-30,2024-03-27,RESEARCH_READY,nifty500_membership_period_default,,OFFICIAL_EVENTS_PARTIAL,CORPORATE_ACTION_EXCLUSIONS_V1,True,Default research eligibility for reconstructed Nifty 500 membership period.
INFIBEAM,,2022-03-09,2022-03-24,EXCLUDE_SECURITY_RANGE,unresolved_discontinuity_exclusion_v1,,OFFICIAL_EVENTS_PARTIAL,CORPORATE_ACTION_EXCLUSIONS_V1,True,No official event found within expanded official-source review window.
INFY,INE009A01021,2021-09-30,2026-09-07,RESEARCH_READY,nifty500_membership_period_default,,OFFICIAL_EVENTS_PARTIAL,CORPORATE_ACTION_EXCLUSIONS_V1,True,Default research eligibility for reconstructed Nifty 500 membership period.
INFY,INE009A01021,2024-05-30,2024-06-05,EXCLUDE_CORPORATE_ACTION_WINDOW,special_dividend_exclusion_v1,nse-ca-68dc8928f538042a,OFFICIAL_EVENTS_PARTIAL,CORPORATE_ACTION_EXCLUSIONS_V1,True,"Official event is stored, but current methodology does not create a safe structural adjustment factor."
INGERRAND,,2021-09-30,2022-03-30,RESEARCH_READY,nifty500_membership_period_default,,OFFICIAL_EVENTS_PARTIAL,CORPORATE_ACTION_EXCLUSIONS_V1,True,Default research eligibility for reconstructed Nifty 500 membership period.
INGERRAND,,2023-03-31,2024-03-27,RESEARCH_READY,nifty500_membership_period_default,,OFFICIAL_EVENTS_PARTIAL,CORPORATE_ACTION_EXCLUSIONS_V1,True,Default research eligibility for reconstructed Nifty 500 membership period.
INOXINDIA,,2024-09-30,2026-03-29,RESEARCH_READY,nifty500_membership_period_default,,OFFICIAL_EVENTS_PARTIAL,CORPORATE_ACTION_EXCLUSIONS_V1,True,Default research eligibility for reconstructed Nifty 500 membership period.
INOXLEISUR,,2021-09-30,2023-02-16,RESEARCH_READY,nifty500_membership_period_default,,OFFICIAL_EVENTS_PARTIAL,CORPORATE_ACTION_EXCLUSIONS_V1,True,Default research eligibility for reconstructed Nifty 500 membership period.
INOXWIND,INE066P01011,2024-03-28,2026-09-07,RESEARCH_READY,nifty500_membership_period_default,,OFFICIAL_EVENTS_PARTIAL,CORPORATE_ACTION_EXCLUSIONS_V1,True,Default research eligibility for reconstructed Nifty 500 membership period.
INOXWIND,INE066P01011,2025-07-26,2025-08-08,EXCLUDE_CORPORATE_ACTION_WINDOW,rights_exclusion_v1,nse-ca-ba48dcc188e26b1f,OFFICIAL_EVENTS_PARTIAL,CORPORATE_ACTION_EXCLUSIONS_V1,True,"Official event is stored, but current methodology does not create a safe structural adjustment factor."
INTELLECT,INE306R01017,2021-09-30,2026-09-07,RESEARCH_READY,nifty500_membership_period_default,,OFFICIAL_EVENTS_PARTIAL,CORPORATE_ACTION_EXCLUSIONS_V1,True,Default research eligibility for reconstructed Nifty 500 membership period.
INTELLECT,INE306R01017,2025-07-17,2025-07-23,EXCLUDE_CORPORATE_ACTION_WINDOW,special_dividend_exclusion_v1,nse-ca-4c0227cf06b7d023,OFFICIAL_EVENTS_PARTIAL,CORPORATE_ACTION_EXCLUSIONS_V1,True,"Official event is stored, but current methodology does not create a safe structural adjustment factor."
INTELLECT,INE306R01017,2026-07-23,2026-07-29,EXCLUDE_CORPORATE_ACTION_WINDOW,special_dividend_exclusion_v1,nse-ca-ef6762c1dbcf22eb,OFFICIAL_EVENTS_PARTIAL,CORPORATE_ACTION_EXCLUSIONS_V1,True,"Official event is stored, but current methodology does not create a safe structural adjustment factor."
IOB,INE565A01014,2021-09-30,2026-09-07,RESEARCH_READY,nifty500_membership_period_default,,OFFICIAL_EVENTS_PARTIAL,CORPORATE_ACTION_EXCLUSIONS_V1,True,Default research eligibility for reconstructed Nifty 500 membership period.
IOC,INE242A01010,2021-09-30,2026-09-07,RESEARCH_READY,nifty500_membership_period_default,,OFFICIAL_EVENTS_PARTIAL,CORPORATE_ACTION_EXCLUSIONS_V1,True,Default research eligibility for reconstructed Nifty 500 membership period.
IOLCP,,2021-09-30,2022-03-30,RESEARCH_READY,nifty500_membership_period_default,,OFFICIAL_EVENTS_PARTIAL,CORPORATE_ACTION_EXCLUSIONS_V1,True,Default research eligibility for reconstructed Nifty 500 membership period.
IPCALAB,INE571A01038,2021-09-30,2026-09-07,RESEARCH_READY,nifty500_membership_period_default,,OFFICIAL_EVENTS_PARTIAL,CORPORATE_ACTION_EXCLUSIONS_V1,True,Default research eligibility for reconstructed Nifty 500 membership period.
IRB,INE821I01022,2021-09-30,2026-09-07,RESEARCH_READY,nifty500_membership_period_default,,OFFICIAL_EVENTS_PARTIAL,CORPORATE_ACTION_EXCLUSIONS_V1,True,Default research eligibility for reconstructed Nifty 500 membership period.
IRCON,INE962Y01021,2021-09-30,2022-09-29,RESEARCH_READY,nifty500_membership_period_default,,OFFICIAL_EVENTS_PARTIAL,CORPORATE_ACTION_EXCLUSIONS_V1,True,Default research eligibility for reconstructed Nifty 500 membership period.
IRCON,INE962Y01021,2023-09-29,2026-09-07,RESEARCH_READY,nifty500_membership_period_default,,OFFICIAL_EVENTS_PARTIAL,CORPORATE_ACTION_EXCLUSIONS_V1,True,Default research eligibility for reconstructed Nifty 500 membership period.
IRCTC,INE335Y01020,2021-09-30,2026-09-07,RESEARCH_READY,nifty500_membership_period_default,,OFFICIAL_EVENTS_PARTIAL,CORPORATE_ACTION_EXCLUSIONS_V1,True,Default research eligibility for reconstructed Nifty 500 membership period.
IREDA,INE202E01016,2024-09-30,2026-09-07,RESEARCH_READY,nifty500_membership_period_default,,OFFICIAL_EVENTS_PARTIAL,CORPORATE_ACTION_EXCLUSIONS_V1,True,Default research eligibility for reconstructed Nifty 500 membership period.
IRFC,INE053F01010,2021-09-30,2026-09-07,RESEARCH_READY,nifty500_membership_period_default,,OFFICIAL_EVENTS_PARTIAL,CORPORATE_ACTION_EXCLUSIONS_V1,True,Default research eligibility for reconstructed Nifty 500 membership period.
ISEC,,2021-09-30,2025-03-20,RESEARCH_READY,nifty500_membership_period_default,,OFFICIAL_EVENTS_PARTIAL,CORPORATE_ACTION_EXCLUSIONS_V1,True,Default research eligibility for reconstructed Nifty 500 membership period.
ITC,INE154A01025,2021-09-30,2026-09-07,RESEARCH_READY,nifty500_membership_period_default,,OFFICIAL_EVENTS_PARTIAL,CORPORATE_ACTION_EXCLUSIONS_V1,True,Default research eligibility for reconstructed Nifty 500 membership period.
ITC,INE154A01025,2023-05-29,2023-06-04,EXCLUDE_CORPORATE_ACTION_WINDOW,special_dividend_exclusion_v1,nse-ca-5770f0d5642d6113,OFFICIAL_EVENTS_PARTIAL,CORPORATE_ACTION_EXCLUSIONS_V1,True,"Official event is stored, but current methodology does not create a safe structural adjustment factor."
ITC,INE154A01025,2025-01-01,2025-01-26,EXCLUDE_CORPORATE_ACTION_WINDOW,complex_restructuring_exclusion_v1,nse-ca-f266f76a21ca72b6,OFFICIAL_EVENTS_PARTIAL,CORPORATE_ACTION_EXCLUSIONS_V1,True,Complex restructuring event; exclude configurable review window until successor/predecessor handling is approved.
ITCHOTELS,INE379A01028,2025-09-30,2026-09-07,RESEARCH_READY,nifty500_membership_period_default,,OFFICIAL_EVENTS_PARTIAL,CORPORATE_ACTION_EXCLUSIONS_V1,True,Default research eligibility for reconstructed Nifty 500 membership period.
ITI,INE248A01017,2021-09-30,2026-09-07,RESEARCH_READY,nifty500_membership_period_default,,OFFICIAL_EVENTS_PARTIAL,CORPORATE_ACTION_EXCLUSIONS_V1,True,Default research eligibility for reconstructed Nifty 500 membership period.
J&KBANK,INE168A01041,2024-03-28,2026-09-07,RESEARCH_READY,nifty500_membership_period_default,,OFFICIAL_EVENTS_PARTIAL,CORPORATE_ACTION_EXCLUSIONS_V1,True,Default research eligibility for reconstructed Nifty 500 membership period.
JAIBALAJI,,2024-03-28,2024-09-29,RESEARCH_READY,nifty500_membership_period_default,,OFFICIAL_EVENTS_PARTIAL,CORPORATE_ACTION_EXCLUSIONS_V1,True,Default research eligibility for reconstructed Nifty 500 membership period.
JAINREC,INE0YD401026,2026-03-30,2026-09-07,RESEARCH_READY,nifty500_membership_period_default,,OFFICIAL_EVENTS_PARTIAL,CORPORATE_ACTION_EXCLUSIONS_V1,True,Default research eligibility for reconstructed Nifty 500 membership period.
JAMNAAUTO,,2021-09-30,2024-03-27,RESEARCH_READY,nifty500_membership_period_default,,OFFICIAL_EVENTS_PARTIAL,CORPORATE_ACTION_EXCLUSIONS_V1,True,Default research eligibility for reconstructed Nifty 500 membership period.
JBCHEPHARM,,2021-09-30,2026-07-16,RESEARCH_READY,nifty500_membership_period_default,,OFFICIAL_EVENTS_PARTIAL,CORPORATE_ACTION_EXCLUSIONS_V1,True,Default research eligibility for reconstructed Nifty 500 membership period.
JBMA,INE927D01051,2022-09-30,2026-09-07,RESEARCH_READY,nifty500_membership_period_default,,OFFICIAL_EVENTS_PARTIAL,CORPORATE_ACTION_EXCLUSIONS_V1,True,Default research eligibility for reconstructed Nifty 500 membership period.
JCHAC,,2021-09-30,2022-03-30,RESEARCH_READY,nifty500_membership_period_default,,OFFICIAL_EVENTS_PARTIAL,CORPORATE_ACTION_EXCLUSIONS_V1,True,Default research eligibility for reconstructed Nifty 500 membership period.
JINDALSAW,INE324A01032,2021-09-30,2022-03-30,RESEARCH_READY,nifty500_membership_period_default,,OFFICIAL_EVENTS_PARTIAL,CORPORATE_ACTION_EXCLUSIONS_V1,True,Default research eligibility for reconstructed Nifty 500 membership period.
JINDALSAW,INE324A01032,2023-09-29,2026-09-07,RESEARCH_READY,nifty500_membership_period_default,,OFFICIAL_EVENTS_PARTIAL,CORPORATE_ACTION_EXCLUSIONS_V1,True,Default research eligibility for reconstructed Nifty 500 membership period.
JINDALSTEL,INE749A01030,2021-09-30,2026-09-07,RESEARCH_READY,nifty500_membership_period_default,,OFFICIAL_EVENTS_PARTIAL,CORPORATE_ACTION_EXCLUSIONS_V1,True,Default research eligibility for reconstructed Nifty 500 membership period.
JINDWORLD,,2023-03-31,2023-09-28,RESEARCH_READY,nifty500_membership_period_default,,OFFICIAL_EVENTS_PARTIAL,CORPORATE_ACTION_EXCLUSIONS_V1,True,Default research eligibility for reconstructed Nifty 500 membership period.
JIOFIN,INE758E01017,2024-03-28,2026-09-07,RESEARCH_READY,nifty500_membership_period_default,,OFFICIAL_EVENTS_PARTIAL,CORPORATE_ACTION_EXCLUSIONS_V1,True,Default research eligibility for reconstructed Nifty 500 membership period.
JKCEMENT,INE823G01014,2021-09-30,2026-09-07,RESEARCH_READY,nifty500_membership_period_default,,OFFICIAL_EVENTS_PARTIAL,CORPORATE_ACTION_EXCLUSIONS_V1,True,Default research eligibility for reconstructed Nifty 500 membership period.
JKCEMENT,INE823G01014,2024-07-08,2024-07-14,EXCLUDE_CORPORATE_ACTION_WINDOW,special_dividend_exclusion_v1,nse-ca-134937517a5920f8,OFFICIAL_EVENTS_PARTIAL,CORPORATE_ACTION_EXCLUSIONS_V1,True,"Official event is stored, but current methodology does not create a safe structural adjustment factor."
JKLAKSHMI,,2021-09-30,2025-03-27,RESEARCH_READY,nifty500_membership_period_default,,OFFICIAL_EVENTS_PARTIAL,CORPORATE_ACTION_EXCLUSIONS_V1,True,Default research eligibility for reconstructed Nifty 500 membership period.
JKPAPER,,2021-09-30,2024-09-29,RESEARCH_READY,nifty500_membership_period_default,,OFFICIAL_EVENTS_PARTIAL,CORPORATE_ACTION_EXCLUSIONS_V1,True,Default research eligibility for reconstructed Nifty 500 membership period.
JKTYRE,INE573A01042,2021-09-30,2022-03-30,RESEARCH_READY,nifty500_membership_period_default,,OFFICIAL_EVENTS_PARTIAL,CORPORATE_ACTION_EXCLUSIONS_V1,True,Default research eligibility for reconstructed Nifty 500 membership period.
JKTYRE,INE573A01042,2024-09-30,2026-09-07,RESEARCH_READY,nifty500_membership_period_default,,OFFICIAL_EVENTS_PARTIAL,CORPORATE_ACTION_EXCLUSIONS_V1,True,Default research eligibility for reconstructed Nifty 500 membership period.
JMFINANCIL,INE780C01023,2021-09-30,2026-09-07,RESEARCH_READY,nifty500_membership_period_default,,OFFICIAL_EVENTS_PARTIAL,CORPORATE_ACTION_EXCLUSIONS_V1,True,Default research eligibility for reconstructed Nifty 500 membership period.
JPPOWER,INE351F01018,2024-09-30,2026-09-07,RESEARCH_READY,nifty500_membership_period_default,,OFFICIAL_EVENTS_PARTIAL,CORPORATE_ACTION_EXCLUSIONS_V1,True,Default research eligibility for reconstructed Nifty 500 membership period.
JSL,INE220G01021,2021-09-30,2026-09-07,RESEARCH_READY,nifty500_membership_period_default,,OFFICIAL_EVENTS_PARTIAL,CORPORATE_ACTION_EXCLUSIONS_V1,True,Default research eligibility for reconstructed Nifty 500 membership period.
JSLHISAR,,2021-09-30,2022-05-30,RESEARCH_READY,nifty500_membership_period_default,,OFFICIAL_EVENTS_PARTIAL,CORPORATE_ACTION_EXCLUSIONS_V1,True,Default research eligibility for reconstructed Nifty 500 membership period.
JSWCEMENT,INE718I01012,2025-12-31,2026-09-07,RESEARCH_READY,nifty500_membership_period_default,,OFFICIAL_EVENTS_PARTIAL,CORPORATE_ACTION_EXCLUSIONS_V1,True,Default research eligibility for reconstructed Nifty 500 membership period.
JSWDULUX,INE133A01011,2025-09-30,2026-09-07,RESEARCH_READY,nifty500_membership_period_default,,OFFICIAL_EVENTS_PARTIAL,CORPORATE_ACTION_EXCLUSIONS_V1,True,Default research eligibility for reconstructed Nifty 500 membership period.
JSWENERGY,INE121E01018,2021-09-30,2026-09-07,RESEARCH_READY,nifty500_membership_period_default,,OFFICIAL_EVENTS_PARTIAL,CORPORATE_ACTION_EXCLUSIONS_V1,True,Default research eligibility for reconstructed Nifty 500 membership period.
JSWHL,,2025-03-28,2025-09-29,RESEARCH_READY,nifty500_membership_period_default,,OFFICIAL_EVENTS_PARTIAL,CORPORATE_ACTION_EXCLUSIONS_V1,True,Default research eligibility for reconstructed Nifty 500 membership period.
JSWINFRA,INE880J01026,2024-03-28,2026-09-07,RESEARCH_READY,nifty500_membership_period_default,,OFFICIAL_EVENTS_PARTIAL,CORPORATE_ACTION_EXCLUSIONS_V1,True,Default research eligibility for reconstructed Nifty 500 membership period.
JSWSTEEL,INE019A01038,2021-09-30,2026-09-07,RESEARCH_READY,nifty500_membership_period_default,,OFFICIAL_EVENTS_PARTIAL,CORPORATE_ACTION_EXCLUSIONS_V1,True,Default research eligibility for reconstructed Nifty 500 membership period.
JUBLFOOD,INE797F01020,2021-09-30,2026-09-07,RESEARCH_READY,nifty500_membership_period_default,,OFFICIAL_EVENTS_PARTIAL,CORPORATE_ACTION_EXCLUSIONS_V1,True,Default research eligibility for reconstructed Nifty 500 membership period.
JUBLINGREA,INE0BY001018,2021-09-30,2026-09-07,RESEARCH_READY,nifty500_membership_period_default,,OFFICIAL_EVENTS_PARTIAL,CORPORATE_ACTION_EXCLUSIONS_V1,True,Default research eligibility for reconstructed Nifty 500 membership period.
JUBLPHARMA,INE700A01033,2021-09-30,2026-09-07,RESEARCH_READY,nifty500_membership_period_default,,OFFICIAL_EVENTS_PARTIAL,CORPORATE_ACTION_EXCLUSIONS_V1,True,Default research eligibility for reconstructed Nifty 500 membership period.
JUSTDIAL,,2021-09-30,2025-09-29,RESEARCH_READY,nifty500_membership_period_default,,OFFICIAL_EVENTS_PARTIAL,CORPORATE_ACTION_EXCLUSIONS_V1,True,Default research eligibility for reconstructed Nifty 500 membership period.
JWL,INE209L01016,2024-03-28,2026-09-07,RESEARCH_READY,nifty500_membership_period_default,,OFFICIAL_EVENTS_PARTIAL,CORPORATE_ACTION_EXCLUSIONS_V1,True,Default research eligibility for reconstructed Nifty 500 membership period.
JYOTHYLAB,,2021-09-30,2026-03-29,RESEARCH_READY,nifty500_membership_period_default,,OFFICIAL_EVENTS_PARTIAL,CORPORATE_ACTION_EXCLUSIONS_V1,True,Default research eligibility for reconstructed Nifty 500 membership period.
JYOTICNC,INE980O01024,2024-09-30,2026-09-07,RESEARCH_READY,nifty500_membership_period_default,,OFFICIAL_EVENTS_PARTIAL,CORPORATE_ACTION_EXCLUSIONS_V1,True,Default research eligibility for reconstructed Nifty 500 membership period.
KAJARIACER,INE217B01036,2021-09-30,2026-09-07,RESEARCH_READY,nifty500_membership_period_default,,OFFICIAL_EVENTS_PARTIAL,CORPORATE_ACTION_EXCLUSIONS_V1,True,Default research eligibility for reconstructed Nifty 500 membership period.
KALYANKJIL,INE303R01014,2021-09-30,2026-09-07,RESEARCH_READY,nifty500_membership_period_default,,OFFICIAL_EVENTS_PARTIAL,CORPORATE_ACTION_EXCLUSIONS_V1,True,Default research eligibility for reconstructed Nifty 500 membership period.
KANSAINER,,2021-09-30,2025-09-29,RESEARCH_READY,nifty500_membership_period_default,,OFFICIAL_EVENTS_PARTIAL,CORPORATE_ACTION_EXCLUSIONS_V1,True,Default research eligibility for reconstructed Nifty 500 membership period.
KANSAINER,,2024-06-20,2024-06-26,EXCLUDE_CORPORATE_ACTION_WINDOW,special_dividend_exclusion_v1,nse-ca-f4d6e4698a535c48,OFFICIAL_EVENTS_PARTIAL,CORPORATE_ACTION_EXCLUSIONS_V1,True,"Official event is stored, but current methodology does not create a safe structural adjustment factor."
KANSAINER,,2025-06-22,2025-06-28,EXCLUDE_CORPORATE_ACTION_WINDOW,special_dividend_exclusion_v1,nse-ca-84cc4376939779d9,OFFICIAL_EVENTS_PARTIAL,CORPORATE_ACTION_EXCLUSIONS_V1,True,"Official event is stored, but current methodology does not create a safe structural adjustment factor."
KARURVYSYA,INE036D01028,2021-09-30,2026-09-07,RESEARCH_READY,nifty500_membership_period_default,,OFFICIAL_EVENTS_PARTIAL,CORPORATE_ACTION_EXCLUSIONS_V1,True,Default research eligibility for reconstructed Nifty 500 membership period.
KAYNES,INE918Z01012,2023-09-29,2026-09-07,RESEARCH_READY,nifty500_membership_period_default,,OFFICIAL_EVENTS_PARTIAL,CORPORATE_ACTION_EXCLUSIONS_V1,True,Default research eligibility for reconstructed Nifty 500 membership period.
KEC,INE389H01022,2021-09-30,2026-09-07,RESEARCH_READY,nifty500_membership_period_default,,OFFICIAL_EVENTS_PARTIAL,CORPORATE_ACTION_EXCLUSIONS_V1,True,Default research eligibility for reconstructed Nifty 500 membership period.
KEI,INE878B01027,2021-09-30,2026-09-07,RESEARCH_READY,nifty500_membership_period_default,,OFFICIAL_EVENTS_PARTIAL,CORPORATE_ACTION_EXCLUSIONS_V1,True,Default research eligibility for reconstructed Nifty 500 membership period.
KENNAMET,,2023-03-31,2023-09-28,RESEARCH_READY,nifty500_membership_period_default,,OFFICIAL_EVENTS_PARTIAL,CORPORATE_ACTION_EXCLUSIONS_V1,True,Default research eligibility for reconstructed Nifty 500 membership period.
KFINTECH,INE138Y01010,2023-03-31,2026-09-07,RESEARCH_READY,nifty500_membership_period_default,,OFFICIAL_EVENTS_PARTIAL,CORPORATE_ACTION_EXCLUSIONS_V1,True,Default research eligibility for reconstructed Nifty 500 membership period.
KIMS,INE967H01025,2022-03-31,2026-09-07,RESEARCH_READY,nifty500_membership_period_default,,OFFICIAL_EVENTS_PARTIAL,CORPORATE_ACTION_EXCLUSIONS_V1,True,Default research eligibility for reconstructed Nifty 500 membership period.
KIRLFER,,2023-09-29,2023-10-25,RESEARCH_READY,nifty500_membership_period_default,,OFFICIAL_EVENTS_PARTIAL,CORPORATE_ACTION_EXCLUSIONS_V1,True,Default research eligibility for reconstructed Nifty 500 membership period.
KIRLOSBROS,,2024-09-30,2026-03-29,RESEARCH_READY,nifty500_membership_period_default,,OFFICIAL_EVENTS_PARTIAL,CORPORATE_ACTION_EXCLUSIONS_V1,True,Default research eligibility for reconstructed Nifty 500 membership period.
KIRLOSENG,INE146L01010,2024-09-30,2026-09-07,RESEARCH_READY,nifty500_membership_period_default,,OFFICIAL_EVENTS_PARTIAL,CORPORATE_ACTION_EXCLUSIONS_V1,True,Default research eligibility for reconstructed Nifty 500 membership period.
KNRCON,,2021-09-30,2025-09-29,RESEARCH_READY,nifty500_membership_period_default,,OFFICIAL_EVENTS_PARTIAL,CORPORATE_ACTION_EXCLUSIONS_V1,True,Default research eligibility for reconstructed Nifty 500 membership period.
KOTAKBANK,INE237A01036,2021-09-30,2026-09-07,RESEARCH_READY,nifty500_membership_period_default,,OFFICIAL_EVENTS_PARTIAL,CORPORATE_ACTION_EXCLUSIONS_V1,True,Default research eligibility for reconstructed Nifty 500 membership period.
KPIL,INE220B01022,2021-09-30,2026-09-07,RESEARCH_READY,nifty500_membership_period_default,,OFFICIAL_EVENTS_PARTIAL,CORPORATE_ACTION_EXCLUSIONS_V1,True,Default research eligibility for reconstructed Nifty 500 membership period.
KPITTECH,INE04I401011,2021-09-30,2026-09-07,RESEARCH_READY,nifty500_membership_period_default,,OFFICIAL_EVENTS_PARTIAL,CORPORATE_ACTION_EXCLUSIONS_V1,True,Default research eligibility for reconstructed Nifty 500 membership period.
KPRMILL,INE930H01031,2021-09-30,2026-09-07,RESEARCH_READY,nifty500_membership_period_default,,OFFICIAL_EVENTS_PARTIAL,CORPORATE_ACTION_EXCLUSIONS_V1,True,Default research eligibility for reconstructed Nifty 500 membership period.
KRBL,,2021-09-30,2024-09-29,RESEARCH_READY,nifty500_membership_period_default,,OFFICIAL_EVENTS_PARTIAL,CORPORATE_ACTION_EXCLUSIONS_V1,True,Default research eligibility for reconstructed Nifty 500 membership period.
KSB,,2021-09-30,2022-03-30,RESEARCH_READY,nifty500_membership_period_default,,OFFICIAL_EVENTS_PARTIAL,CORPORATE_ACTION_EXCLUSIONS_V1,True,Default research eligibility for reconstructed Nifty 500 membership period.
KSB,,2023-03-31,2025-03-27,RESEARCH_READY,nifty500_membership_period_default,,OFFICIAL_EVENTS_PARTIAL,CORPORATE_ACTION_EXCLUSIONS_V1,True,Default research eligibility for reconstructed Nifty 500 membership period.
KSB,,2025-09-30,2026-03-29,RESEARCH_READY,nifty500_membership_period_default,,OFFICIAL_EVENTS_PARTIAL,CORPORATE_ACTION_EXCLUSIONS_V1,True,Default research eligibility for reconstructed Nifty 500 membership period.
KSCL,,2021-09-30,2022-03-30,RESEARCH_READY,nifty500_membership_period_default,,OFFICIAL_EVENTS_PARTIAL,CORPORATE_ACTION_EXCLUSIONS_V1,True,Default research eligibility for reconstructed Nifty 500 membership period.
LALPATHLAB,INE600L01024,2021-09-30,2026-09-07,RESEARCH_READY,nifty500_membership_period_default,,OFFICIAL_EVENTS_PARTIAL,CORPORATE_ACTION_EXCLUSIONS_V1,True,Default research eligibility for reconstructed Nifty 500 membership period.
LAOPALA,,2021-09-30,2022-03-30,RESEARCH_READY,nifty500_membership_period_default,,OFFICIAL_EVENTS_PARTIAL,CORPORATE_ACTION_EXCLUSIONS_V1,True,Default research eligibility for reconstructed Nifty 500 membership period.
LATENTVIEW,INE0I7C01011,2022-03-31,2026-09-07,RESEARCH_READY,nifty500_membership_period_default,,OFFICIAL_EVENTS_PARTIAL,CORPORATE_ACTION_EXCLUSIONS_V1,True,Default research eligibility for reconstructed Nifty 500 membership period.
LAURUSLABS,INE947Q01028,2021-09-30,2026-09-07,RESEARCH_READY,nifty500_membership_period_default,,OFFICIAL_EVENTS_PARTIAL,CORPORATE_ACTION_EXCLUSIONS_V1,True,Default research eligibility for reconstructed Nifty 500 membership period.
LAXMIMACH,,2021-09-30,2024-03-27,RESEARCH_READY,nifty500_membership_period_default,,OFFICIAL_EVENTS_PARTIAL,CORPORATE_ACTION_EXCLUSIONS_V1,True,Default research eligibility for reconstructed Nifty 500 membership period.
LEMONTREE,INE970X01018,2021-09-30,2022-03-30,RESEARCH_READY,nifty500_membership_period_default,,OFFICIAL_EVENTS_PARTIAL,CORPORATE_ACTION_EXCLUSIONS_V1,True,Default research eligibility for reconstructed Nifty 500 membership period.
LEMONTREE,INE970X01018,2022-12-30,2026-09-07,RESEARCH_READY,nifty500_membership_period_default,,OFFICIAL_EVENTS_PARTIAL,CORPORATE_ACTION_EXCLUSIONS_V1,True,Default research eligibility for reconstructed Nifty 500 membership period.
LENSKART,INE956O01016,2026-03-30,2026-09-07,RESEARCH_READY,nifty500_membership_period_default,,OFFICIAL_EVENTS_PARTIAL,CORPORATE_ACTION_EXCLUSIONS_V1,True,Default research eligibility for reconstructed Nifty 500 membership period.
LGEINDIA,INE324D01010,2026-03-30,2026-09-07,RESEARCH_READY,nifty500_membership_period_default,,OFFICIAL_EVENTS_PARTIAL,CORPORATE_ACTION_EXCLUSIONS_V1,True,Default research eligibility for reconstructed Nifty 500 membership period.
LICHSGFIN,INE115A01026,2021-09-30,2026-09-07,RESEARCH_READY,nifty500_membership_period_default,,OFFICIAL_EVENTS_PARTIAL,CORPORATE_ACTION_EXCLUSIONS_V1,True,Default research eligibility for reconstructed Nifty 500 membership period.
LICI,INE0J1Y01017,2022-08-08,2026-09-07,RESEARCH_READY,nifty500_membership_period_default,,OFFICIAL_EVENTS_PARTIAL,CORPORATE_ACTION_EXCLUSIONS_V1,True,Default research eligibility for reconstructed Nifty 500 membership period.
LINDEINDIA,INE473A01011,2021-09-30,2026-09-07,RESEARCH_READY,nifty500_membership_period_default,,OFFICIAL_EVENTS_PARTIAL,CORPORATE_ACTION_EXCLUSIONS_V1,True,Default research eligibility for reconstructed Nifty 500 membership period.
LINDEINDIA,INE473A01011,2022-05-31,2022-06-06,EXCLUDE_CORPORATE_ACTION_WINDOW,special_dividend_exclusion_v1,nse-ca-728417909f92d968,OFFICIAL_EVENTS_PARTIAL,CORPORATE_ACTION_EXCLUSIONS_V1,True,"Official event is stored, but current methodology does not create a safe structural adjustment factor."
LINDEINDIA,INE473A01011,2023-08-09,2023-08-15,EXCLUDE_CORPORATE_ACTION_WINDOW,special_dividend_exclusion_v1,nse-ca-59be7d27bd8106be,OFFICIAL_EVENTS_PARTIAL,CORPORATE_ACTION_EXCLUSIONS_V1,True,"Official event is stored, but current methodology does not create a safe structural adjustment factor."
LINDEINDIA,INE473A01011,2024-08-04,2024-08-10,EXCLUDE_CORPORATE_ACTION_WINDOW,special_dividend_exclusion_v1,nse-ca-87a3bd04460f12e3,OFFICIAL_EVENTS_PARTIAL,CORPORATE_ACTION_EXCLUSIONS_V1,True,"Official event is stored, but current methodology does not create a safe structural adjustment factor."
LINDEINDIA,INE473A01011,2025-08-06,2025-08-12,EXCLUDE_CORPORATE_ACTION_WINDOW,special_dividend_exclusion_v1,nse-ca-deed5d1647cdb403,OFFICIAL_EVENTS_PARTIAL,CORPORATE_ACTION_EXCLUSIONS_V1,True,"Official event is stored, but current methodology does not create a safe structural adjustment factor."
LINDEINDIA,INE473A01011,2026-08-05,2026-08-11,EXCLUDE_CORPORATE_ACTION_WINDOW,special_dividend_exclusion_v1,nse-ca-159d91778a3c7980,OFFICIAL_EVENTS_PARTIAL,CORPORATE_ACTION_EXCLUSIONS_V1,True,"Official event is stored, but current methodology does not create a safe structural adjustment factor."
LLOYDSME,INE281B01032,2024-03-28,2026-09-07,RESEARCH_READY,nifty500_membership_period_default,,OFFICIAL_EVENTS_PARTIAL,CORPORATE_ACTION_EXCLUSIONS_V1,True,Default research eligibility for reconstructed Nifty 500 membership period.
LODHA,INE670K01029,2021-09-30,2026-09-07,RESEARCH_READY,nifty500_membership_period_default,,OFFICIAL_EVENTS_PARTIAL,CORPORATE_ACTION_EXCLUSIONS_V1,True,Default research eligibility for reconstructed Nifty 500 membership period.
LT,INE018A01030,2021-09-30,2026-09-07,RESEARCH_READY,nifty500_membership_period_default,,OFFICIAL_EVENTS_PARTIAL,CORPORATE_ACTION_EXCLUSIONS_V1,True,Default research eligibility for reconstructed Nifty 500 membership period.
LT,INE018A01030,2023-08-01,2023-08-07,EXCLUDE_CORPORATE_ACTION_WINDOW,special_dividend_exclusion_v1,nse-ca-ffbd72a90d631bad,OFFICIAL_EVENTS_PARTIAL,CORPORATE_ACTION_EXCLUSIONS_V1,True,"Official event is stored, but current methodology does not create a safe structural adjustment factor."
LTF,INE498L01015,2021-09-30,2026-09-07,RESEARCH_READY,nifty500_membership_period_default,,OFFICIAL_EVENTS_PARTIAL,CORPORATE_ACTION_EXCLUSIONS_V1,True,Default research eligibility for reconstructed Nifty 500 membership period.
LTFOODS,INE818H01020,2025-03-28,2026-09-07,RESEARCH_READY,nifty500_membership_period_default,,OFFICIAL_EVENTS_PARTIAL,CORPORATE_ACTION_EXCLUSIONS_V1,True,Default research eligibility for reconstructed Nifty 500 membership period.
LTM,INE214T01019,2021-09-30,2026-09-07,RESEARCH_READY,nifty500_membership_period_default,,OFFICIAL_EVENTS_PARTIAL,CORPORATE_ACTION_EXCLUSIONS_V1,True,Default research eligibility for reconstructed Nifty 500 membership period.
LTTS,INE010V01017,2021-09-30,2026-09-07,RESEARCH_READY,nifty500_membership_period_default,,OFFICIAL_EVENTS_PARTIAL,CORPORATE_ACTION_EXCLUSIONS_V1,True,Default research eligibility for reconstructed Nifty 500 membership period.
LTTS,INE010V01017,2021-10-25,2021-10-31,EXCLUDE_CORPORATE_ACTION_WINDOW,special_dividend_exclusion_v1,nse-ca-661b6d4ab26aed90,OFFICIAL_EVENTS_PARTIAL,CORPORATE_ACTION_EXCLUSIONS_V1,True,"Official event is stored, but current methodology does not create a safe structural adjustment factor."
LUPIN,INE326A01037,2021-09-30,2026-09-07,RESEARCH_READY,nifty500_membership_period_default,,OFFICIAL_EVENTS_PARTIAL,CORPORATE_ACTION_EXCLUSIONS_V1,True,Default research eligibility for reconstructed Nifty 500 membership period.
LUXIND,,2021-09-30,2024-03-27,RESEARCH_READY,nifty500_membership_period_default,,OFFICIAL_EVENTS_PARTIAL,CORPORATE_ACTION_EXCLUSIONS_V1,True,Default research eligibility for reconstructed Nifty 500 membership period.
LXCHEM,,2021-09-30,2024-09-29,RESEARCH_READY,nifty500_membership_period_default,,OFFICIAL_EVENTS_PARTIAL,CORPORATE_ACTION_EXCLUSIONS_V1,True,Default research eligibility for reconstructed Nifty 500 membership period.
M&M,INE101A01026,2021-09-30,2026-09-07,RESEARCH_READY,nifty500_membership_period_default,,OFFICIAL_EVENTS_PARTIAL,CORPORATE_ACTION_EXCLUSIONS_V1,True,Default research eligibility for reconstructed Nifty 500 membership period.
M&MFIN,INE774D01024,2021-09-30,2026-09-07,RESEARCH_READY,nifty500_membership_period_default,,OFFICIAL_EVENTS_PARTIAL,CORPORATE_ACTION_EXCLUSIONS_V1,True,Default research eligibility for reconstructed Nifty 500 membership period.
M&MFIN,INE774D01024,2025-05-11,2025-05-24,EXCLUDE_CORPORATE_ACTION_WINDOW,rights_exclusion_v1,nse-ca-2eaee50f0875f5fe,OFFICIAL_EVENTS_PARTIAL,CORPORATE_ACTION_EXCLUSIONS_V1,True,"Official event is stored, but current methodology does not create a safe structural adjustment factor."
MAHABANK,INE457A01014,2021-09-30,2026-09-07,RESEARCH_READY,nifty500_membership_period_default,,OFFICIAL_EVENTS_PARTIAL,CORPORATE_ACTION_EXCLUSIONS_V1,True,Default research eligibility for reconstructed Nifty 500 membership period.
MAHLIFE,,2022-09-30,2025-03-27,RESEARCH_READY,nifty500_membership_period_default,,OFFICIAL_EVENTS_PARTIAL,CORPORATE_ACTION_EXCLUSIONS_V1,True,Default research eligibility for reconstructed Nifty 500 membership period.
MAHLOG,,2021-09-30,2023-09-28,RESEARCH_READY,nifty500_membership_period_default,,OFFICIAL_EVENTS_PARTIAL,CORPORATE_ACTION_EXCLUSIONS_V1,True,Default research eligibility for reconstructed Nifty 500 membership period.
MAHSCOOTER,,2025-09-30,2026-03-29,RESEARCH_READY,nifty500_membership_period_default,,OFFICIAL_EVENTS_PARTIAL,CORPORATE_ACTION_EXCLUSIONS_V1,True,Default research eligibility for reconstructed Nifty 500 membership period.
MAHSEAMLES,,2024-03-28,2026-03-29,RESEARCH_READY,nifty500_membership_period_default,,OFFICIAL_EVENTS_PARTIAL,CORPORATE_ACTION_EXCLUSIONS_V1,True,Default research eligibility for reconstructed Nifty 500 membership period.
MANAPPURAM,INE522D01027,2021-09-30,2026-09-07,RESEARCH_READY,nifty500_membership_period_default,,OFFICIAL_EVENTS_PARTIAL,CORPORATE_ACTION_EXCLUSIONS_V1,True,Default research eligibility for reconstructed Nifty 500 membership period.
MANKIND,INE634S01028,2023-07-13,2026-09-07,RESEARCH_READY,nifty500_membership_period_default,,OFFICIAL_EVENTS_PARTIAL,CORPORATE_ACTION_EXCLUSIONS_V1,True,Default research eligibility for reconstructed Nifty 500 membership period.
MANYAVAR,,2022-09-30,2026-03-29,RESEARCH_READY,nifty500_membership_period_default,,OFFICIAL_EVENTS_PARTIAL,CORPORATE_ACTION_EXCLUSIONS_V1,True,Default research eligibility for reconstructed Nifty 500 membership period.
MAPMYINDIA,INE0BV301023,2022-03-31,2026-09-07,RESEARCH_READY,nifty500_membership_period_default,,OFFICIAL_EVENTS_PARTIAL,CORPORATE_ACTION_EXCLUSIONS_V1,True,Default research eligibility for reconstructed Nifty 500 membership period.
MARICO,INE196A01026,2021-09-30,2026-09-07,RESEARCH_READY,nifty500_membership_period_default,,OFFICIAL_EVENTS_PARTIAL,CORPORATE_ACTION_EXCLUSIONS_V1,True,Default research eligibility for reconstructed Nifty 500 membership period.
MARUTI,INE585B01010,2021-09-30,2026-09-07,RESEARCH_READY,nifty500_membership_period_default,,OFFICIAL_EVENTS_PARTIAL,CORPORATE_ACTION_EXCLUSIONS_V1,True,Default research eligibility for reconstructed Nifty 500 membership period.
MASTEK,,2021-09-30,2025-09-29,RESEARCH_READY,nifty500_membership_period_default,,OFFICIAL_EVENTS_PARTIAL,CORPORATE_ACTION_EXCLUSIONS_V1,True,Default research eligibility for reconstructed Nifty 500 membership period.
MAXHEALTH,INE027H01010,2021-09-30,2026-09-07,RESEARCH_READY,nifty500_membership_period_default,,OFFICIAL_EVENTS_PARTIAL,CORPORATE_ACTION_EXCLUSIONS_V1,True,Default research eligibility for reconstructed Nifty 500 membership period.
MAZDOCK,INE249Z01020,2021-09-30,2026-09-07,RESEARCH_READY,nifty500_membership_period_default,,OFFICIAL_EVENTS_PARTIAL,CORPORATE_ACTION_EXCLUSIONS_V1,True,Default research eligibility for reconstructed Nifty 500 membership period.
MCX,INE745G01043,2021-09-30,2026-09-07,RESEARCH_READY,nifty500_membership_period_default,,OFFICIAL_EVENTS_PARTIAL,CORPORATE_ACTION_EXCLUSIONS_V1,True,Default research eligibility for reconstructed Nifty 500 membership period.
MEDANTA,INE474Q01031,2023-03-31,2026-09-07,RESEARCH_READY,nifty500_membership_period_default,,OFFICIAL_EVENTS_PARTIAL,CORPORATE_ACTION_EXCLUSIONS_V1,True,Default research eligibility for reconstructed Nifty 500 membership period.
MEDPLUS,,2022-03-31,2024-09-29,RESEARCH_READY,nifty500_membership_period_default,,OFFICIAL_EVENTS_PARTIAL,CORPORATE_ACTION_EXCLUSIONS_V1,True,Default research eligibility for reconstructed Nifty 500 membership period.
MEESHO,INE0VDM01015,2026-03-30,2026-09-07,RESEARCH_READY,nifty500_membership_period_default,,OFFICIAL_EVENTS_PARTIAL,CORPORATE_ACTION_EXCLUSIONS_V1,True,Default research eligibility for reconstructed Nifty 500 membership period.
METROBRAND,,2022-03-31,2025-03-27,RESEARCH_READY,nifty500_membership_period_default,,OFFICIAL_EVENTS_PARTIAL,CORPORATE_ACTION_EXCLUSIONS_V1,True,Default research eligibility for reconstructed Nifty 500 membership period.
METROBRAND,,2025-03-06,2025-03-12,EXCLUDE_CORPORATE_ACTION_WINDOW,special_dividend_exclusion_v1,nse-ca-f12279a0cc62f1ea,OFFICIAL_EVENTS_PARTIAL,CORPORATE_ACTION_EXCLUSIONS_V1,True,"Official event is stored, but current methodology does not create a safe structural adjustment factor."
METROPOLIS,,2021-09-30,2026-03-29,RESEARCH_READY,nifty500_membership_period_default,,OFFICIAL_EVENTS_PARTIAL,CORPORATE_ACTION_EXCLUSIONS_V1,True,Default research eligibility for reconstructed Nifty 500 membership period.
MFSL,INE180A01020,2021-09-30,2026-09-07,RESEARCH_READY,nifty500_membership_period_default,,OFFICIAL_EVENTS_PARTIAL,CORPORATE_ACTION_EXCLUSIONS_V1,True,Default research eligibility for reconstructed Nifty 500 membership period.
MGL,INE002S01010,2021-09-30,2026-09-07,RESEARCH_READY,nifty500_membership_period_default,,OFFICIAL_EVENTS_PARTIAL,CORPORATE_ACTION_EXCLUSIONS_V1,True,Default research eligibility for reconstructed Nifty 500 membership period.
MHRIL,,2021-09-30,2024-09-29,RESEARCH_READY,nifty500_membership_period_default,,OFFICIAL_EVENTS_PARTIAL,CORPORATE_ACTION_EXCLUSIONS_V1,True,Default research eligibility for reconstructed Nifty 500 membership period.
MIDHANI,,2021-09-30,2022-03-30,RESEARCH_READY,nifty500_membership_period_default,,OFFICIAL_EVENTS_PARTIAL,CORPORATE_ACTION_EXCLUSIONS_V1,True,Default research eligibility for reconstructed Nifty 500 membership period.
MINDACORP,INE842C01021,2021-09-30,2022-03-30,RESEARCH_READY,nifty500_membership_period_default,,OFFICIAL_EVENTS_PARTIAL,CORPORATE_ACTION_EXCLUSIONS_V1,True,Default research eligibility for reconstructed Nifty 500 membership period.
MINDACORP,INE842C01021,2023-09-29,2026-09-07,RESEARCH_READY,nifty500_membership_period_default,,OFFICIAL_EVENTS_PARTIAL,CORPORATE_ACTION_EXCLUSIONS_V1,True,Default research eligibility for reconstructed Nifty 500 membership period.
MINDTREE,,2021-09-30,2022-09-29,RESEARCH_READY,nifty500_membership_period_default,,OFFICIAL_EVENTS_PARTIAL,CORPORATE_ACTION_EXCLUSIONS_V1,True,Default research eligibility for reconstructed Nifty 500 membership period.
MMTC,INE123F01029,2021-09-30,2026-09-07,RESEARCH_READY,nifty500_membership_period_default,,OFFICIAL_EVENTS_PARTIAL,CORPORATE_ACTION_EXCLUSIONS_V1,True,Default research eligibility for reconstructed Nifty 500 membership period.
MOIL,,2021-09-30,2023-03-30,RESEARCH_READY,nifty500_membership_period_default,,OFFICIAL_EVENTS_PARTIAL,CORPORATE_ACTION_EXCLUSIONS_V1,True,Default research eligibility for reconstructed Nifty 500 membership period.
MOTHERSON,INE775A01035,2022-09-30,2026-09-07,RESEARCH_READY,nifty500_membership_period_default,,OFFICIAL_EVENTS_PARTIAL,CORPORATE_ACTION_EXCLUSIONS_V1,True,Default research eligibility for reconstructed Nifty 500 membership period.
MOTILALOFS,INE338I01027,2021-09-30,2026-09-07,RESEARCH_READY,nifty500_membership_period_default,,OFFICIAL_EVENTS_PARTIAL,CORPORATE_ACTION_EXCLUSIONS_V1,True,Default research eligibility for reconstructed Nifty 500 membership period.
MPHASIS,INE356A01018,2021-09-30,2026-09-07,RESEARCH_READY,nifty500_membership_period_default,,OFFICIAL_EVENTS_PARTIAL,CORPORATE_ACTION_EXCLUSIONS_V1,True,Default research eligibility for reconstructed Nifty 500 membership period.
MRF,INE883A01011,2021-09-30,2026-09-07,RESEARCH_READY,nifty500_membership_period_default,,OFFICIAL_EVENTS_PARTIAL,CORPORATE_ACTION_EXCLUSIONS_V1,True,Default research eligibility for reconstructed Nifty 500 membership period.
MRPL,INE103A01014,2021-09-30,2026-09-07,RESEARCH_READY,nifty500_membership_period_default,,OFFICIAL_EVENTS_PARTIAL,CORPORATE_ACTION_EXCLUSIONS_V1,True,Default research eligibility for reconstructed Nifty 500 membership period.
MSUMI,INE0FS801015,2022-09-30,2026-09-07,RESEARCH_READY,nifty500_membership_period_default,,OFFICIAL_EVENTS_PARTIAL,CORPORATE_ACTION_EXCLUSIONS_V1,True,Default research eligibility for reconstructed Nifty 500 membership period.
MTARTECH,,2022-04-07,2024-09-29,RESEARCH_READY,nifty500_membership_period_default,,OFFICIAL_EVENTS_PARTIAL,CORPORATE_ACTION_EXCLUSIONS_V1,True,Default research eligibility for reconstructed Nifty 500 membership period.
MUTHOOTFIN,INE414G01012,2021-09-30,2026-09-07,RESEARCH_READY,nifty500_membership_period_default,,OFFICIAL_EVENTS_PARTIAL,CORPORATE_ACTION_EXCLUSIONS_V1,True,Default research eligibility for reconstructed Nifty 500 membership period.
NAM-INDIA,INE298J01013,2021-09-30,2026-09-07,RESEARCH_READY,nifty500_membership_period_default,,OFFICIAL_EVENTS_PARTIAL,CORPORATE_ACTION_EXCLUSIONS_V1,True,Default research eligibility for reconstructed Nifty 500 membership period.
NATCOPHARM,INE987B01026,2021-09-30,2026-09-07,RESEARCH_READY,nifty500_membership_period_default,,OFFICIAL_EVENTS_PARTIAL,CORPORATE_ACTION_EXCLUSIONS_V1,True,Default research eligibility for reconstructed Nifty 500 membership period.
NATIONALUM,INE139A01034,2021-09-30,2026-09-07,RESEARCH_READY,nifty500_membership_period_default,,OFFICIAL_EVENTS_PARTIAL,CORPORATE_ACTION_EXCLUSIONS_V1,True,Default research eligibility for reconstructed Nifty 500 membership period.
NAUKRI,INE663F01032,2021-09-30,2026-09-07,RESEARCH_READY,nifty500_membership_period_default,,OFFICIAL_EVENTS_PARTIAL,CORPORATE_ACTION_EXCLUSIONS_V1,True,Default research eligibility for reconstructed Nifty 500 membership period.
NAVA,INE725A01030,2025-03-28,2026-09-07,RESEARCH_READY,nifty500_membership_period_default,,OFFICIAL_EVENTS_PARTIAL,CORPORATE_ACTION_EXCLUSIONS_V1,True,Default research eligibility for reconstructed Nifty 500 membership period.
NAVINFLUOR,INE048G01026,2021-09-30,2026-09-07,RESEARCH_READY,nifty500_membership_period_default,,OFFICIAL_EVENTS_PARTIAL,CORPORATE_ACTION_EXCLUSIONS_V1,True,Default research eligibility for reconstructed Nifty 500 membership period.
NAVINFLUOR,INE048G01026,2023-11-09,2023-11-15,EXCLUDE_CORPORATE_ACTION_WINDOW,special_dividend_exclusion_v1,nse-ca-53779d361f91692a,OFFICIAL_EVENTS_PARTIAL,CORPORATE_ACTION_EXCLUSIONS_V1,True,"Official event is stored, but current methodology does not create a safe structural adjustment factor."
NAZARA,,2021-09-30,2024-03-27,RESEARCH_READY,nifty500_membership_period_default,,OFFICIAL_EVENTS_PARTIAL,CORPORATE_ACTION_EXCLUSIONS_V1,True,Default research eligibility for reconstructed Nifty 500 membership period.
NBCC,INE095N01031,2021-09-30,2026-09-07,RESEARCH_READY,nifty500_membership_period_default,,OFFICIAL_EVENTS_PARTIAL,CORPORATE_ACTION_EXCLUSIONS_V1,True,Default research eligibility for reconstructed Nifty 500 membership period.
NCC,INE868B01028,2021-09-30,2026-09-07,RESEARCH_READY,nifty500_membership_period_default,,OFFICIAL_EVENTS_PARTIAL,CORPORATE_ACTION_EXCLUSIONS_V1,True,Default research eligibility for reconstructed Nifty 500 membership period.
NESCO,,2021-09-30,2022-09-29,RESEARCH_READY,nifty500_membership_period_default,,OFFICIAL_EVENTS_PARTIAL,CORPORATE_ACTION_EXCLUSIONS_V1,True,Default research eligibility for reconstructed Nifty 500 membership period.
NESTLEIND,INE239A01024,2021-09-30,2026-09-07,RESEARCH_READY,nifty500_membership_period_default,,OFFICIAL_EVENTS_PARTIAL,CORPORATE_ACTION_EXCLUSIONS_V1,True,Default research eligibility for reconstructed Nifty 500 membership period.
NESTLEIND,INE239A01024,2026-07-09,2026-07-15,EXCLUDE_CORPORATE_ACTION_WINDOW,special_dividend_exclusion_v1,nse-ca-a63cc9417d29e7a0,OFFICIAL_EVENTS_PARTIAL,CORPORATE_ACTION_EXCLUSIONS_V1,True,"Official event is stored, but current methodology does not create a safe structural adjustment factor."
NETWEB,INE0NT901020,2024-09-30,2026-09-07,RESEARCH_READY,nifty500_membership_period_default,,OFFICIAL_EVENTS_PARTIAL,CORPORATE_ACTION_EXCLUSIONS_V1,True,Default research eligibility for reconstructed Nifty 500 membership period.
NETWORK18,,2021-09-30,2025-09-29,RESEARCH_READY,nifty500_membership_period_default,,OFFICIAL_EVENTS_PARTIAL,CORPORATE_ACTION_EXCLUSIONS_V1,True,Default research eligibility for reconstructed Nifty 500 membership period.
NEULANDLAB,INE794A01010,2025-03-28,2026-09-07,RESEARCH_READY,nifty500_membership_period_default,,OFFICIAL_EVENTS_PARTIAL,CORPORATE_ACTION_EXCLUSIONS_V1,True,Default research eligibility for reconstructed Nifty 500 membership period.
NEWGEN,INE619B01017,2024-09-30,2026-09-07,RESEARCH_READY,nifty500_membership_period_default,,OFFICIAL_EVENTS_PARTIAL,CORPORATE_ACTION_EXCLUSIONS_V1,True,Default research eligibility for reconstructed Nifty 500 membership period.
NFL,,2021-09-30,2022-03-30,RESEARCH_READY,nifty500_membership_period_default,,OFFICIAL_EVENTS_PARTIAL,CORPORATE_ACTION_EXCLUSIONS_V1,True,Default research eligibility for reconstructed Nifty 500 membership period.
NH,INE410P01011,2021-09-30,2026-09-07,RESEARCH_READY,nifty500_membership_period_default,,OFFICIAL_EVENTS_PARTIAL,CORPORATE_ACTION_EXCLUSIONS_V1,True,Default research eligibility for reconstructed Nifty 500 membership period.
NHPC,INE848E01016,2021-09-30,2026-09-07,RESEARCH_READY,nifty500_membership_period_default,,OFFICIAL_EVENTS_PARTIAL,CORPORATE_ACTION_EXCLUSIONS_V1,True,Default research eligibility for reconstructed Nifty 500 membership period.
NIACL,INE470Y01017,2021-09-30,2026-09-07,RESEARCH_READY,nifty500_membership_period_default,,OFFICIAL_EVENTS_PARTIAL,CORPORATE_ACTION_EXCLUSIONS_V1,True,Default research eligibility for reconstructed Nifty 500 membership period.
NIITLTD,,2022-09-30,2022-12-29,RESEARCH_READY,nifty500_membership_period_default,,OFFICIAL_EVENTS_PARTIAL,CORPORATE_ACTION_EXCLUSIONS_V1,True,Default research eligibility for reconstructed Nifty 500 membership period.
NILKAMAL,,2021-09-30,2022-03-30,RESEARCH_READY,nifty500_membership_period_default,,OFFICIAL_EVENTS_PARTIAL,CORPORATE_ACTION_EXCLUSIONS_V1,True,Default research eligibility for reconstructed Nifty 500 membership period.
NIVABUPA,INE995S01015,2025-03-28,2026-09-07,RESEARCH_READY,nifty500_membership_period_default,,OFFICIAL_EVENTS_PARTIAL,CORPORATE_ACTION_EXCLUSIONS_V1,True,Default research eligibility for reconstructed Nifty 500 membership period.
NLCINDIA,INE589A01014,2021-09-30,2026-09-07,RESEARCH_READY,nifty500_membership_period_default,,OFFICIAL_EVENTS_PARTIAL,CORPORATE_ACTION_EXCLUSIONS_V1,True,Default research eligibility for reconstructed Nifty 500 membership period.
NMDC,INE584A01023,2021-09-30,2022-08-07,RESEARCH_READY,nifty500_membership_period_default,,OFFICIAL_EVENTS_PARTIAL,CORPORATE_ACTION_EXCLUSIONS_V1,True,Default research eligibility for reconstructed Nifty 500 membership period.
NMDC,INE584A01023,2023-03-31,2026-09-07,RESEARCH_READY,nifty500_membership_period_default,,OFFICIAL_EVENTS_PARTIAL,CORPORATE_ACTION_EXCLUSIONS_V1,True,Default research eligibility for reconstructed Nifty 500 membership period.
NOCIL,,2021-09-30,2023-09-28,RESEARCH_READY,nifty500_membership_period_default,,OFFICIAL_EVENTS_PARTIAL,CORPORATE_ACTION_EXCLUSIONS_V1,True,Default research eligibility for reconstructed Nifty 500 membership period.
NSLNISP,INE0NNS01018,2023-04-28,2026-09-07,RESEARCH_READY,nifty500_membership_period_default,,OFFICIAL_EVENTS_PARTIAL,CORPORATE_ACTION_EXCLUSIONS_V1,True,Default research eligibility for reconstructed Nifty 500 membership period.
NTPC,INE733E01010,2021-09-30,2026-09-07,RESEARCH_READY,nifty500_membership_period_default,,OFFICIAL_EVENTS_PARTIAL,CORPORATE_ACTION_EXCLUSIONS_V1,True,Default research eligibility for reconstructed Nifty 500 membership period.
NTPCGREEN,INE0ONG01011,2025-03-28,2026-09-07,RESEARCH_READY,nifty500_membership_period_default,,OFFICIAL_EVENTS_PARTIAL,CORPORATE_ACTION_EXCLUSIONS_V1,True,Default research eligibility for reconstructed Nifty 500 membership period.
NUVAMA,INE531F01023,2024-03-28,2026-09-07,RESEARCH_READY,nifty500_membership_period_default,,OFFICIAL_EVENTS_PARTIAL,CORPORATE_ACTION_EXCLUSIONS_V1,True,Default research eligibility for reconstructed Nifty 500 membership period.
NUVOCO,INE118D01016,2022-03-31,2025-03-27,RESEARCH_READY,nifty500_membership_period_default,,OFFICIAL_EVENTS_PARTIAL,CORPORATE_ACTION_EXCLUSIONS_V1,True,Default research eligibility for reconstructed Nifty 500 membership period.
NUVOCO,INE118D01016,2025-09-30,2026-09-07,RESEARCH_READY,nifty500_membership_period_default,,OFFICIAL_EVENTS_PARTIAL,CORPORATE_ACTION_EXCLUSIONS_V1,True,Default research eligibility for reconstructed Nifty 500 membership period.
NYKAA,INE388Y01029,2022-03-31,2026-09-07,RESEARCH_READY,nifty500_membership_period_default,,OFFICIAL_EVENTS_PARTIAL,CORPORATE_ACTION_EXCLUSIONS_V1,True,Default research eligibility for reconstructed Nifty 500 membership period.
OBEROIRLTY,INE093I01010,2021-09-30,2026-09-07,RESEARCH_READY,nifty500_membership_period_default,,OFFICIAL_EVENTS_PARTIAL,CORPORATE_ACTION_EXCLUSIONS_V1,True,Default research eligibility for reconstructed Nifty 500 membership period.
OFSS,INE881D01027,2021-09-30,2026-09-07,RESEARCH_READY,nifty500_membership_period_default,,OFFICIAL_EVENTS_PARTIAL,CORPORATE_ACTION_EXCLUSIONS_V1,True,Default research eligibility for reconstructed Nifty 500 membership period.
OIL,INE274J01014,2021-09-30,2026-09-07,RESEARCH_READY,nifty500_membership_period_default,,OFFICIAL_EVENTS_PARTIAL,CORPORATE_ACTION_EXCLUSIONS_V1,True,Default research eligibility for reconstructed Nifty 500 membership period.
OLAELEC,INE0LXG01040,2025-03-28,2026-09-07,RESEARCH_READY,nifty500_membership_period_default,,OFFICIAL_EVENTS_PARTIAL,CORPORATE_ACTION_EXCLUSIONS_V1,True,Default research eligibility for reconstructed Nifty 500 membership period.
OLECTRA,INE260D01016,2022-09-30,2026-09-07,RESEARCH_READY,nifty500_membership_period_default,,OFFICIAL_EVENTS_PARTIAL,CORPORATE_ACTION_EXCLUSIONS_V1,True,Default research eligibility for reconstructed Nifty 500 membership period.
ONESOURCE,INE013P01021,2025-09-30,2026-09-07,RESEARCH_READY,nifty500_membership_period_default,,OFFICIAL_EVENTS_PARTIAL,CORPORATE_ACTION_EXCLUSIONS_V1,True,Default research eligibility for reconstructed Nifty 500 membership period.
ONGC,INE213A01029,2021-09-30,2026-09-07,RESEARCH_READY,nifty500_membership_period_default,,OFFICIAL_EVENTS_PARTIAL,CORPORATE_ACTION_EXCLUSIONS_V1,True,Default research eligibility for reconstructed Nifty 500 membership period.
ORIENTELEC,,2021-09-30,2024-03-27,RESEARCH_READY,nifty500_membership_period_default,,OFFICIAL_EVENTS_PARTIAL,CORPORATE_ACTION_EXCLUSIONS_V1,True,Default research eligibility for reconstructed Nifty 500 membership period.
PAGEIND,INE761H01022,2021-09-30,2026-09-07,RESEARCH_READY,nifty500_membership_period_default,,OFFICIAL_EVENTS_PARTIAL,CORPORATE_ACTION_EXCLUSIONS_V1,True,Default research eligibility for reconstructed Nifty 500 membership period.
PARADEEP,INE088F01024,2026-03-30,2026-09-07,RESEARCH_READY,nifty500_membership_period_default,,OFFICIAL_EVENTS_PARTIAL,CORPORATE_ACTION_EXCLUSIONS_V1,True,Default research eligibility for reconstructed Nifty 500 membership period.
PATANJALI,INE619A01035,2022-09-30,2026-09-07,RESEARCH_READY,nifty500_membership_period_default,,OFFICIAL_EVENTS_PARTIAL,CORPORATE_ACTION_EXCLUSIONS_V1,True,Default research eligibility for reconstructed Nifty 500 membership period.
PAYTM,INE982J01020,2022-03-31,2026-09-07,RESEARCH_READY,nifty500_membership_period_default,,OFFICIAL_EVENTS_PARTIAL,CORPORATE_ACTION_EXCLUSIONS_V1,True,Default research eligibility for reconstructed Nifty 500 membership period.
PCBL,INE602A01031,2021-09-30,2026-09-07,RESEARCH_READY,nifty500_membership_period_default,,OFFICIAL_EVENTS_PARTIAL,CORPORATE_ACTION_EXCLUSIONS_V1,True,Default research eligibility for reconstructed Nifty 500 membership period.
PEL,,2021-09-30,2022-08-07,RESEARCH_READY,nifty500_membership_period_default,,OFFICIAL_EVENTS_PARTIAL,CORPORATE_ACTION_EXCLUSIONS_V1,True,Default research eligibility for reconstructed Nifty 500 membership period.
PEL,,2023-03-31,2025-09-22,RESEARCH_READY,nifty500_membership_period_default,,OFFICIAL_EVENTS_PARTIAL,CORPORATE_ACTION_EXCLUSIONS_V1,True,Default research eligibility for reconstructed Nifty 500 membership period.
PERSISTENT,INE262H01021,2021-09-30,2026-09-07,RESEARCH_READY,nifty500_membership_period_default,,OFFICIAL_EVENTS_PARTIAL,CORPORATE_ACTION_EXCLUSIONS_V1,True,Default research eligibility for reconstructed Nifty 500 membership period.
PERSISTENT,INE262H01021,2023-07-10,2023-07-16,EXCLUDE_CORPORATE_ACTION_WINDOW,special_dividend_exclusion_v1,nse-ca-8d895d4cbdcb6ea8,OFFICIAL_EVENTS_PARTIAL,CORPORATE_ACTION_EXCLUSIONS_V1,True,"Official event is stored, but current methodology does not create a safe structural adjustment factor."
PETRONET,INE347G01014,2021-09-30,2026-09-07,RESEARCH_READY,nifty500_membership_period_default,,OFFICIAL_EVENTS_PARTIAL,CORPORATE_ACTION_EXCLUSIONS_V1,True,Default research eligibility for reconstructed Nifty 500 membership period.
PETRONET,INE347G01014,2021-11-16,2021-11-22,EXCLUDE_CORPORATE_ACTION_WINDOW,special_dividend_exclusion_v1,nse-ca-cee25b8929167fb6,OFFICIAL_EVENTS_PARTIAL,CORPORATE_ACTION_EXCLUSIONS_V1,True,"Official event is stored, but current methodology does not create a safe structural adjustment factor."
PETRONET,INE347G01014,2022-11-20,2022-11-26,EXCLUDE_CORPORATE_ACTION_WINDOW,special_dividend_exclusion_v1,nse-ca-f39b8d3303795cb9,OFFICIAL_EVENTS_PARTIAL,CORPORATE_ACTION_EXCLUSIONS_V1,True,"Official event is stored, but current methodology does not create a safe structural adjustment factor."
PFC,INE134E01011,2021-09-30,2026-09-07,RESEARCH_READY,nifty500_membership_period_default,,OFFICIAL_EVENTS_PARTIAL,CORPORATE_ACTION_EXCLUSIONS_V1,True,Default research eligibility for reconstructed Nifty 500 membership period.
PFIZER,INE182A01018,2021-09-30,2024-03-27,RESEARCH_READY,nifty500_membership_period_default,,OFFICIAL_EVENTS_PARTIAL,CORPORATE_ACTION_EXCLUSIONS_V1,True,Default research eligibility for reconstructed Nifty 500 membership period.
PFIZER,INE182A01018,2022-09-18,2022-09-24,EXCLUDE_CORPORATE_ACTION_WINDOW,special_dividend_exclusion_v1,nse-ca-af6817b8f2cb36a6,OFFICIAL_EVENTS_PARTIAL,CORPORATE_ACTION_EXCLUSIONS_V1,True,"Official event is stored, but current methodology does not create a safe structural adjustment factor."
PFIZER,INE182A01018,2023-08-10,2023-08-16,EXCLUDE_CORPORATE_ACTION_WINDOW,special_dividend_exclusion_v1,nse-ca-03463a00993a5453,OFFICIAL_EVENTS_PARTIAL,CORPORATE_ACTION_EXCLUSIONS_V1,True,"Official event is stored, but current methodology does not create a safe structural adjustment factor."
PFIZER,INE182A01018,2024-09-30,2026-09-07,RESEARCH_READY,nifty500_membership_period_default,,OFFICIAL_EVENTS_PARTIAL,CORPORATE_ACTION_EXCLUSIONS_V1,True,Default research eligibility for reconstructed Nifty 500 membership period.
PFIZER,INE182A01018,2025-07-08,2025-07-14,EXCLUDE_CORPORATE_ACTION_WINDOW,special_dividend_exclusion_v1,nse-ca-157b07ad99647750,OFFICIAL_EVENTS_PARTIAL,CORPORATE_ACTION_EXCLUSIONS_V1,True,"Official event is stored, but current methodology does not create a safe structural adjustment factor."
PFOCUS,INE367G01038,2026-07-17,2026-09-07,RESEARCH_READY,nifty500_membership_period_default,,OFFICIAL_EVENTS_PARTIAL,CORPORATE_ACTION_EXCLUSIONS_V1,True,Default research eligibility for reconstructed Nifty 500 membership period.
PGEL,INE457L01029,2025-03-28,2026-09-07,RESEARCH_READY,nifty500_membership_period_default,,OFFICIAL_EVENTS_PARTIAL,CORPORATE_ACTION_EXCLUSIONS_V1,True,Default research eligibility for reconstructed Nifty 500 membership period.
PGHH,,2021-09-30,2025-03-27,RESEARCH_READY,nifty500_membership_period_default,,OFFICIAL_EVENTS_PARTIAL,CORPORATE_ACTION_EXCLUSIONS_V1,True,Default research eligibility for reconstructed Nifty 500 membership period.
PGHH,,2024-02-08,2024-02-14,EXCLUDE_CORPORATE_ACTION_WINDOW,special_dividend_exclusion_v1,nse-ca-ba4b855fd0082955,OFFICIAL_EVENTS_PARTIAL,CORPORATE_ACTION_EXCLUSIONS_V1,True,"Official event is stored, but current methodology does not create a safe structural adjustment factor."
PGHH,,2025-09-30,2026-03-29,RESEARCH_READY,nifty500_membership_period_default,,OFFICIAL_EVENTS_PARTIAL,CORPORATE_ACTION_EXCLUSIONS_V1,True,Default research eligibility for reconstructed Nifty 500 membership period.
PGHH,,2026-02-04,2026-02-10,EXCLUDE_CORPORATE_ACTION_WINDOW,special_dividend_exclusion_v1,nse-ca-b5464391e2d92674,OFFICIAL_EVENTS_PARTIAL,CORPORATE_ACTION_EXCLUSIONS_V1,True,"Official event is stored, but current methodology does not create a safe structural adjustment factor."
PGHL,,2021-09-30,2023-03-30,RESEARCH_READY,nifty500_membership_period_default,,OFFICIAL_EVENTS_PARTIAL,CORPORATE_ACTION_EXCLUSIONS_V1,True,Default research eligibility for reconstructed Nifty 500 membership period.
PGHL,,2021-11-01,2021-11-07,EXCLUDE_CORPORATE_ACTION_WINDOW,special_dividend_exclusion_v1,nse-ca-6d573dced8f94fba,OFFICIAL_EVENTS_PARTIAL,CORPORATE_ACTION_EXCLUSIONS_V1,True,"Official event is stored, but current methodology does not create a safe structural adjustment factor."
PGHL,,2023-09-29,2024-03-27,RESEARCH_READY,nifty500_membership_period_default,,OFFICIAL_EVENTS_PARTIAL,CORPORATE_ACTION_EXCLUSIONS_V1,True,Default research eligibility for reconstructed Nifty 500 membership period.
PGHL,,2024-02-13,2024-02-19,EXCLUDE_CORPORATE_ACTION_WINDOW,special_dividend_exclusion_v1,nse-ca-f5ab0812e5df8850,OFFICIAL_EVENTS_PARTIAL,CORPORATE_ACTION_EXCLUSIONS_V1,True,"Official event is stored, but current methodology does not create a safe structural adjustment factor."
PHOENIXLTD,INE211B01039,2021-09-30,2026-09-07,RESEARCH_READY,nifty500_membership_period_default,,OFFICIAL_EVENTS_PARTIAL,CORPORATE_ACTION_EXCLUSIONS_V1,True,Default research eligibility for reconstructed Nifty 500 membership period.
PIDILITIND,INE318A01026,2021-09-30,2026-09-07,RESEARCH_READY,nifty500_membership_period_default,,OFFICIAL_EVENTS_PARTIAL,CORPORATE_ACTION_EXCLUSIONS_V1,True,Default research eligibility for reconstructed Nifty 500 membership period.
PIDILITIND,INE318A01026,2025-08-12,2025-08-18,EXCLUDE_CORPORATE_ACTION_WINDOW,special_dividend_exclusion_v1,nse-ca-805d2a36a1108b9b,OFFICIAL_EVENTS_PARTIAL,CORPORATE_ACTION_EXCLUSIONS_V1,True,"Official event is stored, but current methodology does not create a safe structural adjustment factor."
PIIND,INE603J01030,2021-09-30,2026-09-07,RESEARCH_READY,nifty500_membership_period_default,,OFFICIAL_EVENTS_PARTIAL,CORPORATE_ACTION_EXCLUSIONS_V1,True,Default research eligibility for reconstructed Nifty 500 membership period.
PINELABS,INE15B701018,2026-03-30,2026-09-07,RESEARCH_READY,nifty500_membership_period_default,,OFFICIAL_EVENTS_PARTIAL,CORPORATE_ACTION_EXCLUSIONS_V1,True,Default research eligibility for reconstructed Nifty 500 membership period.
PIRAMALFIN,INE202B01038,2026-03-30,2026-09-07,RESEARCH_READY,nifty500_membership_period_default,,OFFICIAL_EVENTS_PARTIAL,CORPORATE_ACTION_EXCLUSIONS_V1,True,Default research eligibility for reconstructed Nifty 500 membership period.
PNB,INE160A01022,2021-09-30,2026-09-07,RESEARCH_READY,nifty500_membership_period_default,,OFFICIAL_EVENTS_PARTIAL,CORPORATE_ACTION_EXCLUSIONS_V1,True,Default research eligibility for reconstructed Nifty 500 membership period.
PNBHOUSING,INE572E01012,2021-09-30,2026-09-07,RESEARCH_READY,nifty500_membership_period_default,,OFFICIAL_EVENTS_PARTIAL,CORPORATE_ACTION_EXCLUSIONS_V1,True,Default research eligibility for reconstructed Nifty 500 membership period.
PNBHOUSING,INE572E01012,2023-04-02,2023-04-15,EXCLUDE_CORPORATE_ACTION_WINDOW,rights_exclusion_v1,nse-ca-3cde3fb20a3aee04,OFFICIAL_EVENTS_PARTIAL,CORPORATE_ACTION_EXCLUSIONS_V1,True,"Official event is stored, but current methodology does not create a safe structural adjustment factor."
PNCINFRA,,2021-09-30,2025-09-29,RESEARCH_READY,nifty500_membership_period_default,,OFFICIAL_EVENTS_PARTIAL,CORPORATE_ACTION_EXCLUSIONS_V1,True,Default research eligibility for reconstructed Nifty 500 membership period.
POLICYBZR,INE417T01026,2022-03-31,2026-09-07,RESEARCH_READY,nifty500_membership_period_default,,OFFICIAL_EVENTS_PARTIAL,CORPORATE_ACTION_EXCLUSIONS_V1,True,Default research eligibility for reconstructed Nifty 500 membership period.
POLYCAB,INE455K01017,2021-09-30,2026-09-07,RESEARCH_READY,nifty500_membership_period_default,,OFFICIAL_EVENTS_PARTIAL,CORPORATE_ACTION_EXCLUSIONS_V1,True,Default research eligibility for reconstructed Nifty 500 membership period.
POLYMED,INE205C01021,2021-09-30,2026-09-07,RESEARCH_READY,nifty500_membership_period_default,,OFFICIAL_EVENTS_PARTIAL,CORPORATE_ACTION_EXCLUSIONS_V1,True,Default research eligibility for reconstructed Nifty 500 membership period.
POLYPLEX,,2021-09-30,2024-03-27,RESEARCH_READY,nifty500_membership_period_default,,OFFICIAL_EVENTS_PARTIAL,CORPORATE_ACTION_EXCLUSIONS_V1,True,Default research eligibility for reconstructed Nifty 500 membership period.
POLYPLEX,,2022-11-23,2022-11-29,EXCLUDE_CORPORATE_ACTION_WINDOW,special_dividend_exclusion_v1,nse-ca-afc9c3c80fae0f64,OFFICIAL_EVENTS_PARTIAL,CORPORATE_ACTION_EXCLUSIONS_V1,True,"Official event is stored, but current methodology does not create a safe structural adjustment factor."
POONAWALLA,INE511C01022,2021-09-30,2026-09-07,RESEARCH_READY,nifty500_membership_period_default,,OFFICIAL_EVENTS_PARTIAL,CORPORATE_ACTION_EXCLUSIONS_V1,True,Default research eligibility for reconstructed Nifty 500 membership period.
POWERGRID,INE752E01010,2021-09-30,2026-09-07,RESEARCH_READY,nifty500_membership_period_default,,OFFICIAL_EVENTS_PARTIAL,CORPORATE_ACTION_EXCLUSIONS_V1,True,Default research eligibility for reconstructed Nifty 500 membership period.
POWERGRID,INE752E01010,2021-12-21,2021-12-27,EXCLUDE_CORPORATE_ACTION_WINDOW,special_dividend_exclusion_v1,nse-ca-f24183521707354d,OFFICIAL_EVENTS_PARTIAL,CORPORATE_ACTION_EXCLUSIONS_V1,True,"Official event is stored, but current methodology does not create a safe structural adjustment factor."
POWERINDIA,INE07Y701011,2021-09-30,2026-09-07,RESEARCH_READY,nifty500_membership_period_default,,OFFICIAL_EVENTS_PARTIAL,CORPORATE_ACTION_EXCLUSIONS_V1,True,Default research eligibility for reconstructed Nifty 500 membership period.
PPLPHARMA,INE0DK501011,2023-02-17,2026-09-07,RESEARCH_READY,nifty500_membership_period_default,,OFFICIAL_EVENTS_PARTIAL,CORPORATE_ACTION_EXCLUSIONS_V1,True,Default research eligibility for reconstructed Nifty 500 membership period.
PPLPHARMA,INE0DK501011,2023-07-30,2023-08-12,EXCLUDE_CORPORATE_ACTION_WINDOW,rights_exclusion_v1,nse-ca-4e19965852d66031,OFFICIAL_EVENTS_PARTIAL,CORPORATE_ACTION_EXCLUSIONS_V1,True,"Official event is stored, but current methodology does not create a safe structural adjustment factor."
PRAJIND,,2021-09-30,2026-03-29,RESEARCH_READY,nifty500_membership_period_default,,OFFICIAL_EVENTS_PARTIAL,CORPORATE_ACTION_EXCLUSIONS_V1,True,Default research eligibility for reconstructed Nifty 500 membership period.
PRAJIND,,2022-07-26,2022-08-01,EXCLUDE_CORPORATE_ACTION_WINDOW,special_dividend_exclusion_v1,nse-ca-c349d44e7678ad57,OFFICIAL_EVENTS_PARTIAL,CORPORATE_ACTION_EXCLUSIONS_V1,True,"Official event is stored, but current methodology does not create a safe structural adjustment factor."
PREMIERENE,INE0BS701011,2025-03-28,2026-09-07,RESEARCH_READY,nifty500_membership_period_default,,OFFICIAL_EVENTS_PARTIAL,CORPORATE_ACTION_EXCLUSIONS_V1,True,Default research eligibility for reconstructed Nifty 500 membership period.
PRESTIGE,INE811K01011,2021-09-30,2026-09-07,RESEARCH_READY,nifty500_membership_period_default,,OFFICIAL_EVENTS_PARTIAL,CORPORATE_ACTION_EXCLUSIONS_V1,True,Default research eligibility for reconstructed Nifty 500 membership period.
PRINCEPIPE,,2021-09-30,2024-09-29,RESEARCH_READY,nifty500_membership_period_default,,OFFICIAL_EVENTS_PARTIAL,CORPORATE_ACTION_EXCLUSIONS_V1,True,Default research eligibility for reconstructed Nifty 500 membership period.
PRIVISCL,,2022-03-31,2023-03-30,RESEARCH_READY,nifty500_membership_period_default,,OFFICIAL_EVENTS_PARTIAL,CORPORATE_ACTION_EXCLUSIONS_V1,True,Default research eligibility for reconstructed Nifty 500 membership period.
PTCIL,INE596F01018,2024-09-30,2026-09-07,RESEARCH_READY,nifty500_membership_period_default,,OFFICIAL_EVENTS_PARTIAL,CORPORATE_ACTION_EXCLUSIONS_V1,True,Default research eligibility for reconstructed Nifty 500 membership period.
PVRINOX,INE191H01014,2021-09-30,2026-09-07,RESEARCH_READY,nifty500_membership_period_default,,OFFICIAL_EVENTS_PARTIAL,CORPORATE_ACTION_EXCLUSIONS_V1,True,Default research eligibility for reconstructed Nifty 500 membership period.
PWL,INE0LP301011,2026-03-30,2026-09-07,RESEARCH_READY,nifty500_membership_period_default,,OFFICIAL_EVENTS_PARTIAL,CORPORATE_ACTION_EXCLUSIONS_V1,True,Default research eligibility for reconstructed Nifty 500 membership period.
QUESS,,2021-09-30,2025-04-10,RESEARCH_READY,nifty500_membership_period_default,,OFFICIAL_EVENTS_PARTIAL,CORPORATE_ACTION_EXCLUSIONS_V1,True,Default research eligibility for reconstructed Nifty 500 membership period.
QUESS,,2025-04-10,2025-05-05,EXCLUDE_CORPORATE_ACTION_WINDOW,complex_restructuring_exclusion_v1,nse-ca-bf7d2a307e03cdcb,OFFICIAL_EVENTS_PARTIAL,CORPORATE_ACTION_EXCLUSIONS_V1,True,Complex restructuring event; exclude configurable review window until successor/predecessor handling is approved.
RADICO,INE944F01028,2021-09-30,2026-09-07,RESEARCH_READY,nifty500_membership_period_default,,OFFICIAL_EVENTS_PARTIAL,CORPORATE_ACTION_EXCLUSIONS_V1,True,Default research eligibility for reconstructed Nifty 500 membership period.
RAILTEL,INE0DD101019,2021-09-30,2022-09-29,RESEARCH_READY,nifty500_membership_period_default,,OFFICIAL_EVENTS_PARTIAL,CORPORATE_ACTION_EXCLUSIONS_V1,True,Default research eligibility for reconstructed Nifty 500 membership period.
RAILTEL,INE0DD101019,2024-03-28,2026-09-07,RESEARCH_READY,nifty500_membership_period_default,,OFFICIAL_EVENTS_PARTIAL,CORPORATE_ACTION_EXCLUSIONS_V1,True,Default research eligibility for reconstructed Nifty 500 membership period.
RAIN,,2021-09-30,2024-03-27,RESEARCH_READY,nifty500_membership_period_default,,OFFICIAL_EVENTS_PARTIAL,CORPORATE_ACTION_EXCLUSIONS_V1,True,Default research eligibility for reconstructed Nifty 500 membership period.
RAINBOW,INE961O01016,2022-12-30,2026-09-07,RESEARCH_READY,nifty500_membership_period_default,,OFFICIAL_EVENTS_PARTIAL,CORPORATE_ACTION_EXCLUSIONS_V1,True,Default research eligibility for reconstructed Nifty 500 membership period.
RAJESHEXPO,,2021-09-30,2025-03-27,RESEARCH_READY,nifty500_membership_period_default,,OFFICIAL_EVENTS_PARTIAL,CORPORATE_ACTION_EXCLUSIONS_V1,True,Default research eligibility for reconstructed Nifty 500 membership period.
RALLIS,,2021-09-30,2024-03-27,RESEARCH_READY,nifty500_membership_period_default,,OFFICIAL_EVENTS_PARTIAL,CORPORATE_ACTION_EXCLUSIONS_V1,True,Default research eligibility for reconstructed Nifty 500 membership period.
RAMCOCEM,INE331A01037,2021-09-30,2026-09-07,RESEARCH_READY,nifty500_membership_period_default,,OFFICIAL_EVENTS_PARTIAL,CORPORATE_ACTION_EXCLUSIONS_V1,True,Default research eligibility for reconstructed Nifty 500 membership period.
RATNAMANI,,2021-09-30,2025-03-27,RESEARCH_READY,nifty500_membership_period_default,,OFFICIAL_EVENTS_PARTIAL,CORPORATE_ACTION_EXCLUSIONS_V1,True,Default research eligibility for reconstructed Nifty 500 membership period.
RAYMOND,,2022-09-30,2025-09-29,RESEARCH_READY,nifty500_membership_period_default,,OFFICIAL_EVENTS_PARTIAL,CORPORATE_ACTION_EXCLUSIONS_V1,True,Default research eligibility for reconstructed Nifty 500 membership period.
RAYMOND,,2024-07-06,2024-07-31,EXCLUDE_CORPORATE_ACTION_WINDOW,complex_restructuring_exclusion_v1,nse-ca-c6fde89c5cb7e87d,OFFICIAL_EVENTS_PARTIAL,CORPORATE_ACTION_EXCLUSIONS_V1,True,Complex restructuring event; exclude configurable review window until successor/predecessor handling is approved.
RAYMOND,,2025-05-09,2025-06-03,EXCLUDE_CORPORATE_ACTION_WINDOW,complex_restructuring_exclusion_v1,nse-ca-89181fe518583756,OFFICIAL_EVENTS_PARTIAL,CORPORATE_ACTION_EXCLUSIONS_V1,True,Complex restructuring event; exclude configurable review window until successor/predecessor handling is approved.
RAYMONDLSL,,2025-03-21,2025-09-29,RESEARCH_READY,nifty500_membership_period_default,,OFFICIAL_EVENTS_PARTIAL,CORPORATE_ACTION_EXCLUSIONS_V1,True,Default research eligibility for reconstructed Nifty 500 membership period.
RBA,,2021-09-30,2024-09-29,RESEARCH_READY,nifty500_membership_period_default,,OFFICIAL_EVENTS_PARTIAL,CORPORATE_ACTION_EXCLUSIONS_V1,True,Default research eligibility for reconstructed Nifty 500 membership period.
RBLBANK,INE976G01028,2021-09-30,2026-09-07,RESEARCH_READY,nifty500_membership_period_default,,OFFICIAL_EVENTS_PARTIAL,CORPORATE_ACTION_EXCLUSIONS_V1,True,Default research eligibility for reconstructed Nifty 500 membership period.
RCF,,2021-09-30,2026-03-29,RESEARCH_READY,nifty500_membership_period_default,,OFFICIAL_EVENTS_PARTIAL,CORPORATE_ACTION_EXCLUSIONS_V1,True,Default research eligibility for reconstructed Nifty 500 membership period.
RECLTD,INE020B01018,2021-09-30,2026-09-07,RESEARCH_READY,nifty500_membership_period_default,,OFFICIAL_EVENTS_PARTIAL,CORPORATE_ACTION_EXCLUSIONS_V1,True,Default research eligibility for reconstructed Nifty 500 membership period.
REDINGTON,INE891D01026,2021-09-30,2026-09-07,RESEARCH_READY,nifty500_membership_period_default,,OFFICIAL_EVENTS_PARTIAL,CORPORATE_ACTION_EXCLUSIONS_V1,True,Default research eligibility for reconstructed Nifty 500 membership period.
RELAXO,,2021-09-30,2024-03-27,RESEARCH_READY,nifty500_membership_period_default,,OFFICIAL_EVENTS_PARTIAL,CORPORATE_ACTION_EXCLUSIONS_V1,True,Default research eligibility for reconstructed Nifty 500 membership period.
RELIANCE,INE002A01018,2021-09-30,2026-09-07,RESEARCH_READY,nifty500_membership_period_default,,OFFICIAL_EVENTS_PARTIAL,CORPORATE_ACTION_EXCLUSIONS_V1,True,Default research eligibility for reconstructed Nifty 500 membership period.
RELIANCE,INE002A01018,2023-07-15,2023-08-09,EXCLUDE_CORPORATE_ACTION_WINDOW,complex_restructuring_exclusion_v1,nse-ca-d156794e41f3406e,OFFICIAL_EVENTS_PARTIAL,CORPORATE_ACTION_EXCLUSIONS_V1,True,Complex restructuring event; exclude configurable review window until successor/predecessor handling is approved.
RELINFRA,,2025-09-23,2026-03-29,RESEARCH_READY,nifty500_membership_period_default,,OFFICIAL_EVENTS_PARTIAL,CORPORATE_ACTION_EXCLUSIONS_V1,True,Default research eligibility for reconstructed Nifty 500 membership period.
RENUKA,,2022-03-31,2025-09-29,RESEARCH_READY,nifty500_membership_period_default,,OFFICIAL_EVENTS_PARTIAL,CORPORATE_ACTION_EXCLUSIONS_V1,True,Default research eligibility for reconstructed Nifty 500 membership period.
RHIM,INE743M01012,2021-09-30,2026-09-07,RESEARCH_READY,nifty500_membership_period_default,,OFFICIAL_EVENTS_PARTIAL,CORPORATE_ACTION_EXCLUSIONS_V1,True,Default research eligibility for reconstructed Nifty 500 membership period.
RITES,INE320J01015,2021-09-30,2026-09-07,RESEARCH_READY,nifty500_membership_period_default,,OFFICIAL_EVENTS_PARTIAL,CORPORATE_ACTION_EXCLUSIONS_V1,True,Default research eligibility for reconstructed Nifty 500 membership period.
RKFORGE,INE399G01023,2024-03-28,2026-09-07,RESEARCH_READY,nifty500_membership_period_default,,OFFICIAL_EVENTS_PARTIAL,CORPORATE_ACTION_EXCLUSIONS_V1,True,Default research eligibility for reconstructed Nifty 500 membership period.
ROSSARI,,2021-09-30,2024-03-27,RESEARCH_READY,nifty500_membership_period_default,,OFFICIAL_EVENTS_PARTIAL,CORPORATE_ACTION_EXCLUSIONS_V1,True,Default research eligibility for reconstructed Nifty 500 membership period.
ROUTE,,2021-09-30,2025-09-29,RESEARCH_READY,nifty500_membership_period_default,,OFFICIAL_EVENTS_PARTIAL,CORPORATE_ACTION_EXCLUSIONS_V1,True,Default research eligibility for reconstructed Nifty 500 membership period.
RPOWER,INE614G01033,2025-03-28,2026-09-07,RESEARCH_READY,nifty500_membership_period_default,,OFFICIAL_EVENTS_PARTIAL,CORPORATE_ACTION_EXCLUSIONS_V1,True,Default research eligibility for reconstructed Nifty 500 membership period.
RRKABEL,INE777K01022,2024-03-28,2026-09-07,RESEARCH_READY,nifty500_membership_period_default,,OFFICIAL_EVENTS_PARTIAL,CORPORATE_ACTION_EXCLUSIONS_V1,True,Default research eligibility for reconstructed Nifty 500 membership period.
RTNINDIA,,2022-03-31,2025-09-29,RESEARCH_READY,nifty500_membership_period_default,,OFFICIAL_EVENTS_PARTIAL,CORPORATE_ACTION_EXCLUSIONS_V1,True,Default research eligibility for reconstructed Nifty 500 membership period.
RUSTOMJEE,,2023-03-31,2023-09-28,RESEARCH_READY,nifty500_membership_period_default,,OFFICIAL_EVENTS_PARTIAL,CORPORATE_ACTION_EXCLUSIONS_V1,True,Default research eligibility for reconstructed Nifty 500 membership period.
RVNL,INE415G01027,2021-09-30,2026-09-07,RESEARCH_READY,nifty500_membership_period_default,,OFFICIAL_EVENTS_PARTIAL,CORPORATE_ACTION_EXCLUSIONS_V1,True,Default research eligibility for reconstructed Nifty 500 membership period.
SAFARI,,2023-09-29,2024-09-29,RESEARCH_READY,nifty500_membership_period_default,,OFFICIAL_EVENTS_PARTIAL,CORPORATE_ACTION_EXCLUSIONS_V1,True,Default research eligibility for reconstructed Nifty 500 membership period.
SAGILITY,INE0W2G01015,2025-03-28,2026-09-07,RESEARCH_READY,nifty500_membership_period_default,,OFFICIAL_EVENTS_PARTIAL,CORPORATE_ACTION_EXCLUSIONS_V1,True,Default research eligibility for reconstructed Nifty 500 membership period.
SAIL,INE114A01011,2021-09-30,2026-09-07,RESEARCH_READY,nifty500_membership_period_default,,OFFICIAL_EVENTS_PARTIAL,CORPORATE_ACTION_EXCLUSIONS_V1,True,Default research eligibility for reconstructed Nifty 500 membership period.
SAILIFE,INE570L01029,2025-03-28,2026-09-07,RESEARCH_READY,nifty500_membership_period_default,,OFFICIAL_EVENTS_PARTIAL,CORPORATE_ACTION_EXCLUSIONS_V1,True,Default research eligibility for reconstructed Nifty 500 membership period.
SAMMAANCAP,INE148I01020,2021-09-30,2026-09-07,RESEARCH_READY,nifty500_membership_period_default,,OFFICIAL_EVENTS_PARTIAL,CORPORATE_ACTION_EXCLUSIONS_V1,True,Default research eligibility for reconstructed Nifty 500 membership period.
SAMMAANCAP,INE148I01020,2024-01-29,2024-02-11,EXCLUDE_CORPORATE_ACTION_WINDOW,rights_exclusion_v1,nse-ca-9767a719764aeb30,OFFICIAL_EVENTS_PARTIAL,CORPORATE_ACTION_EXCLUSIONS_V1,True,"Official event is stored, but current methodology does not create a safe structural adjustment factor."
SANOFI,,2021-09-30,2025-03-27,RESEARCH_READY,nifty500_membership_period_default,,OFFICIAL_EVENTS_PARTIAL,CORPORATE_ACTION_EXCLUSIONS_V1,True,Default research eligibility for reconstructed Nifty 500 membership period.
SANOFI,,2022-04-11,2022-04-17,EXCLUDE_CORPORATE_ACTION_WINDOW,special_dividend_exclusion_v1,nse-ca-ffea51c1a648dfc9,OFFICIAL_EVENTS_PARTIAL,CORPORATE_ACTION_EXCLUSIONS_V1,True,"Official event is stored, but current methodology does not create a safe structural adjustment factor."
SANOFI,,2022-08-04,2022-08-10,EXCLUDE_CORPORATE_ACTION_WINDOW,special_dividend_exclusion_v1,nse-ca-745e8efc7edf3a6c,OFFICIAL_EVENTS_PARTIAL,CORPORATE_ACTION_EXCLUSIONS_V1,True,"Official event is stored, but current methodology does not create a safe structural adjustment factor."
SANOFI,,2023-04-27,2023-05-03,EXCLUDE_CORPORATE_ACTION_WINDOW,special_dividend_exclusion_v1,nse-ca-5cb4469a5625df01,OFFICIAL_EVENTS_PARTIAL,CORPORATE_ACTION_EXCLUSIONS_V1,True,"Official event is stored, but current methodology does not create a safe structural adjustment factor."
SANOFI,,2024-06-08,2024-07-03,EXCLUDE_CORPORATE_ACTION_WINDOW,complex_restructuring_exclusion_v1,nse-ca-42ff53b0683f511c,OFFICIAL_EVENTS_PARTIAL,CORPORATE_ACTION_EXCLUSIONS_V1,True,Complex restructuring event; exclude configurable review window until successor/predecessor handling is approved.
SAPPHIRE,INE806T01020,2022-03-31,2026-09-07,RESEARCH_READY,nifty500_membership_period_default,,OFFICIAL_EVENTS_PARTIAL,CORPORATE_ACTION_EXCLUSIONS_V1,True,Default research eligibility for reconstructed Nifty 500 membership period.
SARDAEN,INE385C01021,2025-03-28,2026-09-07,RESEARCH_READY,nifty500_membership_period_default,,OFFICIAL_EVENTS_PARTIAL,CORPORATE_ACTION_EXCLUSIONS_V1,True,Default research eligibility for reconstructed Nifty 500 membership period.
SAREGAMA,INE979A01025,2022-03-31,2022-12-29,RESEARCH_READY,nifty500_membership_period_default,,OFFICIAL_EVENTS_PARTIAL,CORPORATE_ACTION_EXCLUSIONS_V1,True,Default research eligibility for reconstructed Nifty 500 membership period.
SAREGAMA,INE979A01025,2023-09-29,2026-09-07,RESEARCH_READY,nifty500_membership_period_default,,OFFICIAL_EVENTS_PARTIAL,CORPORATE_ACTION_EXCLUSIONS_V1,True,Default research eligibility for reconstructed Nifty 500 membership period.
SBFC,INE423Y01016,2024-03-28,2026-09-07,RESEARCH_READY,nifty500_membership_period_default,,OFFICIAL_EVENTS_PARTIAL,CORPORATE_ACTION_EXCLUSIONS_V1,True,Default research eligibility for reconstructed Nifty 500 membership period.
SBICARD,INE018E01016,2021-09-30,2026-09-07,RESEARCH_READY,nifty500_membership_period_default,,OFFICIAL_EVENTS_PARTIAL,CORPORATE_ACTION_EXCLUSIONS_V1,True,Default research eligibility for reconstructed Nifty 500 membership period.
SBILIFE,INE123W01016,2021-09-30,2026-09-07,RESEARCH_READY,nifty500_membership_period_default,,OFFICIAL_EVENTS_PARTIAL,CORPORATE_ACTION_EXCLUSIONS_V1,True,Default research eligibility for reconstructed Nifty 500 membership period.
SBIN,INE062A01020,2021-09-30,2026-09-07,RESEARCH_READY,nifty500_membership_period_default,,OFFICIAL_EVENTS_PARTIAL,CORPORATE_ACTION_EXCLUSIONS_V1,True,Default research eligibility for reconstructed Nifty 500 membership period.
SCHAEFFLER,INE513A01022,2021-09-30,2026-09-07,RESEARCH_READY,nifty500_membership_period_default,,OFFICIAL_EVENTS_PARTIAL,CORPORATE_ACTION_EXCLUSIONS_V1,True,Default research eligibility for reconstructed Nifty 500 membership period.
SCHNEIDER,INE839M01018,2021-09-30,2022-03-30,RESEARCH_READY,nifty500_membership_period_default,,OFFICIAL_EVENTS_PARTIAL,CORPORATE_ACTION_EXCLUSIONS_V1,True,Default research eligibility for reconstructed Nifty 500 membership period.
SCHNEIDER,INE839M01018,2024-03-28,2026-09-07,RESEARCH_READY,nifty500_membership_period_default,,OFFICIAL_EVENTS_PARTIAL,CORPORATE_ACTION_EXCLUSIONS_V1,True,Default research eligibility for reconstructed Nifty 500 membership period.
SCI,INE109A01011,2021-09-30,2022-12-29,RESEARCH_READY,nifty500_membership_period_default,,OFFICIAL_EVENTS_PARTIAL,CORPORATE_ACTION_EXCLUSIONS_V1,True,Default research eligibility for reconstructed Nifty 500 membership period.
SCI,INE109A01011,2024-09-30,2026-09-07,RESEARCH_READY,nifty500_membership_period_default,,OFFICIAL_EVENTS_PARTIAL,CORPORATE_ACTION_EXCLUSIONS_V1,True,Default research eligibility for reconstructed Nifty 500 membership period.
SEQUENT,,2021-09-30,2022-09-29,RESEARCH_READY,nifty500_membership_period_default,,OFFICIAL_EVENTS_PARTIAL,CORPORATE_ACTION_EXCLUSIONS_V1,True,Default research eligibility for reconstructed Nifty 500 membership period.
SFL,,2021-09-30,2023-03-30,RESEARCH_READY,nifty500_membership_period_default,,OFFICIAL_EVENTS_PARTIAL,CORPORATE_ACTION_EXCLUSIONS_V1,True,Default research eligibility for reconstructed Nifty 500 membership period.
SFL,,2023-09-29,2024-03-27,RESEARCH_READY,nifty500_membership_period_default,,OFFICIAL_EVENTS_PARTIAL,CORPORATE_ACTION_EXCLUSIONS_V1,True,Default research eligibility for reconstructed Nifty 500 membership period.
SHARDACROP,,2021-09-30,2022-03-30,RESEARCH_READY,nifty500_membership_period_default,,OFFICIAL_EVENTS_PARTIAL,CORPORATE_ACTION_EXCLUSIONS_V1,True,Default research eligibility for reconstructed Nifty 500 membership period.
SHARDACROP,,2022-09-30,2024-03-27,RESEARCH_READY,nifty500_membership_period_default,,OFFICIAL_EVENTS_PARTIAL,CORPORATE_ACTION_EXCLUSIONS_V1,True,Default research eligibility for reconstructed Nifty 500 membership period.
SHILPAMED,,2021-09-30,2023-03-30,RESEARCH_READY,nifty500_membership_period_default,,OFFICIAL_EVENTS_PARTIAL,CORPORATE_ACTION_EXCLUSIONS_V1,True,Default research eligibility for reconstructed Nifty 500 membership period.
SHOPERSTOP,,2022-09-30,2024-03-27,RESEARCH_READY,nifty500_membership_period_default,,OFFICIAL_EVENTS_PARTIAL,CORPORATE_ACTION_EXCLUSIONS_V1,True,Default research eligibility for reconstructed Nifty 500 membership period.
SHREECEM,INE070A01015,2021-09-30,2026-09-07,RESEARCH_READY,nifty500_membership_period_default,,OFFICIAL_EVENTS_PARTIAL,CORPORATE_ACTION_EXCLUSIONS_V1,True,Default research eligibility for reconstructed Nifty 500 membership period.
SHRIRAMCIT,,2021-09-30,2022-08-07,RESEARCH_READY,nifty500_membership_period_default,,OFFICIAL_EVENTS_PARTIAL,CORPORATE_ACTION_EXCLUSIONS_V1,True,Default research eligibility for reconstructed Nifty 500 membership period.
SHRIRAMFIN,INE721A01047,2021-09-30,2026-09-07,RESEARCH_READY,nifty500_membership_period_default,,OFFICIAL_EVENTS_PARTIAL,CORPORATE_ACTION_EXCLUSIONS_V1,True,Default research eligibility for reconstructed Nifty 500 membership period.
SHYAMMETL,INE810G01011,2022-03-31,2026-09-07,RESEARCH_READY,nifty500_membership_period_default,,OFFICIAL_EVENTS_PARTIAL,CORPORATE_ACTION_EXCLUSIONS_V1,True,Default research eligibility for reconstructed Nifty 500 membership period.
SIEMENS,INE003A01024,2021-09-30,2026-09-07,RESEARCH_READY,nifty500_membership_period_default,,OFFICIAL_EVENTS_PARTIAL,CORPORATE_ACTION_EXCLUSIONS_V1,True,Default research eligibility for reconstructed Nifty 500 membership period.
SIEMENS,INE003A01024,2025-04-02,2025-04-27,EXCLUDE_CORPORATE_ACTION_WINDOW,complex_restructuring_exclusion_v1,nse-ca-fe2a5bd474250ae6,OFFICIAL_EVENTS_PARTIAL,CORPORATE_ACTION_EXCLUSIONS_V1,True,Complex restructuring event; exclude configurable review window until successor/predecessor handling is approved.
SIGNATURE,INE903U01023,2024-03-28,2026-09-07,RESEARCH_READY,nifty500_membership_period_default,,OFFICIAL_EVENTS_PARTIAL,CORPORATE_ACTION_EXCLUSIONS_V1,True,Default research eligibility for reconstructed Nifty 500 membership period.
SIS,,2021-09-30,2023-03-30,RESEARCH_READY,nifty500_membership_period_default,,OFFICIAL_EVENTS_PARTIAL,CORPORATE_ACTION_EXCLUSIONS_V1,True,Default research eligibility for reconstructed Nifty 500 membership period.
SJVN,INE002L01015,2021-09-30,2026-09-07,RESEARCH_READY,nifty500_membership_period_default,,OFFICIAL_EVENTS_PARTIAL,CORPORATE_ACTION_EXCLUSIONS_V1,True,Default research eligibility for reconstructed Nifty 500 membership period.
SKFINDIA,,2021-09-30,2025-12-30,RESEARCH_READY,nifty500_membership_period_default,,OFFICIAL_EVENTS_PARTIAL,CORPORATE_ACTION_EXCLUSIONS_V1,True,Default research eligibility for reconstructed Nifty 500 membership period.
SKFINDIA,,2025-10-10,2025-11-04,EXCLUDE_CORPORATE_ACTION_WINDOW,complex_restructuring_exclusion_v1,nse-ca-78de9f9c68771c00,OFFICIAL_EVENTS_PARTIAL,CORPORATE_ACTION_EXCLUSIONS_V1,True,Complex restructuring event; exclude configurable review window until successor/predecessor handling is approved.
SOBHA,INE671H01015,2021-09-30,2026-09-07,RESEARCH_READY,nifty500_membership_period_default,,OFFICIAL_EVENTS_PARTIAL,CORPORATE_ACTION_EXCLUSIONS_V1,True,Default research eligibility for reconstructed Nifty 500 membership period.
SOBHA,INE671H01015,2024-06-16,2024-06-29,EXCLUDE_CORPORATE_ACTION_WINDOW,rights_exclusion_v1,nse-ca-cfe2d14fa8f2616a,OFFICIAL_EVENTS_PARTIAL,CORPORATE_ACTION_EXCLUSIONS_V1,True,"Official event is stored, but current methodology does not create a safe structural adjustment factor."
SOLARA,,2021-09-30,2022-09-29,RESEARCH_READY,nifty500_membership_period_default,,OFFICIAL_EVENTS_PARTIAL,CORPORATE_ACTION_EXCLUSIONS_V1,True,Default research eligibility for reconstructed Nifty 500 membership period.
SOLARINDS,INE343H01029,2021-09-30,2026-09-07,RESEARCH_READY,nifty500_membership_period_default,,OFFICIAL_EVENTS_PARTIAL,CORPORATE_ACTION_EXCLUSIONS_V1,True,Default research eligibility for reconstructed Nifty 500 membership period.
SONACOMS,INE073K01018,2021-10-29,2026-09-07,RESEARCH_READY,nifty500_membership_period_default,,OFFICIAL_EVENTS_PARTIAL,CORPORATE_ACTION_EXCLUSIONS_V1,True,Default research eligibility for reconstructed Nifty 500 membership period.
SONATSOFTW,INE269A01021,2021-09-30,2026-09-07,RESEARCH_READY,nifty500_membership_period_default,,OFFICIAL_EVENTS_PARTIAL,CORPORATE_ACTION_EXCLUSIONS_V1,True,Default research eligibility for reconstructed Nifty 500 membership period.
SPANDANA,,2021-09-30,2022-03-30,RESEARCH_READY,nifty500_membership_period_default,,OFFICIAL_EVENTS_PARTIAL,CORPORATE_ACTION_EXCLUSIONS_V1,True,Default research eligibility for reconstructed Nifty 500 membership period.
SPARC,,2021-09-30,2025-03-27,RESEARCH_READY,nifty500_membership_period_default,,OFFICIAL_EVENTS_PARTIAL,CORPORATE_ACTION_EXCLUSIONS_V1,True,Default research eligibility for reconstructed Nifty 500 membership period.
SPICEJET,,2021-09-30,2022-09-29,RESEARCH_READY,nifty500_membership_period_default,,OFFICIAL_EVENTS_PARTIAL,CORPORATE_ACTION_EXCLUSIONS_V1,True,Default research eligibility for reconstructed Nifty 500 membership period.
SPLPETRO,INE663A01033,2026-03-30,2026-09-07,RESEARCH_READY,nifty500_membership_period_default,,OFFICIAL_EVENTS_PARTIAL,CORPORATE_ACTION_EXCLUSIONS_V1,True,Default research eligibility for reconstructed Nifty 500 membership period.
SRF,INE647A01010,2021-09-30,2026-09-07,RESEARCH_READY,nifty500_membership_period_default,,OFFICIAL_EVENTS_PARTIAL,CORPORATE_ACTION_EXCLUSIONS_V1,True,Default research eligibility for reconstructed Nifty 500 membership period.
STAR,,2021-09-30,2022-09-29,RESEARCH_READY,nifty500_membership_period_default,,OFFICIAL_EVENTS_PARTIAL,CORPORATE_ACTION_EXCLUSIONS_V1,True,Default research eligibility for reconstructed Nifty 500 membership period.
STARCEMENT,,2021-09-30,2022-03-30,RESEARCH_READY,nifty500_membership_period_default,,OFFICIAL_EVENTS_PARTIAL,CORPORATE_ACTION_EXCLUSIONS_V1,True,Default research eligibility for reconstructed Nifty 500 membership period.
STARHEALTH,INE575P01011,2022-03-31,2026-09-07,RESEARCH_READY,nifty500_membership_period_default,,OFFICIAL_EVENTS_PARTIAL,CORPORATE_ACTION_EXCLUSIONS_V1,True,Default research eligibility for reconstructed Nifty 500 membership period.
STLTECH,,2021-09-30,2024-09-29,RESEARCH_READY,nifty500_membership_period_default,,OFFICIAL_EVENTS_PARTIAL,CORPORATE_ACTION_EXCLUSIONS_V1,True,Default research eligibility for reconstructed Nifty 500 membership period.
SUDARSCHEM,,2021-09-30,2023-03-30,RESEARCH_READY,nifty500_membership_period_default,,OFFICIAL_EVENTS_PARTIAL,CORPORATE_ACTION_EXCLUSIONS_V1,True,Default research eligibility for reconstructed Nifty 500 membership period.
SUMICHEM,INE258G01013,2021-09-30,2026-09-07,RESEARCH_READY,nifty500_membership_period_default,,OFFICIAL_EVENTS_PARTIAL,CORPORATE_ACTION_EXCLUSIONS_V1,True,Default research eligibility for reconstructed Nifty 500 membership period.
SUNDARMFIN,INE660A01013,2021-09-30,2026-09-07,RESEARCH_READY,nifty500_membership_period_default,,OFFICIAL_EVENTS_PARTIAL,CORPORATE_ACTION_EXCLUSIONS_V1,True,Default research eligibility for reconstructed Nifty 500 membership period.
SUNDRMFAST,,2021-09-30,2025-03-27,RESEARCH_READY,nifty500_membership_period_default,,OFFICIAL_EVENTS_PARTIAL,CORPORATE_ACTION_EXCLUSIONS_V1,True,Default research eligibility for reconstructed Nifty 500 membership period.
SUNDRMFAST,,2022-11-16,2022-11-22,EXCLUDE_CORPORATE_ACTION_WINDOW,special_dividend_exclusion_v1,nse-ca-a6e902e8421eb421,OFFICIAL_EVENTS_PARTIAL,CORPORATE_ACTION_EXCLUSIONS_V1,True,"Official event is stored, but current methodology does not create a safe structural adjustment factor."
SUNDRMFAST,,2025-04-11,2026-03-29,RESEARCH_READY,nifty500_membership_period_default,,OFFICIAL_EVENTS_PARTIAL,CORPORATE_ACTION_EXCLUSIONS_V1,True,Default research eligibility for reconstructed Nifty 500 membership period.
SUNPHARMA,INE044A01036,2021-09-30,2026-09-07,RESEARCH_READY,nifty500_membership_period_default,,OFFICIAL_EVENTS_PARTIAL,CORPORATE_ACTION_EXCLUSIONS_V1,True,Default research eligibility for reconstructed Nifty 500 membership period.
SUNTECK,,2021-09-30,2024-09-29,RESEARCH_READY,nifty500_membership_period_default,,OFFICIAL_EVENTS_PARTIAL,CORPORATE_ACTION_EXCLUSIONS_V1,True,Default research eligibility for reconstructed Nifty 500 membership period.
SUNTV,INE424H01027,2021-09-30,2026-09-07,RESEARCH_READY,nifty500_membership_period_default,,OFFICIAL_EVENTS_PARTIAL,CORPORATE_ACTION_EXCLUSIONS_V1,True,Default research eligibility for reconstructed Nifty 500 membership period.
SUPPETRO,,2021-09-30,2022-04-06,RESEARCH_READY,nifty500_membership_period_default,,OFFICIAL_EVENTS_PARTIAL,CORPORATE_ACTION_EXCLUSIONS_V1,True,Default research eligibility for reconstructed Nifty 500 membership period.
SUPRAJIT,,2021-09-30,2024-03-27,RESEARCH_READY,nifty500_membership_period_default,,OFFICIAL_EVENTS_PARTIAL,CORPORATE_ACTION_EXCLUSIONS_V1,True,Default research eligibility for reconstructed Nifty 500 membership period.
SUPREMEIND,INE195A01028,2021-09-30,2026-09-07,RESEARCH_READY,nifty500_membership_period_default,,OFFICIAL_EVENTS_PARTIAL,CORPORATE_ACTION_EXCLUSIONS_V1,True,Default research eligibility for reconstructed Nifty 500 membership period.
SUZLON,INE040H01021,2021-09-30,2026-09-07,RESEARCH_READY,nifty500_membership_period_default,,OFFICIAL_EVENTS_PARTIAL,CORPORATE_ACTION_EXCLUSIONS_V1,True,Default research eligibility for reconstructed Nifty 500 membership period.
SUZLON,INE040H01021,2022-09-30,2022-10-13,EXCLUDE_CORPORATE_ACTION_WINDOW,rights_exclusion_v1,nse-ca-15653a9f31c64d32,OFFICIAL_EVENTS_PARTIAL,CORPORATE_ACTION_EXCLUSIONS_V1,True,"Official event is stored, but current methodology does not create a safe structural adjustment factor."
SWANCORP,INE665A01038,2022-09-30,2026-09-07,RESEARCH_READY,nifty500_membership_period_default,,OFFICIAL_EVENTS_PARTIAL,CORPORATE_ACTION_EXCLUSIONS_V1,True,Default research eligibility for reconstructed Nifty 500 membership period.
SWIGGY,INE00H001014,2025-03-28,2026-09-07,RESEARCH_READY,nifty500_membership_period_default,,OFFICIAL_EVENTS_PARTIAL,CORPORATE_ACTION_EXCLUSIONS_V1,True,Default research eligibility for reconstructed Nifty 500 membership period.
SWSOLAR,,2021-09-30,2025-09-29,RESEARCH_READY,nifty500_membership_period_default,,OFFICIAL_EVENTS_PARTIAL,CORPORATE_ACTION_EXCLUSIONS_V1,True,Default research eligibility for reconstructed Nifty 500 membership period.
SYMPHONY,,2021-09-30,2023-03-30,RESEARCH_READY,nifty500_membership_period_default,,OFFICIAL_EVENTS_PARTIAL,CORPORATE_ACTION_EXCLUSIONS_V1,True,Default research eligibility for reconstructed Nifty 500 membership period.
SYMPHONY,,2023-09-29,2024-03-27,RESEARCH_READY,nifty500_membership_period_default,,OFFICIAL_EVENTS_PARTIAL,CORPORATE_ACTION_EXCLUSIONS_V1,True,Default research eligibility for reconstructed Nifty 500 membership period.
SYNGENE,INE398R01022,2021-09-30,2026-09-07,RESEARCH_READY,nifty500_membership_period_default,,OFFICIAL_EVENTS_PARTIAL,CORPORATE_ACTION_EXCLUSIONS_V1,True,Default research eligibility for reconstructed Nifty 500 membership period.
SYNGENE,INE398R01022,2022-06-29,2022-07-05,EXCLUDE_CORPORATE_ACTION_WINDOW,special_dividend_exclusion_v1,nse-ca-5fce37507c779749,OFFICIAL_EVENTS_PARTIAL,CORPORATE_ACTION_EXCLUSIONS_V1,True,"Official event is stored, but current methodology does not create a safe structural adjustment factor."
SYNGENE,INE398R01022,2023-06-29,2023-07-05,EXCLUDE_CORPORATE_ACTION_WINDOW,special_dividend_exclusion_v1,nse-ca-5e9c1d1c9409bfe9,OFFICIAL_EVENTS_PARTIAL,CORPORATE_ACTION_EXCLUSIONS_V1,True,"Official event is stored, but current methodology does not create a safe structural adjustment factor."
SYRMA,INE0DYJ01015,2023-09-29,2026-09-07,RESEARCH_READY,nifty500_membership_period_default,,OFFICIAL_EVENTS_PARTIAL,CORPORATE_ACTION_EXCLUSIONS_V1,True,Default research eligibility for reconstructed Nifty 500 membership period.
TANLA,,2021-09-30,2025-09-29,RESEARCH_READY,nifty500_membership_period_default,,OFFICIAL_EVENTS_PARTIAL,CORPORATE_ACTION_EXCLUSIONS_V1,True,Default research eligibility for reconstructed Nifty 500 membership period.
TARIL,INE763I01026,2025-03-28,2026-09-07,RESEARCH_READY,nifty500_membership_period_default,,OFFICIAL_EVENTS_PARTIAL,CORPORATE_ACTION_EXCLUSIONS_V1,True,Default research eligibility for reconstructed Nifty 500 membership period.
TASTYBITE,,2021-09-30,2022-03-30,RESEARCH_READY,nifty500_membership_period_default,,OFFICIAL_EVENTS_PARTIAL,CORPORATE_ACTION_EXCLUSIONS_V1,True,Default research eligibility for reconstructed Nifty 500 membership period.
TATACAP,INE976I01016,2026-03-30,2026-09-07,RESEARCH_READY,nifty500_membership_period_default,,OFFICIAL_EVENTS_PARTIAL,CORPORATE_ACTION_EXCLUSIONS_V1,True,Default research eligibility for reconstructed Nifty 500 membership period.
TATACHEM,INE092A01019,2021-09-30,2026-09-07,RESEARCH_READY,nifty500_membership_period_default,,OFFICIAL_EVENTS_PARTIAL,CORPORATE_ACTION_EXCLUSIONS_V1,True,Default research eligibility for reconstructed Nifty 500 membership period.
TATACOFFEE,,2021-09-30,2023-03-30,RESEARCH_READY,nifty500_membership_period_default,,OFFICIAL_EVENTS_PARTIAL,CORPORATE_ACTION_EXCLUSIONS_V1,True,Default research eligibility for reconstructed Nifty 500 membership period.
TATACOMM,INE151A01013,2021-09-30,2026-09-07,RESEARCH_READY,nifty500_membership_period_default,,OFFICIAL_EVENTS_PARTIAL,CORPORATE_ACTION_EXCLUSIONS_V1,True,Default research eligibility for reconstructed Nifty 500 membership period.
TATACONSUM,INE192A01025,2021-09-30,2026-09-07,RESEARCH_READY,nifty500_membership_period_default,,OFFICIAL_EVENTS_PARTIAL,CORPORATE_ACTION_EXCLUSIONS_V1,True,Default research eligibility for reconstructed Nifty 500 membership period.
TATACONSUM,INE192A01025,2024-07-23,2024-08-05,EXCLUDE_CORPORATE_ACTION_WINDOW,rights_exclusion_v1,nse-ca-997bdc5b29819d7c,OFFICIAL_EVENTS_PARTIAL,CORPORATE_ACTION_EXCLUSIONS_V1,True,"Official event is stored, but current methodology does not create a safe structural adjustment factor."
TATAELXSI,INE670A01012,2021-09-30,2026-09-07,RESEARCH_READY,nifty500_membership_period_default,,OFFICIAL_EVENTS_PARTIAL,CORPORATE_ACTION_EXCLUSIONS_V1,True,Default research eligibility for reconstructed Nifty 500 membership period.
TATAINVEST,INE672A01026,2022-03-31,2026-09-07,RESEARCH_READY,nifty500_membership_period_default,,OFFICIAL_EVENTS_PARTIAL,CORPORATE_ACTION_EXCLUSIONS_V1,True,Default research eligibility for reconstructed Nifty 500 membership period.
TATAPOWER,INE245A01021,2021-09-30,2026-09-07,RESEARCH_READY,nifty500_membership_period_default,,OFFICIAL_EVENTS_PARTIAL,CORPORATE_ACTION_EXCLUSIONS_V1,True,Default research eligibility for reconstructed Nifty 500 membership period.
TATASTEEL,INE081A01020,2021-09-30,2026-09-07,RESEARCH_READY,nifty500_membership_period_default,,OFFICIAL_EVENTS_PARTIAL,CORPORATE_ACTION_EXCLUSIONS_V1,True,Default research eligibility for reconstructed Nifty 500 membership period.
TATASTLLP,,2021-09-30,2022-09-29,RESEARCH_READY,nifty500_membership_period_default,,OFFICIAL_EVENTS_PARTIAL,CORPORATE_ACTION_EXCLUSIONS_V1,True,Default research eligibility for reconstructed Nifty 500 membership period.
TATATECH,INE142M01025,2024-03-28,2026-09-07,RESEARCH_READY,nifty500_membership_period_default,,OFFICIAL_EVENTS_PARTIAL,CORPORATE_ACTION_EXCLUSIONS_V1,True,Default research eligibility for reconstructed Nifty 500 membership period.
TATATECH,INE142M01025,2024-06-12,2024-06-18,EXCLUDE_CORPORATE_ACTION_WINDOW,special_dividend_exclusion_v1,nse-ca-3d93ee39e731a544,OFFICIAL_EVENTS_PARTIAL,CORPORATE_ACTION_EXCLUSIONS_V1,True,"Official event is stored, but current methodology does not create a safe structural adjustment factor."
TATATECH,INE142M01025,2025-06-15,2025-06-21,EXCLUDE_CORPORATE_ACTION_WINDOW,special_dividend_exclusion_v1,nse-ca-92a9c9d35ba66a85,OFFICIAL_EVENTS_PARTIAL,CORPORATE_ACTION_EXCLUSIONS_V1,True,"Official event is stored, but current methodology does not create a safe structural adjustment factor."
TATATECH,INE142M01025,2026-06-17,2026-06-23,EXCLUDE_CORPORATE_ACTION_WINDOW,special_dividend_exclusion_v1,nse-ca-8f30152ee43bbdf3,OFFICIAL_EVENTS_PARTIAL,CORPORATE_ACTION_EXCLUSIONS_V1,True,"Official event is stored, but current methodology does not create a safe structural adjustment factor."
TBOTEK,INE673O01025,2024-09-30,2026-09-07,RESEARCH_READY,nifty500_membership_period_default,,OFFICIAL_EVENTS_PARTIAL,CORPORATE_ACTION_EXCLUSIONS_V1,True,Default research eligibility for reconstructed Nifty 500 membership period.
TCI,,2022-09-30,2023-09-28,RESEARCH_READY,nifty500_membership_period_default,,OFFICIAL_EVENTS_PARTIAL,CORPORATE_ACTION_EXCLUSIONS_V1,True,Default research eligibility for reconstructed Nifty 500 membership period.
TCIEXP,,2021-09-30,2023-09-28,RESEARCH_READY,nifty500_membership_period_default,,OFFICIAL_EVENTS_PARTIAL,CORPORATE_ACTION_EXCLUSIONS_V1,True,Default research eligibility for reconstructed Nifty 500 membership period.
TCNSBRANDS,,2021-09-30,2023-09-28,RESEARCH_READY,nifty500_membership_period_default,,OFFICIAL_EVENTS_PARTIAL,CORPORATE_ACTION_EXCLUSIONS_V1,True,Default research eligibility for reconstructed Nifty 500 membership period.
TCS,INE467B01029,2021-09-30,2026-09-07,RESEARCH_READY,nifty500_membership_period_default,,OFFICIAL_EVENTS_PARTIAL,CORPORATE_ACTION_EXCLUSIONS_V1,True,Default research eligibility for reconstructed Nifty 500 membership period.
TCS,INE467B01029,2023-01-15,2023-01-21,EXCLUDE_CORPORATE_ACTION_WINDOW,special_dividend_exclusion_v1,nse-ca-95c4f47c39f95997,OFFICIAL_EVENTS_PARTIAL,CORPORATE_ACTION_EXCLUSIONS_V1,True,"Official event is stored, but current methodology does not create a safe structural adjustment factor."
TCS,INE467B01029,2024-01-18,2024-01-24,EXCLUDE_CORPORATE_ACTION_WINDOW,special_dividend_exclusion_v1,nse-ca-282d6341dd174853,OFFICIAL_EVENTS_PARTIAL,CORPORATE_ACTION_EXCLUSIONS_V1,True,"Official event is stored, but current methodology does not create a safe structural adjustment factor."
TCS,INE467B01029,2025-01-16,2025-01-22,EXCLUDE_CORPORATE_ACTION_WINDOW,special_dividend_exclusion_v1,nse-ca-a202efbda4b857e9,OFFICIAL_EVENTS_PARTIAL,CORPORATE_ACTION_EXCLUSIONS_V1,True,"Official event is stored, but current methodology does not create a safe structural adjustment factor."
TCS,INE467B01029,2026-01-15,2026-01-21,EXCLUDE_CORPORATE_ACTION_WINDOW,special_dividend_exclusion_v1,nse-ca-930c1efd6cb9c942,OFFICIAL_EVENTS_PARTIAL,CORPORATE_ACTION_EXCLUSIONS_V1,True,"Official event is stored, but current methodology does not create a safe structural adjustment factor."
TEAMLEASE,,2021-09-30,2024-03-27,RESEARCH_READY,nifty500_membership_period_default,,OFFICIAL_EVENTS_PARTIAL,CORPORATE_ACTION_EXCLUSIONS_V1,True,Default research eligibility for reconstructed Nifty 500 membership period.
TECHM,INE669C01036,2021-09-30,2026-09-07,RESEARCH_READY,nifty500_membership_period_default,,OFFICIAL_EVENTS_PARTIAL,CORPORATE_ACTION_EXCLUSIONS_V1,True,Default research eligibility for reconstructed Nifty 500 membership period.
TECHM,INE669C01036,2021-11-01,2021-11-07,EXCLUDE_CORPORATE_ACTION_WINDOW,special_dividend_exclusion_v1,nse-ca-be4e048c8e885491,OFFICIAL_EVENTS_PARTIAL,CORPORATE_ACTION_EXCLUSIONS_V1,True,"Official event is stored, but current methodology does not create a safe structural adjustment factor."
TECHM,INE669C01036,2022-07-20,2022-07-26,EXCLUDE_CORPORATE_ACTION_WINDOW,special_dividend_exclusion_v1,nse-ca-8f63c2e65a8cc1f5,OFFICIAL_EVENTS_PARTIAL,CORPORATE_ACTION_EXCLUSIONS_V1,True,"Official event is stored, but current methodology does not create a safe structural adjustment factor."
TECHM,INE669C01036,2022-11-08,2022-11-14,EXCLUDE_CORPORATE_ACTION_WINDOW,special_dividend_exclusion_v1,nse-ca-09c35db20038ab75,OFFICIAL_EVENTS_PARTIAL,CORPORATE_ACTION_EXCLUSIONS_V1,True,"Official event is stored, but current methodology does not create a safe structural adjustment factor."
TECHNOE,INE285K01026,2024-09-30,2026-09-07,RESEARCH_READY,nifty500_membership_period_default,,OFFICIAL_EVENTS_PARTIAL,CORPORATE_ACTION_EXCLUSIONS_V1,True,Default research eligibility for reconstructed Nifty 500 membership period.
TEGA,INE011K01018,2026-03-30,2026-09-07,RESEARCH_READY,nifty500_membership_period_default,,OFFICIAL_EVENTS_PARTIAL,CORPORATE_ACTION_EXCLUSIONS_V1,True,Default research eligibility for reconstructed Nifty 500 membership period.
TEJASNET,INE010J01012,2022-09-30,2026-09-07,RESEARCH_READY,nifty500_membership_period_default,,OFFICIAL_EVENTS_PARTIAL,CORPORATE_ACTION_EXCLUSIONS_V1,True,Default research eligibility for reconstructed Nifty 500 membership period.
TENNIND,INE19RI01016,2026-03-30,2026-09-07,RESEARCH_READY,nifty500_membership_period_default,,OFFICIAL_EVENTS_PARTIAL,CORPORATE_ACTION_EXCLUSIONS_V1,True,Default research eligibility for reconstructed Nifty 500 membership period.
THELEELA,INE0AQ201015,2025-09-30,2026-09-07,RESEARCH_READY,nifty500_membership_period_default,,OFFICIAL_EVENTS_PARTIAL,CORPORATE_ACTION_EXCLUSIONS_V1,True,Default research eligibility for reconstructed Nifty 500 membership period.
THERMAX,INE152A01029,2021-09-30,2026-09-07,RESEARCH_READY,nifty500_membership_period_default,,OFFICIAL_EVENTS_PARTIAL,CORPORATE_ACTION_EXCLUSIONS_V1,True,Default research eligibility for reconstructed Nifty 500 membership period.
THERMAX,INE152A01029,2026-07-02,2026-07-08,EXCLUDE_CORPORATE_ACTION_WINDOW,special_dividend_exclusion_v1,nse-ca-75cba3239dd90709,OFFICIAL_EVENTS_PARTIAL,CORPORATE_ACTION_EXCLUSIONS_V1,True,"Official event is stored, but current methodology does not create a safe structural adjustment factor."
THYROCARE,,2021-09-30,2023-03-30,RESEARCH_READY,nifty500_membership_period_default,,OFFICIAL_EVENTS_PARTIAL,CORPORATE_ACTION_EXCLUSIONS_V1,True,Default research eligibility for reconstructed Nifty 500 membership period.
TIINDIA,INE974X01010,2021-09-30,2026-09-07,RESEARCH_READY,nifty500_membership_period_default,,OFFICIAL_EVENTS_PARTIAL,CORPORATE_ACTION_EXCLUSIONS_V1,True,Default research eligibility for reconstructed Nifty 500 membership period.
TIMKEN,INE325A01013,2021-09-30,2026-09-07,RESEARCH_READY,nifty500_membership_period_default,,OFFICIAL_EVENTS_PARTIAL,CORPORATE_ACTION_EXCLUSIONS_V1,True,Default research eligibility for reconstructed Nifty 500 membership period.
TITAGARH,INE615H01020,2024-03-28,2026-09-07,RESEARCH_READY,nifty500_membership_period_default,,OFFICIAL_EVENTS_PARTIAL,CORPORATE_ACTION_EXCLUSIONS_V1,True,Default research eligibility for reconstructed Nifty 500 membership period.
TITAN,INE280A01028,2021-09-30,2026-09-07,RESEARCH_READY,nifty500_membership_period_default,,OFFICIAL_EVENTS_PARTIAL,CORPORATE_ACTION_EXCLUSIONS_V1,True,Default research eligibility for reconstructed Nifty 500 membership period.
TMB,,2023-03-31,2023-09-28,RESEARCH_READY,nifty500_membership_period_default,,OFFICIAL_EVENTS_PARTIAL,CORPORATE_ACTION_EXCLUSIONS_V1,True,Default research eligibility for reconstructed Nifty 500 membership period.
TMB,,2024-03-28,2024-09-29,RESEARCH_READY,nifty500_membership_period_default,,OFFICIAL_EVENTS_PARTIAL,CORPORATE_ACTION_EXCLUSIONS_V1,True,Default research eligibility for reconstructed Nifty 500 membership period.
TMCV,INE1TAE01010,2026-03-30,2026-09-07,RESEARCH_READY,nifty500_membership_period_default,,OFFICIAL_EVENTS_PARTIAL,CORPORATE_ACTION_EXCLUSIONS_V1,True,Default research eligibility for reconstructed Nifty 500 membership period.
TMPV,INE155A01022,2021-09-30,2026-09-07,RESEARCH_READY,nifty500_membership_period_default,,OFFICIAL_EVENTS_PARTIAL,CORPORATE_ACTION_EXCLUSIONS_V1,True,Default research eligibility for reconstructed Nifty 500 membership period.
TMPV,INE155A01022,2024-06-10,2024-06-16,EXCLUDE_CORPORATE_ACTION_WINDOW,special_dividend_exclusion_v1,nse-ca-3eeca49604f79235,OFFICIAL_EVENTS_PARTIAL,CORPORATE_ACTION_EXCLUSIONS_V1,True,"Official event is stored, but current methodology does not create a safe structural adjustment factor."
TMPV,INE155A01022,2025-10-09,2025-11-03,EXCLUDE_CORPORATE_ACTION_WINDOW,complex_restructuring_exclusion_v1,nse-ca-6f95bbf597ff275d,OFFICIAL_EVENTS_PARTIAL,CORPORATE_ACTION_EXCLUSIONS_V1,True,Complex restructuring event; exclude configurable review window until successor/predecessor handling is approved.
TORNTPHARM,INE685A01028,2021-09-30,2026-09-07,RESEARCH_READY,nifty500_membership_period_default,,OFFICIAL_EVENTS_PARTIAL,CORPORATE_ACTION_EXCLUSIONS_V1,True,Default research eligibility for reconstructed Nifty 500 membership period.
TORNTPOWER,INE813H01021,2021-09-30,2026-09-07,RESEARCH_READY,nifty500_membership_period_default,,OFFICIAL_EVENTS_PARTIAL,CORPORATE_ACTION_EXCLUSIONS_V1,True,Default research eligibility for reconstructed Nifty 500 membership period.
TORNTPOWER,INE813H01021,2023-02-21,2023-02-27,EXCLUDE_CORPORATE_ACTION_WINDOW,special_dividend_exclusion_v1,nse-ca-6159a958035012f4,OFFICIAL_EVENTS_PARTIAL,CORPORATE_ACTION_EXCLUSIONS_V1,True,"Official event is stored, but current methodology does not create a safe structural adjustment factor."
TRAVELFOOD,INE103V01028,2026-03-30,2026-09-07,RESEARCH_READY,nifty500_membership_period_default,,OFFICIAL_EVENTS_PARTIAL,CORPORATE_ACTION_EXCLUSIONS_V1,True,Default research eligibility for reconstructed Nifty 500 membership period.
TRENT,INE849A01020,2021-09-30,2026-09-07,RESEARCH_READY,nifty500_membership_period_default,,OFFICIAL_EVENTS_PARTIAL,CORPORATE_ACTION_EXCLUSIONS_V1,True,Default research eligibility for reconstructed Nifty 500 membership period.
TRIDENT,INE064C01022,2021-09-30,2026-09-07,RESEARCH_READY,nifty500_membership_period_default,,OFFICIAL_EVENTS_PARTIAL,CORPORATE_ACTION_EXCLUSIONS_V1,True,Default research eligibility for reconstructed Nifty 500 membership period.
TRITURBINE,INE152M01016,2021-09-30,2026-09-07,RESEARCH_READY,nifty500_membership_period_default,,OFFICIAL_EVENTS_PARTIAL,CORPORATE_ACTION_EXCLUSIONS_V1,True,Default research eligibility for reconstructed Nifty 500 membership period.
TRITURBINE,INE152M01016,2021-11-07,2021-11-13,EXCLUDE_CORPORATE_ACTION_WINDOW,special_dividend_exclusion_v1,nse-ca-d17a978cda2b3950,OFFICIAL_EVENTS_PARTIAL,CORPORATE_ACTION_EXCLUSIONS_V1,True,"Official event is stored, but current methodology does not create a safe structural adjustment factor."
TRITURBINE,INE152M01016,2022-08-10,2022-08-16,EXCLUDE_CORPORATE_ACTION_WINDOW,special_dividend_exclusion_v1,nse-ca-307f008bcd037052,OFFICIAL_EVENTS_PARTIAL,CORPORATE_ACTION_EXCLUSIONS_V1,True,"Official event is stored, but current methodology does not create a safe structural adjustment factor."
TRITURBINE,INE152M01016,2024-02-15,2024-02-21,EXCLUDE_CORPORATE_ACTION_WINDOW,special_dividend_exclusion_v1,nse-ca-5a8ac8154480badc,OFFICIAL_EVENTS_PARTIAL,CORPORATE_ACTION_EXCLUSIONS_V1,True,"Official event is stored, but current methodology does not create a safe structural adjustment factor."
TRIVENI,,2022-05-31,2026-03-29,RESEARCH_READY,nifty500_membership_period_default,,OFFICIAL_EVENTS_PARTIAL,CORPORATE_ACTION_EXCLUSIONS_V1,True,Default research eligibility for reconstructed Nifty 500 membership period.
TRIVENI,,2024-02-08,2024-02-14,EXCLUDE_CORPORATE_ACTION_WINDOW,special_dividend_exclusion_v1,nse-ca-c4fdf8253516e385,OFFICIAL_EVENTS_PARTIAL,CORPORATE_ACTION_EXCLUSIONS_V1,True,"Official event is stored, but current methodology does not create a safe structural adjustment factor."
TTKPRESTIG,,2021-09-30,2024-03-27,RESEARCH_READY,nifty500_membership_period_default,,OFFICIAL_EVENTS_PARTIAL,CORPORATE_ACTION_EXCLUSIONS_V1,True,Default research eligibility for reconstructed Nifty 500 membership period.
TTML,INE517B01013,2021-09-30,2026-09-07,RESEARCH_READY,nifty500_membership_period_default,,OFFICIAL_EVENTS_PARTIAL,CORPORATE_ACTION_EXCLUSIONS_V1,True,Default research eligibility for reconstructed Nifty 500 membership period.
TV18BRDCST,,2021-09-30,2024-10-15,RESEARCH_READY,nifty500_membership_period_default,,OFFICIAL_EVENTS_PARTIAL,CORPORATE_ACTION_EXCLUSIONS_V1,True,Default research eligibility for reconstructed Nifty 500 membership period.
TVSMOTOR,INE494B01023,2021-09-30,2026-09-07,RESEARCH_READY,nifty500_membership_period_default,,OFFICIAL_EVENTS_PARTIAL,CORPORATE_ACTION_EXCLUSIONS_V1,True,Default research eligibility for reconstructed Nifty 500 membership period.
TVSSCS,,2024-03-28,2025-03-27,RESEARCH_READY,nifty500_membership_period_default,,OFFICIAL_EVENTS_PARTIAL,CORPORATE_ACTION_EXCLUSIONS_V1,True,Default research eligibility for reconstructed Nifty 500 membership period.
UBL,INE686F01025,2021-09-30,2026-09-07,RESEARCH_READY,nifty500_membership_period_default,,OFFICIAL_EVENTS_PARTIAL,CORPORATE_ACTION_EXCLUSIONS_V1,True,Default research eligibility for reconstructed Nifty 500 membership period.
UCOBANK,INE691A01018,2021-09-30,2022-09-29,RESEARCH_READY,nifty500_membership_period_default,,OFFICIAL_EVENTS_PARTIAL,CORPORATE_ACTION_EXCLUSIONS_V1,True,Default research eligibility for reconstructed Nifty 500 membership period.
UCOBANK,INE691A01018,2022-12-30,2026-09-07,RESEARCH_READY,nifty500_membership_period_default,,OFFICIAL_EVENTS_PARTIAL,CORPORATE_ACTION_EXCLUSIONS_V1,True,Default research eligibility for reconstructed Nifty 500 membership period.
UFLEX,,2021-09-30,2023-09-28,RESEARCH_READY,nifty500_membership_period_default,,OFFICIAL_EVENTS_PARTIAL,CORPORATE_ACTION_EXCLUSIONS_V1,True,Default research eligibility for reconstructed Nifty 500 membership period.
UJJIVAN,,2021-09-30,2022-03-30,RESEARCH_READY,nifty500_membership_period_default,,OFFICIAL_EVENTS_PARTIAL,CORPORATE_ACTION_EXCLUSIONS_V1,True,Default research eligibility for reconstructed Nifty 500 membership period.
UJJIVANSFB,,2021-09-30,2022-03-30,RESEARCH_READY,nifty500_membership_period_default,,OFFICIAL_EVENTS_PARTIAL,CORPORATE_ACTION_EXCLUSIONS_V1,True,Default research eligibility for reconstructed Nifty 500 membership period.
UJJIVANSFB,,2023-09-29,2025-03-27,RESEARCH_READY,nifty500_membership_period_default,,OFFICIAL_EVENTS_PARTIAL,CORPORATE_ACTION_EXCLUSIONS_V1,True,Default research eligibility for reconstructed Nifty 500 membership period.
ULTRACEMCO,INE481G01011,2021-09-30,2026-09-07,RESEARCH_READY,nifty500_membership_period_default,,OFFICIAL_EVENTS_PARTIAL,CORPORATE_ACTION_EXCLUSIONS_V1,True,Default research eligibility for reconstructed Nifty 500 membership period.
UNIONBANK,INE692A01016,2021-09-30,2026-09-07,RESEARCH_READY,nifty500_membership_period_default,,OFFICIAL_EVENTS_PARTIAL,CORPORATE_ACTION_EXCLUSIONS_V1,True,Default research eligibility for reconstructed Nifty 500 membership period.
UNITDSPR,INE854D01024,2021-09-30,2026-09-07,RESEARCH_READY,nifty500_membership_period_default,,OFFICIAL_EVENTS_PARTIAL,CORPORATE_ACTION_EXCLUSIONS_V1,True,Default research eligibility for reconstructed Nifty 500 membership period.
UNOMINDA,INE405E01023,2021-09-30,2026-09-07,RESEARCH_READY,nifty500_membership_period_default,,OFFICIAL_EVENTS_PARTIAL,CORPORATE_ACTION_EXCLUSIONS_V1,True,Default research eligibility for reconstructed Nifty 500 membership period.
UPL,INE628A01036,2021-09-30,2026-09-07,RESEARCH_READY,nifty500_membership_period_default,,OFFICIAL_EVENTS_PARTIAL,CORPORATE_ACTION_EXCLUSIONS_V1,True,Default research eligibility for reconstructed Nifty 500 membership period.
UPL,INE628A01036,2024-11-23,2024-12-06,EXCLUDE_CORPORATE_ACTION_WINDOW,rights_exclusion_v1,nse-ca-91ca8010a98c20ab,OFFICIAL_EVENTS_PARTIAL,CORPORATE_ACTION_EXCLUSIONS_V1,True,"Official event is stored, but current methodology does not create a safe structural adjustment factor."
URBANCO,INE0CAZ01013,2026-03-30,2026-09-07,RESEARCH_READY,nifty500_membership_period_default,,OFFICIAL_EVENTS_PARTIAL,CORPORATE_ACTION_EXCLUSIONS_V1,True,Default research eligibility for reconstructed Nifty 500 membership period.
USHAMART,INE228A01035,2023-09-29,2026-09-07,RESEARCH_READY,nifty500_membership_period_default,,OFFICIAL_EVENTS_PARTIAL,CORPORATE_ACTION_EXCLUSIONS_V1,True,Default research eligibility for reconstructed Nifty 500 membership period.
UTIAMC,INE094J01016,2021-09-30,2026-09-07,RESEARCH_READY,nifty500_membership_period_default,,OFFICIAL_EVENTS_PARTIAL,CORPORATE_ACTION_EXCLUSIONS_V1,True,Default research eligibility for reconstructed Nifty 500 membership period.
UTIAMC,INE094J01016,2024-07-17,2024-07-23,EXCLUDE_CORPORATE_ACTION_WINDOW,special_dividend_exclusion_v1,nse-ca-63ae83142d6c62ac,OFFICIAL_EVENTS_PARTIAL,CORPORATE_ACTION_EXCLUSIONS_V1,True,"Official event is stored, but current methodology does not create a safe structural adjustment factor."
UTIAMC,INE094J01016,2025-07-23,2025-07-29,EXCLUDE_CORPORATE_ACTION_WINDOW,special_dividend_exclusion_v1,nse-ca-023de97d8b36c220,OFFICIAL_EVENTS_PARTIAL,CORPORATE_ACTION_EXCLUSIONS_V1,True,"Official event is stored, but current methodology does not create a safe structural adjustment factor."
VAIBHAVGBL,,2021-09-30,2024-09-29,RESEARCH_READY,nifty500_membership_period_default,,OFFICIAL_EVENTS_PARTIAL,CORPORATE_ACTION_EXCLUSIONS_V1,True,Default research eligibility for reconstructed Nifty 500 membership period.
VAKRANGEE,,2021-09-30,2022-09-29,RESEARCH_READY,nifty500_membership_period_default,,OFFICIAL_EVENTS_PARTIAL,CORPORATE_ACTION_EXCLUSIONS_V1,True,Default research eligibility for reconstructed Nifty 500 membership period.
VALIANTORG,,2021-09-30,2022-03-30,RESEARCH_READY,nifty500_membership_period_default,,OFFICIAL_EVENTS_PARTIAL,CORPORATE_ACTION_EXCLUSIONS_V1,True,Default research eligibility for reconstructed Nifty 500 membership period.
VARROC,,2021-09-30,2025-03-27,RESEARCH_READY,nifty500_membership_period_default,,OFFICIAL_EVENTS_PARTIAL,CORPORATE_ACTION_EXCLUSIONS_V1,True,Default research eligibility for reconstructed Nifty 500 membership period.
VBL,INE200M01039,2021-09-30,2026-09-07,RESEARCH_READY,nifty500_membership_period_default,,OFFICIAL_EVENTS_PARTIAL,CORPORATE_ACTION_EXCLUSIONS_V1,True,Default research eligibility for reconstructed Nifty 500 membership period.
VEDL,INE205A01025,2021-09-30,2026-09-07,RESEARCH_READY,nifty500_membership_period_default,,OFFICIAL_EVENTS_PARTIAL,CORPORATE_ACTION_EXCLUSIONS_V1,True,Default research eligibility for reconstructed Nifty 500 membership period.
VEDL,INE205A01025,2026-04-25,2026-05-20,EXCLUDE_CORPORATE_ACTION_WINDOW,complex_restructuring_exclusion_v1,nse-ca-a5ccdd90fabc80d2,OFFICIAL_EVENTS_PARTIAL,CORPORATE_ACTION_EXCLUSIONS_V1,True,Complex restructuring event; exclude configurable review window until successor/predecessor handling is approved.
VENKEYS,,2021-09-30,2022-09-29,RESEARCH_READY,nifty500_membership_period_default,,OFFICIAL_EVENTS_PARTIAL,CORPORATE_ACTION_EXCLUSIONS_V1,True,Default research eligibility for reconstructed Nifty 500 membership period.
VENTIVE,,2025-09-30,2026-03-29,RESEARCH_READY,nifty500_membership_period_default,,OFFICIAL_EVENTS_PARTIAL,CORPORATE_ACTION_EXCLUSIONS_V1,True,Default research eligibility for reconstructed Nifty 500 membership period.
VGUARD,,2021-09-30,2024-03-27,RESEARCH_READY,nifty500_membership_period_default,,OFFICIAL_EVENTS_PARTIAL,CORPORATE_ACTION_EXCLUSIONS_V1,True,Default research eligibility for reconstructed Nifty 500 membership period.
VGUARD,,2024-03-28,2026-03-29,RESEARCH_READY,nifty500_membership_period_default,,OFFICIAL_EVENTS_PARTIAL,CORPORATE_ACTION_EXCLUSIONS_V1,True,Default research eligibility for reconstructed Nifty 500 membership period.
VIJAYA,INE043W01024,2022-03-31,2026-09-07,RESEARCH_READY,nifty500_membership_period_default,,OFFICIAL_EVENTS_PARTIAL,CORPORATE_ACTION_EXCLUSIONS_V1,True,Default research eligibility for reconstructed Nifty 500 membership period.
VINATIORGA,,2021-09-30,2024-03-27,RESEARCH_READY,nifty500_membership_period_default,,OFFICIAL_EVENTS_PARTIAL,CORPORATE_ACTION_EXCLUSIONS_V1,True,Default research eligibility for reconstructed Nifty 500 membership period.
VINATIORGA,,2024-09-30,2025-03-27,RESEARCH_READY,nifty500_membership_period_default,,OFFICIAL_EVENTS_PARTIAL,CORPORATE_ACTION_EXCLUSIONS_V1,True,Default research eligibility for reconstructed Nifty 500 membership period.
VIPIND,,2021-09-30,2025-03-27,RESEARCH_READY,nifty500_membership_period_default,,OFFICIAL_EVENTS_PARTIAL,CORPORATE_ACTION_EXCLUSIONS_V1,True,Default research eligibility for reconstructed Nifty 500 membership period.
VMART,,2021-09-30,2024-03-27,RESEARCH_READY,nifty500_membership_period_default,,OFFICIAL_EVENTS_PARTIAL,CORPORATE_ACTION_EXCLUSIONS_V1,True,Default research eligibility for reconstructed Nifty 500 membership period.
VMM,INE01EA01019,2025-03-28,2026-09-07,RESEARCH_READY,nifty500_membership_period_default,,OFFICIAL_EVENTS_PARTIAL,CORPORATE_ACTION_EXCLUSIONS_V1,True,Default research eligibility for reconstructed Nifty 500 membership period.
VOLTAS,INE226A01021,2021-09-30,2026-09-07,RESEARCH_READY,nifty500_membership_period_default,,OFFICIAL_EVENTS_PARTIAL,CORPORATE_ACTION_EXCLUSIONS_V1,True,Default research eligibility for reconstructed Nifty 500 membership period.
VTL,INE825A01020,2021-09-30,2026-09-07,RESEARCH_READY,nifty500_membership_period_default,,OFFICIAL_EVENTS_PARTIAL,CORPORATE_ACTION_EXCLUSIONS_V1,True,Default research eligibility for reconstructed Nifty 500 membership period.
WAAREEENER,INE377N01017,2025-03-28,2026-09-07,RESEARCH_READY,nifty500_membership_period_default,,OFFICIAL_EVENTS_PARTIAL,CORPORATE_ACTION_EXCLUSIONS_V1,True,Default research eligibility for reconstructed Nifty 500 membership period.
WELCORP,INE191B01025,2021-09-30,2026-09-07,RESEARCH_READY,nifty500_membership_period_default,,OFFICIAL_EVENTS_PARTIAL,CORPORATE_ACTION_EXCLUSIONS_V1,True,Default research eligibility for reconstructed Nifty 500 membership period.
WELSPUNLIV,INE192B01031,2021-09-30,2026-09-07,RESEARCH_READY,nifty500_membership_period_default,,OFFICIAL_EVENTS_PARTIAL,CORPORATE_ACTION_EXCLUSIONS_V1,True,Default research eligibility for reconstructed Nifty 500 membership period.
WESTLIFE,,2021-09-30,2025-09-29,RESEARCH_READY,nifty500_membership_period_default,,OFFICIAL_EVENTS_PARTIAL,CORPORATE_ACTION_EXCLUSIONS_V1,True,Default research eligibility for reconstructed Nifty 500 membership period.
WHIRLPOOL,INE716A01013,2021-09-30,2026-09-07,RESEARCH_READY,nifty500_membership_period_default,,OFFICIAL_EVENTS_PARTIAL,CORPORATE_ACTION_EXCLUSIONS_V1,True,Default research eligibility for reconstructed Nifty 500 membership period.
WIPRO,INE075A01022,2021-09-30,2026-09-07,RESEARCH_READY,nifty500_membership_period_default,,OFFICIAL_EVENTS_PARTIAL,CORPORATE_ACTION_EXCLUSIONS_V1,True,Default research eligibility for reconstructed Nifty 500 membership period.
WOCKPHARMA,INE049B01025,2021-09-30,2023-03-30,RESEARCH_READY,nifty500_membership_period_default,,OFFICIAL_EVENTS_PARTIAL,CORPORATE_ACTION_EXCLUSIONS_V1,True,Default research eligibility for reconstructed Nifty 500 membership period.
WOCKPHARMA,INE049B01025,2022-03-05,2022-03-18,EXCLUDE_CORPORATE_ACTION_WINDOW,rights_exclusion_v1,nse-ca-6737a36e3b1054ee,OFFICIAL_EVENTS_PARTIAL,CORPORATE_ACTION_EXCLUSIONS_V1,True,"Official event is stored, but current methodology does not create a safe structural adjustment factor."
WOCKPHARMA,INE049B01025,2025-03-28,2026-09-07,RESEARCH_READY,nifty500_membership_period_default,,OFFICIAL_EVENTS_PARTIAL,CORPORATE_ACTION_EXCLUSIONS_V1,True,Default research eligibility for reconstructed Nifty 500 membership period.
YESBANK,INE528G01035,2021-09-30,2026-09-07,RESEARCH_READY,nifty500_membership_period_default,,OFFICIAL_EVENTS_PARTIAL,CORPORATE_ACTION_EXCLUSIONS_V1,True,Default research eligibility for reconstructed Nifty 500 membership period.
ZEEL,INE256A01028,2021-09-30,2026-09-07,RESEARCH_READY,nifty500_membership_period_default,,OFFICIAL_EVENTS_PARTIAL,CORPORATE_ACTION_EXCLUSIONS_V1,True,Default research eligibility for reconstructed Nifty 500 membership period.
ZENSARTECH,INE520A01027,2021-09-30,2026-09-07,RESEARCH_READY,nifty500_membership_period_default,,OFFICIAL_EVENTS_PARTIAL,CORPORATE_ACTION_EXCLUSIONS_V1,True,Default research eligibility for reconstructed Nifty 500 membership period.
ZENTEC,INE251B01027,2025-03-28,2026-09-07,RESEARCH_READY,nifty500_membership_period_default,,OFFICIAL_EVENTS_PARTIAL,CORPORATE_ACTION_EXCLUSIONS_V1,True,Default research eligibility for reconstructed Nifty 500 membership period.
ZFCVINDIA,INE342J01019,2021-09-30,2026-09-07,RESEARCH_READY,nifty500_membership_period_default,,OFFICIAL_EVENTS_PARTIAL,CORPORATE_ACTION_EXCLUSIONS_V1,True,Default research eligibility for reconstructed Nifty 500 membership period.
ZYDUSLIFE,INE010B01027,2021-09-30,2026-09-07,RESEARCH_READY,nifty500_membership_period_default,,OFFICIAL_EVENTS_PARTIAL,CORPORATE_ACTION_EXCLUSIONS_V1,True,Default research eligibility for reconstructed Nifty 500 membership period.
ZYDUSWELL,INE768C01028,2021-09-30,2024-03-27,RESEARCH_READY,nifty500_membership_period_default,,OFFICIAL_EVENTS_PARTIAL,CORPORATE_ACTION_EXCLUSIONS_V1,True,Default research eligibility for reconstructed Nifty 500 membership period.
ZYDUSWELL,INE768C01028,2026-03-30,2026-09-07,RESEARCH_READY,nifty500_membership_period_default,,OFFICIAL_EVENTS_PARTIAL,CORPORATE_ACTION_EXCLUSIONS_V1,True,Default research eligibility for reconstructed Nifty 500 membership period.
