index_name,company_name_original,company_name_normalized,symbol,isin,event_type,announced_date,effective_date,source_document,source_reference,mapping_method,mapping_confidence,extraction_confidence,review_status,notes
NIFTY 500,Gland Pharma Ltd.,GLAND PHARMA,GLAND,INE068V01023,ADDED,2021-06-15,2021-06-30,C:\Users\cores\OneDrive\Desktop\Personal Project\InterSignal\data\reference\nifty500\history\raw\ind_prs15062021.pdf,https://www.niftyindices.com/Press_Release/ind_prs15062021.pdf,EXPLICIT_SYMBOL,HIGH,HIGH,PARSED,"Replacements in Indices w.e.f. June 30, 2021"
NIFTY 500,Motherson Sumi Systems Ltd.,MOTHERSON SUMI SYSTEMS,MOTHERSUMI,,REMOVED,2021-06-15,2021-06-30,C:\Users\cores\OneDrive\Desktop\Personal Project\InterSignal\data\reference\nifty500\history\raw\ind_prs15062021.pdf,https://www.niftyindices.com/Press_Release/ind_prs15062021.pdf,EXPLICIT_SYMBOL,HIGH,HIGH,PARSED,"Replacements in Indices w.e.f. June 30, 2021"
NIFTY 500,Anupam Rasayan India Ltd.,ANUPAM RASAYAN INDIA,ANURAS,INE930P01018,ADDED,2021-09-15,2021-09-30,C:\Users\cores\OneDrive\Desktop\Personal Project\InterSignal\data\reference\nifty500\history\raw\ind_prs15092021.pdf,https://www.niftyindices.com/Press_Release/ind_prs15092021.pdf,EXPLICIT_SYMBOL,HIGH,HIGH,PARSED,Replacements in indices and revision in criteria
NIFTY 500,CG Power and Industrial Solutions Ltd.,CG POWER AND INDUSTRIAL SOLUTIONS,CGPOWER,INE067A01029,ADDED,2021-09-15,2021-09-30,C:\Users\cores\OneDrive\Desktop\Personal Project\InterSignal\data\reference\nifty500\history\raw\ind_prs15092021.pdf,https://www.niftyindices.com/Press_Release/ind_prs15092021.pdf,EXPLICIT_SYMBOL,HIGH,HIGH,PARSED,Replacements in indices and revision in criteria
NIFTY 500,Equitas Small Finance Bank Ltd.,EQUITAS SMALL FINANCE BANK,EQUITASBNK,,ADDED,2021-09-15,2021-09-30,C:\Users\cores\OneDrive\Desktop\Personal Project\InterSignal\data\reference\nifty500\history\raw\ind_prs15092021.pdf,https://www.niftyindices.com/Press_Release/ind_prs15092021.pdf,EXPLICIT_SYMBOL,HIGH,HIGH,PARSED,Replacements in indices and revision in criteria
NIFTY 500,Fertilisers and Chemicals Travancore Ltd.,FERTILISERS AND CHEMICALS TRAVANCORE,FACT,INE188A01015,ADDED,2021-09-15,2021-09-30,C:\Users\cores\OneDrive\Desktop\Personal Project\InterSignal\data\reference\nifty500\history\raw\ind_prs15092021.pdf,https://www.niftyindices.com/Press_Release/ind_prs15092021.pdf,EXPLICIT_SYMBOL,HIGH,HIGH,PARSED,Replacements in indices and revision in criteria
NIFTY 500,Hathway Cable & Datacom Ltd.,HATHWAY CABLE AND DATACOM,HATHWAY,,ADDED,2021-09-15,2021-09-30,C:\Users\cores\OneDrive\Desktop\Personal Project\InterSignal\data\reference\nifty500\history\raw\ind_prs15092021.pdf,https://www.niftyindices.com/Press_Release/ind_prs15092021.pdf,EXPLICIT_SYMBOL,HIGH,HIGH,PARSED,Replacements in indices and revision in criteria
NIFTY 500,Hinduja Global Solutions Ltd.,HINDUJA GLOBAL SOLUTIONS,HGS,,ADDED,2021-09-15,2021-09-30,C:\Users\cores\OneDrive\Desktop\Personal Project\InterSignal\data\reference\nifty500\history\raw\ind_prs15092021.pdf,https://www.niftyindices.com/Press_Release/ind_prs15092021.pdf,EXPLICIT_SYMBOL,HIGH,HIGH,PARSED,Replacements in indices and revision in criteria
NIFTY 500,Hikal Ltd.,HIKAL,HIKAL,,ADDED,2021-09-15,2021-09-30,C:\Users\cores\OneDrive\Desktop\Personal Project\InterSignal\data\reference\nifty500\history\raw\ind_prs15092021.pdf,https://www.niftyindices.com/Press_Release/ind_prs15092021.pdf,EXPLICIT_SYMBOL,HIGH,HIGH,PARSED,Replacements in indices and revision in criteria
NIFTY 500,Home First Finance Company India Ltd.,HOME FIRST FINANCE COMPANY INDIA,HOMEFIRST,INE481N01025,ADDED,2021-09-15,2021-09-30,C:\Users\cores\OneDrive\Desktop\Personal Project\InterSignal\data\reference\nifty500\history\raw\ind_prs15092021.pdf,https://www.niftyindices.com/Press_Release/ind_prs15092021.pdf,EXPLICIT_SYMBOL,HIGH,HIGH,PARSED,Replacements in indices and revision in criteria
NIFTY 500,Indigo Paints Ltd.,INDIGO PAINTS,INDIGOPNTS,,ADDED,2021-09-15,2021-09-30,C:\Users\cores\OneDrive\Desktop\Personal Project\InterSignal\data\reference\nifty500\history\raw\ind_prs15092021.pdf,https://www.niftyindices.com/Press_Release/ind_prs15092021.pdf,EXPLICIT_SYMBOL,HIGH,HIGH,PARSED,Replacements in indices and revision in criteria
NIFTY 500,Indian Railway Finance Corporation Ltd.,INDIAN RAILWAY FINANCE CORPORATION,IRFC,INE053F01010,ADDED,2021-09-15,2021-09-30,C:\Users\cores\OneDrive\Desktop\Personal Project\InterSignal\data\reference\nifty500\history\raw\ind_prs15092021.pdf,https://www.niftyindices.com/Press_Release/ind_prs15092021.pdf,EXPLICIT_SYMBOL,HIGH,HIGH,PARSED,Replacements in indices and revision in criteria
NIFTY 500,Jubilant Ingrevia Ltd.,JUBILANT INGREVIA,JUBLINGREA,INE0BY001018,ADDED,2021-09-15,2021-09-30,C:\Users\cores\OneDrive\Desktop\Personal Project\InterSignal\data\reference\nifty500\history\raw\ind_prs15092021.pdf,https://www.niftyindices.com/Press_Release/ind_prs15092021.pdf,EXPLICIT_SYMBOL,HIGH,HIGH,PARSED,Replacements in indices and revision in criteria
NIFTY 500,Jubilant Pharmova Ltd.,JUBILANT PHARMOVA,JUBLPHARMA,INE700A01033,ADDED,2021-09-15,2021-09-30,C:\Users\cores\OneDrive\Desktop\Personal Project\InterSignal\data\reference\nifty500\history\raw\ind_prs15092021.pdf,https://www.niftyindices.com/Press_Release/ind_prs15092021.pdf,EXPLICIT_SYMBOL,HIGH,HIGH,PARSED,Replacements in indices and revision in criteria
NIFTY 500,Kalyan Jewellers India Ltd.,KALYAN JEWELLERS INDIA,KALYANKJIL,INE303R01014,ADDED,2021-09-15,2021-09-30,C:\Users\cores\OneDrive\Desktop\Personal Project\InterSignal\data\reference\nifty500\history\raw\ind_prs15092021.pdf,https://www.niftyindices.com/Press_Release/ind_prs15092021.pdf,EXPLICIT_SYMBOL,HIGH,HIGH,PARSED,Replacements in indices and revision in criteria
NIFTY 500,Macrotech Developers Ltd.,MACROTECH DEVELOPERS,LODHA,INE670K01029,ADDED,2021-09-15,2021-09-30,C:\Users\cores\OneDrive\Desktop\Personal Project\InterSignal\data\reference\nifty500\history\raw\ind_prs15092021.pdf,https://www.niftyindices.com/Press_Release/ind_prs15092021.pdf,EXPLICIT_SYMBOL,HIGH,HIGH,PARSED,Replacements in indices and revision in criteria
NIFTY 500,Laxmi Organic Industries Ltd.,LAXMI ORGANIC INDUSTRIES,LXCHEM,,ADDED,2021-09-15,2021-09-30,C:\Users\cores\OneDrive\Desktop\Personal Project\InterSignal\data\reference\nifty500\history\raw\ind_prs15092021.pdf,https://www.niftyindices.com/Press_Release/ind_prs15092021.pdf,EXPLICIT_SYMBOL,HIGH,HIGH,PARSED,Replacements in indices and revision in criteria
NIFTY 500,Mastek Ltd.,MASTEK,MASTEK,,ADDED,2021-09-15,2021-09-30,C:\Users\cores\OneDrive\Desktop\Personal Project\InterSignal\data\reference\nifty500\history\raw\ind_prs15092021.pdf,https://www.niftyindices.com/Press_Release/ind_prs15092021.pdf,EXPLICIT_SYMBOL,HIGH,HIGH,PARSED,Replacements in indices and revision in criteria
NIFTY 500,Nazara Technologies Ltd.,NAZARA TECHNOLOGIES,NAZARA,,ADDED,2021-09-15,2021-09-30,C:\Users\cores\OneDrive\Desktop\Personal Project\InterSignal\data\reference\nifty500\history\raw\ind_prs15092021.pdf,https://www.niftyindices.com/Press_Release/ind_prs15092021.pdf,EXPLICIT_SYMBOL,HIGH,HIGH,PARSED,Replacements in indices and revision in criteria
NIFTY 500,Poonawalla Fincorp Ltd.,POONAWALLA FINCORP,POONAWALLA,INE511C01022,ADDED,2021-09-15,2021-09-30,C:\Users\cores\OneDrive\Desktop\Personal Project\InterSignal\data\reference\nifty500\history\raw\ind_prs15092021.pdf,https://www.niftyindices.com/Press_Release/ind_prs15092021.pdf,EXPLICIT_SYMBOL,HIGH,HIGH,PARSED,Replacements in indices and revision in criteria
NIFTY 500,Praj Industries Ltd.,PRAJ INDUSTRIES,PRAJIND,,ADDED,2021-09-15,2021-09-30,C:\Users\cores\OneDrive\Desktop\Personal Project\InterSignal\data\reference\nifty500\history\raw\ind_prs15092021.pdf,https://www.niftyindices.com/Press_Release/ind_prs15092021.pdf,EXPLICIT_SYMBOL,HIGH,HIGH,PARSED,Replacements in indices and revision in criteria
NIFTY 500,Railtel Corporation Of India Ltd.,RAILTEL CORPORATION OF INDIA,RAILTEL,INE0DD101019,ADDED,2021-09-15,2021-09-30,C:\Users\cores\OneDrive\Desktop\Personal Project\InterSignal\data\reference\nifty500\history\raw\ind_prs15092021.pdf,https://www.niftyindices.com/Press_Release/ind_prs15092021.pdf,EXPLICIT_SYMBOL,HIGH,HIGH,PARSED,Replacements in indices and revision in criteria
NIFTY 500,Tata Steel Long Products Ltd.,TATA STEEL LONG PRODUCTS,TATASTLLP,,ADDED,2021-09-15,2021-09-30,C:\Users\cores\OneDrive\Desktop\Personal Project\InterSignal\data\reference\nifty500\history\raw\ind_prs15092021.pdf,https://www.niftyindices.com/Press_Release/ind_prs15092021.pdf,EXPLICIT_SYMBOL,HIGH,HIGH,PARSED,Replacements in indices and revision in criteria
NIFTY 500,Tata Teleservices (Maharashtra) Ltd.,TATA TELESERVICES (MAHARASHTRA),TTML,INE517B01013,ADDED,2021-09-15,2021-09-30,C:\Users\cores\OneDrive\Desktop\Personal Project\InterSignal\data\reference\nifty500\history\raw\ind_prs15092021.pdf,https://www.niftyindices.com/Press_Release/ind_prs15092021.pdf,EXPLICIT_SYMBOL,HIGH,HIGH,PARSED,Replacements in indices and revision in criteria
NIFTY 500,Akzo Nobel India Ltd.,AKZO NOBEL INDIA,AKZOINDIA,,REMOVED,2021-09-15,2021-09-30,C:\Users\cores\OneDrive\Desktop\Personal Project\InterSignal\data\reference\nifty500\history\raw\ind_prs15092021.pdf,https://www.niftyindices.com/Press_Release/ind_prs15092021.pdf,EXPLICIT_SYMBOL,HIGH,HIGH,PARSED,Replacements in indices and revision in criteria
NIFTY 500,Balmer Lawrie & Co. Ltd.,BALMER LAWRIE AND CO,BALMLAWRIE,,REMOVED,2021-09-15,2021-09-30,C:\Users\cores\OneDrive\Desktop\Personal Project\InterSignal\data\reference\nifty500\history\raw\ind_prs15092021.pdf,https://www.niftyindices.com/Press_Release/ind_prs15092021.pdf,EXPLICIT_SYMBOL,HIGH,HIGH,PARSED,Replacements in indices and revision in criteria
NIFTY 500,Bliss GVS Pharma Ltd.,BLISS GVS PHARMA,BLISSGVS,,REMOVED,2021-09-15,2021-09-30,C:\Users\cores\OneDrive\Desktop\Personal Project\InterSignal\data\reference\nifty500\history\raw\ind_prs15092021.pdf,https://www.niftyindices.com/Press_Release/ind_prs15092021.pdf,EXPLICIT_SYMBOL,HIGH,HIGH,PARSED,Replacements in indices and revision in criteria
NIFTY 500,Dishman Carbogen Amcis Ltd.,DISHMAN CARBOGEN AMCIS,DCAL,,REMOVED,2021-09-15,2021-09-30,C:\Users\cores\OneDrive\Desktop\Personal Project\InterSignal\data\reference\nifty500\history\raw\ind_prs15092021.pdf,https://www.niftyindices.com/Press_Release/ind_prs15092021.pdf,EXPLICIT_SYMBOL,HIGH,HIGH,PARSED,Replacements in indices and revision in criteria
NIFTY 500,Dish TV India Ltd.,DISH TV INDIA,DISHTV,,REMOVED,2021-09-15,2021-09-30,C:\Users\cores\OneDrive\Desktop\Personal Project\InterSignal\data\reference\nifty500\history\raw\ind_prs15092021.pdf,https://www.niftyindices.com/Press_Release/ind_prs15092021.pdf,EXPLICIT_SYMBOL,HIGH,HIGH,PARSED,Replacements in indices and revision in criteria
NIFTY 500,Future Consumer Ltd.,FUTURE CONSUMER,FCONSUMER,,REMOVED,2021-09-15,2021-09-30,C:\Users\cores\OneDrive\Desktop\Personal Project\InterSignal\data\reference\nifty500\history\raw\ind_prs15092021.pdf,https://www.niftyindices.com/Press_Release/ind_prs15092021.pdf,EXPLICIT_SYMBOL,HIGH,HIGH,PARSED,Replacements in indices and revision in criteria
NIFTY 500,GE Power India Ltd.,GE POWER INDIA,GEPIL,,REMOVED,2021-09-15,2021-09-30,C:\Users\cores\OneDrive\Desktop\Personal Project\InterSignal\data\reference\nifty500\history\raw\ind_prs15092021.pdf,https://www.niftyindices.com/Press_Release/ind_prs15092021.pdf,EXPLICIT_SYMBOL,HIGH,HIGH,PARSED,Replacements in indices and revision in criteria
NIFTY 500,Garden Reach Shipbuilders & Engineers Ltd.,GARDEN REACH SHIPBUILDERS AND ENGINEERS,GRSE,INE382Z01011,REMOVED,2021-09-15,2021-09-30,C:\Users\cores\OneDrive\Desktop\Personal Project\InterSignal\data\reference\nifty500\history\raw\ind_prs15092021.pdf,https://www.niftyindices.com/Press_Release/ind_prs15092021.pdf,EXPLICIT_SYMBOL,HIGH,HIGH,PARSED,Replacements in indices and revision in criteria
NIFTY 500,Gulf Oil Lubricants India Ltd.,GULF OIL LUBRICANTS INDIA,GULFOILLUB,,REMOVED,2021-09-15,2021-09-30,C:\Users\cores\OneDrive\Desktop\Personal Project\InterSignal\data\reference\nifty500\history\raw\ind_prs15092021.pdf,https://www.niftyindices.com/Press_Release/ind_prs15092021.pdf,EXPLICIT_SYMBOL,HIGH,HIGH,PARSED,Replacements in indices and revision in criteria
NIFTY 500,Himadri Speciality Chemical Ltd.,HIMADRI SPECIALITY CHEMICAL,HSCL,INE019C01026,REMOVED,2021-09-15,2021-09-30,C:\Users\cores\OneDrive\Desktop\Personal Project\InterSignal\data\reference\nifty500\history\raw\ind_prs15092021.pdf,https://www.niftyindices.com/Press_Release/ind_prs15092021.pdf,EXPLICIT_SYMBOL,HIGH,HIGH,PARSED,Replacements in indices and revision in criteria
NIFTY 500,Huhtamaki India Ltd.,HUHTAMAKI INDIA,HUHTAMAKI,,REMOVED,2021-09-15,2021-09-30,C:\Users\cores\OneDrive\Desktop\Personal Project\InterSignal\data\reference\nifty500\history\raw\ind_prs15092021.pdf,https://www.niftyindices.com/Press_Release/ind_prs15092021.pdf,EXPLICIT_SYMBOL,HIGH,HIGH,PARSED,Replacements in indices and revision in criteria
NIFTY 500,JTEKT India Ltd.,JTEKT INDIA,JTEKTINDIA,,REMOVED,2021-09-15,2021-09-30,C:\Users\cores\OneDrive\Desktop\Personal Project\InterSignal\data\reference\nifty500\history\raw\ind_prs15092021.pdf,https://www.niftyindices.com/Press_Release/ind_prs15092021.pdf,EXPLICIT_SYMBOL,HIGH,HIGH,PARSED,Replacements in indices and revision in criteria
NIFTY 500,Maharashtra Scooters Ltd.,MAHARASHTRA SCOOTERS,MAHSCOOTER,,REMOVED,2021-09-15,2021-09-30,C:\Users\cores\OneDrive\Desktop\Personal Project\InterSignal\data\reference\nifty500\history\raw\ind_prs15092021.pdf,https://www.niftyindices.com/Press_Release/ind_prs15092021.pdf,EXPLICIT_SYMBOL,HIGH,HIGH,PARSED,Replacements in indices and revision in criteria
NIFTY 500,Maharashtra Seamless Ltd.,MAHARASHTRA SEAMLESS,MAHSEAMLES,,REMOVED,2021-09-15,2021-09-30,C:\Users\cores\OneDrive\Desktop\Personal Project\InterSignal\data\reference\nifty500\history\raw\ind_prs15092021.pdf,https://www.niftyindices.com/Press_Release/ind_prs15092021.pdf,EXPLICIT_SYMBOL,HIGH,HIGH,PARSED,Replacements in indices and revision in criteria
NIFTY 500,MAS Financial Services Ltd.,MAS FINANCIAL SERVICES,MASFIN,,REMOVED,2021-09-15,2021-09-30,C:\Users\cores\OneDrive\Desktop\Personal Project\InterSignal\data\reference\nifty500\history\raw\ind_prs15092021.pdf,https://www.niftyindices.com/Press_Release/ind_prs15092021.pdf,EXPLICIT_SYMBOL,HIGH,HIGH,PARSED,Replacements in indices and revision in criteria
NIFTY 500,Raymond Ltd.,RAYMOND,RAYMOND,,REMOVED,2021-09-15,2021-09-30,C:\Users\cores\OneDrive\Desktop\Personal Project\InterSignal\data\reference\nifty500\history\raw\ind_prs15092021.pdf,https://www.niftyindices.com/Press_Release/ind_prs15092021.pdf,EXPLICIT_SYMBOL,HIGH,HIGH,PARSED,Replacements in indices and revision in criteria
NIFTY 500,Responsive Industries Ltd.,RESPONSIVE INDUSTRIES,RESPONIND,,REMOVED,2021-09-15,2021-09-30,C:\Users\cores\OneDrive\Desktop\Personal Project\InterSignal\data\reference\nifty500\history\raw\ind_prs15092021.pdf,https://www.niftyindices.com/Press_Release/ind_prs15092021.pdf,EXPLICIT_SYMBOL,HIGH,HIGH,PARSED,Replacements in indices and revision in criteria
NIFTY 500,Shoppers Stop Ltd.,SHOPPERS STOP,SHOPERSTOP,,REMOVED,2021-09-15,2021-09-30,C:\Users\cores\OneDrive\Desktop\Personal Project\InterSignal\data\reference\nifty500\history\raw\ind_prs15092021.pdf,https://www.niftyindices.com/Press_Release/ind_prs15092021.pdf,EXPLICIT_SYMBOL,HIGH,HIGH,PARSED,Replacements in indices and revision in criteria
NIFTY 500,Sundaram Clayton Ltd.,SUNDARAM CLAYTON,SUNCLAYLTD,,REMOVED,2021-09-15,2021-09-30,C:\Users\cores\OneDrive\Desktop\Personal Project\InterSignal\data\reference\nifty500\history\raw\ind_prs15092021.pdf,https://www.niftyindices.com/Press_Release/ind_prs15092021.pdf,EXPLICIT_SYMBOL,HIGH,HIGH,PARSED,Replacements in indices and revision in criteria
NIFTY 500,Swan Energy Ltd.,SWAN ENERGY,SWANENERGY,,REMOVED,2021-09-15,2021-09-30,C:\Users\cores\OneDrive\Desktop\Personal Project\InterSignal\data\reference\nifty500\history\raw\ind_prs15092021.pdf,https://www.niftyindices.com/Press_Release/ind_prs15092021.pdf,EXPLICIT_SYMBOL,HIGH,HIGH,PARSED,Replacements in indices and revision in criteria
NIFTY 500,Tata Investment Corporation Ltd.,TATA INVESTMENT CORPORATION,TATAINVEST,INE672A01026,REMOVED,2021-09-15,2021-09-30,C:\Users\cores\OneDrive\Desktop\Personal Project\InterSignal\data\reference\nifty500\history\raw\ind_prs15092021.pdf,https://www.niftyindices.com/Press_Release/ind_prs15092021.pdf,EXPLICIT_SYMBOL,HIGH,HIGH,PARSED,Replacements in indices and revision in criteria
NIFTY 500,VST Industries Ltd.,VST INDUSTRIES,VSTIND,,REMOVED,2021-09-15,2021-09-30,C:\Users\cores\OneDrive\Desktop\Personal Project\InterSignal\data\reference\nifty500\history\raw\ind_prs15092021.pdf,https://www.niftyindices.com/Press_Release/ind_prs15092021.pdf,EXPLICIT_SYMBOL,HIGH,HIGH,PARSED,Replacements in indices and revision in criteria
NIFTY 500,Sona BLW Precision Forgings Ltd.,SONA BLW PRECISION FORGINGS,SONACOMS,INE073K01018,ADDED,2021-10-22,2021-10-29,C:\Users\cores\OneDrive\Desktop\Personal Project\InterSignal\data\reference\nifty500\history\raw\ind_prs22102021.pdf,https://www.niftyindices.com/Press_Release/ind_prs22102021.pdf,EXPLICIT_SYMBOL,HIGH,HIGH,PARSED,Revision in index maintenance guidelines and replacements in indices
NIFTY 500,GMR Infrastructure Ltd.,GMR INFRASTRUCTURE,GMRINFRA,,REMOVED,2021-10-22,2021-10-29,C:\Users\cores\OneDrive\Desktop\Personal Project\InterSignal\data\reference\nifty500\history\raw\ind_prs22102021.pdf,https://www.niftyindices.com/Press_Release/ind_prs22102021.pdf,EXPLICIT_SYMBOL,HIGH,HIGH,PARSED,Revision in index maintenance guidelines and replacements in indices
NIFTY 500,Aditya Birla Sun Life AMC Ltd.,ADITYA BIRLA SUN LIFE AMC,ABSLAMC,INE404A01024,ADDED,2022-02-24,2022-03-31,C:\Users\cores\OneDrive\Desktop\Personal Project\InterSignal\data\reference\nifty500\history\raw\ind_prs24022022_1.pdf,https://www.niftyindices.com/Press_Release/ind_prs24022022_1.pdf,EXPLICIT_SYMBOL,HIGH,HIGH,PARSED,Revision in criteria and replacements in indices
NIFTY 500,Allcargo Logistics Ltd.,ALLCARGO LOGISTICS,ALLCARGO,,ADDED,2022-02-24,2022-03-31,C:\Users\cores\OneDrive\Desktop\Personal Project\InterSignal\data\reference\nifty500\history\raw\ind_prs24022022_1.pdf,https://www.niftyindices.com/Press_Release/ind_prs24022022_1.pdf,EXPLICIT_SYMBOL,HIGH,HIGH,PARSED,Revision in criteria and replacements in indices
NIFTY 500,Aptus Value Housing Finance India Ltd.,APTUS VALUE HOUSING FINANCE INDIA,APTUS,INE852O01025,ADDED,2022-02-24,2022-03-31,C:\Users\cores\OneDrive\Desktop\Personal Project\InterSignal\data\reference\nifty500\history\raw\ind_prs24022022_1.pdf,https://www.niftyindices.com/Press_Release/ind_prs24022022_1.pdf,EXPLICIT_SYMBOL,HIGH,HIGH,PARSED,Revision in criteria and replacements in indices
NIFTY 500,Brightcom Group Ltd.,BRIGHTCOM GROUP,BCG,,ADDED,2022-02-24,2022-03-31,C:\Users\cores\OneDrive\Desktop\Personal Project\InterSignal\data\reference\nifty500\history\raw\ind_prs24022022_1.pdf,https://www.niftyindices.com/Press_Release/ind_prs24022022_1.pdf,EXPLICIT_SYMBOL,HIGH,HIGH,PARSED,Revision in criteria and replacements in indices
NIFTY 500,Borosil Renewables Ltd.,BOROSIL RENEWABLES,BORORENEW,,ADDED,2022-02-24,2022-03-31,C:\Users\cores\OneDrive\Desktop\Personal Project\InterSignal\data\reference\nifty500\history\raw\ind_prs24022022_1.pdf,https://www.niftyindices.com/Press_Release/ind_prs24022022_1.pdf,EXPLICIT_SYMBOL,HIGH,HIGH,PARSED,Revision in criteria and replacements in indices
NIFTY 500,Chemplast Sanmar Ltd.,CHEMPLAST SANMAR,CHEMPLASTS,,ADDED,2022-02-24,2022-03-31,C:\Users\cores\OneDrive\Desktop\Personal Project\InterSignal\data\reference\nifty500\history\raw\ind_prs24022022_1.pdf,https://www.niftyindices.com/Press_Release/ind_prs24022022_1.pdf,EXPLICIT_SYMBOL,HIGH,HIGH,PARSED,Revision in criteria and replacements in indices
NIFTY 500,Clean Science and Technology Ltd.,CLEAN SCIENCE AND TECHNOLOGY,CLEAN,INE227W01023,ADDED,2022-02-24,2022-03-31,C:\Users\cores\OneDrive\Desktop\Personal Project\InterSignal\data\reference\nifty500\history\raw\ind_prs24022022_1.pdf,https://www.niftyindices.com/Press_Release/ind_prs24022022_1.pdf,EXPLICIT_SYMBOL,HIGH,HIGH,PARSED,Revision in criteria and replacements in indices
NIFTY 500,Devyani International Ltd.,DEVYANI INTERNATIONAL,DEVYANI,INE872J01023,ADDED,2022-02-24,2022-03-31,C:\Users\cores\OneDrive\Desktop\Personal Project\InterSignal\data\reference\nifty500\history\raw\ind_prs24022022_1.pdf,https://www.niftyindices.com/Press_Release/ind_prs24022022_1.pdf,EXPLICIT_SYMBOL,HIGH,HIGH,PARSED,Revision in criteria and replacements in indices
NIFTY 500,Easy Trip Planners Ltd.,EASY TRIP PLANNERS,EASEMYTRIP,,ADDED,2022-02-24,2022-03-31,C:\Users\cores\OneDrive\Desktop\Personal Project\InterSignal\data\reference\nifty500\history\raw\ind_prs24022022_1.pdf,https://www.niftyindices.com/Press_Release/ind_prs24022022_1.pdf,EXPLICIT_SYMBOL,HIGH,HIGH,PARSED,Revision in criteria and replacements in indices
NIFTY 500,Glenmark Life Sciences Ltd.,GLENMARK LIFE SCIENCES,GLS,,ADDED,2022-02-24,2022-03-31,C:\Users\cores\OneDrive\Desktop\Personal Project\InterSignal\data\reference\nifty500\history\raw\ind_prs24022022_1.pdf,https://www.niftyindices.com/Press_Release/ind_prs24022022_1.pdf,EXPLICIT_SYMBOL,HIGH,HIGH,PARSED,Revision in criteria and replacements in indices
NIFTY 500,Go Fashion (India) Ltd.,GO FASHION (INDIA),GOCOLORS,,ADDED,2022-02-24,2022-03-31,C:\Users\cores\OneDrive\Desktop\Personal Project\InterSignal\data\reference\nifty500\history\raw\ind_prs24022022_1.pdf,https://www.niftyindices.com/Press_Release/ind_prs24022022_1.pdf,EXPLICIT_SYMBOL,HIGH,HIGH,PARSED,Revision in criteria and replacements in indices
NIFTY 500,G R Infraprojects Ltd.,G R INFRAPROJECTS,GRINFRA,,ADDED,2022-02-24,2022-03-31,C:\Users\cores\OneDrive\Desktop\Personal Project\InterSignal\data\reference\nifty500\history\raw\ind_prs24022022_1.pdf,https://www.niftyindices.com/Press_Release/ind_prs24022022_1.pdf,EXPLICIT_SYMBOL,HIGH,HIGH,PARSED,Revision in criteria and replacements in indices
NIFTY 500,HLE Glascoat Ltd.,HLE GLASCOAT,HLEGLAS,,ADDED,2022-02-24,2022-03-31,C:\Users\cores\OneDrive\Desktop\Personal Project\InterSignal\data\reference\nifty500\history\raw\ind_prs24022022_1.pdf,https://www.niftyindices.com/Press_Release/ind_prs24022022_1.pdf,EXPLICIT_SYMBOL,HIGH,HIGH,PARSED,Revision in criteria and replacements in indices
NIFTY 500,Krishna Institute of Medical Sciences Ltd.,KRISHNA INSTITUTE OF MEDICAL SCIENCES,KIMS,INE967H01025,ADDED,2022-02-24,2022-03-31,C:\Users\cores\OneDrive\Desktop\Personal Project\InterSignal\data\reference\nifty500\history\raw\ind_prs24022022_1.pdf,https://www.niftyindices.com/Press_Release/ind_prs24022022_1.pdf,EXPLICIT_SYMBOL,HIGH,HIGH,PARSED,Revision in criteria and replacements in indices
NIFTY 500,Latent View Analytics Ltd.,LATENT VIEW ANALYTICS,LATENTVIEW,INE0I7C01011,ADDED,2022-02-24,2022-03-31,C:\Users\cores\OneDrive\Desktop\Personal Project\InterSignal\data\reference\nifty500\history\raw\ind_prs24022022_1.pdf,https://www.niftyindices.com/Press_Release/ind_prs24022022_1.pdf,EXPLICIT_SYMBOL,HIGH,HIGH,PARSED,Revision in criteria and replacements in indices
NIFTY 500,C.E. Info Systems Ltd.,CE INFO SYSTEMS,MAPMYINDIA,INE0BV301023,ADDED,2022-02-24,2022-03-31,C:\Users\cores\OneDrive\Desktop\Personal Project\InterSignal\data\reference\nifty500\history\raw\ind_prs24022022_1.pdf,https://www.niftyindices.com/Press_Release/ind_prs24022022_1.pdf,EXPLICIT_SYMBOL,HIGH,HIGH,PARSED,Revision in criteria and replacements in indices
NIFTY 500,Medplus Health Services Ltd.,MEDPLUS HEALTH SERVICES,MEDPLUS,,ADDED,2022-02-24,2022-03-31,C:\Users\cores\OneDrive\Desktop\Personal Project\InterSignal\data\reference\nifty500\history\raw\ind_prs24022022_1.pdf,https://www.niftyindices.com/Press_Release/ind_prs24022022_1.pdf,EXPLICIT_SYMBOL,HIGH,HIGH,PARSED,Revision in criteria and replacements in indices
NIFTY 500,Metro Brands Ltd.,METRO BRANDS,METROBRAND,,ADDED,2022-02-24,2022-03-31,C:\Users\cores\OneDrive\Desktop\Personal Project\InterSignal\data\reference\nifty500\history\raw\ind_prs24022022_1.pdf,https://www.niftyindices.com/Press_Release/ind_prs24022022_1.pdf,EXPLICIT_SYMBOL,HIGH,HIGH,PARSED,Revision in criteria and replacements in indices
NIFTY 500,Nuvoco Vistas Corporation Ltd.,NUVOCO VISTAS CORPORATION,NUVOCO,INE118D01016,ADDED,2022-02-24,2022-03-31,C:\Users\cores\OneDrive\Desktop\Personal Project\InterSignal\data\reference\nifty500\history\raw\ind_prs24022022_1.pdf,https://www.niftyindices.com/Press_Release/ind_prs24022022_1.pdf,EXPLICIT_SYMBOL,HIGH,HIGH,PARSED,Revision in criteria and replacements in indices
NIFTY 500,FSN E-Commerce Ventures Ltd.,FSN E COMMERCE VENTURES,NYKAA,INE388Y01029,ADDED,2022-02-24,2022-03-31,C:\Users\cores\OneDrive\Desktop\Personal Project\InterSignal\data\reference\nifty500\history\raw\ind_prs24022022_1.pdf,https://www.niftyindices.com/Press_Release/ind_prs24022022_1.pdf,EXPLICIT_SYMBOL,HIGH,HIGH,PARSED,Revision in criteria and replacements in indices
NIFTY 500,One 97 Communications Ltd.,ONE 97 COMMUNICATIONS,PAYTM,INE982J01020,ADDED,2022-02-24,2022-03-31,C:\Users\cores\OneDrive\Desktop\Personal Project\InterSignal\data\reference\nifty500\history\raw\ind_prs24022022_1.pdf,https://www.niftyindices.com/Press_Release/ind_prs24022022_1.pdf,EXPLICIT_SYMBOL,HIGH,HIGH,PARSED,Revision in criteria and replacements in indices
NIFTY 500,PB Fintech Ltd.,PB FINTECH,POLICYBZR,INE417T01026,ADDED,2022-02-24,2022-03-31,C:\Users\cores\OneDrive\Desktop\Personal Project\InterSignal\data\reference\nifty500\history\raw\ind_prs24022022_1.pdf,https://www.niftyindices.com/Press_Release/ind_prs24022022_1.pdf,EXPLICIT_SYMBOL,HIGH,HIGH,PARSED,Revision in criteria and replacements in indices
NIFTY 500,Privi Speciality Chemicals Ltd.,PRIVI SPECIALITY CHEMICALS,PRIVISCL,,ADDED,2022-02-24,2022-03-31,C:\Users\cores\OneDrive\Desktop\Personal Project\InterSignal\data\reference\nifty500\history\raw\ind_prs24022022_1.pdf,https://www.niftyindices.com/Press_Release/ind_prs24022022_1.pdf,EXPLICIT_SYMBOL,HIGH,HIGH,PARSED,Revision in criteria and replacements in indices
NIFTY 500,Shree Renuka Sugars Ltd.,SHREE RENUKA SUGARS,RENUKA,,ADDED,2022-02-24,2022-03-31,C:\Users\cores\OneDrive\Desktop\Personal Project\InterSignal\data\reference\nifty500\history\raw\ind_prs24022022_1.pdf,https://www.niftyindices.com/Press_Release/ind_prs24022022_1.pdf,EXPLICIT_SYMBOL,HIGH,HIGH,PARSED,Revision in criteria and replacements in indices
NIFTY 500,RattanIndia Enterprises Ltd.,RATTANINDIA ENTERPRISES,RTNINDIA,,ADDED,2022-02-24,2022-03-31,C:\Users\cores\OneDrive\Desktop\Personal Project\InterSignal\data\reference\nifty500\history\raw\ind_prs24022022_1.pdf,https://www.niftyindices.com/Press_Release/ind_prs24022022_1.pdf,EXPLICIT_SYMBOL,HIGH,HIGH,PARSED,Revision in criteria and replacements in indices
NIFTY 500,Sapphire Foods India Ltd.,SAPPHIRE FOODS INDIA,SAPPHIRE,INE806T01020,ADDED,2022-02-24,2022-03-31,C:\Users\cores\OneDrive\Desktop\Personal Project\InterSignal\data\reference\nifty500\history\raw\ind_prs24022022_1.pdf,https://www.niftyindices.com/Press_Release/ind_prs24022022_1.pdf,EXPLICIT_SYMBOL,HIGH,HIGH,PARSED,Revision in criteria and replacements in indices
NIFTY 500,Saregama India Ltd,SAREGAMA INDIA,SAREGAMA,INE979A01025,ADDED,2022-02-24,2022-03-31,C:\Users\cores\OneDrive\Desktop\Personal Project\InterSignal\data\reference\nifty500\history\raw\ind_prs24022022_1.pdf,https://www.niftyindices.com/Press_Release/ind_prs24022022_1.pdf,EXPLICIT_SYMBOL,HIGH,HIGH,PARSED,Revision in criteria and replacements in indices
NIFTY 500,Shyam Metalics and Energy Ltd.,SHYAM METALICS AND ENERGY,SHYAMMETL,INE810G01011,ADDED,2022-02-24,2022-03-31,C:\Users\cores\OneDrive\Desktop\Personal Project\InterSignal\data\reference\nifty500\history\raw\ind_prs24022022_1.pdf,https://www.niftyindices.com/Press_Release/ind_prs24022022_1.pdf,EXPLICIT_SYMBOL,HIGH,HIGH,PARSED,Revision in criteria and replacements in indices
NIFTY 500,Star Health and Allied Insurance Company Ltd.,STAR HEALTH AND ALLIED INSURANCE COMPANY,STARHEALTH,INE575P01011,ADDED,2022-02-24,2022-03-31,C:\Users\cores\OneDrive\Desktop\Personal Project\InterSignal\data\reference\nifty500\history\raw\ind_prs24022022_1.pdf,https://www.niftyindices.com/Press_Release/ind_prs24022022_1.pdf,EXPLICIT_SYMBOL,HIGH,HIGH,PARSED,Revision in criteria and replacements in indices
NIFTY 500,Tata Investment Corporation Ltd.,TATA INVESTMENT CORPORATION,TATAINVEST,INE672A01026,ADDED,2022-02-24,2022-03-31,C:\Users\cores\OneDrive\Desktop\Personal Project\InterSignal\data\reference\nifty500\history\raw\ind_prs24022022_1.pdf,https://www.niftyindices.com/Press_Release/ind_prs24022022_1.pdf,EXPLICIT_SYMBOL,HIGH,HIGH,PARSED,Revision in criteria and replacements in indices
NIFTY 500,Vijaya Diagnostic Centre Ltd.,VIJAYA DIAGNOSTIC CENTRE,VIJAYA,INE043W01024,ADDED,2022-02-24,2022-03-31,C:\Users\cores\OneDrive\Desktop\Personal Project\InterSignal\data\reference\nifty500\history\raw\ind_prs24022022_1.pdf,https://www.niftyindices.com/Press_Release/ind_prs24022022_1.pdf,EXPLICIT_SYMBOL,HIGH,HIGH,PARSED,Revision in criteria and replacements in indices
NIFTY 500,Zomato Ltd.,ZOMATO,ZOMATO,,ADDED,2022-02-24,2022-03-31,C:\Users\cores\OneDrive\Desktop\Personal Project\InterSignal\data\reference\nifty500\history\raw\ind_prs24022022_1.pdf,https://www.niftyindices.com/Press_Release/ind_prs24022022_1.pdf,EXPLICIT_SYMBOL,HIGH,HIGH,PARSED,Revision in criteria and replacements in indices
NIFTY 500,Alembic Ltd.,ALEMBIC,ALEMBICLTD,,REMOVED,2022-02-24,2022-03-31,C:\Users\cores\OneDrive\Desktop\Personal Project\InterSignal\data\reference\nifty500\history\raw\ind_prs24022022_1.pdf,https://www.niftyindices.com/Press_Release/ind_prs24022022_1.pdf,EXPLICIT_SYMBOL,HIGH,HIGH,PARSED,Revision in criteria and replacements in indices
NIFTY 500,Ashoka Buildcon Ltd.,ASHOKA BUILDCON,ASHOKA,,REMOVED,2022-02-24,2022-03-31,C:\Users\cores\OneDrive\Desktop\Personal Project\InterSignal\data\reference\nifty500\history\raw\ind_prs24022022_1.pdf,https://www.niftyindices.com/Press_Release/ind_prs24022022_1.pdf,EXPLICIT_SYMBOL,HIGH,HIGH,PARSED,Revision in criteria and replacements in indices
NIFTY 500,Bajaj Consumer Care Ltd.,BAJAJ CONSUMER CARE,BAJAJCON,,REMOVED,2022-02-24,2022-03-31,C:\Users\cores\OneDrive\Desktop\Personal Project\InterSignal\data\reference\nifty500\history\raw\ind_prs24022022_1.pdf,https://www.niftyindices.com/Press_Release/ind_prs24022022_1.pdf,EXPLICIT_SYMBOL,HIGH,HIGH,PARSED,Revision in criteria and replacements in indices
NIFTY 500,Bharat Rasayan Ltd.,BHARAT RASAYAN,BHARATRAS,,REMOVED,2022-02-24,2022-03-31,C:\Users\cores\OneDrive\Desktop\Personal Project\InterSignal\data\reference\nifty500\history\raw\ind_prs24022022_1.pdf,https://www.niftyindices.com/Press_Release/ind_prs24022022_1.pdf,EXPLICIT_SYMBOL,HIGH,HIGH,PARSED,Revision in criteria and replacements in indices
NIFTY 500,Capri Global Capital Ltd.,CAPRI GLOBAL CAPITAL,CGCL,INE180C01042,REMOVED,2022-02-24,2022-03-31,C:\Users\cores\OneDrive\Desktop\Personal Project\InterSignal\data\reference\nifty500\history\raw\ind_prs24022022_1.pdf,https://www.niftyindices.com/Press_Release/ind_prs24022022_1.pdf,EXPLICIT_SYMBOL,HIGH,HIGH,PARSED,Revision in criteria and replacements in indices
NIFTY 500,DCB Bank Ltd.,DCB BANK,DCBBANK,,REMOVED,2022-02-24,2022-03-31,C:\Users\cores\OneDrive\Desktop\Personal Project\InterSignal\data\reference\nifty500\history\raw\ind_prs24022022_1.pdf,https://www.niftyindices.com/Press_Release/ind_prs24022022_1.pdf,EXPLICIT_SYMBOL,HIGH,HIGH,PARSED,Revision in criteria and replacements in indices
NIFTY 500,Dhanuka Agritech Ltd.,DHANUKA AGRITECH,DHANUKA,,REMOVED,2022-02-24,2022-03-31,C:\Users\cores\OneDrive\Desktop\Personal Project\InterSignal\data\reference\nifty500\history\raw\ind_prs24022022_1.pdf,https://www.niftyindices.com/Press_Release/ind_prs24022022_1.pdf,EXPLICIT_SYMBOL,HIGH,HIGH,PARSED,Revision in criteria and replacements in indices
NIFTY 500,Future Retail Ltd.,FUTURE RETAIL,FRETAIL,,REMOVED,2022-02-24,2022-03-31,C:\Users\cores\OneDrive\Desktop\Personal Project\InterSignal\data\reference\nifty500\history\raw\ind_prs24022022_1.pdf,https://www.niftyindices.com/Press_Release/ind_prs24022022_1.pdf,EXPLICIT_SYMBOL,HIGH,HIGH,PARSED,Revision in criteria and replacements in indices
NIFTY 500,Gillette India Ltd.,GILLETTE INDIA,GILLETTE,INE322A01010,REMOVED,2022-02-24,2022-03-31,C:\Users\cores\OneDrive\Desktop\Personal Project\InterSignal\data\reference\nifty500\history\raw\ind_prs24022022_1.pdf,https://www.niftyindices.com/Press_Release/ind_prs24022022_1.pdf,EXPLICIT_SYMBOL,HIGH,HIGH,PARSED,Revision in criteria and replacements in indices
NIFTY 500,Greaves Cotton Ltd.,GREAVES COTTON,GREAVESCOT,,REMOVED,2022-02-24,2022-03-31,C:\Users\cores\OneDrive\Desktop\Personal Project\InterSignal\data\reference\nifty500\history\raw\ind_prs24022022_1.pdf,https://www.niftyindices.com/Press_Release/ind_prs24022022_1.pdf,EXPLICIT_SYMBOL,HIGH,HIGH,PARSED,Revision in criteria and replacements in indices
NIFTY 500,HeidelbergCement India Ltd.,HEIDELBERGCEMENT INDIA,HEIDELBERG,,REMOVED,2022-02-24,2022-03-31,C:\Users\cores\OneDrive\Desktop\Personal Project\InterSignal\data\reference\nifty500\history\raw\ind_prs24022022_1.pdf,https://www.niftyindices.com/Press_Release/ind_prs24022022_1.pdf,EXPLICIT_SYMBOL,HIGH,HIGH,PARSED,Revision in criteria and replacements in indices
NIFTY 500,Ingersoll Rand (India) Ltd.,INGERSOLL RAND (INDIA),INGERRAND,,REMOVED,2022-02-24,2022-03-31,C:\Users\cores\OneDrive\Desktop\Personal Project\InterSignal\data\reference\nifty500\history\raw\ind_prs24022022_1.pdf,https://www.niftyindices.com/Press_Release/ind_prs24022022_1.pdf,EXPLICIT_SYMBOL,HIGH,HIGH,PARSED,Revision in criteria and replacements in indices
NIFTY 500,IOL Chem and Pharma Ltd.,IOL CHEM AND PHARMA,IOLCP,,REMOVED,2022-02-24,2022-03-31,C:\Users\cores\OneDrive\Desktop\Personal Project\InterSignal\data\reference\nifty500\history\raw\ind_prs24022022_1.pdf,https://www.niftyindices.com/Press_Release/ind_prs24022022_1.pdf,EXPLICIT_SYMBOL,HIGH,HIGH,PARSED,Revision in criteria and replacements in indices
NIFTY 500,Johnson Controls - Hitachi Air Conditioning India Ltd.,JOHNSON CONTROLS HITACHI AIR CONDITIONING INDIA,JCHAC,,REMOVED,2022-02-24,2022-03-31,C:\Users\cores\OneDrive\Desktop\Personal Project\InterSignal\data\reference\nifty500\history\raw\ind_prs24022022_1.pdf,https://www.niftyindices.com/Press_Release/ind_prs24022022_1.pdf,EXPLICIT_SYMBOL,HIGH,HIGH,PARSED,Revision in criteria and replacements in indices
NIFTY 500,Jindal Saw Ltd.,JINDAL SAW,JINDALSAW,INE324A01032,REMOVED,2022-02-24,2022-03-31,C:\Users\cores\OneDrive\Desktop\Personal Project\InterSignal\data\reference\nifty500\history\raw\ind_prs24022022_1.pdf,https://www.niftyindices.com/Press_Release/ind_prs24022022_1.pdf,EXPLICIT_SYMBOL,HIGH,HIGH,PARSED,Revision in criteria and replacements in indices
NIFTY 500,JK Tyre & Industries Ltd.,JK TYRE AND INDUSTRIES,JKTYRE,INE573A01042,REMOVED,2022-02-24,2022-03-31,C:\Users\cores\OneDrive\Desktop\Personal Project\InterSignal\data\reference\nifty500\history\raw\ind_prs24022022_1.pdf,https://www.niftyindices.com/Press_Release/ind_prs24022022_1.pdf,EXPLICIT_SYMBOL,HIGH,HIGH,PARSED,Revision in criteria and replacements in indices
NIFTY 500,KSB Ltd.,KSB,KSB,,REMOVED,2022-02-24,2022-03-31,C:\Users\cores\OneDrive\Desktop\Personal Project\InterSignal\data\reference\nifty500\history\raw\ind_prs24022022_1.pdf,https://www.niftyindices.com/Press_Release/ind_prs24022022_1.pdf,EXPLICIT_SYMBOL,HIGH,HIGH,PARSED,Revision in criteria and replacements in indices
NIFTY 500,Kaveri Seed Company Ltd.,KAVERI SEED COMPANY,KSCL,,REMOVED,2022-02-24,2022-03-31,C:\Users\cores\OneDrive\Desktop\Personal Project\InterSignal\data\reference\nifty500\history\raw\ind_prs24022022_1.pdf,https://www.niftyindices.com/Press_Release/ind_prs24022022_1.pdf,EXPLICIT_SYMBOL,HIGH,HIGH,PARSED,Revision in criteria and replacements in indices
NIFTY 500,La Opala RG Ltd.,LA OPALA RG,LAOPALA,,REMOVED,2022-02-24,2022-03-31,C:\Users\cores\OneDrive\Desktop\Personal Project\InterSignal\data\reference\nifty500\history\raw\ind_prs24022022_1.pdf,https://www.niftyindices.com/Press_Release/ind_prs24022022_1.pdf,EXPLICIT_SYMBOL,HIGH,HIGH,PARSED,Revision in criteria and replacements in indices
NIFTY 500,Lemon Tree Hotels Ltd.,LEMON TREE HOTELS,LEMONTREE,INE970X01018,REMOVED,2022-02-24,2022-03-31,C:\Users\cores\OneDrive\Desktop\Personal Project\InterSignal\data\reference\nifty500\history\raw\ind_prs24022022_1.pdf,https://www.niftyindices.com/Press_Release/ind_prs24022022_1.pdf,EXPLICIT_SYMBOL,HIGH,HIGH,PARSED,Revision in criteria and replacements in indices
NIFTY 500,Mishra Dhatu Nigam Ltd.,MISHRA DHATU NIGAM,MIDHANI,,REMOVED,2022-02-24,2022-03-31,C:\Users\cores\OneDrive\Desktop\Personal Project\InterSignal\data\reference\nifty500\history\raw\ind_prs24022022_1.pdf,https://www.niftyindices.com/Press_Release/ind_prs24022022_1.pdf,EXPLICIT_SYMBOL,HIGH,HIGH,PARSED,Revision in criteria and replacements in indices
NIFTY 500,Minda Corporation Ltd.,MINDA CORPORATION,MINDACORP,INE842C01021,REMOVED,2022-02-24,2022-03-31,C:\Users\cores\OneDrive\Desktop\Personal Project\InterSignal\data\reference\nifty500\history\raw\ind_prs24022022_1.pdf,https://www.niftyindices.com/Press_Release/ind_prs24022022_1.pdf,EXPLICIT_SYMBOL,HIGH,HIGH,PARSED,Revision in criteria and replacements in indices
NIFTY 500,National Fertilizers Ltd.,NATIONAL FERTILIZERS,NFL,,REMOVED,2022-02-24,2022-03-31,C:\Users\cores\OneDrive\Desktop\Personal Project\InterSignal\data\reference\nifty500\history\raw\ind_prs24022022_1.pdf,https://www.niftyindices.com/Press_Release/ind_prs24022022_1.pdf,EXPLICIT_SYMBOL,HIGH,HIGH,PARSED,Revision in criteria and replacements in indices
NIFTY 500,Nilkamal Ltd.,NILKAMAL,NILKAMAL,,REMOVED,2022-02-24,2022-03-31,C:\Users\cores\OneDrive\Desktop\Personal Project\InterSignal\data\reference\nifty500\history\raw\ind_prs24022022_1.pdf,https://www.niftyindices.com/Press_Release/ind_prs24022022_1.pdf,EXPLICIT_SYMBOL,HIGH,HIGH,PARSED,Revision in criteria and replacements in indices
NIFTY 500,Schneider Electric Infrastructure Ltd.,SCHNEIDER ELECTRIC INFRASTRUCTURE,SCHNEIDER,INE839M01018,REMOVED,2022-02-24,2022-03-31,C:\Users\cores\OneDrive\Desktop\Personal Project\InterSignal\data\reference\nifty500\history\raw\ind_prs24022022_1.pdf,https://www.niftyindices.com/Press_Release/ind_prs24022022_1.pdf,EXPLICIT_SYMBOL,HIGH,HIGH,PARSED,Revision in criteria and replacements in indices
NIFTY 500,Sharda Cropchem Ltd.,SHARDA CROPCHEM,SHARDACROP,,REMOVED,2022-02-24,2022-03-31,C:\Users\cores\OneDrive\Desktop\Personal Project\InterSignal\data\reference\nifty500\history\raw\ind_prs24022022_1.pdf,https://www.niftyindices.com/Press_Release/ind_prs24022022_1.pdf,EXPLICIT_SYMBOL,HIGH,HIGH,PARSED,Revision in criteria and replacements in indices
NIFTY 500,Spandana Sphoorty Financial Ltd.,SPANDANA SPHOORTY FINANCIAL,SPANDANA,,REMOVED,2022-02-24,2022-03-31,C:\Users\cores\OneDrive\Desktop\Personal Project\InterSignal\data\reference\nifty500\history\raw\ind_prs24022022_1.pdf,https://www.niftyindices.com/Press_Release/ind_prs24022022_1.pdf,EXPLICIT_SYMBOL,HIGH,HIGH,PARSED,Revision in criteria and replacements in indices
NIFTY 500,Star Cement Ltd.,STAR CEMENT,STARCEMENT,,REMOVED,2022-02-24,2022-03-31,C:\Users\cores\OneDrive\Desktop\Personal Project\InterSignal\data\reference\nifty500\history\raw\ind_prs24022022_1.pdf,https://www.niftyindices.com/Press_Release/ind_prs24022022_1.pdf,EXPLICIT_SYMBOL,HIGH,HIGH,PARSED,Revision in criteria and replacements in indices
NIFTY 500,Tasty Bite Eatables Ltd.,TASTY BITE EATABLES,TASTYBITE,,REMOVED,2022-02-24,2022-03-31,C:\Users\cores\OneDrive\Desktop\Personal Project\InterSignal\data\reference\nifty500\history\raw\ind_prs24022022_1.pdf,https://www.niftyindices.com/Press_Release/ind_prs24022022_1.pdf,EXPLICIT_SYMBOL,HIGH,HIGH,PARSED,Revision in criteria and replacements in indices
NIFTY 500,Ujjivan Financial Services Ltd.,UJJIVAN FINANCIAL SERVICES,UJJIVAN,,REMOVED,2022-02-24,2022-03-31,C:\Users\cores\OneDrive\Desktop\Personal Project\InterSignal\data\reference\nifty500\history\raw\ind_prs24022022_1.pdf,https://www.niftyindices.com/Press_Release/ind_prs24022022_1.pdf,EXPLICIT_SYMBOL,HIGH,HIGH,PARSED,Revision in criteria and replacements in indices
NIFTY 500,Ujjivan Small Finance Bank Ltd.,UJJIVAN SMALL FINANCE BANK,UJJIVANSFB,,REMOVED,2022-02-24,2022-03-31,C:\Users\cores\OneDrive\Desktop\Personal Project\InterSignal\data\reference\nifty500\history\raw\ind_prs24022022_1.pdf,https://www.niftyindices.com/Press_Release/ind_prs24022022_1.pdf,EXPLICIT_SYMBOL,HIGH,HIGH,PARSED,Revision in criteria and replacements in indices
NIFTY 500,Valiant Organics Ltd.,VALIANT ORGANICS,VALIANTORG,,REMOVED,2022-02-24,2022-03-31,C:\Users\cores\OneDrive\Desktop\Personal Project\InterSignal\data\reference\nifty500\history\raw\ind_prs24022022_1.pdf,https://www.niftyindices.com/Press_Release/ind_prs24022022_1.pdf,EXPLICIT_SYMBOL,HIGH,HIGH,PARSED,Revision in criteria and replacements in indices
NIFTY 500,MTAR Technologies Ltd.,MTAR TECHNOLOGIES,MTARTECH,,ADDED,2022-04-06,2022-04-07,C:\Users\cores\OneDrive\Desktop\Personal Project\InterSignal\data\reference\nifty500\history\raw\ind_prs06042022.pdf,https://www.niftyindices.com/Press_Release/ind_prs06042022.pdf,EXPLICIT_SYMBOL,HIGH,HIGH,PARSED,"Replacement in indices w.e.f. April 07, 2022"
NIFTY 500,Supreme Petrochem Ltd.,SUPREME PETROCHEM,SUPPETRO,,REMOVED,2022-04-06,2022-04-07,C:\Users\cores\OneDrive\Desktop\Personal Project\InterSignal\data\reference\nifty500\history\raw\ind_prs06042022.pdf,https://www.niftyindices.com/Press_Release/ind_prs06042022.pdf,EXPLICIT_SYMBOL,HIGH,HIGH,PARSED,"Replacement in indices w.e.f. April 07, 2022"
NIFTY 500,Capri Global Capital Ltd.,CAPRI GLOBAL CAPITAL,CGCL,INE180C01042,ADDED,2022-04-05,2022-04-12,C:\Users\cores\OneDrive\Desktop\Personal Project\InterSignal\data\reference\nifty500\history\raw\ind_prs05042022_1.pdf,https://www.niftyindices.com/Press_Release/ind_prs05042022_1.pdf,EXPLICIT_SYMBOL,HIGH,HIGH,PARSED,"Replacements in indices w.e.f. April 12, 2022"
NIFTY 500,BEML Ltd.,BEML,BEML,INE258A01024,REMOVED,2022-04-05,2022-04-12,C:\Users\cores\OneDrive\Desktop\Personal Project\InterSignal\data\reference\nifty500\history\raw\ind_prs05042022_1.pdf,https://www.niftyindices.com/Press_Release/ind_prs05042022_1.pdf,EXPLICIT_SYMBOL,HIGH,HIGH,PARSED,"Replacements in indices w.e.f. April 12, 2022"
NIFTY 500,GMR Infrastructure Ltd.,GMR INFRASTRUCTURE,GMRINFRA,,ADDED,2022-04-05,2022-05-04,C:\Users\cores\OneDrive\Desktop\Personal Project\InterSignal\data\reference\nifty500\history\raw\ind_prs05042022.pdf,https://www.niftyindices.com/Press_Release/ind_prs05042022.pdf,EXPLICIT_SYMBOL,HIGH,HIGH,PARSED,"Replacements in indices w.e.f. May 04, 2022"
NIFTY 500,Aarti Industries Ltd.,AARTI INDUSTRIES,AARTIIND,INE769A01020,REMOVED,2022-04-05,2022-05-04,C:\Users\cores\OneDrive\Desktop\Personal Project\InterSignal\data\reference\nifty500\history\raw\ind_prs05042022.pdf,https://www.niftyindices.com/Press_Release/ind_prs05042022.pdf,EXPLICIT_SYMBOL,HIGH,HIGH,PARSED,"Replacements in indices w.e.f. May 04, 2022"
NIFTY 500,Triveni Engineering & Industries Ltd.,TRIVENI ENGINEERING AND INDUSTRIES,TRIVENI,,ADDED,2022-05-24,2022-05-31,C:\Users\cores\OneDrive\Desktop\Personal Project\InterSignal\data\reference\nifty500\history\raw\ind_prs24052022.pdf,https://www.niftyindices.com/Press_Release/ind_prs24052022.pdf,EXPLICIT_SYMBOL,HIGH,HIGH,PARSED,"Replacement in indices w.e.f. May 31, 2022"
NIFTY 500,Jindal Stainless (Hisar) Ltd.,JINDAL STAINLESS (HISAR),JSLHISAR,,REMOVED,2022-05-24,2022-05-31,C:\Users\cores\OneDrive\Desktop\Personal Project\InterSignal\data\reference\nifty500\history\raw\ind_prs24052022.pdf,https://www.niftyindices.com/Press_Release/ind_prs24052022.pdf,EXPLICIT_SYMBOL,HIGH,HIGH,PARSED,"Replacement in indices w.e.f. May 31, 2022"
NIFTY 500,Campus Activewear Ltd.,CAMPUS ACTIVEWEAR,CAMPUS,,ADDED,2022-07-11,2022-08-08,C:\Users\cores\OneDrive\Desktop\Personal Project\InterSignal\data\reference\nifty500\history\raw\ind_prs11072022.pdf,https://www.niftyindices.com/Press_Release/ind_prs11072022.pdf,EXPLICIT_SYMBOL,HIGH,HIGH,PARSED,"Replacements in indices w.e.f. August 08, 2022"
NIFTY 500,Delhivery Ltd.,DELHIVERY,DELHIVERY,INE148O01028,ADDED,2022-07-11,2022-08-08,C:\Users\cores\OneDrive\Desktop\Personal Project\InterSignal\data\reference\nifty500\history\raw\ind_prs11072022.pdf,https://www.niftyindices.com/Press_Release/ind_prs11072022.pdf,EXPLICIT_SYMBOL,HIGH,HIGH,PARSED,"Replacements in indices w.e.f. August 08, 2022"
NIFTY 500,Life Insurance Corporation of India,LIFE INSURANCE CORPORATION OF INDIA,LICI,INE0J1Y01017,ADDED,2022-07-11,2022-08-08,C:\Users\cores\OneDrive\Desktop\Personal Project\InterSignal\data\reference\nifty500\history\raw\ind_prs11072022.pdf,https://www.niftyindices.com/Press_Release/ind_prs11072022.pdf,EXPLICIT_SYMBOL,HIGH,HIGH,PARSED,"Replacements in indices w.e.f. August 08, 2022"
NIFTY 500,NMDC Ltd.,NMDC,NMDC,INE584A01023,REMOVED,2022-07-11,2022-08-08,C:\Users\cores\OneDrive\Desktop\Personal Project\InterSignal\data\reference\nifty500\history\raw\ind_prs11072022.pdf,https://www.niftyindices.com/Press_Release/ind_prs11072022.pdf,EXPLICIT_SYMBOL,HIGH,HIGH,PARSED,"Replacements in indices w.e.f. August 08, 2022"
NIFTY 500,Piramal Enterprises Ltd.,PIRAMAL ENTERPRISES,PEL,,REMOVED,2022-07-11,2022-08-08,C:\Users\cores\OneDrive\Desktop\Personal Project\InterSignal\data\reference\nifty500\history\raw\ind_prs11072022.pdf,https://www.niftyindices.com/Press_Release/ind_prs11072022.pdf,EXPLICIT_SYMBOL,HIGH,HIGH,PARSED,"Replacements in indices w.e.f. August 08, 2022"
NIFTY 500,Shriram City Union Finance Ltd.,SHRIRAM CITY UNION FINANCE,SHRIRAMCIT,,REMOVED,2022-07-11,2022-08-08,C:\Users\cores\OneDrive\Desktop\Personal Project\InterSignal\data\reference\nifty500\history\raw\ind_prs11072022.pdf,https://www.niftyindices.com/Press_Release/ind_prs11072022.pdf,EXPLICIT_SYMBOL,HIGH,HIGH,PARSED,"Replacements in indices w.e.f. August 08, 2022"
NIFTY 500,Aether Industries Ltd.,AETHER INDUSTRIES,AETHER,,ADDED,2022-09-01,2022-09-30,C:\Users\cores\OneDrive\Desktop\Personal Project\InterSignal\data\reference\nifty500\history\raw\ind_prs01092022.pdf,https://www.niftyindices.com/Press_Release/ind_prs01092022.pdf,EXPLICIT_SYMBOL,HIGH,HIGH,PARSED,"Replacements in indices w.e.f. September 30, 2022"
NIFTY 500,Adani Wilmar Ltd.,ADANI WILMAR,AWL,INE699H01024,ADDED,2022-09-01,2022-09-30,C:\Users\cores\OneDrive\Desktop\Personal Project\InterSignal\data\reference\nifty500\history\raw\ind_prs01092022.pdf,https://www.niftyindices.com/Press_Release/ind_prs01092022.pdf,EXPLICIT_SYMBOL,HIGH,HIGH,PARSED,"Replacements in indices w.e.f. September 30, 2022"
NIFTY 500,Bharat Rasayan Ltd.,BHARAT RASAYAN,BHARATRAS,,ADDED,2022-09-01,2022-09-30,C:\Users\cores\OneDrive\Desktop\Personal Project\InterSignal\data\reference\nifty500\history\raw\ind_prs01092022.pdf,https://www.niftyindices.com/Press_Release/ind_prs01092022.pdf,EXPLICIT_SYMBOL,HIGH,HIGH,PARSED,"Replacements in indices w.e.f. September 30, 2022"
NIFTY 500,Deepak Fertilisers & Petrochemicals Corp. Ltd.,DEEPAK FERTILISERS AND PETROCHEMICALS CORP,DEEPAKFERT,INE501A01019,ADDED,2022-09-01,2022-09-30,C:\Users\cores\OneDrive\Desktop\Personal Project\InterSignal\data\reference\nifty500\history\raw\ind_prs01092022.pdf,https://www.niftyindices.com/Press_Release/ind_prs01092022.pdf,EXPLICIT_SYMBOL,HIGH,HIGH,PARSED,"Replacements in indices w.e.f. September 30, 2022"
NIFTY 500,Greenpanel Industries Ltd.,GREENPANEL INDUSTRIES,GREENPANEL,,ADDED,2022-09-01,2022-09-30,C:\Users\cores\OneDrive\Desktop\Personal Project\InterSignal\data\reference\nifty500\history\raw\ind_prs01092022.pdf,https://www.niftyindices.com/Press_Release/ind_prs01092022.pdf,EXPLICIT_SYMBOL,HIGH,HIGH,PARSED,"Replacements in indices w.e.f. September 30, 2022"
NIFTY 500,JBM Auto Ltd.,JBM AUTO,JBMA,INE927D01051,ADDED,2022-09-01,2022-09-30,C:\Users\cores\OneDrive\Desktop\Personal Project\InterSignal\data\reference\nifty500\history\raw\ind_prs01092022.pdf,https://www.niftyindices.com/Press_Release/ind_prs01092022.pdf,EXPLICIT_SYMBOL,HIGH,HIGH,PARSED,"Replacements in indices w.e.f. September 30, 2022"
NIFTY 500,Mahindra Lifespace Developers Ltd.,MAHINDRA LIFESPACE DEVELOPERS,MAHLIFE,,ADDED,2022-09-01,2022-09-30,C:\Users\cores\OneDrive\Desktop\Personal Project\InterSignal\data\reference\nifty500\history\raw\ind_prs01092022.pdf,https://www.niftyindices.com/Press_Release/ind_prs01092022.pdf,EXPLICIT_SYMBOL,HIGH,HIGH,PARSED,"Replacements in indices w.e.f. September 30, 2022"
NIFTY 500,Vedant Fashions Ltd.,VEDANT FASHIONS,MANYAVAR,,ADDED,2022-09-01,2022-09-30,C:\Users\cores\OneDrive\Desktop\Personal Project\InterSignal\data\reference\nifty500\history\raw\ind_prs01092022.pdf,https://www.niftyindices.com/Press_Release/ind_prs01092022.pdf,EXPLICIT_SYMBOL,HIGH,HIGH,PARSED,"Replacements in indices w.e.f. September 30, 2022"
NIFTY 500,Samvardhana Motherson International Ltd.,SAMVARDHANA MOTHERSON INTERNATIONAL,MOTHERSON,INE775A01035,ADDED,2022-09-01,2022-09-30,C:\Users\cores\OneDrive\Desktop\Personal Project\InterSignal\data\reference\nifty500\history\raw\ind_prs01092022.pdf,https://www.niftyindices.com/Press_Release/ind_prs01092022.pdf,EXPLICIT_SYMBOL,HIGH,HIGH,PARSED,"Replacements in indices w.e.f. September 30, 2022"
NIFTY 500,Motherson Sumi Wiring India Ltd.,MOTHERSON SUMI WIRING INDIA,MSUMI,INE0FS801015,ADDED,2022-09-01,2022-09-30,C:\Users\cores\OneDrive\Desktop\Personal Project\InterSignal\data\reference\nifty500\history\raw\ind_prs01092022.pdf,https://www.niftyindices.com/Press_Release/ind_prs01092022.pdf,EXPLICIT_SYMBOL,HIGH,HIGH,PARSED,"Replacements in indices w.e.f. September 30, 2022"
NIFTY 500,NIIT Ltd.,NIIT,NIITLTD,,ADDED,2022-09-01,2022-09-30,C:\Users\cores\OneDrive\Desktop\Personal Project\InterSignal\data\reference\nifty500\history\raw\ind_prs01092022.pdf,https://www.niftyindices.com/Press_Release/ind_prs01092022.pdf,EXPLICIT_SYMBOL,HIGH,HIGH,PARSED,"Replacements in indices w.e.f. September 30, 2022"
NIFTY 500,Olectra Greentech Ltd.,OLECTRA GREENTECH,OLECTRA,INE260D01016,ADDED,2022-09-01,2022-09-30,C:\Users\cores\OneDrive\Desktop\Personal Project\InterSignal\data\reference\nifty500\history\raw\ind_prs01092022.pdf,https://www.niftyindices.com/Press_Release/ind_prs01092022.pdf,EXPLICIT_SYMBOL,HIGH,HIGH,PARSED,"Replacements in indices w.e.f. September 30, 2022"
NIFTY 500,Patanjali Foods Ltd.,PATANJALI FOODS,PATANJALI,INE619A01035,ADDED,2022-09-01,2022-09-30,C:\Users\cores\OneDrive\Desktop\Personal Project\InterSignal\data\reference\nifty500\history\raw\ind_prs01092022.pdf,https://www.niftyindices.com/Press_Release/ind_prs01092022.pdf,EXPLICIT_SYMBOL,HIGH,HIGH,PARSED,"Replacements in indices w.e.f. September 30, 2022"
NIFTY 500,Raymond Ltd.,RAYMOND,RAYMOND,,ADDED,2022-09-01,2022-09-30,C:\Users\cores\OneDrive\Desktop\Personal Project\InterSignal\data\reference\nifty500\history\raw\ind_prs01092022.pdf,https://www.niftyindices.com/Press_Release/ind_prs01092022.pdf,EXPLICIT_SYMBOL,HIGH,HIGH,PARSED,"Replacements in indices w.e.f. September 30, 2022"
NIFTY 500,Sharda Cropchem Ltd.,SHARDA CROPCHEM,SHARDACROP,,ADDED,2022-09-01,2022-09-30,C:\Users\cores\OneDrive\Desktop\Personal Project\InterSignal\data\reference\nifty500\history\raw\ind_prs01092022.pdf,https://www.niftyindices.com/Press_Release/ind_prs01092022.pdf,EXPLICIT_SYMBOL,HIGH,HIGH,PARSED,"Replacements in indices w.e.f. September 30, 2022"
NIFTY 500,Shoppers Stop Ltd.,SHOPPERS STOP,SHOPERSTOP,,ADDED,2022-09-16,2022-09-30,C:\Users\cores\OneDrive\Desktop\Personal Project\InterSignal\data\reference\nifty500\history\raw\ind_prs16092022.pdf,https://www.niftyindices.com/Press_Release/ind_prs16092022.pdf,EXPLICIT_SYMBOL,HIGH,HIGH,PARSED,"Replacements in indices w.e.f. September 30, 2022"
NIFTY 500,Swan Energy Ltd.,SWAN ENERGY,SWANENERGY,,ADDED,2022-09-01,2022-09-30,C:\Users\cores\OneDrive\Desktop\Personal Project\InterSignal\data\reference\nifty500\history\raw\ind_prs01092022.pdf,https://www.niftyindices.com/Press_Release/ind_prs01092022.pdf,EXPLICIT_SYMBOL,HIGH,HIGH,PARSED,"Replacements in indices w.e.f. September 30, 2022"
NIFTY 500,Transport Corporation of India Ltd.,TRANSPORT CORPORATION OF INDIA,TCI,,ADDED,2022-09-01,2022-09-30,C:\Users\cores\OneDrive\Desktop\Personal Project\InterSignal\data\reference\nifty500\history\raw\ind_prs01092022.pdf,https://www.niftyindices.com/Press_Release/ind_prs01092022.pdf,EXPLICIT_SYMBOL,HIGH,HIGH,PARSED,"Replacements in indices w.e.f. September 30, 2022"
NIFTY 500,Tejas Networks Ltd.,TEJAS NETWORKS,TEJASNET,INE010J01012,ADDED,2022-09-01,2022-09-30,C:\Users\cores\OneDrive\Desktop\Personal Project\InterSignal\data\reference\nifty500\history\raw\ind_prs01092022.pdf,https://www.niftyindices.com/Press_Release/ind_prs01092022.pdf,EXPLICIT_SYMBOL,HIGH,HIGH,PARSED,"Replacements in indices w.e.f. September 30, 2022"
NIFTY 500,Advanced Enzyme Tech Ltd.,ADVANCED ENZYME TECH,ADVENZYMES,,REMOVED,2022-09-01,2022-09-30,C:\Users\cores\OneDrive\Desktop\Personal Project\InterSignal\data\reference\nifty500\history\raw\ind_prs01092022.pdf,https://www.niftyindices.com/Press_Release/ind_prs01092022.pdf,EXPLICIT_SYMBOL,HIGH,HIGH,PARSED,"Replacements in indices w.e.f. September 30, 2022"
NIFTY 500,Equitas Holdings Ltd.,EQUITAS HOLDINGS,EQUITAS,,REMOVED,2022-09-16,2022-09-30,C:\Users\cores\OneDrive\Desktop\Personal Project\InterSignal\data\reference\nifty500\history\raw\ind_prs16092022.pdf,https://www.niftyindices.com/Press_Release/ind_prs16092022.pdf,EXPLICIT_SYMBOL,HIGH,HIGH,PARSED,"Replacements in indices w.e.f. September 30, 2022"
NIFTY 500,Eris Lifesciences Ltd.,ERIS LIFESCIENCES,ERIS,INE406M01024,REMOVED,2022-09-01,2022-09-30,C:\Users\cores\OneDrive\Desktop\Personal Project\InterSignal\data\reference\nifty500\history\raw\ind_prs01092022.pdf,https://www.niftyindices.com/Press_Release/ind_prs01092022.pdf,EXPLICIT_SYMBOL,HIGH,HIGH,PARSED,"Replacements in indices w.e.f. September 30, 2022"
NIFTY 500,Glenmark Life Sciences Ltd.,GLENMARK LIFE SCIENCES,GLS,,REMOVED,2022-09-01,2022-09-30,C:\Users\cores\OneDrive\Desktop\Personal Project\InterSignal\data\reference\nifty500\history\raw\ind_prs01092022.pdf,https://www.niftyindices.com/Press_Release/ind_prs01092022.pdf,EXPLICIT_SYMBOL,HIGH,HIGH,PARSED,"Replacements in indices w.e.f. September 30, 2022"
NIFTY 500,Hathway Cable & Datacom Ltd.,HATHWAY CABLE AND DATACOM,HATHWAY,,REMOVED,2022-09-01,2022-09-30,C:\Users\cores\OneDrive\Desktop\Personal Project\InterSignal\data\reference\nifty500\history\raw\ind_prs01092022.pdf,https://www.niftyindices.com/Press_Release/ind_prs01092022.pdf,EXPLICIT_SYMBOL,HIGH,HIGH,PARSED,"Replacements in indices w.e.f. September 30, 2022"
NIFTY 500,Hemisphere Properties India Ltd.,HEMISPHERE PROPERTIES INDIA,HEMIPROP,,REMOVED,2022-09-01,2022-09-30,C:\Users\cores\OneDrive\Desktop\Personal Project\InterSignal\data\reference\nifty500\history\raw\ind_prs01092022.pdf,https://www.niftyindices.com/Press_Release/ind_prs01092022.pdf,EXPLICIT_SYMBOL,HIGH,HIGH,PARSED,"Replacements in indices w.e.f. September 30, 2022"
NIFTY 500,Indo Count Industries Ltd.,INDO COUNT INDUSTRIES,ICIL,,REMOVED,2022-09-01,2022-09-30,C:\Users\cores\OneDrive\Desktop\Personal Project\InterSignal\data\reference\nifty500\history\raw\ind_prs01092022.pdf,https://www.niftyindices.com/Press_Release/ind_prs01092022.pdf,EXPLICIT_SYMBOL,HIGH,HIGH,PARSED,"Replacements in indices w.e.f. September 30, 2022"
NIFTY 500,IRCON International Ltd.,IRCON INTERNATIONAL,IRCON,INE962Y01021,REMOVED,2022-09-01,2022-09-30,C:\Users\cores\OneDrive\Desktop\Personal Project\InterSignal\data\reference\nifty500\history\raw\ind_prs01092022.pdf,https://www.niftyindices.com/Press_Release/ind_prs01092022.pdf,EXPLICIT_SYMBOL,HIGH,HIGH,PARSED,"Replacements in indices w.e.f. September 30, 2022"
NIFTY 500,MindTree Ltd.,MINDTREE,MINDTREE,,REMOVED,2022-09-01,2022-09-30,C:\Users\cores\OneDrive\Desktop\Personal Project\InterSignal\data\reference\nifty500\history\raw\ind_prs01092022.pdf,https://www.niftyindices.com/Press_Release/ind_prs01092022.pdf,EXPLICIT_SYMBOL,HIGH,HIGH,PARSED,"Replacements in indices w.e.f. September 30, 2022"
NIFTY 500,NESCO Ltd.,NESCO,NESCO,,REMOVED,2022-09-01,2022-09-30,C:\Users\cores\OneDrive\Desktop\Personal Project\InterSignal\data\reference\nifty500\history\raw\ind_prs01092022.pdf,https://www.niftyindices.com/Press_Release/ind_prs01092022.pdf,EXPLICIT_SYMBOL,HIGH,HIGH,PARSED,"Replacements in indices w.e.f. September 30, 2022"
NIFTY 500,Railtel Corporation Of India Ltd.,RAILTEL CORPORATION OF INDIA,RAILTEL,INE0DD101019,REMOVED,2022-09-01,2022-09-30,C:\Users\cores\OneDrive\Desktop\Personal Project\InterSignal\data\reference\nifty500\history\raw\ind_prs01092022.pdf,https://www.niftyindices.com/Press_Release/ind_prs01092022.pdf,EXPLICIT_SYMBOL,HIGH,HIGH,PARSED,"Replacements in indices w.e.f. September 30, 2022"
NIFTY 500,Sequent Scientific Ltd.,SEQUENT SCIENTIFIC,SEQUENT,,REMOVED,2022-09-01,2022-09-30,C:\Users\cores\OneDrive\Desktop\Personal Project\InterSignal\data\reference\nifty500\history\raw\ind_prs01092022.pdf,https://www.niftyindices.com/Press_Release/ind_prs01092022.pdf,EXPLICIT_SYMBOL,HIGH,HIGH,PARSED,"Replacements in indices w.e.f. September 30, 2022"
NIFTY 500,Solara Active Pharma Sciences Ltd.,SOLARA ACTIVE PHARMA SCIENCES,SOLARA,,REMOVED,2022-09-01,2022-09-30,C:\Users\cores\OneDrive\Desktop\Personal Project\InterSignal\data\reference\nifty500\history\raw\ind_prs01092022.pdf,https://www.niftyindices.com/Press_Release/ind_prs01092022.pdf,EXPLICIT_SYMBOL,HIGH,HIGH,PARSED,"Replacements in indices w.e.f. September 30, 2022"
NIFTY 500,Spicejet Ltd.,SPICEJET,SPICEJET,,REMOVED,2022-09-01,2022-09-30,C:\Users\cores\OneDrive\Desktop\Personal Project\InterSignal\data\reference\nifty500\history\raw\ind_prs01092022.pdf,https://www.niftyindices.com/Press_Release/ind_prs01092022.pdf,EXPLICIT_SYMBOL,HIGH,HIGH,PARSED,"Replacements in indices w.e.f. September 30, 2022"
NIFTY 500,Strides Pharma Science Ltd.,STRIDES PHARMA SCIENCE,STAR,,REMOVED,2022-09-01,2022-09-30,C:\Users\cores\OneDrive\Desktop\Personal Project\InterSignal\data\reference\nifty500\history\raw\ind_prs01092022.pdf,https://www.niftyindices.com/Press_Release/ind_prs01092022.pdf,EXPLICIT_SYMBOL,HIGH,HIGH,PARSED,"Replacements in indices w.e.f. September 30, 2022"
NIFTY 500,Tata Steel Long Products Ltd.,TATA STEEL LONG PRODUCTS,TATASTLLP,,REMOVED,2022-09-01,2022-09-30,C:\Users\cores\OneDrive\Desktop\Personal Project\InterSignal\data\reference\nifty500\history\raw\ind_prs01092022.pdf,https://www.niftyindices.com/Press_Release/ind_prs01092022.pdf,EXPLICIT_SYMBOL,HIGH,HIGH,PARSED,"Replacements in indices w.e.f. September 30, 2022"
NIFTY 500,UCO Bank,UCO BANK,UCOBANK,INE691A01018,REMOVED,2022-09-01,2022-09-30,C:\Users\cores\OneDrive\Desktop\Personal Project\InterSignal\data\reference\nifty500\history\raw\ind_prs01092022.pdf,https://www.niftyindices.com/Press_Release/ind_prs01092022.pdf,EXPLICIT_SYMBOL,HIGH,HIGH,PARSED,"Replacements in indices w.e.f. September 30, 2022"
NIFTY 500,Vakrangee Ltd.,VAKRANGEE,VAKRANGEE,,REMOVED,2022-09-01,2022-09-30,C:\Users\cores\OneDrive\Desktop\Personal Project\InterSignal\data\reference\nifty500\history\raw\ind_prs01092022.pdf,https://www.niftyindices.com/Press_Release/ind_prs01092022.pdf,EXPLICIT_SYMBOL,HIGH,HIGH,PARSED,"Replacements in indices w.e.f. September 30, 2022"
NIFTY 500,Venky's (India) Ltd.,VENKYS (INDIA),VENKEYS,,REMOVED,2022-09-01,2022-09-30,C:\Users\cores\OneDrive\Desktop\Personal Project\InterSignal\data\reference\nifty500\history\raw\ind_prs01092022.pdf,https://www.niftyindices.com/Press_Release/ind_prs01092022.pdf,EXPLICIT_SYMBOL,HIGH,HIGH,PARSED,"Replacements in indices w.e.f. September 30, 2022"
NIFTY 500,BEML Ltd.,BEML,BEML,INE258A01024,ADDED,2022-12-06,2022-12-30,C:\Users\cores\OneDrive\Desktop\Personal Project\InterSignal\data\reference\nifty500\history\raw\ind_prs06122022.pdf,https://www.niftyindices.com/Press_Release/ind_prs06122022.pdf,EXPLICIT_SYMBOL,HIGH,HIGH,PARSED,"Replacements in indices w.e.f. December 30, 2022"
NIFTY 500,Lemon Tree Hotels Ltd.,LEMON TREE HOTELS,LEMONTREE,INE970X01018,ADDED,2022-12-06,2022-12-30,C:\Users\cores\OneDrive\Desktop\Personal Project\InterSignal\data\reference\nifty500\history\raw\ind_prs06122022.pdf,https://www.niftyindices.com/Press_Release/ind_prs06122022.pdf,EXPLICIT_SYMBOL,HIGH,HIGH,PARSED,"Replacements in indices w.e.f. December 30, 2022"
NIFTY 500,Rainbow Childrens Medicare Ltd.,RAINBOW CHILDRENS MEDICARE,RAINBOW,INE961O01016,ADDED,2022-12-22,2022-12-30,C:\Users\cores\OneDrive\Desktop\Personal Project\InterSignal\data\reference\nifty500\history\raw\ind_prs22122022.pdf,https://www.niftyindices.com/Press_Release/ind_prs22122022.pdf,EXPLICIT_SYMBOL,HIGH,HIGH,PARSED,"Replacements in indices w.e.f December 30, 2022"
NIFTY 500,UCO Bank,UCO BANK,UCOBANK,INE691A01018,ADDED,2022-12-06,2022-12-30,C:\Users\cores\OneDrive\Desktop\Personal Project\InterSignal\data\reference\nifty500\history\raw\ind_prs06122022.pdf,https://www.niftyindices.com/Press_Release/ind_prs06122022.pdf,EXPLICIT_SYMBOL,HIGH,HIGH,PARSED,"Replacements in indices w.e.f. December 30, 2022"
NIFTY 500,Allcargo Logistics Ltd.,ALLCARGO LOGISTICS,ALLCARGO,,REMOVED,2022-12-06,2022-12-30,C:\Users\cores\OneDrive\Desktop\Personal Project\InterSignal\data\reference\nifty500\history\raw\ind_prs06122022.pdf,https://www.niftyindices.com/Press_Release/ind_prs06122022.pdf,EXPLICIT_SYMBOL,HIGH,HIGH,PARSED,"Replacements in indices w.e.f. December 30, 2022"
NIFTY 500,NIIT Ltd.,NIIT,NIITLTD,,REMOVED,2022-12-06,2022-12-30,C:\Users\cores\OneDrive\Desktop\Personal Project\InterSignal\data\reference\nifty500\history\raw\ind_prs06122022.pdf,https://www.niftyindices.com/Press_Release/ind_prs06122022.pdf,EXPLICIT_SYMBOL,HIGH,HIGH,PARSED,"Replacements in indices w.e.f. December 30, 2022"
NIFTY 500,Saregama India Ltd.,SAREGAMA INDIA,SAREGAMA,INE979A01025,REMOVED,2022-12-22,2022-12-30,C:\Users\cores\OneDrive\Desktop\Personal Project\InterSignal\data\reference\nifty500\history\raw\ind_prs22122022.pdf,https://www.niftyindices.com/Press_Release/ind_prs22122022.pdf,EXPLICIT_SYMBOL,HIGH,HIGH,PARSED,"Replacements in indices w.e.f December 30, 2022"
NIFTY 500,Shipping Corporation of India Ltd.,SHIPPING CORPORATION OF INDIA,SCI,INE109A01011,REMOVED,2022-12-06,2022-12-30,C:\Users\cores\OneDrive\Desktop\Personal Project\InterSignal\data\reference\nifty500\history\raw\ind_prs06122022.pdf,https://www.niftyindices.com/Press_Release/ind_prs06122022.pdf,EXPLICIT_SYMBOL,HIGH,HIGH,PARSED,"Replacements in indices w.e.f. December 30, 2022"
NIFTY 500,Piramal Pharma Ltd.,PIRAMAL PHARMA,PPLPHARMA,INE0DK501011,ADDED,2023-02-09,2023-02-17,C:\Users\cores\OneDrive\Desktop\Personal Project\InterSignal\data\reference\nifty500\history\raw\ind_prs09022023_1.pdf,https://www.niftyindices.com/Press_Release/ind_prs09022023_1.pdf,EXPLICIT_SYMBOL,HIGH,HIGH,PARSED,"Replacements in indices w.e.f. February 17, 2023"
NIFTY 500,INOX Leisure Ltd.,INOX LEISURE,INOXLEISUR,,REMOVED,2023-02-09,2023-02-17,C:\Users\cores\OneDrive\Desktop\Personal Project\InterSignal\data\reference\nifty500\history\raw\ind_prs09022023_1.pdf,https://www.niftyindices.com/Press_Release/ind_prs09022023_1.pdf,EXPLICIT_SYMBOL,HIGH,HIGH,PARSED,"Replacements in indices w.e.f. February 17, 2023"
NIFTY 500,Aarti Industries Ltd.,AARTI INDUSTRIES,AARTIIND,INE769A01020,ADDED,2023-02-17,2023-03-31,C:\Users\cores\OneDrive\Desktop\Personal Project\InterSignal\data\reference\nifty500\history\raw\ind_prs17022023_1.pdf,https://www.niftyindices.com/Press_Release/ind_prs17022023_1.pdf,EXPLICIT_SYMBOL,HIGH,HIGH,PARSED,"Replacements in indices w.e.f March 31, 2023"
NIFTY 500,Archean Chemical Industries Ltd.,ARCHEAN CHEMICAL INDUSTRIES,ACI,,ADDED,2023-02-17,2023-03-31,C:\Users\cores\OneDrive\Desktop\Personal Project\InterSignal\data\reference\nifty500\history\raw\ind_prs17022023_1.pdf,https://www.niftyindices.com/Press_Release/ind_prs17022023_1.pdf,EXPLICIT_SYMBOL,HIGH,HIGH,PARSED,"Replacements in indices w.e.f March 31, 2023"
NIFTY 500,Adani Power Ltd.,ADANI POWER,ADANIPOWER,INE814H01029,ADDED,2023-02-17,2023-03-31,C:\Users\cores\OneDrive\Desktop\Personal Project\InterSignal\data\reference\nifty500\history\raw\ind_prs17022023_1.pdf,https://www.niftyindices.com/Press_Release/ind_prs17022023_1.pdf,EXPLICIT_SYMBOL,HIGH,HIGH,PARSED,"Replacements in indices w.e.f March 31, 2023"
NIFTY 500,Apar Industries Ltd.,APAR INDUSTRIES,APARINDS,INE372A01015,ADDED,2023-02-17,2023-03-31,C:\Users\cores\OneDrive\Desktop\Personal Project\InterSignal\data\reference\nifty500\history\raw\ind_prs17022023_1.pdf,https://www.niftyindices.com/Press_Release/ind_prs17022023_1.pdf,EXPLICIT_SYMBOL,HIGH,HIGH,PARSED,"Replacements in indices w.e.f March 31, 2023"
NIFTY 500,Bikaji Foods International Ltd.,BIKAJI FOODS INTERNATIONAL,BIKAJI,INE00E101023,ADDED,2023-02-17,2023-03-31,C:\Users\cores\OneDrive\Desktop\Personal Project\InterSignal\data\reference\nifty500\history\raw\ind_prs17022023_1.pdf,https://www.niftyindices.com/Press_Release/ind_prs17022023_1.pdf,EXPLICIT_SYMBOL,HIGH,HIGH,PARSED,"Replacements in indices w.e.f March 31, 2023"
NIFTY 500,BLS International Services Ltd.,BLS INTERNATIONAL SERVICES,BLS,INE153T01027,ADDED,2023-02-17,2023-03-31,C:\Users\cores\OneDrive\Desktop\Personal Project\InterSignal\data\reference\nifty500\history\raw\ind_prs17022023_1.pdf,https://www.niftyindices.com/Press_Release/ind_prs17022023_1.pdf,EXPLICIT_SYMBOL,HIGH,HIGH,PARSED,"Replacements in indices w.e.f March 31, 2023"
NIFTY 500,Craftsman Automation Ltd.,CRAFTSMAN AUTOMATION,CRAFTSMAN,INE00LO01017,ADDED,2023-02-17,2023-03-31,C:\Users\cores\OneDrive\Desktop\Personal Project\InterSignal\data\reference\nifty500\history\raw\ind_prs17022023_1.pdf,https://www.niftyindices.com/Press_Release/ind_prs17022023_1.pdf,EXPLICIT_SYMBOL,HIGH,HIGH,PARSED,"Replacements in indices w.e.f March 31, 2023"
NIFTY 500,Data Patterns (India) Ltd.,DATA PATTERNS (INDIA),DATAPATTNS,INE0IX101010,ADDED,2023-02-17,2023-03-31,C:\Users\cores\OneDrive\Desktop\Personal Project\InterSignal\data\reference\nifty500\history\raw\ind_prs17022023_1.pdf,https://www.niftyindices.com/Press_Release/ind_prs17022023_1.pdf,EXPLICIT_SYMBOL,HIGH,HIGH,PARSED,"Replacements in indices w.e.f March 31, 2023"
NIFTY 500,Five-Star Business Finance Ltd.,FIVE STAR BUSINESS FINANCE,FIVESTAR,INE128S01021,ADDED,2023-02-17,2023-03-31,C:\Users\cores\OneDrive\Desktop\Personal Project\InterSignal\data\reference\nifty500\history\raw\ind_prs17022023_1.pdf,https://www.niftyindices.com/Press_Release/ind_prs17022023_1.pdf,EXPLICIT_SYMBOL,HIGH,HIGH,PARSED,"Replacements in indices w.e.f March 31, 2023"
NIFTY 500,Ingersoll Rand (India) Ltd.,INGERSOLL RAND (INDIA),INGERRAND,,ADDED,2023-02-17,2023-03-31,C:\Users\cores\OneDrive\Desktop\Personal Project\InterSignal\data\reference\nifty500\history\raw\ind_prs17022023_1.pdf,https://www.niftyindices.com/Press_Release/ind_prs17022023_1.pdf,EXPLICIT_SYMBOL,HIGH,HIGH,PARSED,"Replacements in indices w.e.f March 31, 2023"
NIFTY 500,Jindal Worldwide Ltd.,JINDAL WORLDWIDE,JINDWORLD,,ADDED,2023-02-17,2023-03-31,C:\Users\cores\OneDrive\Desktop\Personal Project\InterSignal\data\reference\nifty500\history\raw\ind_prs17022023_1.pdf,https://www.niftyindices.com/Press_Release/ind_prs17022023_1.pdf,EXPLICIT_SYMBOL,HIGH,HIGH,PARSED,"Replacements in indices w.e.f March 31, 2023"
NIFTY 500,Kennametal India Ltd.,KENNAMETAL INDIA,KENNAMET,,ADDED,2023-02-17,2023-03-31,C:\Users\cores\OneDrive\Desktop\Personal Project\InterSignal\data\reference\nifty500\history\raw\ind_prs17022023_1.pdf,https://www.niftyindices.com/Press_Release/ind_prs17022023_1.pdf,EXPLICIT_SYMBOL,HIGH,HIGH,PARSED,"Replacements in indices w.e.f March 31, 2023"
NIFTY 500,KFin Technologies Ltd.,KFIN TECHNOLOGIES,KFINTECH,INE138Y01010,ADDED,2023-02-17,2023-03-31,C:\Users\cores\OneDrive\Desktop\Personal Project\InterSignal\data\reference\nifty500\history\raw\ind_prs17022023_1.pdf,https://www.niftyindices.com/Press_Release/ind_prs17022023_1.pdf,EXPLICIT_SYMBOL,HIGH,HIGH,PARSED,"Replacements in indices w.e.f March 31, 2023"
NIFTY 500,KSB Ltd.,KSB,KSB,,ADDED,2023-02-17,2023-03-31,C:\Users\cores\OneDrive\Desktop\Personal Project\InterSignal\data\reference\nifty500\history\raw\ind_prs17022023_1.pdf,https://www.niftyindices.com/Press_Release/ind_prs17022023_1.pdf,EXPLICIT_SYMBOL,HIGH,HIGH,PARSED,"Replacements in indices w.e.f March 31, 2023"
NIFTY 500,Global Health Ltd.,GLOBAL HEALTH,MEDANTA,INE474Q01031,ADDED,2023-02-17,2023-03-31,C:\Users\cores\OneDrive\Desktop\Personal Project\InterSignal\data\reference\nifty500\history\raw\ind_prs17022023_1.pdf,https://www.niftyindices.com/Press_Release/ind_prs17022023_1.pdf,EXPLICIT_SYMBOL,HIGH,HIGH,PARSED,"Replacements in indices w.e.f March 31, 2023"
NIFTY 500,Meghmani Finechem Ltd.,MEGHMANI FINECHEM,MFL,,ADDED,2023-02-17,2023-03-31,C:\Users\cores\OneDrive\Desktop\Personal Project\InterSignal\data\reference\nifty500\history\raw\ind_prs17022023_1.pdf,https://www.niftyindices.com/Press_Release/ind_prs17022023_1.pdf,EXPLICIT_SYMBOL,HIGH,HIGH,PARSED,"Replacements in indices w.e.f March 31, 2023"
NIFTY 500,NMDC Ltd.,NMDC,NMDC,INE584A01023,ADDED,2023-02-17,2023-03-31,C:\Users\cores\OneDrive\Desktop\Personal Project\InterSignal\data\reference\nifty500\history\raw\ind_prs17022023_1.pdf,https://www.niftyindices.com/Press_Release/ind_prs17022023_1.pdf,EXPLICIT_SYMBOL,HIGH,HIGH,PARSED,"Replacements in indices w.e.f March 31, 2023"
NIFTY 500,Piramal Enterprises Ltd.,PIRAMAL ENTERPRISES,PEL,,ADDED,2023-02-17,2023-03-31,C:\Users\cores\OneDrive\Desktop\Personal Project\InterSignal\data\reference\nifty500\history\raw\ind_prs17022023_1.pdf,https://www.niftyindices.com/Press_Release/ind_prs17022023_1.pdf,EXPLICIT_SYMBOL,HIGH,HIGH,PARSED,"Replacements in indices w.e.f March 31, 2023"
NIFTY 500,Keystone Realtors Ltd.,KEYSTONE REALTORS,RUSTOMJEE,,ADDED,2023-02-17,2023-03-31,C:\Users\cores\OneDrive\Desktop\Personal Project\InterSignal\data\reference\nifty500\history\raw\ind_prs17022023_1.pdf,https://www.niftyindices.com/Press_Release/ind_prs17022023_1.pdf,EXPLICIT_SYMBOL,HIGH,HIGH,PARSED,"Replacements in indices w.e.f March 31, 2023"
NIFTY 500,Tamilnad Mercantile Bank Ltd.,TAMILNAD MERCANTILE BANK,TMB,,ADDED,2023-02-17,2023-03-31,C:\Users\cores\OneDrive\Desktop\Personal Project\InterSignal\data\reference\nifty500\history\raw\ind_prs17022023_1.pdf,https://www.niftyindices.com/Press_Release/ind_prs17022023_1.pdf,EXPLICIT_SYMBOL,HIGH,HIGH,PARSED,"Replacements in indices w.e.f March 31, 2023"
NIFTY 500,Aditya Birla Sun Life AMC Ltd.,ADITYA BIRLA SUN LIFE AMC,ABSLAMC,INE404A01024,REMOVED,2023-02-17,2023-03-31,C:\Users\cores\OneDrive\Desktop\Personal Project\InterSignal\data\reference\nifty500\history\raw\ind_prs17022023_1.pdf,https://www.niftyindices.com/Press_Release/ind_prs17022023_1.pdf,EXPLICIT_SYMBOL,HIGH,HIGH,PARSED,"Replacements in indices w.e.f March 31, 2023"
NIFTY 500,Alok Industries Ltd.,ALOK INDUSTRIES,ALOKINDS,,REMOVED,2023-02-17,2023-03-31,C:\Users\cores\OneDrive\Desktop\Personal Project\InterSignal\data\reference\nifty500\history\raw\ind_prs17022023_1.pdf,https://www.niftyindices.com/Press_Release/ind_prs17022023_1.pdf,EXPLICIT_SYMBOL,HIGH,HIGH,PARSED,"Replacements in indices w.e.f March 31, 2023"
NIFTY 500,AstraZenca Pharma India Ltd.,ASTRAZENCA PHARMA INDIA,ASTRAZEN,,REMOVED,2023-02-17,2023-03-31,C:\Users\cores\OneDrive\Desktop\Personal Project\InterSignal\data\reference\nifty500\history\raw\ind_prs17022023_1.pdf,https://www.niftyindices.com/Press_Release/ind_prs17022023_1.pdf,EXPLICIT_SYMBOL,HIGH,HIGH,PARSED,"Replacements in indices w.e.f March 31, 2023"
NIFTY 500,Bharat Rasayan Ltd.,BHARAT RASAYAN,BHARATRAS,,REMOVED,2023-02-17,2023-03-31,C:\Users\cores\OneDrive\Desktop\Personal Project\InterSignal\data\reference\nifty500\history\raw\ind_prs17022023_1.pdf,https://www.niftyindices.com/Press_Release/ind_prs17022023_1.pdf,EXPLICIT_SYMBOL,HIGH,HIGH,PARSED,"Replacements in indices w.e.f March 31, 2023"
NIFTY 500,Caplin Point Laboratories Ltd.,CAPLIN POINT LABORATORIES,CAPLIPOINT,INE475E01026,REMOVED,2023-02-17,2023-03-31,C:\Users\cores\OneDrive\Desktop\Personal Project\InterSignal\data\reference\nifty500\history\raw\ind_prs17022023_1.pdf,https://www.niftyindices.com/Press_Release/ind_prs17022023_1.pdf,EXPLICIT_SYMBOL,HIGH,HIGH,PARSED,"Replacements in indices w.e.f March 31, 2023"
NIFTY 500,Dilip Buildcon Ltd.,DILIP BUILDCON,DBL,,REMOVED,2023-02-17,2023-03-31,C:\Users\cores\OneDrive\Desktop\Personal Project\InterSignal\data\reference\nifty500\history\raw\ind_prs17022023_1.pdf,https://www.niftyindices.com/Press_Release/ind_prs17022023_1.pdf,EXPLICIT_SYMBOL,HIGH,HIGH,PARSED,"Replacements in indices w.e.f March 31, 2023"
NIFTY 500,Dhani Services Ltd.,DHANI SERVICES,DHANI,,REMOVED,2023-02-17,2023-03-31,C:\Users\cores\OneDrive\Desktop\Personal Project\InterSignal\data\reference\nifty500\history\raw\ind_prs17022023_1.pdf,https://www.niftyindices.com/Press_Release/ind_prs17022023_1.pdf,EXPLICIT_SYMBOL,HIGH,HIGH,PARSED,"Replacements in indices w.e.f March 31, 2023"
NIFTY 500,Hatsun Agro Product Ltd.,HATSUN AGRO PRODUCT,HATSUN,,REMOVED,2023-02-17,2023-03-31,C:\Users\cores\OneDrive\Desktop\Personal Project\InterSignal\data\reference\nifty500\history\raw\ind_prs17022023_1.pdf,https://www.niftyindices.com/Press_Release/ind_prs17022023_1.pdf,EXPLICIT_SYMBOL,HIGH,HIGH,PARSED,"Replacements in indices w.e.f March 31, 2023"
NIFTY 500,Indoco Remedies Ltd.,INDOCO REMEDIES,INDOCO,,REMOVED,2023-02-17,2023-03-31,C:\Users\cores\OneDrive\Desktop\Personal Project\InterSignal\data\reference\nifty500\history\raw\ind_prs17022023_1.pdf,https://www.niftyindices.com/Press_Release/ind_prs17022023_1.pdf,EXPLICIT_SYMBOL,HIGH,HIGH,PARSED,"Replacements in indices w.e.f March 31, 2023"
NIFTY 500,MOIL Ltd.,MOIL,MOIL,,REMOVED,2023-02-17,2023-03-31,C:\Users\cores\OneDrive\Desktop\Personal Project\InterSignal\data\reference\nifty500\history\raw\ind_prs17022023_1.pdf,https://www.niftyindices.com/Press_Release/ind_prs17022023_1.pdf,EXPLICIT_SYMBOL,HIGH,HIGH,PARSED,"Replacements in indices w.e.f March 31, 2023"
NIFTY 500,Procter & Gamble Health Ltd.,PROCTER AND GAMBLE HEALTH,PGHL,,REMOVED,2023-02-17,2023-03-31,C:\Users\cores\OneDrive\Desktop\Personal Project\InterSignal\data\reference\nifty500\history\raw\ind_prs17022023_1.pdf,https://www.niftyindices.com/Press_Release/ind_prs17022023_1.pdf,EXPLICIT_SYMBOL,HIGH,HIGH,PARSED,"Replacements in indices w.e.f March 31, 2023"
NIFTY 500,Privi Speciality Chemicals Ltd.,PRIVI SPECIALITY CHEMICALS,PRIVISCL,,REMOVED,2023-02-17,2023-03-31,C:\Users\cores\OneDrive\Desktop\Personal Project\InterSignal\data\reference\nifty500\history\raw\ind_prs17022023_1.pdf,https://www.niftyindices.com/Press_Release/ind_prs17022023_1.pdf,EXPLICIT_SYMBOL,HIGH,HIGH,PARSED,"Replacements in indices w.e.f March 31, 2023"
NIFTY 500,Sheela Foam Ltd.,SHEELA FOAM,SFL,,REMOVED,2023-02-17,2023-03-31,C:\Users\cores\OneDrive\Desktop\Personal Project\InterSignal\data\reference\nifty500\history\raw\ind_prs17022023_1.pdf,https://www.niftyindices.com/Press_Release/ind_prs17022023_1.pdf,EXPLICIT_SYMBOL,HIGH,HIGH,PARSED,"Replacements in indices w.e.f March 31, 2023"
NIFTY 500,Shilpa Medicare Ltd.,SHILPA MEDICARE,SHILPAMED,,REMOVED,2023-02-17,2023-03-31,C:\Users\cores\OneDrive\Desktop\Personal Project\InterSignal\data\reference\nifty500\history\raw\ind_prs17022023_1.pdf,https://www.niftyindices.com/Press_Release/ind_prs17022023_1.pdf,EXPLICIT_SYMBOL,HIGH,HIGH,PARSED,"Replacements in indices w.e.f March 31, 2023"
NIFTY 500,SIS Ltd.,SIS,SIS,,REMOVED,2023-02-17,2023-03-31,C:\Users\cores\OneDrive\Desktop\Personal Project\InterSignal\data\reference\nifty500\history\raw\ind_prs17022023_1.pdf,https://www.niftyindices.com/Press_Release/ind_prs17022023_1.pdf,EXPLICIT_SYMBOL,HIGH,HIGH,PARSED,"Replacements in indices w.e.f March 31, 2023"
NIFTY 500,Sudarshan Chemical Industries Ltd.,SUDARSHAN CHEMICAL INDUSTRIES,SUDARSCHEM,,REMOVED,2023-02-17,2023-03-31,C:\Users\cores\OneDrive\Desktop\Personal Project\InterSignal\data\reference\nifty500\history\raw\ind_prs17022023_1.pdf,https://www.niftyindices.com/Press_Release/ind_prs17022023_1.pdf,EXPLICIT_SYMBOL,HIGH,HIGH,PARSED,"Replacements in indices w.e.f March 31, 2023"
NIFTY 500,Symphony Ltd.,SYMPHONY,SYMPHONY,,REMOVED,2023-02-17,2023-03-31,C:\Users\cores\OneDrive\Desktop\Personal Project\InterSignal\data\reference\nifty500\history\raw\ind_prs17022023_1.pdf,https://www.niftyindices.com/Press_Release/ind_prs17022023_1.pdf,EXPLICIT_SYMBOL,HIGH,HIGH,PARSED,"Replacements in indices w.e.f March 31, 2023"
NIFTY 500,Tata Coffee Ltd.,TATA COFFEE,TATACOFFEE,,REMOVED,2023-02-17,2023-03-31,C:\Users\cores\OneDrive\Desktop\Personal Project\InterSignal\data\reference\nifty500\history\raw\ind_prs17022023_1.pdf,https://www.niftyindices.com/Press_Release/ind_prs17022023_1.pdf,EXPLICIT_SYMBOL,HIGH,HIGH,PARSED,"Replacements in indices w.e.f March 31, 2023"
NIFTY 500,Thyrocare Technologies Ltd.,THYROCARE TECHNOLOGIES,THYROCARE,,REMOVED,2023-02-17,2023-03-31,C:\Users\cores\OneDrive\Desktop\Personal Project\InterSignal\data\reference\nifty500\history\raw\ind_prs17022023_1.pdf,https://www.niftyindices.com/Press_Release/ind_prs17022023_1.pdf,EXPLICIT_SYMBOL,HIGH,HIGH,PARSED,"Replacements in indices w.e.f March 31, 2023"
NIFTY 500,Wockhardt Ltd.,WOCKHARDT,WOCKPHARMA,INE049B01025,REMOVED,2023-02-17,2023-03-31,C:\Users\cores\OneDrive\Desktop\Personal Project\InterSignal\data\reference\nifty500\history\raw\ind_prs17022023_1.pdf,https://www.niftyindices.com/Press_Release/ind_prs17022023_1.pdf,EXPLICIT_SYMBOL,HIGH,HIGH,PARSED,"Replacements in indices w.e.f March 31, 2023"
NIFTY 500,Eris Lifesciences Ltd.,ERIS LIFESCIENCES,ERIS,INE406M01024,ADDED,2023-04-19,2023-04-28,C:\Users\cores\OneDrive\Desktop\Personal Project\InterSignal\data\reference\nifty500\history\raw\ind_prs19042023_1.pdf,https://www.niftyindices.com/Press_Release/ind_prs19042023_1.pdf,EXPLICIT_SYMBOL,HIGH,HIGH,PARSED,"Replacements in indices w.e.f. April 28, 2023"
NIFTY 500,NMDC Steel Ltd.,NMDC STEEL,NSLNISP,INE0NNS01018,ADDED,2023-04-19,2023-04-28,C:\Users\cores\OneDrive\Desktop\Personal Project\InterSignal\data\reference\nifty500\history\raw\ind_prs19042023_1.pdf,https://www.niftyindices.com/Press_Release/ind_prs19042023_1.pdf,EXPLICIT_SYMBOL,HIGH,HIGH,PARSED,"Replacements in indices w.e.f. April 28, 2023"
NIFTY 500,Bajaj Electricals Ltd.,BAJAJ ELECTRICALS,BAJAJELEC,,REMOVED,2023-04-19,2023-04-28,C:\Users\cores\OneDrive\Desktop\Personal Project\InterSignal\data\reference\nifty500\history\raw\ind_prs19042023_1.pdf,https://www.niftyindices.com/Press_Release/ind_prs19042023_1.pdf,EXPLICIT_SYMBOL,HIGH,HIGH,PARSED,"Replacements in indices w.e.f. April 28, 2023"
NIFTY 500,Edelweiss Financial Services Ltd.,EDELWEISS FINANCIAL SERVICES,EDELWEISS,,REMOVED,2023-04-19,2023-04-28,C:\Users\cores\OneDrive\Desktop\Personal Project\InterSignal\data\reference\nifty500\history\raw\ind_prs19042023_1.pdf,https://www.niftyindices.com/Press_Release/ind_prs19042023_1.pdf,EXPLICIT_SYMBOL,HIGH,HIGH,PARSED,"Replacements in indices w.e.f. April 28, 2023"
NIFTY 500,Mankind Pharma Ltd.,MANKIND PHARMA,MANKIND,INE634S01028,ADDED,2023-07-04,2023-07-13,C:\Users\cores\OneDrive\Desktop\Personal Project\InterSignal\data\reference\nifty500\history\raw\ind_prs04072023.pdf,https://www.niftyindices.com/Press_Release/ind_prs04072023.pdf,EXPLICIT_SYMBOL,HIGH,HIGH,PARSED,"Replacement in indices w.e.f. July 13, 2023"
NIFTY 500,Housing Development Finance Corporation Ltd.,HOUSING DEVELOPMENT FINANCE CORPORATION,HDFC,,REMOVED,2023-07-04,2023-07-13,C:\Users\cores\OneDrive\Desktop\Personal Project\InterSignal\data\reference\nifty500\history\raw\ind_prs04072023.pdf,https://www.niftyindices.com/Press_Release/ind_prs04072023.pdf,EXPLICIT_SYMBOL,HIGH,HIGH,PARSED,"Replacement in indices w.e.f. July 13, 2023"
NIFTY 500,Allcargo Logistics Ltd.,ALLCARGO LOGISTICS,ALLCARGO,,ADDED,2023-08-17,2023-09-29,C:\Users\cores\OneDrive\Desktop\Personal Project\InterSignal\data\reference\nifty500\history\raw\ind_prs17082023.pdf,https://www.niftyindices.com/Press_Release/ind_prs17082023.pdf,EXPLICIT_SYMBOL,HIGH,HIGH,PARSED,Replacements in indices and revision in criteria
NIFTY 500,Alok Industries Ltd.,ALOK INDUSTRIES,ALOKINDS,,ADDED,2023-08-17,2023-09-29,C:\Users\cores\OneDrive\Desktop\Personal Project\InterSignal\data\reference\nifty500\history\raw\ind_prs17082023.pdf,https://www.niftyindices.com/Press_Release/ind_prs17082023.pdf,EXPLICIT_SYMBOL,HIGH,HIGH,PARSED,Replacements in indices and revision in criteria
NIFTY 500,Gillette India Ltd.,GILLETTE INDIA,GILLETTE,INE322A01010,ADDED,2023-08-17,2023-09-29,C:\Users\cores\OneDrive\Desktop\Personal Project\InterSignal\data\reference\nifty500\history\raw\ind_prs17082023.pdf,https://www.niftyindices.com/Press_Release/ind_prs17082023.pdf,EXPLICIT_SYMBOL,HIGH,HIGH,PARSED,Replacements in indices and revision in criteria
NIFTY 500,Glenmark Life Sciences Ltd.,GLENMARK LIFE SCIENCES,GLS,,ADDED,2023-08-17,2023-09-29,C:\Users\cores\OneDrive\Desktop\Personal Project\InterSignal\data\reference\nifty500\history\raw\ind_prs17082023.pdf,https://www.niftyindices.com/Press_Release/ind_prs17082023.pdf,EXPLICIT_SYMBOL,HIGH,HIGH,PARSED,Replacements in indices and revision in criteria
NIFTY 500,Godawari Power & Ispat Ltd.,GODAWARI POWER AND ISPAT,GPIL,INE177H01039,ADDED,2023-08-17,2023-09-29,C:\Users\cores\OneDrive\Desktop\Personal Project\InterSignal\data\reference\nifty500\history\raw\ind_prs17082023.pdf,https://www.niftyindices.com/Press_Release/ind_prs17082023.pdf,EXPLICIT_SYMBOL,HIGH,HIGH,PARSED,Replacements in indices and revision in criteria
NIFTY 500,IRCON International Ltd.,IRCON INTERNATIONAL,IRCON,INE962Y01021,ADDED,2023-08-17,2023-09-29,C:\Users\cores\OneDrive\Desktop\Personal Project\InterSignal\data\reference\nifty500\history\raw\ind_prs17082023.pdf,https://www.niftyindices.com/Press_Release/ind_prs17082023.pdf,EXPLICIT_SYMBOL,HIGH,HIGH,PARSED,Replacements in indices and revision in criteria
NIFTY 500,Jindal Saw Ltd.,JINDAL SAW,JINDALSAW,INE324A01032,ADDED,2023-08-17,2023-09-29,C:\Users\cores\OneDrive\Desktop\Personal Project\InterSignal\data\reference\nifty500\history\raw\ind_prs17082023.pdf,https://www.niftyindices.com/Press_Release/ind_prs17082023.pdf,EXPLICIT_SYMBOL,HIGH,HIGH,PARSED,Replacements in indices and revision in criteria
NIFTY 500,Kaynes Technology India Ltd.,KAYNES TECHNOLOGY INDIA,KAYNES,INE918Z01012,ADDED,2023-08-17,2023-09-29,C:\Users\cores\OneDrive\Desktop\Personal Project\InterSignal\data\reference\nifty500\history\raw\ind_prs17082023.pdf,https://www.niftyindices.com/Press_Release/ind_prs17082023.pdf,EXPLICIT_SYMBOL,HIGH,HIGH,PARSED,Replacements in indices and revision in criteria
NIFTY 500,Kirloskar Ferrous Industries Ltd.,KIRLOSKAR FERROUS INDUSTRIES,KIRLFER,,ADDED,2023-08-17,2023-09-29,C:\Users\cores\OneDrive\Desktop\Personal Project\InterSignal\data\reference\nifty500\history\raw\ind_prs17082023.pdf,https://www.niftyindices.com/Press_Release/ind_prs17082023.pdf,EXPLICIT_SYMBOL,HIGH,HIGH,PARSED,Replacements in indices and revision in criteria
NIFTY 500,Minda Corporation Ltd.,MINDA CORPORATION,MINDACORP,INE842C01021,ADDED,2023-08-17,2023-09-29,C:\Users\cores\OneDrive\Desktop\Personal Project\InterSignal\data\reference\nifty500\history\raw\ind_prs17082023.pdf,https://www.niftyindices.com/Press_Release/ind_prs17082023.pdf,EXPLICIT_SYMBOL,HIGH,HIGH,PARSED,Replacements in indices and revision in criteria
NIFTY 500,Procter & Gamble Health Ltd.,PROCTER AND GAMBLE HEALTH,PGHL,,ADDED,2023-08-17,2023-09-29,C:\Users\cores\OneDrive\Desktop\Personal Project\InterSignal\data\reference\nifty500\history\raw\ind_prs17082023.pdf,https://www.niftyindices.com/Press_Release/ind_prs17082023.pdf,EXPLICIT_SYMBOL,HIGH,HIGH,PARSED,Replacements in indices and revision in criteria
NIFTY 500,Safari Industries (India) Ltd.,SAFARI INDUSTRIES (INDIA),SAFARI,,ADDED,2023-08-17,2023-09-29,C:\Users\cores\OneDrive\Desktop\Personal Project\InterSignal\data\reference\nifty500\history\raw\ind_prs17082023.pdf,https://www.niftyindices.com/Press_Release/ind_prs17082023.pdf,EXPLICIT_SYMBOL,HIGH,HIGH,PARSED,Replacements in indices and revision in criteria
NIFTY 500,Saregama India Ltd,SAREGAMA INDIA,SAREGAMA,INE979A01025,ADDED,2023-08-17,2023-09-29,C:\Users\cores\OneDrive\Desktop\Personal Project\InterSignal\data\reference\nifty500\history\raw\ind_prs17082023.pdf,https://www.niftyindices.com/Press_Release/ind_prs17082023.pdf,EXPLICIT_SYMBOL,HIGH,HIGH,PARSED,Replacements in indices and revision in criteria
NIFTY 500,Sheela Foam Ltd.,SHEELA FOAM,SFL,,ADDED,2023-08-17,2023-09-29,C:\Users\cores\OneDrive\Desktop\Personal Project\InterSignal\data\reference\nifty500\history\raw\ind_prs17082023.pdf,https://www.niftyindices.com/Press_Release/ind_prs17082023.pdf,EXPLICIT_SYMBOL,HIGH,HIGH,PARSED,Replacements in indices and revision in criteria
NIFTY 500,Symphony Ltd.,SYMPHONY,SYMPHONY,,ADDED,2023-08-17,2023-09-29,C:\Users\cores\OneDrive\Desktop\Personal Project\InterSignal\data\reference\nifty500\history\raw\ind_prs17082023.pdf,https://www.niftyindices.com/Press_Release/ind_prs17082023.pdf,EXPLICIT_SYMBOL,HIGH,HIGH,PARSED,Replacements in indices and revision in criteria
NIFTY 500,Syrma SGS Technology Ltd.,SYRMA SGS TECHNOLOGY,SYRMA,INE0DYJ01015,ADDED,2023-08-17,2023-09-29,C:\Users\cores\OneDrive\Desktop\Personal Project\InterSignal\data\reference\nifty500\history\raw\ind_prs17082023.pdf,https://www.niftyindices.com/Press_Release/ind_prs17082023.pdf,EXPLICIT_SYMBOL,HIGH,HIGH,PARSED,Replacements in indices and revision in criteria
NIFTY 500,Ujjivan Small Finance Bank Ltd.,UJJIVAN SMALL FINANCE BANK,UJJIVANSFB,,ADDED,2023-08-17,2023-09-29,C:\Users\cores\OneDrive\Desktop\Personal Project\InterSignal\data\reference\nifty500\history\raw\ind_prs17082023.pdf,https://www.niftyindices.com/Press_Release/ind_prs17082023.pdf,EXPLICIT_SYMBOL,HIGH,HIGH,PARSED,Replacements in indices and revision in criteria
NIFTY 500,Usha Martin Ltd.,USHA MARTIN,USHAMART,INE228A01035,ADDED,2023-08-17,2023-09-29,C:\Users\cores\OneDrive\Desktop\Personal Project\InterSignal\data\reference\nifty500\history\raw\ind_prs17082023.pdf,https://www.niftyindices.com/Press_Release/ind_prs17082023.pdf,EXPLICIT_SYMBOL,HIGH,HIGH,PARSED,Replacements in indices and revision in criteria
NIFTY 500,BASF India Ltd.,BASF INDIA,BASF,,REMOVED,2023-08-17,2023-09-29,C:\Users\cores\OneDrive\Desktop\Personal Project\InterSignal\data\reference\nifty500\history\raw\ind_prs17082023.pdf,https://www.niftyindices.com/Press_Release/ind_prs17082023.pdf,EXPLICIT_SYMBOL,HIGH,HIGH,PARSED,Replacements in indices and revision in criteria
NIFTY 500,Garware Technical Fibres Ltd.,GARWARE TECHNICAL FIBRES,GARFIBRES,,REMOVED,2023-08-17,2023-09-29,C:\Users\cores\OneDrive\Desktop\Personal Project\InterSignal\data\reference\nifty500\history\raw\ind_prs17082023.pdf,https://www.niftyindices.com/Press_Release/ind_prs17082023.pdf,EXPLICIT_SYMBOL,HIGH,HIGH,PARSED,Replacements in indices and revision in criteria
NIFTY 500,Godrej Agrovet Ltd.,GODREJ AGROVET,GODREJAGRO,,REMOVED,2023-08-17,2023-09-29,C:\Users\cores\OneDrive\Desktop\Personal Project\InterSignal\data\reference\nifty500\history\raw\ind_prs17082023.pdf,https://www.niftyindices.com/Press_Release/ind_prs17082023.pdf,EXPLICIT_SYMBOL,HIGH,HIGH,PARSED,Replacements in indices and revision in criteria
NIFTY 500,Greenpanel Industries Ltd.,GREENPANEL INDUSTRIES,GREENPANEL,,REMOVED,2023-08-17,2023-09-29,C:\Users\cores\OneDrive\Desktop\Personal Project\InterSignal\data\reference\nifty500\history\raw\ind_prs17082023.pdf,https://www.niftyindices.com/Press_Release/ind_prs17082023.pdf,EXPLICIT_SYMBOL,HIGH,HIGH,PARSED,Replacements in indices and revision in criteria
NIFTY 500,Hinduja Global Solutions Ltd.,HINDUJA GLOBAL SOLUTIONS,HGS,,REMOVED,2023-08-17,2023-09-29,C:\Users\cores\OneDrive\Desktop\Personal Project\InterSignal\data\reference\nifty500\history\raw\ind_prs17082023.pdf,https://www.niftyindices.com/Press_Release/ind_prs17082023.pdf,EXPLICIT_SYMBOL,HIGH,HIGH,PARSED,Replacements in indices and revision in criteria
NIFTY 500,Hikal Ltd.,HIKAL,HIKAL,,REMOVED,2023-08-17,2023-09-29,C:\Users\cores\OneDrive\Desktop\Personal Project\InterSignal\data\reference\nifty500\history\raw\ind_prs17082023.pdf,https://www.niftyindices.com/Press_Release/ind_prs17082023.pdf,EXPLICIT_SYMBOL,HIGH,HIGH,PARSED,Replacements in indices and revision in criteria
NIFTY 500,Indiabulls Real Estate Ltd.,INDIABULLS REAL ESTATE,IBREALEST,,REMOVED,2023-08-17,2023-09-29,C:\Users\cores\OneDrive\Desktop\Personal Project\InterSignal\data\reference\nifty500\history\raw\ind_prs17082023.pdf,https://www.niftyindices.com/Press_Release/ind_prs17082023.pdf,EXPLICIT_SYMBOL,HIGH,HIGH,PARSED,Replacements in indices and revision in criteria
NIFTY 500,IFB Industries Ltd.,IFB INDUSTRIES,IFBIND,,REMOVED,2023-08-17,2023-09-29,C:\Users\cores\OneDrive\Desktop\Personal Project\InterSignal\data\reference\nifty500\history\raw\ind_prs17082023.pdf,https://www.niftyindices.com/Press_Release/ind_prs17082023.pdf,EXPLICIT_SYMBOL,HIGH,HIGH,PARSED,Replacements in indices and revision in criteria
NIFTY 500,Jindal Worldwide Ltd.,JINDAL WORLDWIDE,JINDWORLD,,REMOVED,2023-08-17,2023-09-29,C:\Users\cores\OneDrive\Desktop\Personal Project\InterSignal\data\reference\nifty500\history\raw\ind_prs17082023.pdf,https://www.niftyindices.com/Press_Release/ind_prs17082023.pdf,EXPLICIT_SYMBOL,HIGH,HIGH,PARSED,Replacements in indices and revision in criteria
NIFTY 500,Kennametal India Ltd.,KENNAMETAL INDIA,KENNAMET,,REMOVED,2023-08-17,2023-09-29,C:\Users\cores\OneDrive\Desktop\Personal Project\InterSignal\data\reference\nifty500\history\raw\ind_prs17082023.pdf,https://www.niftyindices.com/Press_Release/ind_prs17082023.pdf,EXPLICIT_SYMBOL,HIGH,HIGH,PARSED,Replacements in indices and revision in criteria
NIFTY 500,Mahindra Logistics Ltd.,MAHINDRA LOGISTICS,MAHLOG,,REMOVED,2023-08-17,2023-09-29,C:\Users\cores\OneDrive\Desktop\Personal Project\InterSignal\data\reference\nifty500\history\raw\ind_prs17082023.pdf,https://www.niftyindices.com/Press_Release/ind_prs17082023.pdf,EXPLICIT_SYMBOL,HIGH,HIGH,PARSED,Replacements in indices and revision in criteria
NIFTY 500,NOCIL Ltd.,NOCIL,NOCIL,,REMOVED,2023-08-17,2023-09-29,C:\Users\cores\OneDrive\Desktop\Personal Project\InterSignal\data\reference\nifty500\history\raw\ind_prs17082023.pdf,https://www.niftyindices.com/Press_Release/ind_prs17082023.pdf,EXPLICIT_SYMBOL,HIGH,HIGH,PARSED,Replacements in indices and revision in criteria
NIFTY 500,Keystone Realtors Ltd.,KEYSTONE REALTORS,RUSTOMJEE,,REMOVED,2023-08-17,2023-09-29,C:\Users\cores\OneDrive\Desktop\Personal Project\InterSignal\data\reference\nifty500\history\raw\ind_prs17082023.pdf,https://www.niftyindices.com/Press_Release/ind_prs17082023.pdf,EXPLICIT_SYMBOL,HIGH,HIGH,PARSED,Replacements in indices and revision in criteria
NIFTY 500,Transport Corporation of India Ltd.,TRANSPORT CORPORATION OF INDIA,TCI,,REMOVED,2023-08-17,2023-09-29,C:\Users\cores\OneDrive\Desktop\Personal Project\InterSignal\data\reference\nifty500\history\raw\ind_prs17082023.pdf,https://www.niftyindices.com/Press_Release/ind_prs17082023.pdf,EXPLICIT_SYMBOL,HIGH,HIGH,PARSED,Replacements in indices and revision in criteria
NIFTY 500,TCI Express Ltd.,TCI EXPRESS,TCIEXP,,REMOVED,2023-08-17,2023-09-29,C:\Users\cores\OneDrive\Desktop\Personal Project\InterSignal\data\reference\nifty500\history\raw\ind_prs17082023.pdf,https://www.niftyindices.com/Press_Release/ind_prs17082023.pdf,EXPLICIT_SYMBOL,HIGH,HIGH,PARSED,Replacements in indices and revision in criteria
NIFTY 500,TCNS Clothing Co. Ltd.,TCNS CLOTHING CO,TCNSBRANDS,,REMOVED,2023-08-17,2023-09-29,C:\Users\cores\OneDrive\Desktop\Personal Project\InterSignal\data\reference\nifty500\history\raw\ind_prs17082023.pdf,https://www.niftyindices.com/Press_Release/ind_prs17082023.pdf,EXPLICIT_SYMBOL,HIGH,HIGH,PARSED,Replacements in indices and revision in criteria
NIFTY 500,Tamilnad Mercantile Bank Ltd.,TAMILNAD MERCANTILE BANK,TMB,,REMOVED,2023-08-17,2023-09-29,C:\Users\cores\OneDrive\Desktop\Personal Project\InterSignal\data\reference\nifty500\history\raw\ind_prs17082023.pdf,https://www.niftyindices.com/Press_Release/ind_prs17082023.pdf,EXPLICIT_SYMBOL,HIGH,HIGH,PARSED,Replacements in indices and revision in criteria
NIFTY 500,UFLEX Ltd.,UFLEX,UFLEX,,REMOVED,2023-08-17,2023-09-29,C:\Users\cores\OneDrive\Desktop\Personal Project\InterSignal\data\reference\nifty500\history\raw\ind_prs17082023.pdf,https://www.niftyindices.com/Press_Release/ind_prs17082023.pdf,EXPLICIT_SYMBOL,HIGH,HIGH,PARSED,Replacements in indices and revision in criteria
NIFTY 500,Concord Biotech Ltd.,CONCORD BIOTECH,CONCORDBIO,INE338H01029,ADDED,2023-10-17,2023-10-26,C:\Users\cores\OneDrive\Desktop\Personal Project\InterSignal\data\reference\nifty500\history\raw\ind_prs17102023.pdf,https://www.niftyindices.com/Press_Release/ind_prs17102023.pdf,EXPLICIT_SYMBOL,HIGH,HIGH,PARSED,"Replacements in indices w.e.f. October 26, 2023"
NIFTY 500,Kirloskar Ferrous Industries Ltd.,KIRLOSKAR FERROUS INDUSTRIES,KIRLFER,,REMOVED,2023-10-17,2023-10-26,C:\Users\cores\OneDrive\Desktop\Personal Project\InterSignal\data\reference\nifty500\history\raw\ind_prs17102023.pdf,https://www.niftyindices.com/Press_Release/ind_prs17102023.pdf,EXPLICIT_SYMBOL,HIGH,HIGH,PARSED,"Replacements in indices w.e.f. October 26, 2023"
NIFTY 500,Action Construction Equipment Ltd.,ACTION CONSTRUCTION EQUIPMENT,ACE,INE731H01025,ADDED,2024-02-28,2024-03-28,C:\Users\cores\OneDrive\Desktop\Personal Project\InterSignal\data\reference\nifty500\history\raw\ind_prs28022024.pdf,https://www.niftyindices.com/Press_Release/ind_prs28022024.pdf,EXPLICIT_SYMBOL,HIGH,HIGH,PARSED,"Replacements in indices w.e.f. March 28, 2024"
NIFTY 500,Anand Rathi Wealth Ltd.,ANAND RATHI WEALTH,ANANDRATHI,INE463V01026,ADDED,2024-02-28,2024-03-28,C:\Users\cores\OneDrive\Desktop\Personal Project\InterSignal\data\reference\nifty500\history\raw\ind_prs28022024.pdf,https://www.niftyindices.com/Press_Release/ind_prs28022024.pdf,EXPLICIT_SYMBOL,HIGH,HIGH,PARSED,"Replacements in indices w.e.f. March 28, 2024"
NIFTY 500,AstraZenca Pharma India Ltd.,ASTRAZENCA PHARMA INDIA,ASTRAZEN,,ADDED,2024-02-28,2024-03-28,C:\Users\cores\OneDrive\Desktop\Personal Project\InterSignal\data\reference\nifty500\history\raw\ind_prs28022024.pdf,https://www.niftyindices.com/Press_Release/ind_prs28022024.pdf,EXPLICIT_SYMBOL,HIGH,HIGH,PARSED,"Replacements in indices w.e.f. March 28, 2024"
NIFTY 500,Caplin Point Laboratories Ltd.,CAPLIN POINT LABORATORIES,CAPLIPOINT,INE475E01026,ADDED,2024-02-28,2024-03-28,C:\Users\cores\OneDrive\Desktop\Personal Project\InterSignal\data\reference\nifty500\history\raw\ind_prs28022024.pdf,https://www.niftyindices.com/Press_Release/ind_prs28022024.pdf,EXPLICIT_SYMBOL,HIGH,HIGH,PARSED,"Replacements in indices w.e.f. March 28, 2024"
NIFTY 500,Cello World Ltd.,CELLO WORLD,CELLO,,ADDED,2024-02-28,2024-03-28,C:\Users\cores\OneDrive\Desktop\Personal Project\InterSignal\data\reference\nifty500\history\raw\ind_prs28022024.pdf,https://www.niftyindices.com/Press_Release/ind_prs28022024.pdf,EXPLICIT_SYMBOL,HIGH,HIGH,PARSED,"Replacements in indices w.e.f. March 28, 2024"
NIFTY 500,Chennai Petroleum Corporation Ltd.,CHENNAI PETROLEUM CORPORATION,CHENNPETRO,INE178A01016,ADDED,2024-02-28,2024-03-28,C:\Users\cores\OneDrive\Desktop\Personal Project\InterSignal\data\reference\nifty500\history\raw\ind_prs28022024.pdf,https://www.niftyindices.com/Press_Release/ind_prs28022024.pdf,EXPLICIT_SYMBOL,HIGH,HIGH,PARSED,"Replacements in indices w.e.f. March 28, 2024"
NIFTY 500,DOMS Industries Ltd.,DOMS INDUSTRIES,DOMS,INE321T01012,ADDED,2024-02-28,2024-03-28,C:\Users\cores\OneDrive\Desktop\Personal Project\InterSignal\data\reference\nifty500\history\raw\ind_prs28022024.pdf,https://www.niftyindices.com/Press_Release/ind_prs28022024.pdf,EXPLICIT_SYMBOL,HIGH,HIGH,PARSED,"Replacements in indices w.e.f. March 28, 2024"
NIFTY 500,Elecon Engineering Co. Ltd.,ELECON ENGINEERING CO,ELECON,INE205B01031,ADDED,2024-02-28,2024-03-28,C:\Users\cores\OneDrive\Desktop\Personal Project\InterSignal\data\reference\nifty500\history\raw\ind_prs28022024.pdf,https://www.niftyindices.com/Press_Release/ind_prs28022024.pdf,EXPLICIT_SYMBOL,HIGH,HIGH,PARSED,"Replacements in indices w.e.f. March 28, 2024"
NIFTY 500,Gujarat Mineral Development Corporation Ltd.,GUJARAT MINERAL DEVELOPMENT CORPORATION,GMDCLTD,INE131A01031,ADDED,2024-02-28,2024-03-28,C:\Users\cores\OneDrive\Desktop\Personal Project\InterSignal\data\reference\nifty500\history\raw\ind_prs28022024.pdf,https://www.niftyindices.com/Press_Release/ind_prs28022024.pdf,EXPLICIT_SYMBOL,HIGH,HIGH,PARSED,"Replacements in indices w.e.f. March 28, 2024"
NIFTY 500,Garden Reach Shipbuilders & Engineers Ltd.,GARDEN REACH SHIPBUILDERS AND ENGINEERS,GRSE,INE382Z01011,ADDED,2024-02-28,2024-03-28,C:\Users\cores\OneDrive\Desktop\Personal Project\InterSignal\data\reference\nifty500\history\raw\ind_prs28022024.pdf,https://www.niftyindices.com/Press_Release/ind_prs28022024.pdf,EXPLICIT_SYMBOL,HIGH,HIGH,PARSED,"Replacements in indices w.e.f. March 28, 2024"
NIFTY 500,Happy Forgings Ltd.,HAPPY FORGINGS,HAPPYFORGE,,ADDED,2024-02-28,2024-03-28,C:\Users\cores\OneDrive\Desktop\Personal Project\InterSignal\data\reference\nifty500\history\raw\ind_prs28022024.pdf,https://www.niftyindices.com/Press_Release/ind_prs28022024.pdf,EXPLICIT_SYMBOL,HIGH,HIGH,PARSED,"Replacements in indices w.e.f. March 28, 2024"
NIFTY 500,HBL Power Systems Ltd.,HBL POWER SYSTEMS,HBLPOWER,,ADDED,2024-02-28,2024-03-28,C:\Users\cores\OneDrive\Desktop\Personal Project\InterSignal\data\reference\nifty500\history\raw\ind_prs28022024.pdf,https://www.niftyindices.com/Press_Release/ind_prs28022024.pdf,EXPLICIT_SYMBOL,HIGH,HIGH,PARSED,"Replacements in indices w.e.f. March 28, 2024"
NIFTY 500,Honasa Consumer Ltd.,HONASA CONSUMER,HONASA,INE0J5401028,ADDED,2024-02-28,2024-03-28,C:\Users\cores\OneDrive\Desktop\Personal Project\InterSignal\data\reference\nifty500\history\raw\ind_prs28022024.pdf,https://www.niftyindices.com/Press_Release/ind_prs28022024.pdf,EXPLICIT_SYMBOL,HIGH,HIGH,PARSED,"Replacements in indices w.e.f. March 28, 2024"
NIFTY 500,Himadri Speciality Chemical Ltd.,HIMADRI SPECIALITY CHEMICAL,HSCL,INE019C01026,ADDED,2024-02-28,2024-03-28,C:\Users\cores\OneDrive\Desktop\Personal Project\InterSignal\data\reference\nifty500\history\raw\ind_prs28022024.pdf,https://www.niftyindices.com/Press_Release/ind_prs28022024.pdf,EXPLICIT_SYMBOL,HIGH,HIGH,PARSED,"Replacements in indices w.e.f. March 28, 2024"
NIFTY 500,Inox Wind Ltd.,INOX WIND,INOXWIND,INE066P01011,ADDED,2024-02-28,2024-03-28,C:\Users\cores\OneDrive\Desktop\Personal Project\InterSignal\data\reference\nifty500\history\raw\ind_prs28022024.pdf,https://www.niftyindices.com/Press_Release/ind_prs28022024.pdf,EXPLICIT_SYMBOL,HIGH,HIGH,PARSED,"Replacements in indices w.e.f. March 28, 2024"
NIFTY 500,Indian Renewable Energy Development Agency Ltd.,INDIAN RENEWABLE ENERGY DEVELOPMENT AGENCY,IREDA,INE202E01016,ADDED,2024-02-28,2024-03-28,C:\Users\cores\OneDrive\Desktop\Personal Project\InterSignal\data\reference\nifty500\history\raw\ind_prs28022024.pdf,https://www.niftyindices.com/Press_Release/ind_prs28022024.pdf,EXPLICIT_SYMBOL,HIGH,HIGH,PARSED,"Replacements in indices w.e.f. March 28, 2024"
NIFTY 500,Jammu & Kashmir Bank Ltd.,JAMMU AND KASHMIR BANK,J&KBANK,INE168A01041,ADDED,2024-02-28,2024-03-28,C:\Users\cores\OneDrive\Desktop\Personal Project\InterSignal\data\reference\nifty500\history\raw\ind_prs28022024.pdf,https://www.niftyindices.com/Press_Release/ind_prs28022024.pdf,EXPLICIT_SYMBOL,HIGH,HIGH,PARSED,"Replacements in indices w.e.f. March 28, 2024"
NIFTY 500,Jai Balaji Industries Ltd.,JAI BALAJI INDUSTRIES,JAIBALAJI,,ADDED,2024-02-28,2024-03-28,C:\Users\cores\OneDrive\Desktop\Personal Project\InterSignal\data\reference\nifty500\history\raw\ind_prs28022024.pdf,https://www.niftyindices.com/Press_Release/ind_prs28022024.pdf,EXPLICIT_SYMBOL,HIGH,HIGH,PARSED,"Replacements in indices w.e.f. March 28, 2024"
NIFTY 500,Jio Financial Services Ltd.,JIO FINANCIAL SERVICES,JIOFIN,INE758E01017,ADDED,2024-02-28,2024-03-28,C:\Users\cores\OneDrive\Desktop\Personal Project\InterSignal\data\reference\nifty500\history\raw\ind_prs28022024.pdf,https://www.niftyindices.com/Press_Release/ind_prs28022024.pdf,EXPLICIT_SYMBOL,HIGH,HIGH,PARSED,"Replacements in indices w.e.f. March 28, 2024"
NIFTY 500,JSW Infrastructure Ltd.,JSW INFRASTRUCTURE,JSWINFRA,INE880J01026,ADDED,2024-02-28,2024-03-28,C:\Users\cores\OneDrive\Desktop\Personal Project\InterSignal\data\reference\nifty500\history\raw\ind_prs28022024.pdf,https://www.niftyindices.com/Press_Release/ind_prs28022024.pdf,EXPLICIT_SYMBOL,HIGH,HIGH,PARSED,"Replacements in indices w.e.f. March 28, 2024"
NIFTY 500,Jupiter Wagons Ltd.,JUPITER WAGONS,JWL,INE209L01016,ADDED,2024-02-28,2024-03-28,C:\Users\cores\OneDrive\Desktop\Personal Project\InterSignal\data\reference\nifty500\history\raw\ind_prs28022024.pdf,https://www.niftyindices.com/Press_Release/ind_prs28022024.pdf,EXPLICIT_SYMBOL,HIGH,HIGH,PARSED,"Replacements in indices w.e.f. March 28, 2024"
NIFTY 500,Lloyds Metals And Energy Ltd.,LLOYDS METALS AND ENERGY,LLOYDSME,INE281B01032,ADDED,2024-02-28,2024-03-28,C:\Users\cores\OneDrive\Desktop\Personal Project\InterSignal\data\reference\nifty500\history\raw\ind_prs28022024.pdf,https://www.niftyindices.com/Press_Release/ind_prs28022024.pdf,EXPLICIT_SYMBOL,HIGH,HIGH,PARSED,"Replacements in indices w.e.f. March 28, 2024"
NIFTY 500,Maharashtra Seamless Ltd.,MAHARASHTRA SEAMLESS,MAHSEAMLES,,ADDED,2024-02-28,2024-03-28,C:\Users\cores\OneDrive\Desktop\Personal Project\InterSignal\data\reference\nifty500\history\raw\ind_prs28022024.pdf,https://www.niftyindices.com/Press_Release/ind_prs28022024.pdf,EXPLICIT_SYMBOL,HIGH,HIGH,PARSED,"Replacements in indices w.e.f. March 28, 2024"
NIFTY 500,Nuvama Wealth Management Ltd.,NUVAMA WEALTH MANAGEMENT,NUVAMA,INE531F01023,ADDED,2024-02-28,2024-03-28,C:\Users\cores\OneDrive\Desktop\Personal Project\InterSignal\data\reference\nifty500\history\raw\ind_prs28022024.pdf,https://www.niftyindices.com/Press_Release/ind_prs28022024.pdf,EXPLICIT_SYMBOL,HIGH,HIGH,PARSED,"Replacements in indices w.e.f. March 28, 2024"
NIFTY 500,Railtel Corporation Of India Ltd.,RAILTEL CORPORATION OF INDIA,RAILTEL,INE0DD101019,ADDED,2024-02-28,2024-03-28,C:\Users\cores\OneDrive\Desktop\Personal Project\InterSignal\data\reference\nifty500\history\raw\ind_prs28022024.pdf,https://www.niftyindices.com/Press_Release/ind_prs28022024.pdf,EXPLICIT_SYMBOL,HIGH,HIGH,PARSED,"Replacements in indices w.e.f. March 28, 2024"
NIFTY 500,Ramkrishna Forgings Ltd.,RAMKRISHNA FORGINGS,RKFORGE,INE399G01023,ADDED,2024-02-28,2024-03-28,C:\Users\cores\OneDrive\Desktop\Personal Project\InterSignal\data\reference\nifty500\history\raw\ind_prs28022024.pdf,https://www.niftyindices.com/Press_Release/ind_prs28022024.pdf,EXPLICIT_SYMBOL,HIGH,HIGH,PARSED,"Replacements in indices w.e.f. March 28, 2024"
NIFTY 500,R R Kabel Ltd.,R R KABEL,RRKABEL,INE777K01022,ADDED,2024-02-28,2024-03-28,C:\Users\cores\OneDrive\Desktop\Personal Project\InterSignal\data\reference\nifty500\history\raw\ind_prs28022024.pdf,https://www.niftyindices.com/Press_Release/ind_prs28022024.pdf,EXPLICIT_SYMBOL,HIGH,HIGH,PARSED,"Replacements in indices w.e.f. March 28, 2024"
NIFTY 500,SBFC Finance Ltd.,SBFC FINANCE,SBFC,INE423Y01016,ADDED,2024-02-28,2024-03-28,C:\Users\cores\OneDrive\Desktop\Personal Project\InterSignal\data\reference\nifty500\history\raw\ind_prs28022024.pdf,https://www.niftyindices.com/Press_Release/ind_prs28022024.pdf,EXPLICIT_SYMBOL,HIGH,HIGH,PARSED,"Replacements in indices w.e.f. March 28, 2024"
NIFTY 500,Schneider Electric Infrastructure Ltd.,SCHNEIDER ELECTRIC INFRASTRUCTURE,SCHNEIDER,INE839M01018,ADDED,2024-02-28,2024-03-28,C:\Users\cores\OneDrive\Desktop\Personal Project\InterSignal\data\reference\nifty500\history\raw\ind_prs28022024.pdf,https://www.niftyindices.com/Press_Release/ind_prs28022024.pdf,EXPLICIT_SYMBOL,HIGH,HIGH,PARSED,"Replacements in indices w.e.f. March 28, 2024"
NIFTY 500,Signatureglobal (India) Ltd.,SIGNATUREGLOBAL (INDIA),SIGNATURE,INE903U01023,ADDED,2024-02-28,2024-03-28,C:\Users\cores\OneDrive\Desktop\Personal Project\InterSignal\data\reference\nifty500\history\raw\ind_prs28022024.pdf,https://www.niftyindices.com/Press_Release/ind_prs28022024.pdf,EXPLICIT_SYMBOL,HIGH,HIGH,PARSED,"Replacements in indices w.e.f. March 28, 2024"
NIFTY 500,Tata Technologies Ltd.,TATA TECHNOLOGIES,TATATECH,INE142M01025,ADDED,2024-02-28,2024-03-28,C:\Users\cores\OneDrive\Desktop\Personal Project\InterSignal\data\reference\nifty500\history\raw\ind_prs28022024.pdf,https://www.niftyindices.com/Press_Release/ind_prs28022024.pdf,EXPLICIT_SYMBOL,HIGH,HIGH,PARSED,"Replacements in indices w.e.f. March 28, 2024"
NIFTY 500,Titagarh Rail Systems Ltd.,TITAGARH RAIL SYSTEMS,TITAGARH,INE615H01020,ADDED,2024-02-28,2024-03-28,C:\Users\cores\OneDrive\Desktop\Personal Project\InterSignal\data\reference\nifty500\history\raw\ind_prs28022024.pdf,https://www.niftyindices.com/Press_Release/ind_prs28022024.pdf,EXPLICIT_SYMBOL,HIGH,HIGH,PARSED,"Replacements in indices w.e.f. March 28, 2024"
NIFTY 500,Tamilnad Mercantile Bank Ltd.,TAMILNAD MERCANTILE BANK,TMB,,ADDED,2024-02-28,2024-03-28,C:\Users\cores\OneDrive\Desktop\Personal Project\InterSignal\data\reference\nifty500\history\raw\ind_prs28022024.pdf,https://www.niftyindices.com/Press_Release/ind_prs28022024.pdf,EXPLICIT_SYMBOL,HIGH,HIGH,PARSED,"Replacements in indices w.e.f. March 28, 2024"
NIFTY 500,TVS Supply Chain Solutions Ltd.,TVS SUPPLY CHAIN SOLUTIONS,TVSSCS,,ADDED,2024-02-28,2024-03-28,C:\Users\cores\OneDrive\Desktop\Personal Project\InterSignal\data\reference\nifty500\history\raw\ind_prs28022024.pdf,https://www.niftyindices.com/Press_Release/ind_prs28022024.pdf,EXPLICIT_SYMBOL,HIGH,HIGH,PARSED,"Replacements in indices w.e.f. March 28, 2024"
NIFTY 500,Aarti Drugs Ltd.,AARTI DRUGS,AARTIDRUGS,,REMOVED,2024-02-28,2024-03-28,C:\Users\cores\OneDrive\Desktop\Personal Project\InterSignal\data\reference\nifty500\history\raw\ind_prs28022024.pdf,https://www.niftyindices.com/Press_Release/ind_prs28022024.pdf,EXPLICIT_SYMBOL,HIGH,HIGH,PARSED,"Replacements in indices w.e.f. March 28, 2024"
NIFTY 500,Brightcom Group Ltd.,BRIGHTCOM GROUP,BCG,,REMOVED,2024-02-28,2024-03-28,C:\Users\cores\OneDrive\Desktop\Personal Project\InterSignal\data\reference\nifty500\history\raw\ind_prs28022024.pdf,https://www.niftyindices.com/Press_Release/ind_prs28022024.pdf,EXPLICIT_SYMBOL,HIGH,HIGH,PARSED,"Replacements in indices w.e.f. March 28, 2024"
NIFTY 500,Delta Corp Ltd.,DELTA CORP,DELTACORP,,REMOVED,2024-02-28,2024-03-28,C:\Users\cores\OneDrive\Desktop\Personal Project\InterSignal\data\reference\nifty500\history\raw\ind_prs28022024.pdf,https://www.niftyindices.com/Press_Release/ind_prs28022024.pdf,EXPLICIT_SYMBOL,HIGH,HIGH,PARSED,"Replacements in indices w.e.f. March 28, 2024"
NIFTY 500,Epigral Ltd.,EPIGRAL,EPIGRAL,,REMOVED,2024-02-28,2024-03-28,C:\Users\cores\OneDrive\Desktop\Personal Project\InterSignal\data\reference\nifty500\history\raw\ind_prs28022024.pdf,https://www.niftyindices.com/Press_Release/ind_prs28022024.pdf,EXPLICIT_SYMBOL,HIGH,HIGH,PARSED,"Replacements in indices w.e.f. March 28, 2024"
NIFTY 500,Galaxy Surfactants Ltd.,GALAXY SURFACTANTS,GALAXYSURF,,REMOVED,2024-02-28,2024-03-28,C:\Users\cores\OneDrive\Desktop\Personal Project\InterSignal\data\reference\nifty500\history\raw\ind_prs28022024.pdf,https://www.niftyindices.com/Press_Release/ind_prs28022024.pdf,EXPLICIT_SYMBOL,HIGH,HIGH,PARSED,"Replacements in indices w.e.f. March 28, 2024"
NIFTY 500,Go Fashion (India) Ltd.,GO FASHION (INDIA),GOCOLORS,,REMOVED,2024-02-28,2024-03-28,C:\Users\cores\OneDrive\Desktop\Personal Project\InterSignal\data\reference\nifty500\history\raw\ind_prs28022024.pdf,https://www.niftyindices.com/Press_Release/ind_prs28022024.pdf,EXPLICIT_SYMBOL,HIGH,HIGH,PARSED,"Replacements in indices w.e.f. March 28, 2024"
NIFTY 500,G R Infraprojects Ltd.,G R INFRAPROJECTS,GRINFRA,,REMOVED,2024-02-28,2024-03-28,C:\Users\cores\OneDrive\Desktop\Personal Project\InterSignal\data\reference\nifty500\history\raw\ind_prs28022024.pdf,https://www.niftyindices.com/Press_Release/ind_prs28022024.pdf,EXPLICIT_SYMBOL,HIGH,HIGH,PARSED,"Replacements in indices w.e.f. March 28, 2024"
NIFTY 500,Gujarat Alkalies & Chemicals Ltd.,GUJARAT ALKALIES AND CHEMICALS,GUJALKALI,,REMOVED,2024-02-28,2024-03-28,C:\Users\cores\OneDrive\Desktop\Personal Project\InterSignal\data\reference\nifty500\history\raw\ind_prs28022024.pdf,https://www.niftyindices.com/Press_Release/ind_prs28022024.pdf,EXPLICIT_SYMBOL,HIGH,HIGH,PARSED,"Replacements in indices w.e.f. March 28, 2024"
NIFTY 500,HLE Glascoat Ltd.,HLE GLASCOAT,HLEGLAS,,REMOVED,2024-02-28,2024-03-28,C:\Users\cores\OneDrive\Desktop\Personal Project\InterSignal\data\reference\nifty500\history\raw\ind_prs28022024.pdf,https://www.niftyindices.com/Press_Release/ind_prs28022024.pdf,EXPLICIT_SYMBOL,HIGH,HIGH,PARSED,"Replacements in indices w.e.f. March 28, 2024"
NIFTY 500,Infibeam Avenues Ltd.,INFIBEAM AVENUES,INFIBEAM,,REMOVED,2024-02-28,2024-03-28,C:\Users\cores\OneDrive\Desktop\Personal Project\InterSignal\data\reference\nifty500\history\raw\ind_prs28022024.pdf,https://www.niftyindices.com/Press_Release/ind_prs28022024.pdf,EXPLICIT_SYMBOL,HIGH,HIGH,PARSED,"Replacements in indices w.e.f. March 28, 2024"
NIFTY 500,Ingersoll Rand (India) Ltd.,INGERSOLL RAND (INDIA),INGERRAND,,REMOVED,2024-02-28,2024-03-28,C:\Users\cores\OneDrive\Desktop\Personal Project\InterSignal\data\reference\nifty500\history\raw\ind_prs28022024.pdf,https://www.niftyindices.com/Press_Release/ind_prs28022024.pdf,EXPLICIT_SYMBOL,HIGH,HIGH,PARSED,"Replacements in indices w.e.f. March 28, 2024"
NIFTY 500,Jamna Auto Industries Ltd.,JAMNA AUTO INDUSTRIES,JAMNAAUTO,,REMOVED,2024-02-28,2024-03-28,C:\Users\cores\OneDrive\Desktop\Personal Project\InterSignal\data\reference\nifty500\history\raw\ind_prs28022024.pdf,https://www.niftyindices.com/Press_Release/ind_prs28022024.pdf,EXPLICIT_SYMBOL,HIGH,HIGH,PARSED,"Replacements in indices w.e.f. March 28, 2024"
NIFTY 500,Lakshmi Machine Works Ltd.,LAKSHMI MACHINE WORKS,LAXMIMACH,,REMOVED,2024-02-28,2024-03-28,C:\Users\cores\OneDrive\Desktop\Personal Project\InterSignal\data\reference\nifty500\history\raw\ind_prs28022024.pdf,https://www.niftyindices.com/Press_Release/ind_prs28022024.pdf,EXPLICIT_SYMBOL,HIGH,HIGH,PARSED,"Replacements in indices w.e.f. March 28, 2024"
NIFTY 500,Lux Industries Ltd.,LUX INDUSTRIES,LUXIND,,REMOVED,2024-02-28,2024-03-28,C:\Users\cores\OneDrive\Desktop\Personal Project\InterSignal\data\reference\nifty500\history\raw\ind_prs28022024.pdf,https://www.niftyindices.com/Press_Release/ind_prs28022024.pdf,EXPLICIT_SYMBOL,HIGH,HIGH,PARSED,"Replacements in indices w.e.f. March 28, 2024"
NIFTY 500,Nazara Technologies Ltd.,NAZARA TECHNOLOGIES,NAZARA,,REMOVED,2024-02-28,2024-03-28,C:\Users\cores\OneDrive\Desktop\Personal Project\InterSignal\data\reference\nifty500\history\raw\ind_prs28022024.pdf,https://www.niftyindices.com/Press_Release/ind_prs28022024.pdf,EXPLICIT_SYMBOL,HIGH,HIGH,PARSED,"Replacements in indices w.e.f. March 28, 2024"
NIFTY 500,Orient Electric Ltd.,ORIENT ELECTRIC,ORIENTELEC,,REMOVED,2024-02-28,2024-03-28,C:\Users\cores\OneDrive\Desktop\Personal Project\InterSignal\data\reference\nifty500\history\raw\ind_prs28022024.pdf,https://www.niftyindices.com/Press_Release/ind_prs28022024.pdf,EXPLICIT_SYMBOL,HIGH,HIGH,PARSED,"Replacements in indices w.e.f. March 28, 2024"
NIFTY 500,Pfizer Ltd.,PFIZER,PFIZER,INE182A01018,REMOVED,2024-02-28,2024-03-28,C:\Users\cores\OneDrive\Desktop\Personal Project\InterSignal\data\reference\nifty500\history\raw\ind_prs28022024.pdf,https://www.niftyindices.com/Press_Release/ind_prs28022024.pdf,EXPLICIT_SYMBOL,HIGH,HIGH,PARSED,"Replacements in indices w.e.f. March 28, 2024"
NIFTY 500,Procter & Gamble Health Ltd.,PROCTER AND GAMBLE HEALTH,PGHL,,REMOVED,2024-02-28,2024-03-28,C:\Users\cores\OneDrive\Desktop\Personal Project\InterSignal\data\reference\nifty500\history\raw\ind_prs28022024.pdf,https://www.niftyindices.com/Press_Release/ind_prs28022024.pdf,EXPLICIT_SYMBOL,HIGH,HIGH,PARSED,"Replacements in indices w.e.f. March 28, 2024"
NIFTY 500,Polyplex Corporation Ltd.,POLYPLEX CORPORATION,POLYPLEX,,REMOVED,2024-02-28,2024-03-28,C:\Users\cores\OneDrive\Desktop\Personal Project\InterSignal\data\reference\nifty500\history\raw\ind_prs28022024.pdf,https://www.niftyindices.com/Press_Release/ind_prs28022024.pdf,EXPLICIT_SYMBOL,HIGH,HIGH,PARSED,"Replacements in indices w.e.f. March 28, 2024"
NIFTY 500,Rain Industries Ltd,RAIN INDUSTRIES,RAIN,,REMOVED,2024-02-28,2024-03-28,C:\Users\cores\OneDrive\Desktop\Personal Project\InterSignal\data\reference\nifty500\history\raw\ind_prs28022024.pdf,https://www.niftyindices.com/Press_Release/ind_prs28022024.pdf,EXPLICIT_SYMBOL,HIGH,HIGH,PARSED,"Replacements in indices w.e.f. March 28, 2024"
NIFTY 500,Rallis India Ltd.,RALLIS INDIA,RALLIS,,REMOVED,2024-02-28,2024-03-28,C:\Users\cores\OneDrive\Desktop\Personal Project\InterSignal\data\reference\nifty500\history\raw\ind_prs28022024.pdf,https://www.niftyindices.com/Press_Release/ind_prs28022024.pdf,EXPLICIT_SYMBOL,HIGH,HIGH,PARSED,"Replacements in indices w.e.f. March 28, 2024"
NIFTY 500,Relaxo Footwears Ltd.,RELAXO FOOTWEARS,RELAXO,,REMOVED,2024-02-28,2024-03-28,C:\Users\cores\OneDrive\Desktop\Personal Project\InterSignal\data\reference\nifty500\history\raw\ind_prs28022024.pdf,https://www.niftyindices.com/Press_Release/ind_prs28022024.pdf,EXPLICIT_SYMBOL,HIGH,HIGH,PARSED,"Replacements in indices w.e.f. March 28, 2024"
NIFTY 500,Rossari Biotech Ltd.,ROSSARI BIOTECH,ROSSARI,,REMOVED,2024-02-28,2024-03-28,C:\Users\cores\OneDrive\Desktop\Personal Project\InterSignal\data\reference\nifty500\history\raw\ind_prs28022024.pdf,https://www.niftyindices.com/Press_Release/ind_prs28022024.pdf,EXPLICIT_SYMBOL,HIGH,HIGH,PARSED,"Replacements in indices w.e.f. March 28, 2024"
NIFTY 500,Sheela Foam Ltd.,SHEELA FOAM,SFL,,REMOVED,2024-02-28,2024-03-28,C:\Users\cores\OneDrive\Desktop\Personal Project\InterSignal\data\reference\nifty500\history\raw\ind_prs28022024.pdf,https://www.niftyindices.com/Press_Release/ind_prs28022024.pdf,EXPLICIT_SYMBOL,HIGH,HIGH,PARSED,"Replacements in indices w.e.f. March 28, 2024"
NIFTY 500,Sharda Cropchem Ltd.,SHARDA CROPCHEM,SHARDACROP,,REMOVED,2024-02-28,2024-03-28,C:\Users\cores\OneDrive\Desktop\Personal Project\InterSignal\data\reference\nifty500\history\raw\ind_prs28022024.pdf,https://www.niftyindices.com/Press_Release/ind_prs28022024.pdf,EXPLICIT_SYMBOL,HIGH,HIGH,PARSED,"Replacements in indices w.e.f. March 28, 2024"
NIFTY 500,Shoppers Stop Ltd.,SHOPPERS STOP,SHOPERSTOP,,REMOVED,2024-02-28,2024-03-28,C:\Users\cores\OneDrive\Desktop\Personal Project\InterSignal\data\reference\nifty500\history\raw\ind_prs28022024.pdf,https://www.niftyindices.com/Press_Release/ind_prs28022024.pdf,EXPLICIT_SYMBOL,HIGH,HIGH,PARSED,"Replacements in indices w.e.f. March 28, 2024"
NIFTY 500,Suprajit Engineering Ltd.,SUPRAJIT ENGINEERING,SUPRAJIT,,REMOVED,2024-02-28,2024-03-28,C:\Users\cores\OneDrive\Desktop\Personal Project\InterSignal\data\reference\nifty500\history\raw\ind_prs28022024.pdf,https://www.niftyindices.com/Press_Release/ind_prs28022024.pdf,EXPLICIT_SYMBOL,HIGH,HIGH,PARSED,"Replacements in indices w.e.f. March 28, 2024"
NIFTY 500,Symphony Ltd.,SYMPHONY,SYMPHONY,,REMOVED,2024-02-28,2024-03-28,C:\Users\cores\OneDrive\Desktop\Personal Project\InterSignal\data\reference\nifty500\history\raw\ind_prs28022024.pdf,https://www.niftyindices.com/Press_Release/ind_prs28022024.pdf,EXPLICIT_SYMBOL,HIGH,HIGH,PARSED,"Replacements in indices w.e.f. March 28, 2024"
NIFTY 500,Teamlease Services Ltd.,TEAMLEASE SERVICES,TEAMLEASE,,REMOVED,2024-02-28,2024-03-28,C:\Users\cores\OneDrive\Desktop\Personal Project\InterSignal\data\reference\nifty500\history\raw\ind_prs28022024.pdf,https://www.niftyindices.com/Press_Release/ind_prs28022024.pdf,EXPLICIT_SYMBOL,HIGH,HIGH,PARSED,"Replacements in indices w.e.f. March 28, 2024"
NIFTY 500,TTK Prestige Ltd.,TTK PRESTIGE,TTKPRESTIG,,REMOVED,2024-02-28,2024-03-28,C:\Users\cores\OneDrive\Desktop\Personal Project\InterSignal\data\reference\nifty500\history\raw\ind_prs28022024.pdf,https://www.niftyindices.com/Press_Release/ind_prs28022024.pdf,EXPLICIT_SYMBOL,HIGH,HIGH,PARSED,"Replacements in indices w.e.f. March 28, 2024"
NIFTY 500,V-Guard Industries Ltd.,V GUARD INDUSTRIES,VGUARD,,REMOVED,2024-02-28,2024-03-28,C:\Users\cores\OneDrive\Desktop\Personal Project\InterSignal\data\reference\nifty500\history\raw\ind_prs28022024.pdf,https://www.niftyindices.com/Press_Release/ind_prs28022024.pdf,EXPLICIT_SYMBOL,HIGH,HIGH,PARSED,"Replacements in indices w.e.f. March 28, 2024"
NIFTY 500,Vinati Organics Ltd.,VINATI ORGANICS,VINATIORGA,,REMOVED,2024-02-28,2024-03-28,C:\Users\cores\OneDrive\Desktop\Personal Project\InterSignal\data\reference\nifty500\history\raw\ind_prs28022024.pdf,https://www.niftyindices.com/Press_Release/ind_prs28022024.pdf,EXPLICIT_SYMBOL,HIGH,HIGH,PARSED,"Replacements in indices w.e.f. March 28, 2024"
NIFTY 500,V-Mart Retail Ltd.,V MART RETAIL,VMART,,REMOVED,2024-02-28,2024-03-28,C:\Users\cores\OneDrive\Desktop\Personal Project\InterSignal\data\reference\nifty500\history\raw\ind_prs28022024.pdf,https://www.niftyindices.com/Press_Release/ind_prs28022024.pdf,EXPLICIT_SYMBOL,HIGH,HIGH,PARSED,"Replacements in indices w.e.f. March 28, 2024"
NIFTY 500,Zydus Wellness Ltd.,ZYDUS WELLNESS,ZYDUSWELL,INE768C01028,REMOVED,2024-02-28,2024-03-28,C:\Users\cores\OneDrive\Desktop\Personal Project\InterSignal\data\reference\nifty500\history\raw\ind_prs28022024.pdf,https://www.niftyindices.com/Press_Release/ind_prs28022024.pdf,EXPLICIT_SYMBOL,HIGH,HIGH,PARSED,"Replacements in indices w.e.f. March 28, 2024"
NIFTY 500,Aadhar Housing Finance Ltd.,AADHAR HOUSING FINANCE,AADHARHFC,INE883F01010,ADDED,2024-08-23,2024-09-30,C:\Users\cores\OneDrive\Desktop\Personal Project\InterSignal\data\reference\nifty500\history\raw\ind_prs23082024.pdf,https://www.niftyindices.com/Press_Release/ind_prs23082024.pdf,EXPLICIT_SYMBOL,HIGH,HIGH,PARSED,"Replacements in indices and revision in criteria w.e.f. September 30, 2024"
NIFTY 500,Aditya Birla Sun Life AMC Ltd.,ADITYA BIRLA SUN LIFE AMC,ABSLAMC,INE404A01024,ADDED,2024-08-23,2024-09-30,C:\Users\cores\OneDrive\Desktop\Personal Project\InterSignal\data\reference\nifty500\history\raw\ind_prs23082024.pdf,https://www.niftyindices.com/Press_Release/ind_prs23082024.pdf,EXPLICIT_SYMBOL,HIGH,HIGH,PARSED,"Replacements in indices and revision in criteria w.e.f. September 30, 2024"
NIFTY 500,Anant Raj Ltd.,ANANT RAJ,ANANTRAJ,INE242C01024,ADDED,2024-08-23,2024-09-30,C:\Users\cores\OneDrive\Desktop\Personal Project\InterSignal\data\reference\nifty500\history\raw\ind_prs23082024.pdf,https://www.niftyindices.com/Press_Release/ind_prs23082024.pdf,EXPLICIT_SYMBOL,HIGH,HIGH,PARSED,"Replacements in indices and revision in criteria w.e.f. September 30, 2024"
NIFTY 500,BASF India Ltd.,BASF INDIA,BASF,,ADDED,2024-08-23,2024-09-30,C:\Users\cores\OneDrive\Desktop\Personal Project\InterSignal\data\reference\nifty500\history\raw\ind_prs23082024.pdf,https://www.niftyindices.com/Press_Release/ind_prs23082024.pdf,EXPLICIT_SYMBOL,HIGH,HIGH,PARSED,"Replacements in indices and revision in criteria w.e.f. September 30, 2024"
NIFTY 500,Bharti Hexacom Ltd.,BHARTI HEXACOM,BHARTIHEXA,INE343G01021,ADDED,2024-08-23,2024-09-30,C:\Users\cores\OneDrive\Desktop\Personal Project\InterSignal\data\reference\nifty500\history\raw\ind_prs23082024.pdf,https://www.niftyindices.com/Press_Release/ind_prs23082024.pdf,EXPLICIT_SYMBOL,HIGH,HIGH,PARSED,"Replacements in indices and revision in criteria w.e.f. September 30, 2024"
NIFTY 500,Valor Estate Ltd.,VALOR ESTATE,DBREALTY,,ADDED,2024-08-23,2024-09-30,C:\Users\cores\OneDrive\Desktop\Personal Project\InterSignal\data\reference\nifty500\history\raw\ind_prs23082024.pdf,https://www.niftyindices.com/Press_Release/ind_prs23082024.pdf,EXPLICIT_SYMBOL,HIGH,HIGH,PARSED,"Replacements in indices and revision in criteria w.e.f. September 30, 2024"
NIFTY 500,GE T&D India Ltd.,GE TANDD INDIA,GET&D,,ADDED,2024-08-23,2024-09-30,C:\Users\cores\OneDrive\Desktop\Personal Project\InterSignal\data\reference\nifty500\history\raw\ind_prs23082024.pdf,https://www.niftyindices.com/Press_Release/ind_prs23082024.pdf,EXPLICIT_SYMBOL,HIGH,HIGH,PARSED,"Replacements in indices and revision in criteria w.e.f. September 30, 2024"
NIFTY 500,Go Digit General Insurance Ltd.,GO DIGIT GENERAL INSURANCE,GODIGIT,INE03JT01014,ADDED,2024-08-23,2024-09-30,C:\Users\cores\OneDrive\Desktop\Personal Project\InterSignal\data\reference\nifty500\history\raw\ind_prs23082024.pdf,https://www.niftyindices.com/Press_Release/ind_prs23082024.pdf,EXPLICIT_SYMBOL,HIGH,HIGH,PARSED,"Replacements in indices and revision in criteria w.e.f. September 30, 2024"
NIFTY 500,Godrej Agrovet Ltd.,GODREJ AGROVET,GODREJAGRO,,ADDED,2024-08-23,2024-09-30,C:\Users\cores\OneDrive\Desktop\Personal Project\InterSignal\data\reference\nifty500\history\raw\ind_prs23082024.pdf,https://www.niftyindices.com/Press_Release/ind_prs23082024.pdf,EXPLICIT_SYMBOL,HIGH,HIGH,PARSED,"Replacements in indices and revision in criteria w.e.f. September 30, 2024"
NIFTY 500,G R Infraprojects Ltd.,G R INFRAPROJECTS,GRINFRA,,ADDED,2024-08-23,2024-09-30,C:\Users\cores\OneDrive\Desktop\Personal Project\InterSignal\data\reference\nifty500\history\raw\ind_prs23082024.pdf,https://www.niftyindices.com/Press_Release/ind_prs23082024.pdf,EXPLICIT_SYMBOL,HIGH,HIGH,PARSED,"Replacements in indices and revision in criteria w.e.f. September 30, 2024"
NIFTY 500,IFCI Ltd.,IFCI,IFCI,INE039A01010,ADDED,2024-08-23,2024-09-30,C:\Users\cores\OneDrive\Desktop\Personal Project\InterSignal\data\reference\nifty500\history\raw\ind_prs23082024.pdf,https://www.niftyindices.com/Press_Release/ind_prs23082024.pdf,EXPLICIT_SYMBOL,HIGH,HIGH,PARSED,"Replacements in indices and revision in criteria w.e.f. September 30, 2024"
NIFTY 500,Indegene Ltd.,INDEGENE,INDGN,INE065X01017,ADDED,2024-08-23,2024-09-30,C:\Users\cores\OneDrive\Desktop\Personal Project\InterSignal\data\reference\nifty500\history\raw\ind_prs23082024.pdf,https://www.niftyindices.com/Press_Release/ind_prs23082024.pdf,EXPLICIT_SYMBOL,HIGH,HIGH,PARSED,"Replacements in indices and revision in criteria w.e.f. September 30, 2024"
NIFTY 500,INOX India Ltd.,INOX INDIA,INOXINDIA,,ADDED,2024-08-23,2024-09-30,C:\Users\cores\OneDrive\Desktop\Personal Project\InterSignal\data\reference\nifty500\history\raw\ind_prs23082024.pdf,https://www.niftyindices.com/Press_Release/ind_prs23082024.pdf,EXPLICIT_SYMBOL,HIGH,HIGH,PARSED,"Replacements in indices and revision in criteria w.e.f. September 30, 2024"
NIFTY 500,Indian Renewable Energy Development Agency Ltd.,INDIAN RENEWABLE ENERGY DEVELOPMENT AGENCY,IREDA,INE202E01016,ADDED,2024-08-23,2024-09-30,C:\Users\cores\OneDrive\Desktop\Personal Project\InterSignal\data\reference\nifty500\history\raw\ind_prs23082024.pdf,https://www.niftyindices.com/Press_Release/ind_prs23082024.pdf,EXPLICIT_SYMBOL,HIGH,HIGH,PARSED,"Replacements in indices and revision in criteria w.e.f. September 30, 2024"
NIFTY 500,JK Tyre & Industries Ltd.,JK TYRE AND INDUSTRIES,JKTYRE,INE573A01042,ADDED,2024-08-23,2024-09-30,C:\Users\cores\OneDrive\Desktop\Personal Project\InterSignal\data\reference\nifty500\history\raw\ind_prs23082024.pdf,https://www.niftyindices.com/Press_Release/ind_prs23082024.pdf,EXPLICIT_SYMBOL,HIGH,HIGH,PARSED,"Replacements in indices and revision in criteria w.e.f. September 30, 2024"
NIFTY 500,Jaiprakash Power Ventures Ltd.,JAIPRAKASH POWER VENTURES,JPPOWER,INE351F01018,ADDED,2024-08-23,2024-09-30,C:\Users\cores\OneDrive\Desktop\Personal Project\InterSignal\data\reference\nifty500\history\raw\ind_prs23082024.pdf,https://www.niftyindices.com/Press_Release/ind_prs23082024.pdf,EXPLICIT_SYMBOL,HIGH,HIGH,PARSED,"Replacements in indices and revision in criteria w.e.f. September 30, 2024"
NIFTY 500,Jyoti CNC Automation Ltd.,JYOTI CNC AUTOMATION,JYOTICNC,INE980O01024,ADDED,2024-08-23,2024-09-30,C:\Users\cores\OneDrive\Desktop\Personal Project\InterSignal\data\reference\nifty500\history\raw\ind_prs23082024.pdf,https://www.niftyindices.com/Press_Release/ind_prs23082024.pdf,EXPLICIT_SYMBOL,HIGH,HIGH,PARSED,"Replacements in indices and revision in criteria w.e.f. September 30, 2024"
NIFTY 500,Kirloskar Brothers Ltd.,KIRLOSKAR BROTHERS,KIRLOSBROS,,ADDED,2024-08-23,2024-09-30,C:\Users\cores\OneDrive\Desktop\Personal Project\InterSignal\data\reference\nifty500\history\raw\ind_prs23082024.pdf,https://www.niftyindices.com/Press_Release/ind_prs23082024.pdf,EXPLICIT_SYMBOL,HIGH,HIGH,PARSED,"Replacements in indices and revision in criteria w.e.f. September 30, 2024"
NIFTY 500,Kirloskar Oil Eng Ltd.,KIRLOSKAR OIL ENG,KIRLOSENG,INE146L01010,ADDED,2024-08-23,2024-09-30,C:\Users\cores\OneDrive\Desktop\Personal Project\InterSignal\data\reference\nifty500\history\raw\ind_prs23082024.pdf,https://www.niftyindices.com/Press_Release/ind_prs23082024.pdf,EXPLICIT_SYMBOL,HIGH,HIGH,PARSED,"Replacements in indices and revision in criteria w.e.f. September 30, 2024"
NIFTY 500,Netweb Technologies India Ltd.,NETWEB TECHNOLOGIES INDIA,NETWEB,INE0NT901020,ADDED,2024-08-23,2024-09-30,C:\Users\cores\OneDrive\Desktop\Personal Project\InterSignal\data\reference\nifty500\history\raw\ind_prs23082024.pdf,https://www.niftyindices.com/Press_Release/ind_prs23082024.pdf,EXPLICIT_SYMBOL,HIGH,HIGH,PARSED,"Replacements in indices and revision in criteria w.e.f. September 30, 2024"
NIFTY 500,Newgen Software Technologies Ltd.,NEWGEN SOFTWARE TECHNOLOGIES,NEWGEN,INE619B01017,ADDED,2024-08-23,2024-09-30,C:\Users\cores\OneDrive\Desktop\Personal Project\InterSignal\data\reference\nifty500\history\raw\ind_prs23082024.pdf,https://www.niftyindices.com/Press_Release/ind_prs23082024.pdf,EXPLICIT_SYMBOL,HIGH,HIGH,PARSED,"Replacements in indices and revision in criteria w.e.f. September 30, 2024"
NIFTY 500,Pfizer Ltd.,PFIZER,PFIZER,INE182A01018,ADDED,2024-08-23,2024-09-30,C:\Users\cores\OneDrive\Desktop\Personal Project\InterSignal\data\reference\nifty500\history\raw\ind_prs23082024.pdf,https://www.niftyindices.com/Press_Release/ind_prs23082024.pdf,EXPLICIT_SYMBOL,HIGH,HIGH,PARSED,"Replacements in indices and revision in criteria w.e.f. September 30, 2024"
NIFTY 500,PTC Industries Ltd.,PTC INDUSTRIES,PTCIL,INE596F01018,ADDED,2024-08-23,2024-09-30,C:\Users\cores\OneDrive\Desktop\Personal Project\InterSignal\data\reference\nifty500\history\raw\ind_prs23082024.pdf,https://www.niftyindices.com/Press_Release/ind_prs23082024.pdf,EXPLICIT_SYMBOL,HIGH,HIGH,PARSED,"Replacements in indices and revision in criteria w.e.f. September 30, 2024"
NIFTY 500,Shipping Corporation of India Ltd.,SHIPPING CORPORATION OF INDIA,SCI,INE109A01011,ADDED,2024-08-23,2024-09-30,C:\Users\cores\OneDrive\Desktop\Personal Project\InterSignal\data\reference\nifty500\history\raw\ind_prs23082024.pdf,https://www.niftyindices.com/Press_Release/ind_prs23082024.pdf,EXPLICIT_SYMBOL,HIGH,HIGH,PARSED,"Replacements in indices and revision in criteria w.e.f. September 30, 2024"
NIFTY 500,TBO Tek Ltd.,TBO TEK,TBOTEK,INE673O01025,ADDED,2024-08-23,2024-09-30,C:\Users\cores\OneDrive\Desktop\Personal Project\InterSignal\data\reference\nifty500\history\raw\ind_prs23082024.pdf,https://www.niftyindices.com/Press_Release/ind_prs23082024.pdf,EXPLICIT_SYMBOL,HIGH,HIGH,PARSED,"Replacements in indices and revision in criteria w.e.f. September 30, 2024"
NIFTY 500,Techno Electric & Engineering Company Ltd.,TECHNO ELECTRIC AND ENGINEERING COMPANY,TECHNOE,INE285K01026,ADDED,2024-08-23,2024-09-30,C:\Users\cores\OneDrive\Desktop\Personal Project\InterSignal\data\reference\nifty500\history\raw\ind_prs23082024.pdf,https://www.niftyindices.com/Press_Release/ind_prs23082024.pdf,EXPLICIT_SYMBOL,HIGH,HIGH,PARSED,"Replacements in indices and revision in criteria w.e.f. September 30, 2024"
NIFTY 500,Vinati Organics Ltd.,VINATI ORGANICS,VINATIORGA,,ADDED,2024-08-23,2024-09-30,C:\Users\cores\OneDrive\Desktop\Personal Project\InterSignal\data\reference\nifty500\history\raw\ind_prs23082024.pdf,https://www.niftyindices.com/Press_Release/ind_prs23082024.pdf,EXPLICIT_SYMBOL,HIGH,HIGH,PARSED,"Replacements in indices and revision in criteria w.e.f. September 30, 2024"
NIFTY 500,Aether Industries Ltd.,AETHER INDUSTRIES,AETHER,,REMOVED,2024-08-23,2024-09-30,C:\Users\cores\OneDrive\Desktop\Personal Project\InterSignal\data\reference\nifty500\history\raw\ind_prs23082024.pdf,https://www.niftyindices.com/Press_Release/ind_prs23082024.pdf,EXPLICIT_SYMBOL,HIGH,HIGH,PARSED,"Replacements in indices and revision in criteria w.e.f. September 30, 2024"
NIFTY 500,Allcargo Logistics Ltd.,ALLCARGO LOGISTICS,ALLCARGO,,REMOVED,2024-08-23,2024-09-30,C:\Users\cores\OneDrive\Desktop\Personal Project\InterSignal\data\reference\nifty500\history\raw\ind_prs23082024.pdf,https://www.niftyindices.com/Press_Release/ind_prs23082024.pdf,EXPLICIT_SYMBOL,HIGH,HIGH,PARSED,"Replacements in indices and revision in criteria w.e.f. September 30, 2024"
NIFTY 500,Anupam Rasayan India Ltd.,ANUPAM RASAYAN INDIA,ANURAS,INE930P01018,REMOVED,2024-08-23,2024-09-30,C:\Users\cores\OneDrive\Desktop\Personal Project\InterSignal\data\reference\nifty500\history\raw\ind_prs23082024.pdf,https://www.niftyindices.com/Press_Release/ind_prs23082024.pdf,EXPLICIT_SYMBOL,HIGH,HIGH,PARSED,"Replacements in indices and revision in criteria w.e.f. September 30, 2024"
NIFTY 500,Borosil Renewables Ltd.,BOROSIL RENEWABLES,BORORENEW,,REMOVED,2024-08-23,2024-09-30,C:\Users\cores\OneDrive\Desktop\Personal Project\InterSignal\data\reference\nifty500\history\raw\ind_prs23082024.pdf,https://www.niftyindices.com/Press_Release/ind_prs23082024.pdf,EXPLICIT_SYMBOL,HIGH,HIGH,PARSED,"Replacements in indices and revision in criteria w.e.f. September 30, 2024"
NIFTY 500,CSB Bank Ltd.,CSB BANK,CSBBANK,,REMOVED,2024-08-23,2024-09-30,C:\Users\cores\OneDrive\Desktop\Personal Project\InterSignal\data\reference\nifty500\history\raw\ind_prs23082024.pdf,https://www.niftyindices.com/Press_Release/ind_prs23082024.pdf,EXPLICIT_SYMBOL,HIGH,HIGH,PARSED,"Replacements in indices and revision in criteria w.e.f. September 30, 2024"
NIFTY 500,DCM Shriram Ltd.,DCM SHRIRAM,DCMSHRIRAM,INE499A01024,REMOVED,2024-08-23,2024-09-30,C:\Users\cores\OneDrive\Desktop\Personal Project\InterSignal\data\reference\nifty500\history\raw\ind_prs23082024.pdf,https://www.niftyindices.com/Press_Release/ind_prs23082024.pdf,EXPLICIT_SYMBOL,HIGH,HIGH,PARSED,"Replacements in indices and revision in criteria w.e.f. September 30, 2024"
NIFTY 500,EPL Ltd.,EPL,EPL,,REMOVED,2024-08-23,2024-09-30,C:\Users\cores\OneDrive\Desktop\Personal Project\InterSignal\data\reference\nifty500\history\raw\ind_prs23082024.pdf,https://www.niftyindices.com/Press_Release/ind_prs23082024.pdf,EXPLICIT_SYMBOL,HIGH,HIGH,PARSED,"Replacements in indices and revision in criteria w.e.f. September 30, 2024"
NIFTY 500,FDC Ltd.,FDC,FDC,,REMOVED,2024-08-23,2024-09-30,C:\Users\cores\OneDrive\Desktop\Personal Project\InterSignal\data\reference\nifty500\history\raw\ind_prs23082024.pdf,https://www.niftyindices.com/Press_Release/ind_prs23082024.pdf,EXPLICIT_SYMBOL,HIGH,HIGH,PARSED,"Replacements in indices and revision in criteria w.e.f. September 30, 2024"
NIFTY 500,Glenmark Life Sciences Ltd.,GLENMARK LIFE SCIENCES,GLS,,REMOVED,2024-08-23,2024-09-30,C:\Users\cores\OneDrive\Desktop\Personal Project\InterSignal\data\reference\nifty500\history\raw\ind_prs23082024.pdf,https://www.niftyindices.com/Press_Release/ind_prs23082024.pdf,EXPLICIT_SYMBOL,HIGH,HIGH,PARSED,"Replacements in indices and revision in criteria w.e.f. September 30, 2024"
NIFTY 500,GMM Pfaudler Ltd.,GMM PFAUDLER,GMMPFAUDLR,,REMOVED,2024-08-23,2024-09-30,C:\Users\cores\OneDrive\Desktop\Personal Project\InterSignal\data\reference\nifty500\history\raw\ind_prs23082024.pdf,https://www.niftyindices.com/Press_Release/ind_prs23082024.pdf,EXPLICIT_SYMBOL,HIGH,HIGH,PARSED,"Replacements in indices and revision in criteria w.e.f. September 30, 2024"
NIFTY 500,Happy Forgings Ltd.,HAPPY FORGINGS,HAPPYFORGE,,REMOVED,2024-08-23,2024-09-30,C:\Users\cores\OneDrive\Desktop\Personal Project\InterSignal\data\reference\nifty500\history\raw\ind_prs23082024.pdf,https://www.niftyindices.com/Press_Release/ind_prs23082024.pdf,EXPLICIT_SYMBOL,HIGH,HIGH,PARSED,"Replacements in indices and revision in criteria w.e.f. September 30, 2024"
NIFTY 500,Vodafone Idea Ltd.,VODAFONE IDEA,IDEA,INE669E01016,REMOVED,2024-08-23,2024-09-30,C:\Users\cores\OneDrive\Desktop\Personal Project\InterSignal\data\reference\nifty500\history\raw\ind_prs23082024.pdf,https://www.niftyindices.com/Press_Release/ind_prs23082024.pdf,EXPLICIT_SYMBOL,HIGH,HIGH,PARSED,"Replacements in indices and revision in criteria w.e.f. September 30, 2024"
NIFTY 500,Indigo Paints Ltd.,INDIGO PAINTS,INDIGOPNTS,,REMOVED,2024-08-23,2024-09-30,C:\Users\cores\OneDrive\Desktop\Personal Project\InterSignal\data\reference\nifty500\history\raw\ind_prs23082024.pdf,https://www.niftyindices.com/Press_Release/ind_prs23082024.pdf,EXPLICIT_SYMBOL,HIGH,HIGH,PARSED,"Replacements in indices and revision in criteria w.e.f. September 30, 2024"
NIFTY 500,Jai Balaji Industries Ltd.,JAI BALAJI INDUSTRIES,JAIBALAJI,,REMOVED,2024-08-23,2024-09-30,C:\Users\cores\OneDrive\Desktop\Personal Project\InterSignal\data\reference\nifty500\history\raw\ind_prs23082024.pdf,https://www.niftyindices.com/Press_Release/ind_prs23082024.pdf,EXPLICIT_SYMBOL,HIGH,HIGH,PARSED,"Replacements in indices and revision in criteria w.e.f. September 30, 2024"
NIFTY 500,JK Paper Ltd.,JK PAPER,JKPAPER,,REMOVED,2024-08-23,2024-09-30,C:\Users\cores\OneDrive\Desktop\Personal Project\InterSignal\data\reference\nifty500\history\raw\ind_prs23082024.pdf,https://www.niftyindices.com/Press_Release/ind_prs23082024.pdf,EXPLICIT_SYMBOL,HIGH,HIGH,PARSED,"Replacements in indices and revision in criteria w.e.f. September 30, 2024"
NIFTY 500,KRBL Ltd.,KRBL,KRBL,,REMOVED,2024-08-23,2024-09-30,C:\Users\cores\OneDrive\Desktop\Personal Project\InterSignal\data\reference\nifty500\history\raw\ind_prs23082024.pdf,https://www.niftyindices.com/Press_Release/ind_prs23082024.pdf,EXPLICIT_SYMBOL,HIGH,HIGH,PARSED,"Replacements in indices and revision in criteria w.e.f. September 30, 2024"
NIFTY 500,Laxmi Organic Industries Ltd.,LAXMI ORGANIC INDUSTRIES,LXCHEM,,REMOVED,2024-08-23,2024-09-30,C:\Users\cores\OneDrive\Desktop\Personal Project\InterSignal\data\reference\nifty500\history\raw\ind_prs23082024.pdf,https://www.niftyindices.com/Press_Release/ind_prs23082024.pdf,EXPLICIT_SYMBOL,HIGH,HIGH,PARSED,"Replacements in indices and revision in criteria w.e.f. September 30, 2024"
NIFTY 500,Medplus Health Services Ltd.,MEDPLUS HEALTH SERVICES,MEDPLUS,,REMOVED,2024-08-23,2024-09-30,C:\Users\cores\OneDrive\Desktop\Personal Project\InterSignal\data\reference\nifty500\history\raw\ind_prs23082024.pdf,https://www.niftyindices.com/Press_Release/ind_prs23082024.pdf,EXPLICIT_SYMBOL,HIGH,HIGH,PARSED,"Replacements in indices and revision in criteria w.e.f. September 30, 2024"
NIFTY 500,Mahindra Holidays & Resorts India Ltd.,MAHINDRA HOLIDAYS AND RESORTS INDIA,MHRIL,,REMOVED,2024-08-23,2024-09-30,C:\Users\cores\OneDrive\Desktop\Personal Project\InterSignal\data\reference\nifty500\history\raw\ind_prs23082024.pdf,https://www.niftyindices.com/Press_Release/ind_prs23082024.pdf,EXPLICIT_SYMBOL,HIGH,HIGH,PARSED,"Replacements in indices and revision in criteria w.e.f. September 30, 2024"
NIFTY 500,MTAR Technologies Ltd.,MTAR TECHNOLOGIES,MTARTECH,,REMOVED,2024-08-23,2024-09-30,C:\Users\cores\OneDrive\Desktop\Personal Project\InterSignal\data\reference\nifty500\history\raw\ind_prs23082024.pdf,https://www.niftyindices.com/Press_Release/ind_prs23082024.pdf,EXPLICIT_SYMBOL,HIGH,HIGH,PARSED,"Replacements in indices and revision in criteria w.e.f. September 30, 2024"
NIFTY 500,Prince Pipes and Fittings Ltd.,PRINCE PIPES AND FITTINGS,PRINCEPIPE,,REMOVED,2024-08-23,2024-09-30,C:\Users\cores\OneDrive\Desktop\Personal Project\InterSignal\data\reference\nifty500\history\raw\ind_prs23082024.pdf,https://www.niftyindices.com/Press_Release/ind_prs23082024.pdf,EXPLICIT_SYMBOL,HIGH,HIGH,PARSED,"Replacements in indices and revision in criteria w.e.f. September 30, 2024"
NIFTY 500,Restaurant Brands Asia Ltd.,RESTAURANT BRANDS ASIA,RBA,,REMOVED,2024-08-23,2024-09-30,C:\Users\cores\OneDrive\Desktop\Personal Project\InterSignal\data\reference\nifty500\history\raw\ind_prs23082024.pdf,https://www.niftyindices.com/Press_Release/ind_prs23082024.pdf,EXPLICIT_SYMBOL,HIGH,HIGH,PARSED,"Replacements in indices and revision in criteria w.e.f. September 30, 2024"
NIFTY 500,Safari Industries (India) Ltd.,SAFARI INDUSTRIES (INDIA),SAFARI,,REMOVED,2024-08-23,2024-09-30,C:\Users\cores\OneDrive\Desktop\Personal Project\InterSignal\data\reference\nifty500\history\raw\ind_prs23082024.pdf,https://www.niftyindices.com/Press_Release/ind_prs23082024.pdf,EXPLICIT_SYMBOL,HIGH,HIGH,PARSED,"Replacements in indices and revision in criteria w.e.f. September 30, 2024"
NIFTY 500,Sterlite Technologies Ltd.,STERLITE TECHNOLOGIES,STLTECH,,REMOVED,2024-08-23,2024-09-30,C:\Users\cores\OneDrive\Desktop\Personal Project\InterSignal\data\reference\nifty500\history\raw\ind_prs23082024.pdf,https://www.niftyindices.com/Press_Release/ind_prs23082024.pdf,EXPLICIT_SYMBOL,HIGH,HIGH,PARSED,"Replacements in indices and revision in criteria w.e.f. September 30, 2024"
NIFTY 500,Sunteck Realty Ltd.,SUNTECK REALTY,SUNTECK,,REMOVED,2024-08-23,2024-09-30,C:\Users\cores\OneDrive\Desktop\Personal Project\InterSignal\data\reference\nifty500\history\raw\ind_prs23082024.pdf,https://www.niftyindices.com/Press_Release/ind_prs23082024.pdf,EXPLICIT_SYMBOL,HIGH,HIGH,PARSED,"Replacements in indices and revision in criteria w.e.f. September 30, 2024"
NIFTY 500,Tamilnad Mercantile Bank Ltd.,TAMILNAD MERCANTILE BANK,TMB,,REMOVED,2024-08-23,2024-09-30,C:\Users\cores\OneDrive\Desktop\Personal Project\InterSignal\data\reference\nifty500\history\raw\ind_prs23082024.pdf,https://www.niftyindices.com/Press_Release/ind_prs23082024.pdf,EXPLICIT_SYMBOL,HIGH,HIGH,PARSED,"Replacements in indices and revision in criteria w.e.f. September 30, 2024"
NIFTY 500,Vaibhav Global Ltd.,VAIBHAV GLOBAL,VAIBHAVGBL,,REMOVED,2024-08-23,2024-09-30,C:\Users\cores\OneDrive\Desktop\Personal Project\InterSignal\data\reference\nifty500\history\raw\ind_prs23082024.pdf,https://www.niftyindices.com/Press_Release/ind_prs23082024.pdf,EXPLICIT_SYMBOL,HIGH,HIGH,PARSED,"Replacements in indices and revision in criteria w.e.f. September 30, 2024"
NIFTY 500,Emcure Pharmaceuticals Ltd.,EMCURE PHARMACEUTICALS,EMCURE,INE168P01015,ADDED,2024-10-04,2024-10-10,C:\Users\cores\OneDrive\Desktop\Personal Project\InterSignal\data\reference\nifty500\history\raw\ind_prs04102024.pdf,https://www.niftyindices.com/Press_Release/ind_prs04102024.pdf,EXPLICIT_SYMBOL,HIGH,HIGH,PARSED,"Replacement in indices w.e.f. October 10, 2024"
NIFTY 500,IDFC Ltd.,IDFC,IDFC,,REMOVED,2024-10-04,2024-10-10,C:\Users\cores\OneDrive\Desktop\Personal Project\InterSignal\data\reference\nifty500\history\raw\ind_prs04102024.pdf,https://www.niftyindices.com/Press_Release/ind_prs04102024.pdf,EXPLICIT_SYMBOL,HIGH,HIGH,PARSED,"Replacement in indices w.e.f. October 10, 2024"
NIFTY 500,Akums Drugs and Pharmaceuticals Ltd.,AKUMS DRUGS AND PHARMACEUTICALS,AKUMS,,ADDED,2024-10-10,2024-10-16,C:\Users\cores\OneDrive\Desktop\Personal Project\InterSignal\data\reference\nifty500\history\raw\ind_prs10102024.pdf,https://www.niftyindices.com/Press_Release/ind_prs10102024.pdf,EXPLICIT_SYMBOL,HIGH,HIGH,PARSED,"Replacement in indices w.e.f. October 16, 2024"
NIFTY 500,TV18 Broadcast Ltd.,TV18 BROADCAST,TV18BRDCST,,REMOVED,2024-10-10,2024-10-16,C:\Users\cores\OneDrive\Desktop\Personal Project\InterSignal\data\reference\nifty500\history\raw\ind_prs10102024.pdf,https://www.niftyindices.com/Press_Release/ind_prs10102024.pdf,EXPLICIT_SYMBOL,HIGH,HIGH,PARSED,"Replacement in indices w.e.f. October 16, 2024"
NIFTY 500,Raymond Lifestyle Ltd.,RAYMOND LIFESTYLE,RAYMONDLSL,,ADDED,2025-03-17,2025-03-21,C:\Users\cores\OneDrive\Desktop\Personal Project\InterSignal\data\reference\nifty500\history\raw\ind_prs17032025.pdf,https://www.niftyindices.com/Press_Release/ind_prs17032025.pdf,EXPLICIT_SYMBOL,HIGH,HIGH,PARSED,Replacement in indices
NIFTY 500,ICICI Securities Ltd.,ICICI SECURITIES,ISEC,,REMOVED,2025-03-17,2025-03-21,C:\Users\cores\OneDrive\Desktop\Personal Project\InterSignal\data\reference\nifty500\history\raw\ind_prs17032025.pdf,https://www.niftyindices.com/Press_Release/ind_prs17032025.pdf,EXPLICIT_SYMBOL,HIGH,HIGH,PARSED,Replacement in indices
NIFTY 500,ACME Solar Holdings Ltd.,ACME SOLAR HOLDINGS,ACMESOLAR,INE622W01025,ADDED,2025-02-21,2025-03-28,C:\Users\cores\OneDrive\Desktop\Personal Project\InterSignal\data\reference\nifty500\history\raw\ind_prs21022025.pdf,https://www.niftyindices.com/Press_Release/ind_prs21022025.pdf,EXPLICIT_SYMBOL,HIGH,HIGH,PARSED,"Replacements in indices w.e.f. March 28, 2025"
NIFTY 500,Afcons Infrastructure Ltd.,AFCONS INFRASTRUCTURE,AFCONS,INE101I01011,ADDED,2025-02-21,2025-03-28,C:\Users\cores\OneDrive\Desktop\Personal Project\InterSignal\data\reference\nifty500\history\raw\ind_prs21022025.pdf,https://www.niftyindices.com/Press_Release/ind_prs21022025.pdf,EXPLICIT_SYMBOL,HIGH,HIGH,PARSED,"Replacements in indices w.e.f. March 28, 2025"
NIFTY 500,Authum Investment & Infrastructure Ltd.,AUTHUM INVESTMENT AND INFRASTRUCTURE,AIIL,INE206F01022,ADDED,2025-02-21,2025-03-28,C:\Users\cores\OneDrive\Desktop\Personal Project\InterSignal\data\reference\nifty500\history\raw\ind_prs21022025.pdf,https://www.niftyindices.com/Press_Release/ind_prs21022025.pdf,EXPLICIT_SYMBOL,HIGH,HIGH,PARSED,"Replacements in indices w.e.f. March 28, 2025"
NIFTY 500,Alivus Life Sciences Ltd.,ALIVUS LIFE SCIENCES,ALIVUS,,ADDED,2025-02-21,2025-03-28,C:\Users\cores\OneDrive\Desktop\Personal Project\InterSignal\data\reference\nifty500\history\raw\ind_prs21022025.pdf,https://www.niftyindices.com/Press_Release/ind_prs21022025.pdf,EXPLICIT_SYMBOL,HIGH,HIGH,PARSED,"Replacements in indices w.e.f. March 28, 2025"
NIFTY 500,Bajaj Housing Finance Ltd.,BAJAJ HOUSING FINANCE,BAJAJHFL,INE377Y01014,ADDED,2025-02-21,2025-03-28,C:\Users\cores\OneDrive\Desktop\Personal Project\InterSignal\data\reference\nifty500\history\raw\ind_prs21022025.pdf,https://www.niftyindices.com/Press_Release/ind_prs21022025.pdf,EXPLICIT_SYMBOL,HIGH,HIGH,PARSED,"Replacements in indices w.e.f. March 28, 2025"
NIFTY 500,DCM Shriram Ltd.,DCM SHRIRAM,DCMSHRIRAM,INE499A01024,ADDED,2025-02-21,2025-03-28,C:\Users\cores\OneDrive\Desktop\Personal Project\InterSignal\data\reference\nifty500\history\raw\ind_prs21022025.pdf,https://www.niftyindices.com/Press_Release/ind_prs21022025.pdf,EXPLICIT_SYMBOL,HIGH,HIGH,PARSED,"Replacements in indices w.e.f. March 28, 2025"
NIFTY 500,Brainbees Solutions Ltd.,BRAINBEES SOLUTIONS,FIRSTCRY,INE02RE01045,ADDED,2025-02-21,2025-03-28,C:\Users\cores\OneDrive\Desktop\Personal Project\InterSignal\data\reference\nifty500\history\raw\ind_prs21022025.pdf,https://www.niftyindices.com/Press_Release/ind_prs21022025.pdf,EXPLICIT_SYMBOL,HIGH,HIGH,PARSED,"Replacements in indices w.e.f. March 28, 2025"
NIFTY 500,Gravita India Ltd.,GRAVITA INDIA,GRAVITA,INE024L01027,ADDED,2025-02-21,2025-03-28,C:\Users\cores\OneDrive\Desktop\Personal Project\InterSignal\data\reference\nifty500\history\raw\ind_prs21022025.pdf,https://www.niftyindices.com/Press_Release/ind_prs21022025.pdf,EXPLICIT_SYMBOL,HIGH,HIGH,PARSED,"Replacements in indices w.e.f. March 28, 2025"
NIFTY 500,Hyundai Motor India Ltd.,HYUNDAI MOTOR INDIA,HYUNDAI,INE0V6F01027,ADDED,2025-02-21,2025-03-28,C:\Users\cores\OneDrive\Desktop\Personal Project\InterSignal\data\reference\nifty500\history\raw\ind_prs21022025.pdf,https://www.niftyindices.com/Press_Release/ind_prs21022025.pdf,EXPLICIT_SYMBOL,HIGH,HIGH,PARSED,"Replacements in indices w.e.f. March 28, 2025"
NIFTY 500,International Gemmological Institute (India) Ltd.,INTERNATIONAL GEMMOLOGICAL INSTITUTE (INDIA),IGIL,INE0Q9301021,ADDED,2025-02-21,2025-03-28,C:\Users\cores\OneDrive\Desktop\Personal Project\InterSignal\data\reference\nifty500\history\raw\ind_prs21022025.pdf,https://www.niftyindices.com/Press_Release/ind_prs21022025.pdf,EXPLICIT_SYMBOL,HIGH,HIGH,PARSED,"Replacements in indices w.e.f. March 28, 2025"
NIFTY 500,Inventurus Knowledge Solutions Ltd.,INVENTURUS KNOWLEDGE SOLUTIONS,IKS,INE115Q01022,ADDED,2025-02-21,2025-03-28,C:\Users\cores\OneDrive\Desktop\Personal Project\InterSignal\data\reference\nifty500\history\raw\ind_prs21022025.pdf,https://www.niftyindices.com/Press_Release/ind_prs21022025.pdf,EXPLICIT_SYMBOL,HIGH,HIGH,PARSED,"Replacements in indices w.e.f. March 28, 2025"
NIFTY 500,JSW Holdings Ltd.,JSW HOLDINGS,JSWHL,,ADDED,2025-02-21,2025-03-28,C:\Users\cores\OneDrive\Desktop\Personal Project\InterSignal\data\reference\nifty500\history\raw\ind_prs21022025.pdf,https://www.niftyindices.com/Press_Release/ind_prs21022025.pdf,EXPLICIT_SYMBOL,HIGH,HIGH,PARSED,"Replacements in indices w.e.f. March 28, 2025"
NIFTY 500,LT Foods Ltd.,LT FOODS,LTFOODS,INE818H01020,ADDED,2025-02-21,2025-03-28,C:\Users\cores\OneDrive\Desktop\Personal Project\InterSignal\data\reference\nifty500\history\raw\ind_prs21022025.pdf,https://www.niftyindices.com/Press_Release/ind_prs21022025.pdf,EXPLICIT_SYMBOL,HIGH,HIGH,PARSED,"Replacements in indices w.e.f. March 28, 2025"
NIFTY 500,Nava Ltd.,NAVA,NAVA,INE725A01030,ADDED,2025-02-21,2025-03-28,C:\Users\cores\OneDrive\Desktop\Personal Project\InterSignal\data\reference\nifty500\history\raw\ind_prs21022025.pdf,https://www.niftyindices.com/Press_Release/ind_prs21022025.pdf,EXPLICIT_SYMBOL,HIGH,HIGH,PARSED,"Replacements in indices w.e.f. March 28, 2025"
NIFTY 500,Neuland Laboratories Ltd.,NEULAND LABORATORIES,NEULANDLAB,INE794A01010,ADDED,2025-02-21,2025-03-28,C:\Users\cores\OneDrive\Desktop\Personal Project\InterSignal\data\reference\nifty500\history\raw\ind_prs21022025.pdf,https://www.niftyindices.com/Press_Release/ind_prs21022025.pdf,EXPLICIT_SYMBOL,HIGH,HIGH,PARSED,"Replacements in indices w.e.f. March 28, 2025"
NIFTY 500,Niva Bupa Health Insurance Company Ltd.,NIVA BUPA HEALTH INSURANCE COMPANY,NIVABUPA,INE995S01015,ADDED,2025-02-21,2025-03-28,C:\Users\cores\OneDrive\Desktop\Personal Project\InterSignal\data\reference\nifty500\history\raw\ind_prs21022025.pdf,https://www.niftyindices.com/Press_Release/ind_prs21022025.pdf,EXPLICIT_SYMBOL,HIGH,HIGH,PARSED,"Replacements in indices w.e.f. March 28, 2025"
NIFTY 500,NTPC Green Energy Ltd.,NTPC GREEN ENERGY,NTPCGREEN,INE0ONG01011,ADDED,2025-02-21,2025-03-28,C:\Users\cores\OneDrive\Desktop\Personal Project\InterSignal\data\reference\nifty500\history\raw\ind_prs21022025.pdf,https://www.niftyindices.com/Press_Release/ind_prs21022025.pdf,EXPLICIT_SYMBOL,HIGH,HIGH,PARSED,"Replacements in indices w.e.f. March 28, 2025"
NIFTY 500,Ola Electric Mobility Ltd.,OLA ELECTRIC MOBILITY,OLAELEC,INE0LXG01040,ADDED,2025-02-21,2025-03-28,C:\Users\cores\OneDrive\Desktop\Personal Project\InterSignal\data\reference\nifty500\history\raw\ind_prs21022025.pdf,https://www.niftyindices.com/Press_Release/ind_prs21022025.pdf,EXPLICIT_SYMBOL,HIGH,HIGH,PARSED,"Replacements in indices w.e.f. March 28, 2025"
NIFTY 500,PG Electroplast Ltd.,PG ELECTROPLAST,PGEL,INE457L01029,ADDED,2025-02-21,2025-03-28,C:\Users\cores\OneDrive\Desktop\Personal Project\InterSignal\data\reference\nifty500\history\raw\ind_prs21022025.pdf,https://www.niftyindices.com/Press_Release/ind_prs21022025.pdf,EXPLICIT_SYMBOL,HIGH,HIGH,PARSED,"Replacements in indices w.e.f. March 28, 2025"
NIFTY 500,Premier Energies Ltd.,PREMIER ENERGIES,PREMIERENE,INE0BS701011,ADDED,2025-02-21,2025-03-28,C:\Users\cores\OneDrive\Desktop\Personal Project\InterSignal\data\reference\nifty500\history\raw\ind_prs21022025.pdf,https://www.niftyindices.com/Press_Release/ind_prs21022025.pdf,EXPLICIT_SYMBOL,HIGH,HIGH,PARSED,"Replacements in indices w.e.f. March 28, 2025"
NIFTY 500,Reliance Power Ltd.,RELIANCE POWER,RPOWER,INE614G01033,ADDED,2025-02-21,2025-03-28,C:\Users\cores\OneDrive\Desktop\Personal Project\InterSignal\data\reference\nifty500\history\raw\ind_prs21022025.pdf,https://www.niftyindices.com/Press_Release/ind_prs21022025.pdf,EXPLICIT_SYMBOL,HIGH,HIGH,PARSED,"Replacements in indices w.e.f. March 28, 2025"
NIFTY 500,Sagility India Ltd.,SAGILITY INDIA,SAGILITY,INE0W2G01015,ADDED,2025-02-21,2025-03-28,C:\Users\cores\OneDrive\Desktop\Personal Project\InterSignal\data\reference\nifty500\history\raw\ind_prs21022025.pdf,https://www.niftyindices.com/Press_Release/ind_prs21022025.pdf,EXPLICIT_SYMBOL,HIGH,HIGH,PARSED,"Replacements in indices w.e.f. March 28, 2025"
NIFTY 500,Sai Life Sciences Ltd.,SAI LIFE SCIENCES,SAILIFE,INE570L01029,ADDED,2025-02-21,2025-03-28,C:\Users\cores\OneDrive\Desktop\Personal Project\InterSignal\data\reference\nifty500\history\raw\ind_prs21022025.pdf,https://www.niftyindices.com/Press_Release/ind_prs21022025.pdf,EXPLICIT_SYMBOL,HIGH,HIGH,PARSED,"Replacements in indices w.e.f. March 28, 2025"
NIFTY 500,Sarda Energy and Minerals Ltd.,SARDA ENERGY AND MINERALS,SARDAEN,INE385C01021,ADDED,2025-02-21,2025-03-28,C:\Users\cores\OneDrive\Desktop\Personal Project\InterSignal\data\reference\nifty500\history\raw\ind_prs21022025.pdf,https://www.niftyindices.com/Press_Release/ind_prs21022025.pdf,EXPLICIT_SYMBOL,HIGH,HIGH,PARSED,"Replacements in indices w.e.f. March 28, 2025"
NIFTY 500,Swiggy Ltd.,SWIGGY,SWIGGY,INE00H001014,ADDED,2025-02-21,2025-03-28,C:\Users\cores\OneDrive\Desktop\Personal Project\InterSignal\data\reference\nifty500\history\raw\ind_prs21022025.pdf,https://www.niftyindices.com/Press_Release/ind_prs21022025.pdf,EXPLICIT_SYMBOL,HIGH,HIGH,PARSED,"Replacements in indices w.e.f. March 28, 2025"
NIFTY 500,Transformers And Rectifiers (India) Ltd.,TRANSFORMERS AND RECTIFIERS (INDIA),TARIL,INE763I01026,ADDED,2025-02-21,2025-03-28,C:\Users\cores\OneDrive\Desktop\Personal Project\InterSignal\data\reference\nifty500\history\raw\ind_prs21022025.pdf,https://www.niftyindices.com/Press_Release/ind_prs21022025.pdf,EXPLICIT_SYMBOL,HIGH,HIGH,PARSED,"Replacements in indices w.e.f. March 28, 2025"
NIFTY 500,Vishal Mega Mart Ltd.,VISHAL MEGA MART,VMM,INE01EA01019,ADDED,2025-02-21,2025-03-28,C:\Users\cores\OneDrive\Desktop\Personal Project\InterSignal\data\reference\nifty500\history\raw\ind_prs21022025.pdf,https://www.niftyindices.com/Press_Release/ind_prs21022025.pdf,EXPLICIT_SYMBOL,HIGH,HIGH,PARSED,"Replacements in indices w.e.f. March 28, 2025"
NIFTY 500,Waaree Energies Ltd.,WAAREE ENERGIES,WAAREEENER,INE377N01017,ADDED,2025-02-21,2025-03-28,C:\Users\cores\OneDrive\Desktop\Personal Project\InterSignal\data\reference\nifty500\history\raw\ind_prs21022025.pdf,https://www.niftyindices.com/Press_Release/ind_prs21022025.pdf,EXPLICIT_SYMBOL,HIGH,HIGH,PARSED,"Replacements in indices w.e.f. March 28, 2025"
NIFTY 500,Wockhardt Ltd.,WOCKHARDT,WOCKPHARMA,INE049B01025,ADDED,2025-02-21,2025-03-28,C:\Users\cores\OneDrive\Desktop\Personal Project\InterSignal\data\reference\nifty500\history\raw\ind_prs21022025.pdf,https://www.niftyindices.com/Press_Release/ind_prs21022025.pdf,EXPLICIT_SYMBOL,HIGH,HIGH,PARSED,"Replacements in indices w.e.f. March 28, 2025"
NIFTY 500,Zen Technologies Ltd.,ZEN TECHNOLOGIES,ZENTEC,INE251B01027,ADDED,2025-02-21,2025-03-28,C:\Users\cores\OneDrive\Desktop\Personal Project\InterSignal\data\reference\nifty500\history\raw\ind_prs21022025.pdf,https://www.niftyindices.com/Press_Release/ind_prs21022025.pdf,EXPLICIT_SYMBOL,HIGH,HIGH,PARSED,"Replacements in indices w.e.f. March 28, 2025"
NIFTY 500,Archean Chemical Industries Ltd.,ARCHEAN CHEMICAL INDUSTRIES,ACI,,REMOVED,2025-02-21,2025-03-28,C:\Users\cores\OneDrive\Desktop\Personal Project\InterSignal\data\reference\nifty500\history\raw\ind_prs21022025.pdf,https://www.niftyindices.com/Press_Release/ind_prs21022025.pdf,EXPLICIT_SYMBOL,HIGH,HIGH,PARSED,"Replacements in indices w.e.f. March 28, 2025"
NIFTY 500,Avanti Feeds Ltd.,AVANTI FEEDS,AVANTIFEED,,REMOVED,2025-02-21,2025-03-28,C:\Users\cores\OneDrive\Desktop\Personal Project\InterSignal\data\reference\nifty500\history\raw\ind_prs21022025.pdf,https://www.niftyindices.com/Press_Release/ind_prs21022025.pdf,EXPLICIT_SYMBOL,HIGH,HIGH,PARSED,"Replacements in indices w.e.f. March 28, 2025"
NIFTY 500,Balaji Amines Ltd.,BALAJI AMINES,BALAMINES,,REMOVED,2025-02-21,2025-03-28,C:\Users\cores\OneDrive\Desktop\Personal Project\InterSignal\data\reference\nifty500\history\raw\ind_prs21022025.pdf,https://www.niftyindices.com/Press_Release/ind_prs21022025.pdf,EXPLICIT_SYMBOL,HIGH,HIGH,PARSED,"Replacements in indices w.e.f. March 28, 2025"
NIFTY 500,Birla Corporation Ltd.,BIRLA CORPORATION,BIRLACORPN,,REMOVED,2025-02-21,2025-03-28,C:\Users\cores\OneDrive\Desktop\Personal Project\InterSignal\data\reference\nifty500\history\raw\ind_prs21022025.pdf,https://www.niftyindices.com/Press_Release/ind_prs21022025.pdf,EXPLICIT_SYMBOL,HIGH,HIGH,PARSED,"Replacements in indices w.e.f. March 28, 2025"
NIFTY 500,Cello World Ltd.,CELLO WORLD,CELLO,,REMOVED,2025-02-21,2025-03-28,C:\Users\cores\OneDrive\Desktop\Personal Project\InterSignal\data\reference\nifty500\history\raw\ind_prs21022025.pdf,https://www.niftyindices.com/Press_Release/ind_prs21022025.pdf,EXPLICIT_SYMBOL,HIGH,HIGH,PARSED,"Replacements in indices w.e.f. March 28, 2025"
NIFTY 500,Chemplast Sanmar Ltd.,CHEMPLAST SANMAR,CHEMPLASTS,,REMOVED,2025-02-21,2025-03-28,C:\Users\cores\OneDrive\Desktop\Personal Project\InterSignal\data\reference\nifty500\history\raw\ind_prs21022025.pdf,https://www.niftyindices.com/Press_Release/ind_prs21022025.pdf,EXPLICIT_SYMBOL,HIGH,HIGH,PARSED,"Replacements in indices w.e.f. March 28, 2025"
NIFTY 500,CIE Automotive India Ltd.,CIE AUTOMOTIVE INDIA,CIEINDIA,INE536H01010,REMOVED,2025-02-21,2025-03-28,C:\Users\cores\OneDrive\Desktop\Personal Project\InterSignal\data\reference\nifty500\history\raw\ind_prs21022025.pdf,https://www.niftyindices.com/Press_Release/ind_prs21022025.pdf,EXPLICIT_SYMBOL,HIGH,HIGH,PARSED,"Replacements in indices w.e.f. March 28, 2025"
NIFTY 500,Easy Trip Planners Ltd.,EASY TRIP PLANNERS,EASEMYTRIP,,REMOVED,2025-02-21,2025-03-28,C:\Users\cores\OneDrive\Desktop\Personal Project\InterSignal\data\reference\nifty500\history\raw\ind_prs21022025.pdf,https://www.niftyindices.com/Press_Release/ind_prs21022025.pdf,EXPLICIT_SYMBOL,HIGH,HIGH,PARSED,"Replacements in indices w.e.f. March 28, 2025"
NIFTY 500,Equitas Small Finance Bank Ltd.,EQUITAS SMALL FINANCE BANK,EQUITASBNK,,REMOVED,2025-02-21,2025-03-28,C:\Users\cores\OneDrive\Desktop\Personal Project\InterSignal\data\reference\nifty500\history\raw\ind_prs21022025.pdf,https://www.niftyindices.com/Press_Release/ind_prs21022025.pdf,EXPLICIT_SYMBOL,HIGH,HIGH,PARSED,"Replacements in indices w.e.f. March 28, 2025"
NIFTY 500,Fine Organic Industries Ltd.,FINE ORGANIC INDUSTRIES,FINEORG,,REMOVED,2025-02-21,2025-03-28,C:\Users\cores\OneDrive\Desktop\Personal Project\InterSignal\data\reference\nifty500\history\raw\ind_prs21022025.pdf,https://www.niftyindices.com/Press_Release/ind_prs21022025.pdf,EXPLICIT_SYMBOL,HIGH,HIGH,PARSED,"Replacements in indices w.e.f. March 28, 2025"
NIFTY 500,Gujarat Ambuja Exports Ltd.,GUJARAT AMBUJA EXPORTS,GAEL,,REMOVED,2025-02-21,2025-03-28,C:\Users\cores\OneDrive\Desktop\Personal Project\InterSignal\data\reference\nifty500\history\raw\ind_prs21022025.pdf,https://www.niftyindices.com/Press_Release/ind_prs21022025.pdf,EXPLICIT_SYMBOL,HIGH,HIGH,PARSED,"Replacements in indices w.e.f. March 28, 2025"
NIFTY 500,Grindwell Norton Ltd.,GRINDWELL NORTON,GRINDWELL,,REMOVED,2025-02-21,2025-03-28,C:\Users\cores\OneDrive\Desktop\Personal Project\InterSignal\data\reference\nifty500\history\raw\ind_prs21022025.pdf,https://www.niftyindices.com/Press_Release/ind_prs21022025.pdf,EXPLICIT_SYMBOL,HIGH,HIGH,PARSED,"Replacements in indices w.e.f. March 28, 2025"
NIFTY 500,G R Infraprojects Ltd.,G R INFRAPROJECTS,GRINFRA,,REMOVED,2025-02-21,2025-03-28,C:\Users\cores\OneDrive\Desktop\Personal Project\InterSignal\data\reference\nifty500\history\raw\ind_prs21022025.pdf,https://www.niftyindices.com/Press_Release/ind_prs21022025.pdf,EXPLICIT_SYMBOL,HIGH,HIGH,PARSED,"Replacements in indices w.e.f. March 28, 2025"
NIFTY 500,Gujarat State Fertilizers & Chemicals Ltd.,GUJARAT STATE FERTILIZERS AND CHEMICALS,GSFC,,REMOVED,2025-02-21,2025-03-28,C:\Users\cores\OneDrive\Desktop\Personal Project\InterSignal\data\reference\nifty500\history\raw\ind_prs21022025.pdf,https://www.niftyindices.com/Press_Release/ind_prs21022025.pdf,EXPLICIT_SYMBOL,HIGH,HIGH,PARSED,"Replacements in indices w.e.f. March 28, 2025"
NIFTY 500,JK Lakshmi Cement Ltd.,JK LAKSHMI CEMENT,JKLAKSHMI,,REMOVED,2025-02-21,2025-03-28,C:\Users\cores\OneDrive\Desktop\Personal Project\InterSignal\data\reference\nifty500\history\raw\ind_prs21022025.pdf,https://www.niftyindices.com/Press_Release/ind_prs21022025.pdf,EXPLICIT_SYMBOL,HIGH,HIGH,PARSED,"Replacements in indices w.e.f. March 28, 2025"
NIFTY 500,KSB Ltd.,KSB,KSB,,REMOVED,2025-02-21,2025-03-28,C:\Users\cores\OneDrive\Desktop\Personal Project\InterSignal\data\reference\nifty500\history\raw\ind_prs21022025.pdf,https://www.niftyindices.com/Press_Release/ind_prs21022025.pdf,EXPLICIT_SYMBOL,HIGH,HIGH,PARSED,"Replacements in indices w.e.f. March 28, 2025"
NIFTY 500,Mahindra Lifespace Developers Ltd.,MAHINDRA LIFESPACE DEVELOPERS,MAHLIFE,,REMOVED,2025-02-21,2025-03-28,C:\Users\cores\OneDrive\Desktop\Personal Project\InterSignal\data\reference\nifty500\history\raw\ind_prs21022025.pdf,https://www.niftyindices.com/Press_Release/ind_prs21022025.pdf,EXPLICIT_SYMBOL,HIGH,HIGH,PARSED,"Replacements in indices w.e.f. March 28, 2025"
NIFTY 500,Metro Brands Ltd.,METRO BRANDS,METROBRAND,,REMOVED,2025-02-21,2025-03-28,C:\Users\cores\OneDrive\Desktop\Personal Project\InterSignal\data\reference\nifty500\history\raw\ind_prs21022025.pdf,https://www.niftyindices.com/Press_Release/ind_prs21022025.pdf,EXPLICIT_SYMBOL,HIGH,HIGH,PARSED,"Replacements in indices w.e.f. March 28, 2025"
NIFTY 500,Nuvoco Vistas Corporation Ltd.,NUVOCO VISTAS CORPORATION,NUVOCO,INE118D01016,REMOVED,2025-02-21,2025-03-28,C:\Users\cores\OneDrive\Desktop\Personal Project\InterSignal\data\reference\nifty500\history\raw\ind_prs21022025.pdf,https://www.niftyindices.com/Press_Release/ind_prs21022025.pdf,EXPLICIT_SYMBOL,HIGH,HIGH,PARSED,"Replacements in indices w.e.f. March 28, 2025"
NIFTY 500,Procter & Gamble Hygiene & Health Care Ltd.,PROCTER AND GAMBLE HYGIENE AND HEALTH CARE,PGHH,,REMOVED,2025-02-21,2025-03-28,C:\Users\cores\OneDrive\Desktop\Personal Project\InterSignal\data\reference\nifty500\history\raw\ind_prs21022025.pdf,https://www.niftyindices.com/Press_Release/ind_prs21022025.pdf,EXPLICIT_SYMBOL,HIGH,HIGH,PARSED,"Replacements in indices w.e.f. March 28, 2025"
NIFTY 500,Rajesh Exports Ltd.,RAJESH EXPORTS,RAJESHEXPO,,REMOVED,2025-02-21,2025-03-28,C:\Users\cores\OneDrive\Desktop\Personal Project\InterSignal\data\reference\nifty500\history\raw\ind_prs21022025.pdf,https://www.niftyindices.com/Press_Release/ind_prs21022025.pdf,EXPLICIT_SYMBOL,HIGH,HIGH,PARSED,"Replacements in indices w.e.f. March 28, 2025"
NIFTY 500,Ratnamani Metals & Tubes Ltd.,RATNAMANI METALS AND TUBES,RATNAMANI,,REMOVED,2025-02-21,2025-03-28,C:\Users\cores\OneDrive\Desktop\Personal Project\InterSignal\data\reference\nifty500\history\raw\ind_prs21022025.pdf,https://www.niftyindices.com/Press_Release/ind_prs21022025.pdf,EXPLICIT_SYMBOL,HIGH,HIGH,PARSED,"Replacements in indices w.e.f. March 28, 2025"
NIFTY 500,Sanofi India Ltd.,SANOFI INDIA,SANOFI,,REMOVED,2025-02-21,2025-03-28,C:\Users\cores\OneDrive\Desktop\Personal Project\InterSignal\data\reference\nifty500\history\raw\ind_prs21022025.pdf,https://www.niftyindices.com/Press_Release/ind_prs21022025.pdf,EXPLICIT_SYMBOL,HIGH,HIGH,PARSED,"Replacements in indices w.e.f. March 28, 2025"
NIFTY 500,Sun Pharma Advanced Research Company Ltd.,SUN PHARMA ADVANCED RESEARCH COMPANY,SPARC,,REMOVED,2025-02-21,2025-03-28,C:\Users\cores\OneDrive\Desktop\Personal Project\InterSignal\data\reference\nifty500\history\raw\ind_prs21022025.pdf,https://www.niftyindices.com/Press_Release/ind_prs21022025.pdf,EXPLICIT_SYMBOL,HIGH,HIGH,PARSED,"Replacements in indices w.e.f. March 28, 2025"
NIFTY 500,Sundram Fasteners Ltd.,SUNDRAM FASTENERS,SUNDRMFAST,,REMOVED,2025-02-21,2025-03-28,C:\Users\cores\OneDrive\Desktop\Personal Project\InterSignal\data\reference\nifty500\history\raw\ind_prs21022025.pdf,https://www.niftyindices.com/Press_Release/ind_prs21022025.pdf,EXPLICIT_SYMBOL,HIGH,HIGH,PARSED,"Replacements in indices w.e.f. March 28, 2025"
NIFTY 500,TVS Supply Chain Solutions Ltd.,TVS SUPPLY CHAIN SOLUTIONS,TVSSCS,,REMOVED,2025-02-21,2025-03-28,C:\Users\cores\OneDrive\Desktop\Personal Project\InterSignal\data\reference\nifty500\history\raw\ind_prs21022025.pdf,https://www.niftyindices.com/Press_Release/ind_prs21022025.pdf,EXPLICIT_SYMBOL,HIGH,HIGH,PARSED,"Replacements in indices w.e.f. March 28, 2025"
NIFTY 500,Ujjivan Small Finance Bank Ltd.,UJJIVAN SMALL FINANCE BANK,UJJIVANSFB,,REMOVED,2025-02-21,2025-03-28,C:\Users\cores\OneDrive\Desktop\Personal Project\InterSignal\data\reference\nifty500\history\raw\ind_prs21022025.pdf,https://www.niftyindices.com/Press_Release/ind_prs21022025.pdf,EXPLICIT_SYMBOL,HIGH,HIGH,PARSED,"Replacements in indices w.e.f. March 28, 2025"
NIFTY 500,Varroc Engineering Ltd.,VARROC ENGINEERING,VARROC,,REMOVED,2025-02-21,2025-03-28,C:\Users\cores\OneDrive\Desktop\Personal Project\InterSignal\data\reference\nifty500\history\raw\ind_prs21022025.pdf,https://www.niftyindices.com/Press_Release/ind_prs21022025.pdf,EXPLICIT_SYMBOL,HIGH,HIGH,PARSED,"Replacements in indices w.e.f. March 28, 2025"
NIFTY 500,Vinati Organics Ltd.,VINATI ORGANICS,VINATIORGA,,REMOVED,2025-02-21,2025-03-28,C:\Users\cores\OneDrive\Desktop\Personal Project\InterSignal\data\reference\nifty500\history\raw\ind_prs21022025.pdf,https://www.niftyindices.com/Press_Release/ind_prs21022025.pdf,EXPLICIT_SYMBOL,HIGH,HIGH,PARSED,"Replacements in indices w.e.f. March 28, 2025"
NIFTY 500,V.I.P. Industries Ltd.,VIP INDUSTRIES,VIPIND,,REMOVED,2025-02-21,2025-03-28,C:\Users\cores\OneDrive\Desktop\Personal Project\InterSignal\data\reference\nifty500\history\raw\ind_prs21022025.pdf,https://www.niftyindices.com/Press_Release/ind_prs21022025.pdf,EXPLICIT_SYMBOL,HIGH,HIGH,PARSED,"Replacements in indices w.e.f. March 28, 2025"
NIFTY 500,Sundram Fasteners Ltd.,SUNDRAM FASTENERS,SUNDRMFAST,,ADDED,2025-04-04,2025-04-11,C:\Users\cores\OneDrive\Desktop\Personal Project\InterSignal\data\reference\nifty500\history\raw\ind_prs04042025_2.pdf,https://www.niftyindices.com/Press_Release/ind_prs04042025_2.pdf,EXPLICIT_SYMBOL,HIGH,HIGH,PARSED,"Replacement in indices w.e.f. April 11, 2025"
NIFTY 500,Quess Corp Ltd.,QUESS CORP,QUESS,,REMOVED,2025-04-04,2025-04-11,C:\Users\cores\OneDrive\Desktop\Personal Project\InterSignal\data\reference\nifty500\history\raw\ind_prs04042025_2.pdf,https://www.niftyindices.com/Press_Release/ind_prs04042025_2.pdf,EXPLICIT_SYMBOL,HIGH,HIGH,PARSED,"Replacement in indices w.e.f. April 11, 2025"
NIFTY 500,Reliance Infrastructure Ltd.,RELIANCE INFRASTRUCTURE,RELINFRA,,ADDED,2025-09-15,2025-09-23,C:\Users\cores\OneDrive\Desktop\Personal Project\InterSignal\data\reference\nifty500\history\raw\ind_prs15092025_1.pdf,https://www.niftyindices.com/Press_Release/ind_prs15092025_1.pdf,EXPLICIT_SYMBOL,HIGH,HIGH,PARSED,"Replacements in indices w.e.f. September 23, 2025"
NIFTY 500,Piramal Enterprises Ltd.,PIRAMAL ENTERPRISES,PEL,,REMOVED,2025-09-15,2025-09-23,C:\Users\cores\OneDrive\Desktop\Personal Project\InterSignal\data\reference\nifty500\history\raw\ind_prs15092025_1.pdf,https://www.niftyindices.com/Press_Release/ind_prs15092025_1.pdf,EXPLICIT_SYMBOL,HIGH,HIGH,PARSED,"Replacements in indices w.e.f. September 23, 2025"
NIFTY 500,Aditya Birla Lifestyle Brands Ltd.,ADITYA BIRLA LIFESTYLE BRANDS,ABLBL,INE14LE01019,ADDED,2025-08-22,2025-09-30,C:\Users\cores\OneDrive\Desktop\Personal Project\InterSignal\data\reference\nifty500\history\raw\ind_prs22082025.pdf,https://www.niftyindices.com/Press_Release/ind_prs22082025.pdf,EXPLICIT_SYMBOL,HIGH,HIGH,PARSED,"Replacements in indices w.e.f. September 30, 2025"
NIFTY 500,Aegis Vopak Terminals Ltd.,AEGIS VOPAK TERMINALS,AEGISVOPAK,INE0INX01018,ADDED,2025-08-22,2025-09-30,C:\Users\cores\OneDrive\Desktop\Personal Project\InterSignal\data\reference\nifty500\history\raw\ind_prs22082025.pdf,https://www.niftyindices.com/Press_Release/ind_prs22082025.pdf,EXPLICIT_SYMBOL,HIGH,HIGH,PARSED,"Replacements in indices w.e.f. September 30, 2025"
NIFTY 500,Dr. Agarwal's Health Care Ltd.,DR AGARWALS HEALTH CARE,AGARWALEYE,,ADDED,2025-08-22,2025-09-30,C:\Users\cores\OneDrive\Desktop\Personal Project\InterSignal\data\reference\nifty500\history\raw\ind_prs22082025.pdf,https://www.niftyindices.com/Press_Release/ind_prs22082025.pdf,EXPLICIT_SYMBOL,HIGH,HIGH,PARSED,"Replacements in indices w.e.f. September 30, 2025"
NIFTY 500,Akzo Nobel India Ltd.,AKZO NOBEL INDIA,AKZOINDIA,,ADDED,2025-08-22,2025-09-30,C:\Users\cores\OneDrive\Desktop\Personal Project\InterSignal\data\reference\nifty500\history\raw\ind_prs22082025.pdf,https://www.niftyindices.com/Press_Release/ind_prs22082025.pdf,EXPLICIT_SYMBOL,HIGH,HIGH,PARSED,"Replacements in indices w.e.f. September 30, 2025"
NIFTY 500,Ather Energy Ltd.,ATHER ENERGY,ATHERENERG,INE0LEZ01016,ADDED,2025-08-22,2025-09-30,C:\Users\cores\OneDrive\Desktop\Personal Project\InterSignal\data\reference\nifty500\history\raw\ind_prs22082025.pdf,https://www.niftyindices.com/Press_Release/ind_prs22082025.pdf,EXPLICIT_SYMBOL,HIGH,HIGH,PARSED,"Replacements in indices w.e.f. September 30, 2025"
NIFTY 500,Blue Jet Healthcare Ltd.,BLUE JET HEALTHCARE,BLUEJET,INE0KBH01020,ADDED,2025-08-22,2025-09-30,C:\Users\cores\OneDrive\Desktop\Personal Project\InterSignal\data\reference\nifty500\history\raw\ind_prs22082025.pdf,https://www.niftyindices.com/Press_Release/ind_prs22082025.pdf,EXPLICIT_SYMBOL,HIGH,HIGH,PARSED,"Replacements in indices w.e.f. September 30, 2025"
NIFTY 500,Choice International Ltd.,CHOICE INTERNATIONAL,CHOICEIN,INE102B01014,ADDED,2025-08-22,2025-09-30,C:\Users\cores\OneDrive\Desktop\Personal Project\InterSignal\data\reference\nifty500\history\raw\ind_prs22082025.pdf,https://www.niftyindices.com/Press_Release/ind_prs22082025.pdf,EXPLICIT_SYMBOL,HIGH,HIGH,PARSED,"Replacements in indices w.e.f. September 30, 2025"
NIFTY 500,Siemens Energy India Ltd.,SIEMENS ENERGY INDIA,ENRIN,INE1NPP01017,ADDED,2025-08-22,2025-09-30,C:\Users\cores\OneDrive\Desktop\Personal Project\InterSignal\data\reference\nifty500\history\raw\ind_prs22082025.pdf,https://www.niftyindices.com/Press_Release/ind_prs22082025.pdf,EXPLICIT_SYMBOL,HIGH,HIGH,PARSED,"Replacements in indices w.e.f. September 30, 2025"
NIFTY 500,Force Motors Ltd.,FORCE MOTORS,FORCEMOT,INE451A01017,ADDED,2025-08-22,2025-09-30,C:\Users\cores\OneDrive\Desktop\Personal Project\InterSignal\data\reference\nifty500\history\raw\ind_prs22082025.pdf,https://www.niftyindices.com/Press_Release/ind_prs22082025.pdf,EXPLICIT_SYMBOL,HIGH,HIGH,PARSED,"Replacements in indices w.e.f. September 30, 2025"
NIFTY 500,Hexaware Technologies Ltd.,HEXAWARE TECHNOLOGIES,HEXT,INE093A01041,ADDED,2025-08-22,2025-09-30,C:\Users\cores\OneDrive\Desktop\Personal Project\InterSignal\data\reference\nifty500\history\raw\ind_prs22082025.pdf,https://www.niftyindices.com/Press_Release/ind_prs22082025.pdf,EXPLICIT_SYMBOL,HIGH,HIGH,PARSED,"Replacements in indices w.e.f. September 30, 2025"
NIFTY 500,ITC Hotels Ltd.,ITC HOTELS,ITCHOTELS,INE379A01028,ADDED,2025-08-22,2025-09-30,C:\Users\cores\OneDrive\Desktop\Personal Project\InterSignal\data\reference\nifty500\history\raw\ind_prs22082025.pdf,https://www.niftyindices.com/Press_Release/ind_prs22082025.pdf,EXPLICIT_SYMBOL,HIGH,HIGH,PARSED,"Replacements in indices w.e.f. September 30, 2025"
NIFTY 500,KSB Ltd.,KSB,KSB,,ADDED,2025-08-22,2025-09-30,C:\Users\cores\OneDrive\Desktop\Personal Project\InterSignal\data\reference\nifty500\history\raw\ind_prs22082025.pdf,https://www.niftyindices.com/Press_Release/ind_prs22082025.pdf,EXPLICIT_SYMBOL,HIGH,HIGH,PARSED,"Replacements in indices w.e.f. September 30, 2025"
NIFTY 500,Maharashtra Scooters Ltd.,MAHARASHTRA SCOOTERS,MAHSCOOTER,,ADDED,2025-08-22,2025-09-30,C:\Users\cores\OneDrive\Desktop\Personal Project\InterSignal\data\reference\nifty500\history\raw\ind_prs22082025.pdf,https://www.niftyindices.com/Press_Release/ind_prs22082025.pdf,EXPLICIT_SYMBOL,HIGH,HIGH,PARSED,"Replacements in indices w.e.f. September 30, 2025"
NIFTY 500,Nuvoco Vistas Corporation Ltd.,NUVOCO VISTAS CORPORATION,NUVOCO,INE118D01016,ADDED,2025-08-22,2025-09-30,C:\Users\cores\OneDrive\Desktop\Personal Project\InterSignal\data\reference\nifty500\history\raw\ind_prs22082025.pdf,https://www.niftyindices.com/Press_Release/ind_prs22082025.pdf,EXPLICIT_SYMBOL,HIGH,HIGH,PARSED,"Replacements in indices w.e.f. September 30, 2025"
NIFTY 500,Onesource Specialty Pharma Ltd.,ONESOURCE SPECIALTY PHARMA,ONESOURCE,INE013P01021,ADDED,2025-08-22,2025-09-30,C:\Users\cores\OneDrive\Desktop\Personal Project\InterSignal\data\reference\nifty500\history\raw\ind_prs22082025.pdf,https://www.niftyindices.com/Press_Release/ind_prs22082025.pdf,EXPLICIT_SYMBOL,HIGH,HIGH,PARSED,"Replacements in indices w.e.f. September 30, 2025"
NIFTY 500,Procter & Gamble Hygiene & Health Care Ltd.,PROCTER AND GAMBLE HYGIENE AND HEALTH CARE,PGHH,,ADDED,2025-08-22,2025-09-30,C:\Users\cores\OneDrive\Desktop\Personal Project\InterSignal\data\reference\nifty500\history\raw\ind_prs22082025.pdf,https://www.niftyindices.com/Press_Release/ind_prs22082025.pdf,EXPLICIT_SYMBOL,HIGH,HIGH,PARSED,"Replacements in indices w.e.f. September 30, 2025"
NIFTY 500,Schloss Bangalore Ltd.,SCHLOSS BANGALORE,THELEELA,INE0AQ201015,ADDED,2025-08-22,2025-09-30,C:\Users\cores\OneDrive\Desktop\Personal Project\InterSignal\data\reference\nifty500\history\raw\ind_prs22082025.pdf,https://www.niftyindices.com/Press_Release/ind_prs22082025.pdf,EXPLICIT_SYMBOL,HIGH,HIGH,PARSED,"Replacements in indices w.e.f. September 30, 2025"
NIFTY 500,Ventive Hospitality Ltd.,VENTIVE HOSPITALITY,VENTIVE,,ADDED,2025-08-22,2025-09-30,C:\Users\cores\OneDrive\Desktop\Personal Project\InterSignal\data\reference\nifty500\history\raw\ind_prs22082025.pdf,https://www.niftyindices.com/Press_Release/ind_prs22082025.pdf,EXPLICIT_SYMBOL,HIGH,HIGH,PARSED,"Replacements in indices w.e.f. September 30, 2025"
NIFTY 500,Alivus Life Sciences Ltd.,ALIVUS LIFE SCIENCES,ALIVUS,,REMOVED,2025-08-22,2025-09-30,C:\Users\cores\OneDrive\Desktop\Personal Project\InterSignal\data\reference\nifty500\history\raw\ind_prs22082025.pdf,https://www.niftyindices.com/Press_Release/ind_prs22082025.pdf,EXPLICIT_SYMBOL,HIGH,HIGH,PARSED,"Replacements in indices w.e.f. September 30, 2025"
NIFTY 500,Gujarat Narmada Valley Fertilizers and Chemicals Ltd.,GUJARAT NARMADA VALLEY FERTILIZERS AND CHEMICALS,GNFC,,REMOVED,2025-08-22,2025-09-30,C:\Users\cores\OneDrive\Desktop\Personal Project\InterSignal\data\reference\nifty500\history\raw\ind_prs22082025.pdf,https://www.niftyindices.com/Press_Release/ind_prs22082025.pdf,EXPLICIT_SYMBOL,HIGH,HIGH,PARSED,"Replacements in indices w.e.f. September 30, 2025"
NIFTY 500,Gujarat Pipavav Port Ltd.,GUJARAT PIPAVAV PORT,GPPL,,REMOVED,2025-08-22,2025-09-30,C:\Users\cores\OneDrive\Desktop\Personal Project\InterSignal\data\reference\nifty500\history\raw\ind_prs22082025.pdf,https://www.niftyindices.com/Press_Release/ind_prs22082025.pdf,EXPLICIT_SYMBOL,HIGH,HIGH,PARSED,"Replacements in indices w.e.f. September 30, 2025"
NIFTY 500,JSW Holdings Ltd.,JSW HOLDINGS,JSWHL,,REMOVED,2025-08-22,2025-09-30,C:\Users\cores\OneDrive\Desktop\Personal Project\InterSignal\data\reference\nifty500\history\raw\ind_prs22082025.pdf,https://www.niftyindices.com/Press_Release/ind_prs22082025.pdf,EXPLICIT_SYMBOL,HIGH,HIGH,PARSED,"Replacements in indices w.e.f. September 30, 2025"
NIFTY 500,Justdial Ltd.,JUSTDIAL,JUSTDIAL,,REMOVED,2025-08-22,2025-09-30,C:\Users\cores\OneDrive\Desktop\Personal Project\InterSignal\data\reference\nifty500\history\raw\ind_prs22082025.pdf,https://www.niftyindices.com/Press_Release/ind_prs22082025.pdf,EXPLICIT_SYMBOL,HIGH,HIGH,PARSED,"Replacements in indices w.e.f. September 30, 2025"
NIFTY 500,Kansai Nerolac Paints Ltd.,KANSAI NEROLAC PAINTS,KANSAINER,,REMOVED,2025-08-22,2025-09-30,C:\Users\cores\OneDrive\Desktop\Personal Project\InterSignal\data\reference\nifty500\history\raw\ind_prs22082025.pdf,https://www.niftyindices.com/Press_Release/ind_prs22082025.pdf,EXPLICIT_SYMBOL,HIGH,HIGH,PARSED,"Replacements in indices w.e.f. September 30, 2025"
NIFTY 500,KNR Constructions Ltd.,KNR CONSTRUCTIONS,KNRCON,,REMOVED,2025-08-22,2025-09-30,C:\Users\cores\OneDrive\Desktop\Personal Project\InterSignal\data\reference\nifty500\history\raw\ind_prs22082025.pdf,https://www.niftyindices.com/Press_Release/ind_prs22082025.pdf,EXPLICIT_SYMBOL,HIGH,HIGH,PARSED,"Replacements in indices w.e.f. September 30, 2025"
NIFTY 500,Mastek Ltd.,MASTEK,MASTEK,,REMOVED,2025-08-22,2025-09-30,C:\Users\cores\OneDrive\Desktop\Personal Project\InterSignal\data\reference\nifty500\history\raw\ind_prs22082025.pdf,https://www.niftyindices.com/Press_Release/ind_prs22082025.pdf,EXPLICIT_SYMBOL,HIGH,HIGH,PARSED,"Replacements in indices w.e.f. September 30, 2025"
NIFTY 500,Network18 Media & Investments Ltd.,NETWORK18 MEDIA AND INVESTMENTS,NETWORK18,,REMOVED,2025-08-22,2025-09-30,C:\Users\cores\OneDrive\Desktop\Personal Project\InterSignal\data\reference\nifty500\history\raw\ind_prs22082025.pdf,https://www.niftyindices.com/Press_Release/ind_prs22082025.pdf,EXPLICIT_SYMBOL,HIGH,HIGH,PARSED,"Replacements in indices w.e.f. September 30, 2025"
NIFTY 500,PNC Infratech Ltd.,PNC INFRATECH,PNCINFRA,,REMOVED,2025-08-22,2025-09-30,C:\Users\cores\OneDrive\Desktop\Personal Project\InterSignal\data\reference\nifty500\history\raw\ind_prs22082025.pdf,https://www.niftyindices.com/Press_Release/ind_prs22082025.pdf,EXPLICIT_SYMBOL,HIGH,HIGH,PARSED,"Replacements in indices w.e.f. September 30, 2025"
NIFTY 500,Raymond Ltd.,RAYMOND,RAYMOND,,REMOVED,2025-08-22,2025-09-30,C:\Users\cores\OneDrive\Desktop\Personal Project\InterSignal\data\reference\nifty500\history\raw\ind_prs22082025.pdf,https://www.niftyindices.com/Press_Release/ind_prs22082025.pdf,EXPLICIT_SYMBOL,HIGH,HIGH,PARSED,"Replacements in indices w.e.f. September 30, 2025"
NIFTY 500,Raymond Lifestyle Ltd.,RAYMOND LIFESTYLE,RAYMONDLSL,,REMOVED,2025-08-22,2025-09-30,C:\Users\cores\OneDrive\Desktop\Personal Project\InterSignal\data\reference\nifty500\history\raw\ind_prs22082025.pdf,https://www.niftyindices.com/Press_Release/ind_prs22082025.pdf,EXPLICIT_SYMBOL,HIGH,HIGH,PARSED,"Replacements in indices w.e.f. September 30, 2025"
NIFTY 500,Shree Renuka Sugars Ltd.,SHREE RENUKA SUGARS,RENUKA,,REMOVED,2025-08-22,2025-09-30,C:\Users\cores\OneDrive\Desktop\Personal Project\InterSignal\data\reference\nifty500\history\raw\ind_prs22082025.pdf,https://www.niftyindices.com/Press_Release/ind_prs22082025.pdf,EXPLICIT_SYMBOL,HIGH,HIGH,PARSED,"Replacements in indices w.e.f. September 30, 2025"
NIFTY 500,Route Mobile Ltd.,ROUTE MOBILE,ROUTE,,REMOVED,2025-08-22,2025-09-30,C:\Users\cores\OneDrive\Desktop\Personal Project\InterSignal\data\reference\nifty500\history\raw\ind_prs22082025.pdf,https://www.niftyindices.com/Press_Release/ind_prs22082025.pdf,EXPLICIT_SYMBOL,HIGH,HIGH,PARSED,"Replacements in indices w.e.f. September 30, 2025"
NIFTY 500,RattanIndia Enterprises Ltd.,RATTANINDIA ENTERPRISES,RTNINDIA,,REMOVED,2025-08-22,2025-09-30,C:\Users\cores\OneDrive\Desktop\Personal Project\InterSignal\data\reference\nifty500\history\raw\ind_prs22082025.pdf,https://www.niftyindices.com/Press_Release/ind_prs22082025.pdf,EXPLICIT_SYMBOL,HIGH,HIGH,PARSED,"Replacements in indices w.e.f. September 30, 2025"
NIFTY 500,Sterling and Wilson Renewable Energy Ltd.,STERLING AND WILSON RENEWABLE ENERGY,SWSOLAR,,REMOVED,2025-08-22,2025-09-30,C:\Users\cores\OneDrive\Desktop\Personal Project\InterSignal\data\reference\nifty500\history\raw\ind_prs22082025.pdf,https://www.niftyindices.com/Press_Release/ind_prs22082025.pdf,EXPLICIT_SYMBOL,HIGH,HIGH,PARSED,"Replacements in indices w.e.f. September 30, 2025"
NIFTY 500,Tanla Platforms Ltd.,TANLA PLATFORMS,TANLA,,REMOVED,2025-08-22,2025-09-30,C:\Users\cores\OneDrive\Desktop\Personal Project\InterSignal\data\reference\nifty500\history\raw\ind_prs22082025.pdf,https://www.niftyindices.com/Press_Release/ind_prs22082025.pdf,EXPLICIT_SYMBOL,HIGH,HIGH,PARSED,"Replacements in indices w.e.f. September 30, 2025"
NIFTY 500,Westlife Foodworld Ltd.,WESTLIFE FOODWORLD,WESTLIFE,,REMOVED,2025-08-22,2025-09-30,C:\Users\cores\OneDrive\Desktop\Personal Project\InterSignal\data\reference\nifty500\history\raw\ind_prs22082025.pdf,https://www.niftyindices.com/Press_Release/ind_prs22082025.pdf,EXPLICIT_SYMBOL,HIGH,HIGH,PARSED,"Replacements in indices w.e.f. September 30, 2025"
NIFTY 500,JSW Cement Ltd.,JSW CEMENT,JSWCEMENT,INE718I01012,ADDED,2025-12-11,2025-12-31,C:\Users\cores\OneDrive\Desktop\Personal Project\InterSignal\data\reference\nifty500\history\raw\ind_prs11122025.pdf,https://www.niftyindices.com/Press_Release/ind_prs11122025.pdf,EXPLICIT_SYMBOL,HIGH,HIGH,PARSED,"Replacements in indices w.e.f. December 31, 2025"
NIFTY 500,SKF India Ltd.,SKF INDIA,SKFINDIA,,REMOVED,2025-12-11,2025-12-31,C:\Users\cores\OneDrive\Desktop\Personal Project\InterSignal\data\reference\nifty500\history\raw\ind_prs11122025.pdf,https://www.niftyindices.com/Press_Release/ind_prs11122025.pdf,EXPLICIT_SYMBOL,HIGH,HIGH,PARSED,"Replacements in indices w.e.f. December 31, 2025"
NIFTY 500,Allied Blenders and Distillers Ltd.,ALLIED BLENDERS AND DISTILLERS,ABDL,INE552Z01027,ADDED,2026-02-23,2026-03-30,C:\Users\cores\OneDrive\Desktop\Personal Project\InterSignal\data\reference\nifty500\history\raw\ind_prs23022026.pdf,https://www.niftyindices.com/Press_Release/ind_prs23022026.pdf,EXPLICIT_SYMBOL,HIGH,HIGH,PARSED,"Replacements in indices w.e.f. March 30, 2026"
NIFTY 500,Acutaas Chemicals Ltd.,ACUTAAS CHEMICALS,ACUTAAS,INE00FF01025,ADDED,2026-02-23,2026-03-30,C:\Users\cores\OneDrive\Desktop\Personal Project\InterSignal\data\reference\nifty500\history\raw\ind_prs23022026.pdf,https://www.niftyindices.com/Press_Release/ind_prs23022026.pdf,EXPLICIT_SYMBOL,HIGH,HIGH,PARSED,"Replacements in indices w.e.f. March 30, 2026"
NIFTY 500,Anthem Biosciences Ltd.,ANTHEM BIOSCIENCES,ANTHEM,INE0CZ201020,ADDED,2026-02-23,2026-03-30,C:\Users\cores\OneDrive\Desktop\Personal Project\InterSignal\data\reference\nifty500\history\raw\ind_prs23022026.pdf,https://www.niftyindices.com/Press_Release/ind_prs23022026.pdf,EXPLICIT_SYMBOL,HIGH,HIGH,PARSED,"Replacements in indices w.e.f. March 30, 2026"
NIFTY 500,Anupam Rasayan India Ltd.,ANUPAM RASAYAN INDIA,ANURAS,INE930P01018,ADDED,2026-02-23,2026-03-30,C:\Users\cores\OneDrive\Desktop\Personal Project\InterSignal\data\reference\nifty500\history\raw\ind_prs23022026.pdf,https://www.niftyindices.com/Press_Release/ind_prs23022026.pdf,EXPLICIT_SYMBOL,HIGH,HIGH,PARSED,"Replacements in indices w.e.f. March 30, 2026"
NIFTY 500,Belrise Industries Ltd.,BELRISE INDUSTRIES,BELRISE,INE894V01022,ADDED,2026-02-23,2026-03-30,C:\Users\cores\OneDrive\Desktop\Personal Project\InterSignal\data\reference\nifty500\history\raw\ind_prs23022026.pdf,https://www.niftyindices.com/Press_Release/ind_prs23022026.pdf,EXPLICIT_SYMBOL,HIGH,HIGH,PARSED,"Replacements in indices w.e.f. March 30, 2026"
NIFTY 500,Canara HSBC Life Insurance Company Ltd.,CANARA HSBC LIFE INSURANCE COMPANY,CANHLIFE,INE01TY01017,ADDED,2026-02-23,2026-03-30,C:\Users\cores\OneDrive\Desktop\Personal Project\InterSignal\data\reference\nifty500\history\raw\ind_prs23022026.pdf,https://www.niftyindices.com/Press_Release/ind_prs23022026.pdf,EXPLICIT_SYMBOL,HIGH,HIGH,PARSED,"Replacements in indices w.e.f. March 30, 2026"
NIFTY 500,Cartrade Tech Ltd.,CARTRADE TECH,CARTRADE,INE290S01011,ADDED,2026-02-23,2026-03-30,C:\Users\cores\OneDrive\Desktop\Personal Project\InterSignal\data\reference\nifty500\history\raw\ind_prs23022026.pdf,https://www.niftyindices.com/Press_Release/ind_prs23022026.pdf,EXPLICIT_SYMBOL,HIGH,HIGH,PARSED,"Replacements in indices w.e.f. March 30, 2026"
NIFTY 500,Cemindia Projects Ltd.,CEMINDIA PROJECTS,CEMPRO,INE686A01026,ADDED,2026-02-23,2026-03-30,C:\Users\cores\OneDrive\Desktop\Personal Project\InterSignal\data\reference\nifty500\history\raw\ind_prs23022026.pdf,https://www.niftyindices.com/Press_Release/ind_prs23022026.pdf,EXPLICIT_SYMBOL,HIGH,HIGH,PARSED,"Replacements in indices w.e.f. March 30, 2026"
NIFTY 500,Aditya Infotech Ltd.,ADITYA INFOTECH,CPPLUS,INE819V01029,ADDED,2026-02-23,2026-03-30,C:\Users\cores\OneDrive\Desktop\Personal Project\InterSignal\data\reference\nifty500\history\raw\ind_prs23022026.pdf,https://www.niftyindices.com/Press_Release/ind_prs23022026.pdf,EXPLICIT_SYMBOL,HIGH,HIGH,PARSED,"Replacements in indices w.e.f. March 30, 2026"
NIFTY 500,Emmvee Photovoltaic Power Ltd.,EMMVEE PHOTOVOLTAIC POWER,EMMVEE,INE1C6T01020,ADDED,2026-02-23,2026-03-30,C:\Users\cores\OneDrive\Desktop\Personal Project\InterSignal\data\reference\nifty500\history\raw\ind_prs23022026.pdf,https://www.niftyindices.com/Press_Release/ind_prs23022026.pdf,EXPLICIT_SYMBOL,HIGH,HIGH,PARSED,"Replacements in indices w.e.f. March 30, 2026"
NIFTY 500,Gabriel India Ltd.,GABRIEL INDIA,GABRIEL,INE524A01029,ADDED,2026-02-23,2026-03-30,C:\Users\cores\OneDrive\Desktop\Personal Project\InterSignal\data\reference\nifty500\history\raw\ind_prs23022026.pdf,https://www.niftyindices.com/Press_Release/ind_prs23022026.pdf,EXPLICIT_SYMBOL,HIGH,HIGH,PARSED,"Replacements in indices w.e.f. March 30, 2026"
NIFTY 500,Gallantt Ispat Ltd.,GALLANTT ISPAT,GALLANTT,INE297H01019,ADDED,2026-02-23,2026-03-30,C:\Users\cores\OneDrive\Desktop\Personal Project\InterSignal\data\reference\nifty500\history\raw\ind_prs23022026.pdf,https://www.niftyindices.com/Press_Release/ind_prs23022026.pdf,EXPLICIT_SYMBOL,HIGH,HIGH,PARSED,"Replacements in indices w.e.f. March 30, 2026"
NIFTY 500,Billionbrains Garage Ventures Ltd.,BILLIONBRAINS GARAGE VENTURES,GROWW,INE0HOQ01053,ADDED,2026-02-23,2026-03-30,C:\Users\cores\OneDrive\Desktop\Personal Project\InterSignal\data\reference\nifty500\history\raw\ind_prs23022026.pdf,https://www.niftyindices.com/Press_Release/ind_prs23022026.pdf,EXPLICIT_SYMBOL,HIGH,HIGH,PARSED,"Replacements in indices w.e.f. March 30, 2026"
NIFTY 500,HDB Financial Services Ltd.,HDB FINANCIAL SERVICES,HDBFS,INE756I01012,ADDED,2026-02-23,2026-03-30,C:\Users\cores\OneDrive\Desktop\Personal Project\InterSignal\data\reference\nifty500\history\raw\ind_prs23022026.pdf,https://www.niftyindices.com/Press_Release/ind_prs23022026.pdf,EXPLICIT_SYMBOL,HIGH,HIGH,PARSED,"Replacements in indices w.e.f. March 30, 2026"
NIFTY 500,ICICI Prudential Asset Management Company Ltd.,ICICI PRUDENTIAL ASSET MANAGEMENT COMPANY,ICICIAMC,INE346A01027,ADDED,2026-02-23,2026-03-30,C:\Users\cores\OneDrive\Desktop\Personal Project\InterSignal\data\reference\nifty500\history\raw\ind_prs23022026.pdf,https://www.niftyindices.com/Press_Release/ind_prs23022026.pdf,EXPLICIT_SYMBOL,HIGH,HIGH,PARSED,"Replacements in indices w.e.f. March 30, 2026"
NIFTY 500,Jain Resource Recycling Ltd.,JAIN RESOURCE RECYCLING,JAINREC,INE0YD401026,ADDED,2026-02-23,2026-03-30,C:\Users\cores\OneDrive\Desktop\Personal Project\InterSignal\data\reference\nifty500\history\raw\ind_prs23022026.pdf,https://www.niftyindices.com/Press_Release/ind_prs23022026.pdf,EXPLICIT_SYMBOL,HIGH,HIGH,PARSED,"Replacements in indices w.e.f. March 30, 2026"
NIFTY 500,Lenskart Solutions Ltd.,LENSKART SOLUTIONS,LENSKART,INE956O01016,ADDED,2026-02-23,2026-03-30,C:\Users\cores\OneDrive\Desktop\Personal Project\InterSignal\data\reference\nifty500\history\raw\ind_prs23022026.pdf,https://www.niftyindices.com/Press_Release/ind_prs23022026.pdf,EXPLICIT_SYMBOL,HIGH,HIGH,PARSED,"Replacements in indices w.e.f. March 30, 2026"
NIFTY 500,LG Electronics India Ltd.,LG ELECTRONICS INDIA,LGEINDIA,INE324D01010,ADDED,2026-02-23,2026-03-30,C:\Users\cores\OneDrive\Desktop\Personal Project\InterSignal\data\reference\nifty500\history\raw\ind_prs23022026.pdf,https://www.niftyindices.com/Press_Release/ind_prs23022026.pdf,EXPLICIT_SYMBOL,HIGH,HIGH,PARSED,"Replacements in indices w.e.f. March 30, 2026"
NIFTY 500,Meesho Ltd.,MEESHO,MEESHO,INE0VDM01015,ADDED,2026-02-23,2026-03-30,C:\Users\cores\OneDrive\Desktop\Personal Project\InterSignal\data\reference\nifty500\history\raw\ind_prs23022026.pdf,https://www.niftyindices.com/Press_Release/ind_prs23022026.pdf,EXPLICIT_SYMBOL,HIGH,HIGH,PARSED,"Replacements in indices w.e.f. March 30, 2026"
NIFTY 500,Paradeep Phosphates Ltd.,PARADEEP PHOSPHATES,PARADEEP,INE088F01024,ADDED,2026-02-23,2026-03-30,C:\Users\cores\OneDrive\Desktop\Personal Project\InterSignal\data\reference\nifty500\history\raw\ind_prs23022026.pdf,https://www.niftyindices.com/Press_Release/ind_prs23022026.pdf,EXPLICIT_SYMBOL,HIGH,HIGH,PARSED,"Replacements in indices w.e.f. March 30, 2026"
NIFTY 500,Pine Labs Ltd.,PINE LABS,PINELABS,INE15B701018,ADDED,2026-02-23,2026-03-30,C:\Users\cores\OneDrive\Desktop\Personal Project\InterSignal\data\reference\nifty500\history\raw\ind_prs23022026.pdf,https://www.niftyindices.com/Press_Release/ind_prs23022026.pdf,EXPLICIT_SYMBOL,HIGH,HIGH,PARSED,"Replacements in indices w.e.f. March 30, 2026"
NIFTY 500,Piramal Finance Ltd.,PIRAMAL FINANCE,PIRAMALFIN,INE202B01038,ADDED,2026-02-23,2026-03-30,C:\Users\cores\OneDrive\Desktop\Personal Project\InterSignal\data\reference\nifty500\history\raw\ind_prs23022026.pdf,https://www.niftyindices.com/Press_Release/ind_prs23022026.pdf,EXPLICIT_SYMBOL,HIGH,HIGH,PARSED,"Replacements in indices w.e.f. March 30, 2026"
NIFTY 500,Physicswallah Ltd.,PHYSICSWALLAH,PWL,INE0LP301011,ADDED,2026-02-23,2026-03-30,C:\Users\cores\OneDrive\Desktop\Personal Project\InterSignal\data\reference\nifty500\history\raw\ind_prs23022026.pdf,https://www.niftyindices.com/Press_Release/ind_prs23022026.pdf,EXPLICIT_SYMBOL,HIGH,HIGH,PARSED,"Replacements in indices w.e.f. March 30, 2026"
NIFTY 500,Supreme Petrochem Ltd.,SUPREME PETROCHEM,SPLPETRO,INE663A01033,ADDED,2026-02-23,2026-03-30,C:\Users\cores\OneDrive\Desktop\Personal Project\InterSignal\data\reference\nifty500\history\raw\ind_prs23022026.pdf,https://www.niftyindices.com/Press_Release/ind_prs23022026.pdf,EXPLICIT_SYMBOL,HIGH,HIGH,PARSED,"Replacements in indices w.e.f. March 30, 2026"
NIFTY 500,Tata Capital Ltd.,TATA CAPITAL,TATACAP,INE976I01016,ADDED,2026-02-23,2026-03-30,C:\Users\cores\OneDrive\Desktop\Personal Project\InterSignal\data\reference\nifty500\history\raw\ind_prs23022026.pdf,https://www.niftyindices.com/Press_Release/ind_prs23022026.pdf,EXPLICIT_SYMBOL,HIGH,HIGH,PARSED,"Replacements in indices w.e.f. March 30, 2026"
NIFTY 500,Tega Industries Ltd.,TEGA INDUSTRIES,TEGA,INE011K01018,ADDED,2026-02-23,2026-03-30,C:\Users\cores\OneDrive\Desktop\Personal Project\InterSignal\data\reference\nifty500\history\raw\ind_prs23022026.pdf,https://www.niftyindices.com/Press_Release/ind_prs23022026.pdf,EXPLICIT_SYMBOL,HIGH,HIGH,PARSED,"Replacements in indices w.e.f. March 30, 2026"
NIFTY 500,Tenneco Clean Air India Ltd.,TENNECO CLEAN AIR INDIA,TENNIND,INE19RI01016,ADDED,2026-02-23,2026-03-30,C:\Users\cores\OneDrive\Desktop\Personal Project\InterSignal\data\reference\nifty500\history\raw\ind_prs23022026.pdf,https://www.niftyindices.com/Press_Release/ind_prs23022026.pdf,EXPLICIT_SYMBOL,HIGH,HIGH,PARSED,"Replacements in indices w.e.f. March 30, 2026"
NIFTY 500,Tata Motors Ltd.,TATA MOTORS,TMCV,INE1TAE01010,ADDED,2026-02-23,2026-03-30,C:\Users\cores\OneDrive\Desktop\Personal Project\InterSignal\data\reference\nifty500\history\raw\ind_prs23022026.pdf,https://www.niftyindices.com/Press_Release/ind_prs23022026.pdf,EXPLICIT_SYMBOL,HIGH,HIGH,PARSED,"Replacements in indices w.e.f. March 30, 2026"
NIFTY 500,Travel Food Services Ltd.,TRAVEL FOOD SERVICES,TRAVELFOOD,INE103V01028,ADDED,2026-02-23,2026-03-30,C:\Users\cores\OneDrive\Desktop\Personal Project\InterSignal\data\reference\nifty500\history\raw\ind_prs23022026.pdf,https://www.niftyindices.com/Press_Release/ind_prs23022026.pdf,EXPLICIT_SYMBOL,HIGH,HIGH,PARSED,"Replacements in indices w.e.f. March 30, 2026"
NIFTY 500,Urban Company Ltd.,URBAN COMPANY,URBANCO,INE0CAZ01013,ADDED,2026-02-23,2026-03-30,C:\Users\cores\OneDrive\Desktop\Personal Project\InterSignal\data\reference\nifty500\history\raw\ind_prs23022026.pdf,https://www.niftyindices.com/Press_Release/ind_prs23022026.pdf,EXPLICIT_SYMBOL,HIGH,HIGH,PARSED,"Replacements in indices w.e.f. March 30, 2026"
NIFTY 500,Zydus Wellness Ltd.,ZYDUS WELLNESS,ZYDUSWELL,INE768C01028,ADDED,2026-02-23,2026-03-30,C:\Users\cores\OneDrive\Desktop\Personal Project\InterSignal\data\reference\nifty500\history\raw\ind_prs23022026.pdf,https://www.niftyindices.com/Press_Release/ind_prs23022026.pdf,EXPLICIT_SYMBOL,HIGH,HIGH,PARSED,"Replacements in indices w.e.f. March 30, 2026"
NIFTY 500,Dr. Agarwal's Health Care Ltd.,DR AGARWALS HEALTH CARE,AGARWALEYE,,REMOVED,2026-02-23,2026-03-30,C:\Users\cores\OneDrive\Desktop\Personal Project\InterSignal\data\reference\nifty500\history\raw\ind_prs23022026.pdf,https://www.niftyindices.com/Press_Release/ind_prs23022026.pdf,EXPLICIT_SYMBOL,HIGH,HIGH,PARSED,"Replacements in indices w.e.f. March 30, 2026"
NIFTY 500,Akums Drugs and Pharmaceuticals Ltd.,AKUMS DRUGS AND PHARMACEUTICALS,AKUMS,,REMOVED,2026-02-23,2026-03-30,C:\Users\cores\OneDrive\Desktop\Personal Project\InterSignal\data\reference\nifty500\history\raw\ind_prs23022026.pdf,https://www.niftyindices.com/Press_Release/ind_prs23022026.pdf,EXPLICIT_SYMBOL,HIGH,HIGH,PARSED,"Replacements in indices w.e.f. March 30, 2026"
NIFTY 500,Alkyl Amines Chemicals Ltd.,ALKYL AMINES CHEMICALS,ALKYLAMINE,,REMOVED,2026-02-23,2026-03-30,C:\Users\cores\OneDrive\Desktop\Personal Project\InterSignal\data\reference\nifty500\history\raw\ind_prs23022026.pdf,https://www.niftyindices.com/Press_Release/ind_prs23022026.pdf,EXPLICIT_SYMBOL,HIGH,HIGH,PARSED,"Replacements in indices w.e.f. March 30, 2026"
NIFTY 500,Alok Industries Ltd.,ALOK INDUSTRIES,ALOKINDS,,REMOVED,2026-02-23,2026-03-30,C:\Users\cores\OneDrive\Desktop\Personal Project\InterSignal\data\reference\nifty500\history\raw\ind_prs23022026.pdf,https://www.niftyindices.com/Press_Release/ind_prs23022026.pdf,EXPLICIT_SYMBOL,HIGH,HIGH,PARSED,"Replacements in indices w.e.f. March 30, 2026"
NIFTY 500,Alembic Pharmaceuticals Ltd.,ALEMBIC PHARMACEUTICALS,APLLTD,,REMOVED,2026-02-23,2026-03-30,C:\Users\cores\OneDrive\Desktop\Personal Project\InterSignal\data\reference\nifty500\history\raw\ind_prs23022026.pdf,https://www.niftyindices.com/Press_Release/ind_prs23022026.pdf,EXPLICIT_SYMBOL,HIGH,HIGH,PARSED,"Replacements in indices w.e.f. March 30, 2026"
NIFTY 500,AstraZenca Pharma India Ltd.,ASTRAZENCA PHARMA INDIA,ASTRAZEN,,REMOVED,2026-02-23,2026-03-30,C:\Users\cores\OneDrive\Desktop\Personal Project\InterSignal\data\reference\nifty500\history\raw\ind_prs23022026.pdf,https://www.niftyindices.com/Press_Release/ind_prs23022026.pdf,EXPLICIT_SYMBOL,HIGH,HIGH,PARSED,"Replacements in indices w.e.f. March 30, 2026"
NIFTY 500,BASF India Ltd.,BASF INDIA,BASF,,REMOVED,2026-02-23,2026-03-30,C:\Users\cores\OneDrive\Desktop\Personal Project\InterSignal\data\reference\nifty500\history\raw\ind_prs23022026.pdf,https://www.niftyindices.com/Press_Release/ind_prs23022026.pdf,EXPLICIT_SYMBOL,HIGH,HIGH,PARSED,"Replacements in indices w.e.f. March 30, 2026"
NIFTY 500,Campus Activewear Ltd.,CAMPUS ACTIVEWEAR,CAMPUS,,REMOVED,2026-02-23,2026-03-30,C:\Users\cores\OneDrive\Desktop\Personal Project\InterSignal\data\reference\nifty500\history\raw\ind_prs23022026.pdf,https://www.niftyindices.com/Press_Release/ind_prs23022026.pdf,EXPLICIT_SYMBOL,HIGH,HIGH,PARSED,"Replacements in indices w.e.f. March 30, 2026"
NIFTY 500,Century Plyboards (India) Ltd.,CENTURY PLYBOARDS (INDIA),CENTURYPLY,,REMOVED,2026-02-23,2026-03-30,C:\Users\cores\OneDrive\Desktop\Personal Project\InterSignal\data\reference\nifty500\history\raw\ind_prs23022026.pdf,https://www.niftyindices.com/Press_Release/ind_prs23022026.pdf,EXPLICIT_SYMBOL,HIGH,HIGH,PARSED,"Replacements in indices w.e.f. March 30, 2026"
NIFTY 500,Cera Sanitaryware Ltd,CERA SANITARYWARE,CERA,,REMOVED,2026-02-23,2026-03-30,C:\Users\cores\OneDrive\Desktop\Personal Project\InterSignal\data\reference\nifty500\history\raw\ind_prs23022026.pdf,https://www.niftyindices.com/Press_Release/ind_prs23022026.pdf,EXPLICIT_SYMBOL,HIGH,HIGH,PARSED,"Replacements in indices w.e.f. March 30, 2026"
NIFTY 500,Valor Estate Ltd.,VALOR ESTATE,DBREALTY,,REMOVED,2026-02-23,2026-03-30,C:\Users\cores\OneDrive\Desktop\Personal Project\InterSignal\data\reference\nifty500\history\raw\ind_prs23022026.pdf,https://www.niftyindices.com/Press_Release/ind_prs23022026.pdf,EXPLICIT_SYMBOL,HIGH,HIGH,PARSED,"Replacements in indices w.e.f. March 30, 2026"
NIFTY 500,Finolex Industries Ltd.,FINOLEX INDUSTRIES,FINPIPE,,REMOVED,2026-02-23,2026-03-30,C:\Users\cores\OneDrive\Desktop\Personal Project\InterSignal\data\reference\nifty500\history\raw\ind_prs23022026.pdf,https://www.niftyindices.com/Press_Release/ind_prs23022026.pdf,EXPLICIT_SYMBOL,HIGH,HIGH,PARSED,"Replacements in indices w.e.f. March 30, 2026"
NIFTY 500,Godrej Agrovet Ltd.,GODREJ AGROVET,GODREJAGRO,,REMOVED,2026-02-23,2026-03-30,C:\Users\cores\OneDrive\Desktop\Personal Project\InterSignal\data\reference\nifty500\history\raw\ind_prs23022026.pdf,https://www.niftyindices.com/Press_Release/ind_prs23022026.pdf,EXPLICIT_SYMBOL,HIGH,HIGH,PARSED,"Replacements in indices w.e.f. March 30, 2026"
NIFTY 500,Gujarat Gas Ltd.,GUJARAT GAS,GUJGASLTD,,REMOVED,2026-02-23,2026-03-30,C:\Users\cores\OneDrive\Desktop\Personal Project\InterSignal\data\reference\nifty500\history\raw\ind_prs23022026.pdf,https://www.niftyindices.com/Press_Release/ind_prs23022026.pdf,EXPLICIT_SYMBOL,HIGH,HIGH,PARSED,"Replacements in indices w.e.f. March 30, 2026"
NIFTY 500,Happiest Minds Technologies Ltd.,HAPPIEST MINDS TECHNOLOGIES,HAPPSTMNDS,,REMOVED,2026-02-23,2026-03-30,C:\Users\cores\OneDrive\Desktop\Personal Project\InterSignal\data\reference\nifty500\history\raw\ind_prs23022026.pdf,https://www.niftyindices.com/Press_Release/ind_prs23022026.pdf,EXPLICIT_SYMBOL,HIGH,HIGH,PARSED,"Replacements in indices w.e.f. March 30, 2026"
NIFTY 500,INOX India Ltd.,INOX INDIA,INOXINDIA,,REMOVED,2026-02-23,2026-03-30,C:\Users\cores\OneDrive\Desktop\Personal Project\InterSignal\data\reference\nifty500\history\raw\ind_prs23022026.pdf,https://www.niftyindices.com/Press_Release/ind_prs23022026.pdf,EXPLICIT_SYMBOL,HIGH,HIGH,PARSED,"Replacements in indices w.e.f. March 30, 2026"
NIFTY 500,Jyothy Labs Ltd.,JYOTHY LABS,JYOTHYLAB,,REMOVED,2026-02-23,2026-03-30,C:\Users\cores\OneDrive\Desktop\Personal Project\InterSignal\data\reference\nifty500\history\raw\ind_prs23022026.pdf,https://www.niftyindices.com/Press_Release/ind_prs23022026.pdf,EXPLICIT_SYMBOL,HIGH,HIGH,PARSED,"Replacements in indices w.e.f. March 30, 2026"
NIFTY 500,Kirloskar Brothers Ltd.,KIRLOSKAR BROTHERS,KIRLOSBROS,,REMOVED,2026-02-23,2026-03-30,C:\Users\cores\OneDrive\Desktop\Personal Project\InterSignal\data\reference\nifty500\history\raw\ind_prs23022026.pdf,https://www.niftyindices.com/Press_Release/ind_prs23022026.pdf,EXPLICIT_SYMBOL,HIGH,HIGH,PARSED,"Replacements in indices w.e.f. March 30, 2026"
NIFTY 500,KSB Ltd.,KSB,KSB,,REMOVED,2026-02-23,2026-03-30,C:\Users\cores\OneDrive\Desktop\Personal Project\InterSignal\data\reference\nifty500\history\raw\ind_prs23022026.pdf,https://www.niftyindices.com/Press_Release/ind_prs23022026.pdf,EXPLICIT_SYMBOL,HIGH,HIGH,PARSED,"Replacements in indices w.e.f. March 30, 2026"
NIFTY 500,Maharashtra Scooters Ltd.,MAHARASHTRA SCOOTERS,MAHSCOOTER,,REMOVED,2026-02-23,2026-03-30,C:\Users\cores\OneDrive\Desktop\Personal Project\InterSignal\data\reference\nifty500\history\raw\ind_prs23022026.pdf,https://www.niftyindices.com/Press_Release/ind_prs23022026.pdf,EXPLICIT_SYMBOL,HIGH,HIGH,PARSED,"Replacements in indices w.e.f. March 30, 2026"
NIFTY 500,Maharashtra Seamless Ltd.,MAHARASHTRA SEAMLESS,MAHSEAMLES,,REMOVED,2026-02-23,2026-03-30,C:\Users\cores\OneDrive\Desktop\Personal Project\InterSignal\data\reference\nifty500\history\raw\ind_prs23022026.pdf,https://www.niftyindices.com/Press_Release/ind_prs23022026.pdf,EXPLICIT_SYMBOL,HIGH,HIGH,PARSED,"Replacements in indices w.e.f. March 30, 2026"
NIFTY 500,Vedant Fashions Ltd.,VEDANT FASHIONS,MANYAVAR,,REMOVED,2026-02-23,2026-03-30,C:\Users\cores\OneDrive\Desktop\Personal Project\InterSignal\data\reference\nifty500\history\raw\ind_prs23022026.pdf,https://www.niftyindices.com/Press_Release/ind_prs23022026.pdf,EXPLICIT_SYMBOL,HIGH,HIGH,PARSED,"Replacements in indices w.e.f. March 30, 2026"
NIFTY 500,Metropolis Healthcare Ltd.,METROPOLIS HEALTHCARE,METROPOLIS,,REMOVED,2026-02-23,2026-03-30,C:\Users\cores\OneDrive\Desktop\Personal Project\InterSignal\data\reference\nifty500\history\raw\ind_prs23022026.pdf,https://www.niftyindices.com/Press_Release/ind_prs23022026.pdf,EXPLICIT_SYMBOL,HIGH,HIGH,PARSED,"Replacements in indices w.e.f. March 30, 2026"
NIFTY 500,Procter & Gamble Hygiene & Health Care Ltd.,PROCTER AND GAMBLE HYGIENE AND HEALTH CARE,PGHH,,REMOVED,2026-02-23,2026-03-30,C:\Users\cores\OneDrive\Desktop\Personal Project\InterSignal\data\reference\nifty500\history\raw\ind_prs23022026.pdf,https://www.niftyindices.com/Press_Release/ind_prs23022026.pdf,EXPLICIT_SYMBOL,HIGH,HIGH,PARSED,"Replacements in indices w.e.f. March 30, 2026"
NIFTY 500,Praj Industries Ltd.,PRAJ INDUSTRIES,PRAJIND,,REMOVED,2026-02-23,2026-03-30,C:\Users\cores\OneDrive\Desktop\Personal Project\InterSignal\data\reference\nifty500\history\raw\ind_prs23022026.pdf,https://www.niftyindices.com/Press_Release/ind_prs23022026.pdf,EXPLICIT_SYMBOL,HIGH,HIGH,PARSED,"Replacements in indices w.e.f. March 30, 2026"
NIFTY 500,Rashtriya Chemicals & Fertilizers Ltd.,RASHTRIYA CHEMICALS AND FERTILIZERS,RCF,,REMOVED,2026-02-23,2026-03-30,C:\Users\cores\OneDrive\Desktop\Personal Project\InterSignal\data\reference\nifty500\history\raw\ind_prs23022026.pdf,https://www.niftyindices.com/Press_Release/ind_prs23022026.pdf,EXPLICIT_SYMBOL,HIGH,HIGH,PARSED,"Replacements in indices w.e.f. March 30, 2026"
NIFTY 500,Reliance Infrastructure Ltd.,RELIANCE INFRASTRUCTURE,RELINFRA,,REMOVED,2026-02-23,2026-03-30,C:\Users\cores\OneDrive\Desktop\Personal Project\InterSignal\data\reference\nifty500\history\raw\ind_prs23022026.pdf,https://www.niftyindices.com/Press_Release/ind_prs23022026.pdf,EXPLICIT_SYMBOL,HIGH,HIGH,PARSED,"Replacements in indices w.e.f. March 30, 2026"
NIFTY 500,Sundram Fasteners Ltd.,SUNDRAM FASTENERS,SUNDRMFAST,,REMOVED,2026-02-23,2026-03-30,C:\Users\cores\OneDrive\Desktop\Personal Project\InterSignal\data\reference\nifty500\history\raw\ind_prs23022026.pdf,https://www.niftyindices.com/Press_Release/ind_prs23022026.pdf,EXPLICIT_SYMBOL,HIGH,HIGH,PARSED,"Replacements in indices w.e.f. March 30, 2026"
NIFTY 500,Triveni Engineering & Industries Ltd.,TRIVENI ENGINEERING AND INDUSTRIES,TRIVENI,,REMOVED,2026-02-23,2026-03-30,C:\Users\cores\OneDrive\Desktop\Personal Project\InterSignal\data\reference\nifty500\history\raw\ind_prs23022026.pdf,https://www.niftyindices.com/Press_Release/ind_prs23022026.pdf,EXPLICIT_SYMBOL,HIGH,HIGH,PARSED,"Replacements in indices w.e.f. March 30, 2026"
NIFTY 500,Ventive Hospitality Ltd.,VENTIVE HOSPITALITY,VENTIVE,,REMOVED,2026-02-23,2026-03-30,C:\Users\cores\OneDrive\Desktop\Personal Project\InterSignal\data\reference\nifty500\history\raw\ind_prs23022026.pdf,https://www.niftyindices.com/Press_Release/ind_prs23022026.pdf,EXPLICIT_SYMBOL,HIGH,HIGH,PARSED,"Replacements in indices w.e.f. March 30, 2026"
NIFTY 500,V-Guard Industries Ltd.,V GUARD INDUSTRIES,VGUARD,,REMOVED,2026-02-23,2026-03-30,C:\Users\cores\OneDrive\Desktop\Personal Project\InterSignal\data\reference\nifty500\history\raw\ind_prs23022026.pdf,https://www.niftyindices.com/Press_Release/ind_prs23022026.pdf,EXPLICIT_SYMBOL,HIGH,HIGH,PARSED,"Replacements in indices w.e.f. March 30, 2026"
NIFTY 500,CIE Automotive India Ltd.,CIE AUTOMOTIVE INDIA,CIEINDIA,INE536H01010,ADDED,2026-05-04,2026-05-12,C:\Users\cores\OneDrive\Desktop\Personal Project\InterSignal\data\reference\nifty500\history\raw\ind_prs04052026.pdf,https://www.niftyindices.com/Press_Release/ind_prs04052026.pdf,EXPLICIT_SYMBOL,HIGH,HIGH,PARSED,"Replacement in indices w.e.f. May 12, 2026"
NIFTY 500,Gujarat State Petronet Ltd.,GUJARAT STATE PETRONET,GSPL,,REMOVED,2026-05-04,2026-05-12,C:\Users\cores\OneDrive\Desktop\Personal Project\InterSignal\data\reference\nifty500\history\raw\ind_prs04052026.pdf,https://www.niftyindices.com/Press_Release/ind_prs04052026.pdf,EXPLICIT_SYMBOL,HIGH,HIGH,PARSED,"Replacement in indices w.e.f. May 12, 2026"
NIFTY 500,Prime Focus Ltd.,PRIME FOCUS,PFOCUS,INE367G01038,ADDED,2026-07-13,2026-07-17,C:\Users\cores\OneDrive\Desktop\Personal Project\InterSignal\data\reference\nifty500\history\raw\ind_prs13072026_1.pdf,https://www.niftyindices.com/Press_Release/ind_prs13072026_1.pdf,EXPLICIT_SYMBOL,HIGH,HIGH,PARSED,"Replacement in indices w.e.f. July 17, 2026"
NIFTY 500,J.B. Chemicals & Pharmaceuticals Ltd.,JB CHEMICALS AND PHARMACEUTICALS,JBCHEPHARM,,REMOVED,2026-07-13,2026-07-17,C:\Users\cores\OneDrive\Desktop\Personal Project\InterSignal\data\reference\nifty500\history\raw\ind_prs13072026_1.pdf,https://www.niftyindices.com/Press_Release/ind_prs13072026_1.pdf,EXPLICIT_SYMBOL,HIGH,HIGH,PARSED,"Replacement in indices w.e.f. July 17, 2026"
NIFTY 500,Dummy HEG Ltd.,DUMMY HEG,DUMMYHEG,DUM545A01024,ADDED,2026-09-03,2026-09-07,C:\Users\cores\OneDrive\Desktop\Personal Project\InterSignal\data\reference\nifty500\history\raw\ind_prs03092026.pdf,https://www.niftyindices.com/Press_Release/ind_prs03092026.pdf,SPECIAL_CORPORATE_ACTION_SYMBOL,HIGH,HIGH,PARSED,"Official corporate-action adjustment for HEG Ltd. says the demerged entity HEG Graphite Ltd. with dummy symbol DUMMYHEG shall be included in Nifty 500 at zero price effective September 07, 2026."
NIFTY 500,360 ONE WAM Ltd.,360 ONE WAM,360ONE,INE466L01038,CURRENT_SNAPSHOT,,2026-09-07,data/reference/nifty500/current/nifty500_constituents_raw.csv,https://www.niftyindices.com/IndexConstituent/ind_nifty500list.csv,OFFICIAL_CURRENT_SNAPSHOT,HIGH,HIGH,PARSED,Current snapshot only; does not prove historical start date.
NIFTY 500,3M India Ltd.,3M INDIA,3MINDIA,INE470A01017,CURRENT_SNAPSHOT,,2026-09-07,data/reference/nifty500/current/nifty500_constituents_raw.csv,https://www.niftyindices.com/IndexConstituent/ind_nifty500list.csv,OFFICIAL_CURRENT_SNAPSHOT,HIGH,HIGH,PARSED,Current snapshot only; does not prove historical start date.
NIFTY 500,Aadhar Housing Finance Ltd.,AADHAR HOUSING FINANCE,AADHARHFC,INE883F01010,CURRENT_SNAPSHOT,,2026-09-07,data/reference/nifty500/current/nifty500_constituents_raw.csv,https://www.niftyindices.com/IndexConstituent/ind_nifty500list.csv,OFFICIAL_CURRENT_SNAPSHOT,HIGH,HIGH,PARSED,Current snapshot only; does not prove historical start date.
NIFTY 500,Aarti Industries Ltd.,AARTI INDUSTRIES,AARTIIND,INE769A01020,CURRENT_SNAPSHOT,,2026-09-07,data/reference/nifty500/current/nifty500_constituents_raw.csv,https://www.niftyindices.com/IndexConstituent/ind_nifty500list.csv,OFFICIAL_CURRENT_SNAPSHOT,HIGH,HIGH,PARSED,Current snapshot only; does not prove historical start date.
NIFTY 500,Aavas Financiers Ltd.,AAVAS FINANCIERS,AAVAS,INE216P01012,CURRENT_SNAPSHOT,,2026-09-07,data/reference/nifty500/current/nifty500_constituents_raw.csv,https://www.niftyindices.com/IndexConstituent/ind_nifty500list.csv,OFFICIAL_CURRENT_SNAPSHOT,HIGH,HIGH,PARSED,Current snapshot only; does not prove historical start date.
NIFTY 500,ABB India Ltd.,ABB INDIA,ABB,INE117A01022,CURRENT_SNAPSHOT,,2026-09-07,data/reference/nifty500/current/nifty500_constituents_raw.csv,https://www.niftyindices.com/IndexConstituent/ind_nifty500list.csv,OFFICIAL_CURRENT_SNAPSHOT,HIGH,HIGH,PARSED,Current snapshot only; does not prove historical start date.
NIFTY 500,Abbott India Ltd.,ABBOTT INDIA,ABBOTINDIA,INE358A01014,CURRENT_SNAPSHOT,,2026-09-07,data/reference/nifty500/current/nifty500_constituents_raw.csv,https://www.niftyindices.com/IndexConstituent/ind_nifty500list.csv,OFFICIAL_CURRENT_SNAPSHOT,HIGH,HIGH,PARSED,Current snapshot only; does not prove historical start date.
NIFTY 500,Aditya Birla Capital Ltd.,ADITYA BIRLA CAPITAL,ABCAPITAL,INE674K01013,CURRENT_SNAPSHOT,,2026-09-07,data/reference/nifty500/current/nifty500_constituents_raw.csv,https://www.niftyindices.com/IndexConstituent/ind_nifty500list.csv,OFFICIAL_CURRENT_SNAPSHOT,HIGH,HIGH,PARSED,Current snapshot only; does not prove historical start date.
NIFTY 500,Allied Blenders and Distillers Ltd.,ALLIED BLENDERS AND DISTILLERS,ABDL,INE552Z01027,CURRENT_SNAPSHOT,,2026-09-07,data/reference/nifty500/current/nifty500_constituents_raw.csv,https://www.niftyindices.com/IndexConstituent/ind_nifty500list.csv,OFFICIAL_CURRENT_SNAPSHOT,HIGH,HIGH,PARSED,Current snapshot only; does not prove historical start date.
NIFTY 500,Aditya Birla Fashion and Retail Ltd.,ADITYA BIRLA FASHION AND RETAIL,ABFRL,INE647O01011,CURRENT_SNAPSHOT,,2026-09-07,data/reference/nifty500/current/nifty500_constituents_raw.csv,https://www.niftyindices.com/IndexConstituent/ind_nifty500list.csv,OFFICIAL_CURRENT_SNAPSHOT,HIGH,HIGH,PARSED,Current snapshot only; does not prove historical start date.
NIFTY 500,Aditya Birla Lifestyle Brands Ltd.,ADITYA BIRLA LIFESTYLE BRANDS,ABLBL,INE14LE01019,CURRENT_SNAPSHOT,,2026-09-07,data/reference/nifty500/current/nifty500_constituents_raw.csv,https://www.niftyindices.com/IndexConstituent/ind_nifty500list.csv,OFFICIAL_CURRENT_SNAPSHOT,HIGH,HIGH,PARSED,Current snapshot only; does not prove historical start date.
NIFTY 500,Aditya Birla Real Estate Ltd.,ADITYA BIRLA REAL ESTATE,ABREL,INE055A01016,CURRENT_SNAPSHOT,,2026-09-07,data/reference/nifty500/current/nifty500_constituents_raw.csv,https://www.niftyindices.com/IndexConstituent/ind_nifty500list.csv,OFFICIAL_CURRENT_SNAPSHOT,HIGH,HIGH,PARSED,Current snapshot only; does not prove historical start date.
NIFTY 500,Aditya Birla Sun Life AMC Ltd.,ADITYA BIRLA SUN LIFE AMC,ABSLAMC,INE404A01024,CURRENT_SNAPSHOT,,2026-09-07,data/reference/nifty500/current/nifty500_constituents_raw.csv,https://www.niftyindices.com/IndexConstituent/ind_nifty500list.csv,OFFICIAL_CURRENT_SNAPSHOT,HIGH,HIGH,PARSED,Current snapshot only; does not prove historical start date.
NIFTY 500,ACC Ltd.,ACC,ACC,INE012A01025,CURRENT_SNAPSHOT,,2026-09-07,data/reference/nifty500/current/nifty500_constituents_raw.csv,https://www.niftyindices.com/IndexConstituent/ind_nifty500list.csv,OFFICIAL_CURRENT_SNAPSHOT,HIGH,HIGH,PARSED,Current snapshot only; does not prove historical start date.
NIFTY 500,Action Construction Equipment Ltd.,ACTION CONSTRUCTION EQUIPMENT,ACE,INE731H01025,CURRENT_SNAPSHOT,,2026-09-07,data/reference/nifty500/current/nifty500_constituents_raw.csv,https://www.niftyindices.com/IndexConstituent/ind_nifty500list.csv,OFFICIAL_CURRENT_SNAPSHOT,HIGH,HIGH,PARSED,Current snapshot only; does not prove historical start date.
NIFTY 500,ACME Solar Holdings Ltd.,ACME SOLAR HOLDINGS,ACMESOLAR,INE622W01025,CURRENT_SNAPSHOT,,2026-09-07,data/reference/nifty500/current/nifty500_constituents_raw.csv,https://www.niftyindices.com/IndexConstituent/ind_nifty500list.csv,OFFICIAL_CURRENT_SNAPSHOT,HIGH,HIGH,PARSED,Current snapshot only; does not prove historical start date.
NIFTY 500,Acutaas Chemicals Ltd.,ACUTAAS CHEMICALS,ACUTAAS,INE00FF01025,CURRENT_SNAPSHOT,,2026-09-07,data/reference/nifty500/current/nifty500_constituents_raw.csv,https://www.niftyindices.com/IndexConstituent/ind_nifty500list.csv,OFFICIAL_CURRENT_SNAPSHOT,HIGH,HIGH,PARSED,Current snapshot only; does not prove historical start date.
NIFTY 500,Adani Energy Solutions Ltd.,ADANI ENERGY SOLUTIONS,ADANIENSOL,INE931S01010,CURRENT_SNAPSHOT,,2026-09-07,data/reference/nifty500/current/nifty500_constituents_raw.csv,https://www.niftyindices.com/IndexConstituent/ind_nifty500list.csv,OFFICIAL_CURRENT_SNAPSHOT,HIGH,HIGH,PARSED,Current snapshot only; does not prove historical start date.
NIFTY 500,Adani Enterprises Ltd.,ADANI ENTERPRISES,ADANIENT,INE423A01024,CURRENT_SNAPSHOT,,2026-09-07,data/reference/nifty500/current/nifty500_constituents_raw.csv,https://www.niftyindices.com/IndexConstituent/ind_nifty500list.csv,OFFICIAL_CURRENT_SNAPSHOT,HIGH,HIGH,PARSED,Current snapshot only; does not prove historical start date.
NIFTY 500,Adani Green Energy Ltd.,ADANI GREEN ENERGY,ADANIGREEN,INE364U01010,CURRENT_SNAPSHOT,,2026-09-07,data/reference/nifty500/current/nifty500_constituents_raw.csv,https://www.niftyindices.com/IndexConstituent/ind_nifty500list.csv,OFFICIAL_CURRENT_SNAPSHOT,HIGH,HIGH,PARSED,Current snapshot only; does not prove historical start date.
NIFTY 500,Adani Ports and Special Economic Zone Ltd.,ADANI PORTS AND SPECIAL ECONOMIC ZONE,ADANIPORTS,INE742F01042,CURRENT_SNAPSHOT,,2026-09-07,data/reference/nifty500/current/nifty500_constituents_raw.csv,https://www.niftyindices.com/IndexConstituent/ind_nifty500list.csv,OFFICIAL_CURRENT_SNAPSHOT,HIGH,HIGH,PARSED,Current snapshot only; does not prove historical start date.
NIFTY 500,Adani Power Ltd.,ADANI POWER,ADANIPOWER,INE814H01029,CURRENT_SNAPSHOT,,2026-09-07,data/reference/nifty500/current/nifty500_constituents_raw.csv,https://www.niftyindices.com/IndexConstituent/ind_nifty500list.csv,OFFICIAL_CURRENT_SNAPSHOT,HIGH,HIGH,PARSED,Current snapshot only; does not prove historical start date.
NIFTY 500,Aegis Logistics Ltd.,AEGIS LOGISTICS,AEGISLOG,INE208C01025,CURRENT_SNAPSHOT,,2026-09-07,data/reference/nifty500/current/nifty500_constituents_raw.csv,https://www.niftyindices.com/IndexConstituent/ind_nifty500list.csv,OFFICIAL_CURRENT_SNAPSHOT,HIGH,HIGH,PARSED,Current snapshot only; does not prove historical start date.
NIFTY 500,Aegis Vopak Terminals Ltd.,AEGIS VOPAK TERMINALS,AEGISVOPAK,INE0INX01018,CURRENT_SNAPSHOT,,2026-09-07,data/reference/nifty500/current/nifty500_constituents_raw.csv,https://www.niftyindices.com/IndexConstituent/ind_nifty500list.csv,OFFICIAL_CURRENT_SNAPSHOT,HIGH,HIGH,PARSED,Current snapshot only; does not prove historical start date.
NIFTY 500,Afcons Infrastructure Ltd.,AFCONS INFRASTRUCTURE,AFCONS,INE101I01011,CURRENT_SNAPSHOT,,2026-09-07,data/reference/nifty500/current/nifty500_constituents_raw.csv,https://www.niftyindices.com/IndexConstituent/ind_nifty500list.csv,OFFICIAL_CURRENT_SNAPSHOT,HIGH,HIGH,PARSED,Current snapshot only; does not prove historical start date.
NIFTY 500,Affle 3i Ltd.,AFFLE 3I,AFFLE,INE00WC01027,CURRENT_SNAPSHOT,,2026-09-07,data/reference/nifty500/current/nifty500_constituents_raw.csv,https://www.niftyindices.com/IndexConstituent/ind_nifty500list.csv,OFFICIAL_CURRENT_SNAPSHOT,HIGH,HIGH,PARSED,Current snapshot only; does not prove historical start date.
NIFTY 500,AIA Engineering Ltd.,AIA ENGINEERING,AIAENG,INE212H01026,CURRENT_SNAPSHOT,,2026-09-07,data/reference/nifty500/current/nifty500_constituents_raw.csv,https://www.niftyindices.com/IndexConstituent/ind_nifty500list.csv,OFFICIAL_CURRENT_SNAPSHOT,HIGH,HIGH,PARSED,Current snapshot only; does not prove historical start date.
NIFTY 500,Authum Investment & Infrastructure Ltd.,AUTHUM INVESTMENT AND INFRASTRUCTURE,AIIL,INE206F01022,CURRENT_SNAPSHOT,,2026-09-07,data/reference/nifty500/current/nifty500_constituents_raw.csv,https://www.niftyindices.com/IndexConstituent/ind_nifty500list.csv,OFFICIAL_CURRENT_SNAPSHOT,HIGH,HIGH,PARSED,Current snapshot only; does not prove historical start date.
NIFTY 500,Ajanta Pharmaceuticals Ltd.,AJANTA PHARMACEUTICALS,AJANTPHARM,INE031B01049,CURRENT_SNAPSHOT,,2026-09-07,data/reference/nifty500/current/nifty500_constituents_raw.csv,https://www.niftyindices.com/IndexConstituent/ind_nifty500list.csv,OFFICIAL_CURRENT_SNAPSHOT,HIGH,HIGH,PARSED,Current snapshot only; does not prove historical start date.
NIFTY 500,Alkem Laboratories Ltd.,ALKEM LABORATORIES,ALKEM,INE540L01014,CURRENT_SNAPSHOT,,2026-09-07,data/reference/nifty500/current/nifty500_constituents_raw.csv,https://www.niftyindices.com/IndexConstituent/ind_nifty500list.csv,OFFICIAL_CURRENT_SNAPSHOT,HIGH,HIGH,PARSED,Current snapshot only; does not prove historical start date.
NIFTY 500,Amber Enterprises India Ltd.,AMBER ENTERPRISES INDIA,AMBER,INE371P01015,CURRENT_SNAPSHOT,,2026-09-07,data/reference/nifty500/current/nifty500_constituents_raw.csv,https://www.niftyindices.com/IndexConstituent/ind_nifty500list.csv,OFFICIAL_CURRENT_SNAPSHOT,HIGH,HIGH,PARSED,Current snapshot only; does not prove historical start date.
NIFTY 500,Ambuja Cements Ltd.,AMBUJA CEMENTS,AMBUJACEM,INE079A01024,CURRENT_SNAPSHOT,,2026-09-07,data/reference/nifty500/current/nifty500_constituents_raw.csv,https://www.niftyindices.com/IndexConstituent/ind_nifty500list.csv,OFFICIAL_CURRENT_SNAPSHOT,HIGH,HIGH,PARSED,Current snapshot only; does not prove historical start date.
NIFTY 500,Anand Rathi Wealth Ltd.,ANAND RATHI WEALTH,ANANDRATHI,INE463V01026,CURRENT_SNAPSHOT,,2026-09-07,data/reference/nifty500/current/nifty500_constituents_raw.csv,https://www.niftyindices.com/IndexConstituent/ind_nifty500list.csv,OFFICIAL_CURRENT_SNAPSHOT,HIGH,HIGH,PARSED,Current snapshot only; does not prove historical start date.
NIFTY 500,Anant Raj Ltd.,ANANT RAJ,ANANTRAJ,INE242C01024,CURRENT_SNAPSHOT,,2026-09-07,data/reference/nifty500/current/nifty500_constituents_raw.csv,https://www.niftyindices.com/IndexConstituent/ind_nifty500list.csv,OFFICIAL_CURRENT_SNAPSHOT,HIGH,HIGH,PARSED,Current snapshot only; does not prove historical start date.
NIFTY 500,Angel One Ltd.,ANGEL ONE,ANGELONE,INE732I01021,CURRENT_SNAPSHOT,,2026-09-07,data/reference/nifty500/current/nifty500_constituents_raw.csv,https://www.niftyindices.com/IndexConstituent/ind_nifty500list.csv,OFFICIAL_CURRENT_SNAPSHOT,HIGH,HIGH,PARSED,Current snapshot only; does not prove historical start date.
NIFTY 500,Anthem Biosciences Ltd.,ANTHEM BIOSCIENCES,ANTHEM,INE0CZ201020,CURRENT_SNAPSHOT,,2026-09-07,data/reference/nifty500/current/nifty500_constituents_raw.csv,https://www.niftyindices.com/IndexConstituent/ind_nifty500list.csv,OFFICIAL_CURRENT_SNAPSHOT,HIGH,HIGH,PARSED,Current snapshot only; does not prove historical start date.
NIFTY 500,Anupam Rasayan India Ltd.,ANUPAM RASAYAN INDIA,ANURAS,INE930P01018,CURRENT_SNAPSHOT,,2026-09-07,data/reference/nifty500/current/nifty500_constituents_raw.csv,https://www.niftyindices.com/IndexConstituent/ind_nifty500list.csv,OFFICIAL_CURRENT_SNAPSHOT,HIGH,HIGH,PARSED,Current snapshot only; does not prove historical start date.
NIFTY 500,Apar Industries Ltd.,APAR INDUSTRIES,APARINDS,INE372A01015,CURRENT_SNAPSHOT,,2026-09-07,data/reference/nifty500/current/nifty500_constituents_raw.csv,https://www.niftyindices.com/IndexConstituent/ind_nifty500list.csv,OFFICIAL_CURRENT_SNAPSHOT,HIGH,HIGH,PARSED,Current snapshot only; does not prove historical start date.
NIFTY 500,APL Apollo Tubes Ltd.,APL APOLLO TUBES,APLAPOLLO,INE702C01027,CURRENT_SNAPSHOT,,2026-09-07,data/reference/nifty500/current/nifty500_constituents_raw.csv,https://www.niftyindices.com/IndexConstituent/ind_nifty500list.csv,OFFICIAL_CURRENT_SNAPSHOT,HIGH,HIGH,PARSED,Current snapshot only; does not prove historical start date.
NIFTY 500,Apollo Hospitals Enterprise Ltd.,APOLLO HOSPITALS ENTERPRISE,APOLLOHOSP,INE437A01024,CURRENT_SNAPSHOT,,2026-09-07,data/reference/nifty500/current/nifty500_constituents_raw.csv,https://www.niftyindices.com/IndexConstituent/ind_nifty500list.csv,OFFICIAL_CURRENT_SNAPSHOT,HIGH,HIGH,PARSED,Current snapshot only; does not prove historical start date.
NIFTY 500,Apollo Tyres Ltd.,APOLLO TYRES,APOLLOTYRE,INE438A01022,CURRENT_SNAPSHOT,,2026-09-07,data/reference/nifty500/current/nifty500_constituents_raw.csv,https://www.niftyindices.com/IndexConstituent/ind_nifty500list.csv,OFFICIAL_CURRENT_SNAPSHOT,HIGH,HIGH,PARSED,Current snapshot only; does not prove historical start date.
NIFTY 500,Aptus Value Housing Finance India Ltd.,APTUS VALUE HOUSING FINANCE INDIA,APTUS,INE852O01025,CURRENT_SNAPSHOT,,2026-09-07,data/reference/nifty500/current/nifty500_constituents_raw.csv,https://www.niftyindices.com/IndexConstituent/ind_nifty500list.csv,OFFICIAL_CURRENT_SNAPSHOT,HIGH,HIGH,PARSED,Current snapshot only; does not prove historical start date.
NIFTY 500,Amara Raja Energy & Mobility Ltd.,AMARA RAJA ENERGY AND MOBILITY,ARE&M,INE885A01032,CURRENT_SNAPSHOT,,2026-09-07,data/reference/nifty500/current/nifty500_constituents_raw.csv,https://www.niftyindices.com/IndexConstituent/ind_nifty500list.csv,OFFICIAL_CURRENT_SNAPSHOT,HIGH,HIGH,PARSED,Current snapshot only; does not prove historical start date.
NIFTY 500,Asahi India Glass Ltd.,ASAHI INDIA GLASS,ASAHIINDIA,INE439A01020,CURRENT_SNAPSHOT,,2026-09-07,data/reference/nifty500/current/nifty500_constituents_raw.csv,https://www.niftyindices.com/IndexConstituent/ind_nifty500list.csv,OFFICIAL_CURRENT_SNAPSHOT,HIGH,HIGH,PARSED,Current snapshot only; does not prove historical start date.
NIFTY 500,Ashok Leyland Ltd.,ASHOK LEYLAND,ASHOKLEY,INE208A01029,CURRENT_SNAPSHOT,,2026-09-07,data/reference/nifty500/current/nifty500_constituents_raw.csv,https://www.niftyindices.com/IndexConstituent/ind_nifty500list.csv,OFFICIAL_CURRENT_SNAPSHOT,HIGH,HIGH,PARSED,Current snapshot only; does not prove historical start date.
NIFTY 500,Asian Paints Ltd.,ASIAN PAINTS,ASIANPAINT,INE021A01026,CURRENT_SNAPSHOT,,2026-09-07,data/reference/nifty500/current/nifty500_constituents_raw.csv,https://www.niftyindices.com/IndexConstituent/ind_nifty500list.csv,OFFICIAL_CURRENT_SNAPSHOT,HIGH,HIGH,PARSED,Current snapshot only; does not prove historical start date.
NIFTY 500,Aster DM Quality Care Ltd.,ASTER DM QUALITY CARE,ASTERDM,INE914M01019,CURRENT_SNAPSHOT,,2026-09-07,data/reference/nifty500/current/nifty500_constituents_raw.csv,https://www.niftyindices.com/IndexConstituent/ind_nifty500list.csv,OFFICIAL_CURRENT_SNAPSHOT,HIGH,HIGH,PARSED,Current snapshot only; does not prove historical start date.
NIFTY 500,Astral Ltd.,ASTRAL,ASTRAL,INE006I01046,CURRENT_SNAPSHOT,,2026-09-07,data/reference/nifty500/current/nifty500_constituents_raw.csv,https://www.niftyindices.com/IndexConstituent/ind_nifty500list.csv,OFFICIAL_CURRENT_SNAPSHOT,HIGH,HIGH,PARSED,Current snapshot only; does not prove historical start date.
NIFTY 500,Adani Total Gas Ltd.,ADANI TOTAL GAS,ATGL,INE399L01023,CURRENT_SNAPSHOT,,2026-09-07,data/reference/nifty500/current/nifty500_constituents_raw.csv,https://www.niftyindices.com/IndexConstituent/ind_nifty500list.csv,OFFICIAL_CURRENT_SNAPSHOT,HIGH,HIGH,PARSED,Current snapshot only; does not prove historical start date.
NIFTY 500,Ather Energy Ltd.,ATHER ENERGY,ATHERENERG,INE0LEZ01016,CURRENT_SNAPSHOT,,2026-09-07,data/reference/nifty500/current/nifty500_constituents_raw.csv,https://www.niftyindices.com/IndexConstituent/ind_nifty500list.csv,OFFICIAL_CURRENT_SNAPSHOT,HIGH,HIGH,PARSED,Current snapshot only; does not prove historical start date.
NIFTY 500,Atul Ltd.,ATUL,ATUL,INE100A01010,CURRENT_SNAPSHOT,,2026-09-07,data/reference/nifty500/current/nifty500_constituents_raw.csv,https://www.niftyindices.com/IndexConstituent/ind_nifty500list.csv,OFFICIAL_CURRENT_SNAPSHOT,HIGH,HIGH,PARSED,Current snapshot only; does not prove historical start date.
NIFTY 500,AU Small Finance Bank Ltd.,AU SMALL FINANCE BANK,AUBANK,INE949L01017,CURRENT_SNAPSHOT,,2026-09-07,data/reference/nifty500/current/nifty500_constituents_raw.csv,https://www.niftyindices.com/IndexConstituent/ind_nifty500list.csv,OFFICIAL_CURRENT_SNAPSHOT,HIGH,HIGH,PARSED,Current snapshot only; does not prove historical start date.
NIFTY 500,Aurobindo Pharma Ltd.,AUROBINDO PHARMA,AUROPHARMA,INE406A01037,CURRENT_SNAPSHOT,,2026-09-07,data/reference/nifty500/current/nifty500_constituents_raw.csv,https://www.niftyindices.com/IndexConstituent/ind_nifty500list.csv,OFFICIAL_CURRENT_SNAPSHOT,HIGH,HIGH,PARSED,Current snapshot only; does not prove historical start date.
NIFTY 500,AWL Agri Business Ltd.,AWL AGRI BUSINESS,AWL,INE699H01024,CURRENT_SNAPSHOT,,2026-09-07,data/reference/nifty500/current/nifty500_constituents_raw.csv,https://www.niftyindices.com/IndexConstituent/ind_nifty500list.csv,OFFICIAL_CURRENT_SNAPSHOT,HIGH,HIGH,PARSED,Current snapshot only; does not prove historical start date.
NIFTY 500,Axis Bank Ltd.,AXIS BANK,AXISBANK,INE238A01034,CURRENT_SNAPSHOT,,2026-09-07,data/reference/nifty500/current/nifty500_constituents_raw.csv,https://www.niftyindices.com/IndexConstituent/ind_nifty500list.csv,OFFICIAL_CURRENT_SNAPSHOT,HIGH,HIGH,PARSED,Current snapshot only; does not prove historical start date.
NIFTY 500,Bajaj Auto Ltd.,BAJAJ AUTO,BAJAJ-AUTO,INE917I01010,CURRENT_SNAPSHOT,,2026-09-07,data/reference/nifty500/current/nifty500_constituents_raw.csv,https://www.niftyindices.com/IndexConstituent/ind_nifty500list.csv,OFFICIAL_CURRENT_SNAPSHOT,HIGH,HIGH,PARSED,Current snapshot only; does not prove historical start date.
NIFTY 500,Bajaj Finserv Ltd.,BAJAJ FINSERV,BAJAJFINSV,INE918I01026,CURRENT_SNAPSHOT,,2026-09-07,data/reference/nifty500/current/nifty500_constituents_raw.csv,https://www.niftyindices.com/IndexConstituent/ind_nifty500list.csv,OFFICIAL_CURRENT_SNAPSHOT,HIGH,HIGH,PARSED,Current snapshot only; does not prove historical start date.
NIFTY 500,Bajaj Housing Finance Ltd.,BAJAJ HOUSING FINANCE,BAJAJHFL,INE377Y01014,CURRENT_SNAPSHOT,,2026-09-07,data/reference/nifty500/current/nifty500_constituents_raw.csv,https://www.niftyindices.com/IndexConstituent/ind_nifty500list.csv,OFFICIAL_CURRENT_SNAPSHOT,HIGH,HIGH,PARSED,Current snapshot only; does not prove historical start date.
NIFTY 500,Bajaj Holdings & Investment Ltd.,BAJAJ HOLDINGS AND INVESTMENT,BAJAJHLDNG,INE118A01012,CURRENT_SNAPSHOT,,2026-09-07,data/reference/nifty500/current/nifty500_constituents_raw.csv,https://www.niftyindices.com/IndexConstituent/ind_nifty500list.csv,OFFICIAL_CURRENT_SNAPSHOT,HIGH,HIGH,PARSED,Current snapshot only; does not prove historical start date.
NIFTY 500,Bajaj Finance Ltd.,BAJAJ FINANCE,BAJFINANCE,INE296A01032,CURRENT_SNAPSHOT,,2026-09-07,data/reference/nifty500/current/nifty500_constituents_raw.csv,https://www.niftyindices.com/IndexConstituent/ind_nifty500list.csv,OFFICIAL_CURRENT_SNAPSHOT,HIGH,HIGH,PARSED,Current snapshot only; does not prove historical start date.
NIFTY 500,Balkrishna Industries Ltd.,BALKRISHNA INDUSTRIES,BALKRISIND,INE787D01026,CURRENT_SNAPSHOT,,2026-09-07,data/reference/nifty500/current/nifty500_constituents_raw.csv,https://www.niftyindices.com/IndexConstituent/ind_nifty500list.csv,OFFICIAL_CURRENT_SNAPSHOT,HIGH,HIGH,PARSED,Current snapshot only; does not prove historical start date.
NIFTY 500,Balrampur Chini Mills Ltd.,BALRAMPUR CHINI MILLS,BALRAMCHIN,INE119A01028,CURRENT_SNAPSHOT,,2026-09-07,data/reference/nifty500/current/nifty500_constituents_raw.csv,https://www.niftyindices.com/IndexConstituent/ind_nifty500list.csv,OFFICIAL_CURRENT_SNAPSHOT,HIGH,HIGH,PARSED,Current snapshot only; does not prove historical start date.
NIFTY 500,Bandhan Bank Ltd.,BANDHAN BANK,BANDHANBNK,INE545U01014,CURRENT_SNAPSHOT,,2026-09-07,data/reference/nifty500/current/nifty500_constituents_raw.csv,https://www.niftyindices.com/IndexConstituent/ind_nifty500list.csv,OFFICIAL_CURRENT_SNAPSHOT,HIGH,HIGH,PARSED,Current snapshot only; does not prove historical start date.
NIFTY 500,Bank of Baroda,BANK OF BARODA,BANKBARODA,INE028A01039,CURRENT_SNAPSHOT,,2026-09-07,data/reference/nifty500/current/nifty500_constituents_raw.csv,https://www.niftyindices.com/IndexConstituent/ind_nifty500list.csv,OFFICIAL_CURRENT_SNAPSHOT,HIGH,HIGH,PARSED,Current snapshot only; does not prove historical start date.
NIFTY 500,Bank of India,BANK OF INDIA,BANKINDIA,INE084A01016,CURRENT_SNAPSHOT,,2026-09-07,data/reference/nifty500/current/nifty500_constituents_raw.csv,https://www.niftyindices.com/IndexConstituent/ind_nifty500list.csv,OFFICIAL_CURRENT_SNAPSHOT,HIGH,HIGH,PARSED,Current snapshot only; does not prove historical start date.
NIFTY 500,Bata India Ltd.,BATA INDIA,BATAINDIA,INE176A01028,CURRENT_SNAPSHOT,,2026-09-07,data/reference/nifty500/current/nifty500_constituents_raw.csv,https://www.niftyindices.com/IndexConstituent/ind_nifty500list.csv,OFFICIAL_CURRENT_SNAPSHOT,HIGH,HIGH,PARSED,Current snapshot only; does not prove historical start date.
NIFTY 500,Bayer Cropscience Ltd.,BAYER CROPSCIENCE,BAYERCROP,INE462A01022,CURRENT_SNAPSHOT,,2026-09-07,data/reference/nifty500/current/nifty500_constituents_raw.csv,https://www.niftyindices.com/IndexConstituent/ind_nifty500list.csv,OFFICIAL_CURRENT_SNAPSHOT,HIGH,HIGH,PARSED,Current snapshot only; does not prove historical start date.
NIFTY 500,Bombay Burmah Trading Corporation Ltd.,BOMBAY BURMAH TRADING CORPORATION,BBTC,INE050A01025,CURRENT_SNAPSHOT,,2026-09-07,data/reference/nifty500/current/nifty500_constituents_raw.csv,https://www.niftyindices.com/IndexConstituent/ind_nifty500list.csv,OFFICIAL_CURRENT_SNAPSHOT,HIGH,HIGH,PARSED,Current snapshot only; does not prove historical start date.
NIFTY 500,Bharat Dynamics Ltd.,BHARAT DYNAMICS,BDL,INE171Z01026,CURRENT_SNAPSHOT,,2026-09-07,data/reference/nifty500/current/nifty500_constituents_raw.csv,https://www.niftyindices.com/IndexConstituent/ind_nifty500list.csv,OFFICIAL_CURRENT_SNAPSHOT,HIGH,HIGH,PARSED,Current snapshot only; does not prove historical start date.
NIFTY 500,Bharat Electronics Ltd.,BHARAT ELECTRONICS,BEL,INE263A01024,CURRENT_SNAPSHOT,,2026-09-07,data/reference/nifty500/current/nifty500_constituents_raw.csv,https://www.niftyindices.com/IndexConstituent/ind_nifty500list.csv,OFFICIAL_CURRENT_SNAPSHOT,HIGH,HIGH,PARSED,Current snapshot only; does not prove historical start date.
NIFTY 500,Belrise Industries Ltd.,BELRISE INDUSTRIES,BELRISE,INE894V01022,CURRENT_SNAPSHOT,,2026-09-07,data/reference/nifty500/current/nifty500_constituents_raw.csv,https://www.niftyindices.com/IndexConstituent/ind_nifty500list.csv,OFFICIAL_CURRENT_SNAPSHOT,HIGH,HIGH,PARSED,Current snapshot only; does not prove historical start date.
NIFTY 500,BEML Ltd.,BEML,BEML,INE258A01024,CURRENT_SNAPSHOT,,2026-09-07,data/reference/nifty500/current/nifty500_constituents_raw.csv,https://www.niftyindices.com/IndexConstituent/ind_nifty500list.csv,OFFICIAL_CURRENT_SNAPSHOT,HIGH,HIGH,PARSED,Current snapshot only; does not prove historical start date.
NIFTY 500,Berger Paints India Ltd.,BERGER PAINTS INDIA,BERGEPAINT,INE463A01038,CURRENT_SNAPSHOT,,2026-09-07,data/reference/nifty500/current/nifty500_constituents_raw.csv,https://www.niftyindices.com/IndexConstituent/ind_nifty500list.csv,OFFICIAL_CURRENT_SNAPSHOT,HIGH,HIGH,PARSED,Current snapshot only; does not prove historical start date.
NIFTY 500,Bharat Forge Ltd.,BHARAT FORGE,BHARATFORG,INE465A01025,CURRENT_SNAPSHOT,,2026-09-07,data/reference/nifty500/current/nifty500_constituents_raw.csv,https://www.niftyindices.com/IndexConstituent/ind_nifty500list.csv,OFFICIAL_CURRENT_SNAPSHOT,HIGH,HIGH,PARSED,Current snapshot only; does not prove historical start date.
NIFTY 500,Bharti Airtel Ltd.,BHARTI AIRTEL,BHARTIARTL,INE397D01024,CURRENT_SNAPSHOT,,2026-09-07,data/reference/nifty500/current/nifty500_constituents_raw.csv,https://www.niftyindices.com/IndexConstituent/ind_nifty500list.csv,OFFICIAL_CURRENT_SNAPSHOT,HIGH,HIGH,PARSED,Current snapshot only; does not prove historical start date.
NIFTY 500,Bharti Hexacom Ltd.,BHARTI HEXACOM,BHARTIHEXA,INE343G01021,CURRENT_SNAPSHOT,,2026-09-07,data/reference/nifty500/current/nifty500_constituents_raw.csv,https://www.niftyindices.com/IndexConstituent/ind_nifty500list.csv,OFFICIAL_CURRENT_SNAPSHOT,HIGH,HIGH,PARSED,Current snapshot only; does not prove historical start date.
NIFTY 500,Bharat Heavy Electricals Ltd.,BHARAT HEAVY ELECTRICALS,BHEL,INE257A01026,CURRENT_SNAPSHOT,,2026-09-07,data/reference/nifty500/current/nifty500_constituents_raw.csv,https://www.niftyindices.com/IndexConstituent/ind_nifty500list.csv,OFFICIAL_CURRENT_SNAPSHOT,HIGH,HIGH,PARSED,Current snapshot only; does not prove historical start date.
NIFTY 500,Bikaji Foods International Ltd.,BIKAJI FOODS INTERNATIONAL,BIKAJI,INE00E101023,CURRENT_SNAPSHOT,,2026-09-07,data/reference/nifty500/current/nifty500_constituents_raw.csv,https://www.niftyindices.com/IndexConstituent/ind_nifty500list.csv,OFFICIAL_CURRENT_SNAPSHOT,HIGH,HIGH,PARSED,Current snapshot only; does not prove historical start date.
NIFTY 500,Biocon Ltd.,BIOCON,BIOCON,INE376G01013,CURRENT_SNAPSHOT,,2026-09-07,data/reference/nifty500/current/nifty500_constituents_raw.csv,https://www.niftyindices.com/IndexConstituent/ind_nifty500list.csv,OFFICIAL_CURRENT_SNAPSHOT,HIGH,HIGH,PARSED,Current snapshot only; does not prove historical start date.
NIFTY 500,BLS International Services Ltd.,BLS INTERNATIONAL SERVICES,BLS,INE153T01027,CURRENT_SNAPSHOT,,2026-09-07,data/reference/nifty500/current/nifty500_constituents_raw.csv,https://www.niftyindices.com/IndexConstituent/ind_nifty500list.csv,OFFICIAL_CURRENT_SNAPSHOT,HIGH,HIGH,PARSED,Current snapshot only; does not prove historical start date.
NIFTY 500,Blue Dart Express Ltd.,BLUE DART EXPRESS,BLUEDART,INE233B01017,CURRENT_SNAPSHOT,,2026-09-07,data/reference/nifty500/current/nifty500_constituents_raw.csv,https://www.niftyindices.com/IndexConstituent/ind_nifty500list.csv,OFFICIAL_CURRENT_SNAPSHOT,HIGH,HIGH,PARSED,Current snapshot only; does not prove historical start date.
NIFTY 500,Blue Jet Healthcare Ltd.,BLUE JET HEALTHCARE,BLUEJET,INE0KBH01020,CURRENT_SNAPSHOT,,2026-09-07,data/reference/nifty500/current/nifty500_constituents_raw.csv,https://www.niftyindices.com/IndexConstituent/ind_nifty500list.csv,OFFICIAL_CURRENT_SNAPSHOT,HIGH,HIGH,PARSED,Current snapshot only; does not prove historical start date.
NIFTY 500,Blue Star Ltd.,BLUE STAR,BLUESTARCO,INE472A01039,CURRENT_SNAPSHOT,,2026-09-07,data/reference/nifty500/current/nifty500_constituents_raw.csv,https://www.niftyindices.com/IndexConstituent/ind_nifty500list.csv,OFFICIAL_CURRENT_SNAPSHOT,HIGH,HIGH,PARSED,Current snapshot only; does not prove historical start date.
NIFTY 500,Bosch Ltd.,BOSCH,BOSCHLTD,INE323A01026,CURRENT_SNAPSHOT,,2026-09-07,data/reference/nifty500/current/nifty500_constituents_raw.csv,https://www.niftyindices.com/IndexConstituent/ind_nifty500list.csv,OFFICIAL_CURRENT_SNAPSHOT,HIGH,HIGH,PARSED,Current snapshot only; does not prove historical start date.
NIFTY 500,Bharat Petroleum Corporation Ltd.,BHARAT PETROLEUM CORPORATION,BPCL,INE029A01011,CURRENT_SNAPSHOT,,2026-09-07,data/reference/nifty500/current/nifty500_constituents_raw.csv,https://www.niftyindices.com/IndexConstituent/ind_nifty500list.csv,OFFICIAL_CURRENT_SNAPSHOT,HIGH,HIGH,PARSED,Current snapshot only; does not prove historical start date.
NIFTY 500,Brigade Enterprises Ltd.,BRIGADE ENTERPRISES,BRIGADE,INE791I01019,CURRENT_SNAPSHOT,,2026-09-07,data/reference/nifty500/current/nifty500_constituents_raw.csv,https://www.niftyindices.com/IndexConstituent/ind_nifty500list.csv,OFFICIAL_CURRENT_SNAPSHOT,HIGH,HIGH,PARSED,Current snapshot only; does not prove historical start date.
NIFTY 500,Britannia Industries Ltd.,BRITANNIA INDUSTRIES,BRITANNIA,INE216A01030,CURRENT_SNAPSHOT,,2026-09-07,data/reference/nifty500/current/nifty500_constituents_raw.csv,https://www.niftyindices.com/IndexConstituent/ind_nifty500list.csv,OFFICIAL_CURRENT_SNAPSHOT,HIGH,HIGH,PARSED,Current snapshot only; does not prove historical start date.
NIFTY 500,BSE Ltd.,BSE,BSE,INE118H01025,CURRENT_SNAPSHOT,,2026-09-07,data/reference/nifty500/current/nifty500_constituents_raw.csv,https://www.niftyindices.com/IndexConstituent/ind_nifty500list.csv,OFFICIAL_CURRENT_SNAPSHOT,HIGH,HIGH,PARSED,Current snapshot only; does not prove historical start date.
NIFTY 500,Birlasoft Ltd.,BIRLASOFT,BSOFT,INE836A01035,CURRENT_SNAPSHOT,,2026-09-07,data/reference/nifty500/current/nifty500_constituents_raw.csv,https://www.niftyindices.com/IndexConstituent/ind_nifty500list.csv,OFFICIAL_CURRENT_SNAPSHOT,HIGH,HIGH,PARSED,Current snapshot only; does not prove historical start date.
NIFTY 500,Computer Age Management Services Ltd.,COMPUTER AGE MANAGEMENT SERVICES,CAMS,INE596I01020,CURRENT_SNAPSHOT,,2026-09-07,data/reference/nifty500/current/nifty500_constituents_raw.csv,https://www.niftyindices.com/IndexConstituent/ind_nifty500list.csv,OFFICIAL_CURRENT_SNAPSHOT,HIGH,HIGH,PARSED,Current snapshot only; does not prove historical start date.
NIFTY 500,Canara Bank,CANARA BANK,CANBK,INE476A01022,CURRENT_SNAPSHOT,,2026-09-07,data/reference/nifty500/current/nifty500_constituents_raw.csv,https://www.niftyindices.com/IndexConstituent/ind_nifty500list.csv,OFFICIAL_CURRENT_SNAPSHOT,HIGH,HIGH,PARSED,Current snapshot only; does not prove historical start date.
NIFTY 500,Can Fin Homes Ltd.,CAN FIN HOMES,CANFINHOME,INE477A01020,CURRENT_SNAPSHOT,,2026-09-07,data/reference/nifty500/current/nifty500_constituents_raw.csv,https://www.niftyindices.com/IndexConstituent/ind_nifty500list.csv,OFFICIAL_CURRENT_SNAPSHOT,HIGH,HIGH,PARSED,Current snapshot only; does not prove historical start date.
NIFTY 500,Canara HSBC Life Insurance Company Ltd.,CANARA HSBC LIFE INSURANCE COMPANY,CANHLIFE,INE01TY01017,CURRENT_SNAPSHOT,,2026-09-07,data/reference/nifty500/current/nifty500_constituents_raw.csv,https://www.niftyindices.com/IndexConstituent/ind_nifty500list.csv,OFFICIAL_CURRENT_SNAPSHOT,HIGH,HIGH,PARSED,Current snapshot only; does not prove historical start date.
NIFTY 500,Caplin Point Laboratories Ltd.,CAPLIN POINT LABORATORIES,CAPLIPOINT,INE475E01026,CURRENT_SNAPSHOT,,2026-09-07,data/reference/nifty500/current/nifty500_constituents_raw.csv,https://www.niftyindices.com/IndexConstituent/ind_nifty500list.csv,OFFICIAL_CURRENT_SNAPSHOT,HIGH,HIGH,PARSED,Current snapshot only; does not prove historical start date.
NIFTY 500,Carborundum Universal Ltd.,CARBORUNDUM UNIVERSAL,CARBORUNIV,INE120A01034,CURRENT_SNAPSHOT,,2026-09-07,data/reference/nifty500/current/nifty500_constituents_raw.csv,https://www.niftyindices.com/IndexConstituent/ind_nifty500list.csv,OFFICIAL_CURRENT_SNAPSHOT,HIGH,HIGH,PARSED,Current snapshot only; does not prove historical start date.
NIFTY 500,Cartrade Tech Ltd.,CARTRADE TECH,CARTRADE,INE290S01011,CURRENT_SNAPSHOT,,2026-09-07,data/reference/nifty500/current/nifty500_constituents_raw.csv,https://www.niftyindices.com/IndexConstituent/ind_nifty500list.csv,OFFICIAL_CURRENT_SNAPSHOT,HIGH,HIGH,PARSED,Current snapshot only; does not prove historical start date.
NIFTY 500,Castrol India Ltd.,CASTROL INDIA,CASTROLIND,INE172A01027,CURRENT_SNAPSHOT,,2026-09-07,data/reference/nifty500/current/nifty500_constituents_raw.csv,https://www.niftyindices.com/IndexConstituent/ind_nifty500list.csv,OFFICIAL_CURRENT_SNAPSHOT,HIGH,HIGH,PARSED,Current snapshot only; does not prove historical start date.
NIFTY 500,CCL Products (I) Ltd.,CCL PRODUCTS (I),CCL,INE421D01022,CURRENT_SNAPSHOT,,2026-09-07,data/reference/nifty500/current/nifty500_constituents_raw.csv,https://www.niftyindices.com/IndexConstituent/ind_nifty500list.csv,OFFICIAL_CURRENT_SNAPSHOT,HIGH,HIGH,PARSED,Current snapshot only; does not prove historical start date.
NIFTY 500,Central Depository Services (India) Ltd.,CENTRAL DEPOSITORY SERVICES (INDIA),CDSL,INE736A01011,CURRENT_SNAPSHOT,,2026-09-07,data/reference/nifty500/current/nifty500_constituents_raw.csv,https://www.niftyindices.com/IndexConstituent/ind_nifty500list.csv,OFFICIAL_CURRENT_SNAPSHOT,HIGH,HIGH,PARSED,Current snapshot only; does not prove historical start date.
NIFTY 500,Ceat Ltd.,CEAT,CEATLTD,INE482A01020,CURRENT_SNAPSHOT,,2026-09-07,data/reference/nifty500/current/nifty500_constituents_raw.csv,https://www.niftyindices.com/IndexConstituent/ind_nifty500list.csv,OFFICIAL_CURRENT_SNAPSHOT,HIGH,HIGH,PARSED,Current snapshot only; does not prove historical start date.
NIFTY 500,Cemindia Projects Ltd.,CEMINDIA PROJECTS,CEMPRO,INE686A01026,CURRENT_SNAPSHOT,,2026-09-07,data/reference/nifty500/current/nifty500_constituents_raw.csv,https://www.niftyindices.com/IndexConstituent/ind_nifty500list.csv,OFFICIAL_CURRENT_SNAPSHOT,HIGH,HIGH,PARSED,Current snapshot only; does not prove historical start date.
NIFTY 500,Central Bank of India,CENTRAL BANK OF INDIA,CENTRALBK,INE483A01010,CURRENT_SNAPSHOT,,2026-09-07,data/reference/nifty500/current/nifty500_constituents_raw.csv,https://www.niftyindices.com/IndexConstituent/ind_nifty500list.csv,OFFICIAL_CURRENT_SNAPSHOT,HIGH,HIGH,PARSED,Current snapshot only; does not prove historical start date.
NIFTY 500,CESC Ltd.,CESC,CESC,INE486A01021,CURRENT_SNAPSHOT,,2026-09-07,data/reference/nifty500/current/nifty500_constituents_raw.csv,https://www.niftyindices.com/IndexConstituent/ind_nifty500list.csv,OFFICIAL_CURRENT_SNAPSHOT,HIGH,HIGH,PARSED,Current snapshot only; does not prove historical start date.
NIFTY 500,Capri Global Capital Ltd.,CAPRI GLOBAL CAPITAL,CGCL,INE180C01042,CURRENT_SNAPSHOT,,2026-09-07,data/reference/nifty500/current/nifty500_constituents_raw.csv,https://www.niftyindices.com/IndexConstituent/ind_nifty500list.csv,OFFICIAL_CURRENT_SNAPSHOT,HIGH,HIGH,PARSED,Current snapshot only; does not prove historical start date.
NIFTY 500,CG Power and Industrial Solutions Ltd.,CG POWER AND INDUSTRIAL SOLUTIONS,CGPOWER,INE067A01029,CURRENT_SNAPSHOT,,2026-09-07,data/reference/nifty500/current/nifty500_constituents_raw.csv,https://www.niftyindices.com/IndexConstituent/ind_nifty500list.csv,OFFICIAL_CURRENT_SNAPSHOT,HIGH,HIGH,PARSED,Current snapshot only; does not prove historical start date.
NIFTY 500,Chalet Hotels Ltd.,CHALET HOTELS,CHALET,INE427F01016,CURRENT_SNAPSHOT,,2026-09-07,data/reference/nifty500/current/nifty500_constituents_raw.csv,https://www.niftyindices.com/IndexConstituent/ind_nifty500list.csv,OFFICIAL_CURRENT_SNAPSHOT,HIGH,HIGH,PARSED,Current snapshot only; does not prove historical start date.
NIFTY 500,Chambal Fertilizers & Chemicals Ltd.,CHAMBAL FERTILIZERS AND CHEMICALS,CHAMBLFERT,INE085A01013,CURRENT_SNAPSHOT,,2026-09-07,data/reference/nifty500/current/nifty500_constituents_raw.csv,https://www.niftyindices.com/IndexConstituent/ind_nifty500list.csv,OFFICIAL_CURRENT_SNAPSHOT,HIGH,HIGH,PARSED,Current snapshot only; does not prove historical start date.
NIFTY 500,Chennai Petroleum Corporation Ltd.,CHENNAI PETROLEUM CORPORATION,CHENNPETRO,INE178A01016,CURRENT_SNAPSHOT,,2026-09-07,data/reference/nifty500/current/nifty500_constituents_raw.csv,https://www.niftyindices.com/IndexConstituent/ind_nifty500list.csv,OFFICIAL_CURRENT_SNAPSHOT,HIGH,HIGH,PARSED,Current snapshot only; does not prove historical start date.
NIFTY 500,Choice International Ltd.,CHOICE INTERNATIONAL,CHOICEIN,INE102B01014,CURRENT_SNAPSHOT,,2026-09-07,data/reference/nifty500/current/nifty500_constituents_raw.csv,https://www.niftyindices.com/IndexConstituent/ind_nifty500list.csv,OFFICIAL_CURRENT_SNAPSHOT,HIGH,HIGH,PARSED,Current snapshot only; does not prove historical start date.
NIFTY 500,Cholamandalam Investment and Finance Company Ltd.,CHOLAMANDALAM INVESTMENT AND FINANCE COMPANY,CHOLAFIN,INE121A01024,CURRENT_SNAPSHOT,,2026-09-07,data/reference/nifty500/current/nifty500_constituents_raw.csv,https://www.niftyindices.com/IndexConstituent/ind_nifty500list.csv,OFFICIAL_CURRENT_SNAPSHOT,HIGH,HIGH,PARSED,Current snapshot only; does not prove historical start date.
NIFTY 500,Cholamandalam Financial Holdings Ltd.,CHOLAMANDALAM FINANCIAL HOLDINGS,CHOLAHLDNG,INE149A01033,CURRENT_SNAPSHOT,,2026-09-07,data/reference/nifty500/current/nifty500_constituents_raw.csv,https://www.niftyindices.com/IndexConstituent/ind_nifty500list.csv,OFFICIAL_CURRENT_SNAPSHOT,HIGH,HIGH,PARSED,Current snapshot only; does not prove historical start date.
NIFTY 500,CIE Automotive India Ltd.,CIE AUTOMOTIVE INDIA,CIEINDIA,INE536H01010,CURRENT_SNAPSHOT,,2026-09-07,data/reference/nifty500/current/nifty500_constituents_raw.csv,https://www.niftyindices.com/IndexConstituent/ind_nifty500list.csv,OFFICIAL_CURRENT_SNAPSHOT,HIGH,HIGH,PARSED,Current snapshot only; does not prove historical start date.
NIFTY 500,Cipla Ltd.,CIPLA,CIPLA,INE059A01026,CURRENT_SNAPSHOT,,2026-09-07,data/reference/nifty500/current/nifty500_constituents_raw.csv,https://www.niftyindices.com/IndexConstituent/ind_nifty500list.csv,OFFICIAL_CURRENT_SNAPSHOT,HIGH,HIGH,PARSED,Current snapshot only; does not prove historical start date.
NIFTY 500,Clean Science and Technology Ltd.,CLEAN SCIENCE AND TECHNOLOGY,CLEAN,INE227W01023,CURRENT_SNAPSHOT,,2026-09-07,data/reference/nifty500/current/nifty500_constituents_raw.csv,https://www.niftyindices.com/IndexConstituent/ind_nifty500list.csv,OFFICIAL_CURRENT_SNAPSHOT,HIGH,HIGH,PARSED,Current snapshot only; does not prove historical start date.
NIFTY 500,Coal India Ltd.,COAL INDIA,COALINDIA,INE522F01014,CURRENT_SNAPSHOT,,2026-09-07,data/reference/nifty500/current/nifty500_constituents_raw.csv,https://www.niftyindices.com/IndexConstituent/ind_nifty500list.csv,OFFICIAL_CURRENT_SNAPSHOT,HIGH,HIGH,PARSED,Current snapshot only; does not prove historical start date.
NIFTY 500,Cochin Shipyard Ltd.,COCHIN SHIPYARD,COCHINSHIP,INE704P01025,CURRENT_SNAPSHOT,,2026-09-07,data/reference/nifty500/current/nifty500_constituents_raw.csv,https://www.niftyindices.com/IndexConstituent/ind_nifty500list.csv,OFFICIAL_CURRENT_SNAPSHOT,HIGH,HIGH,PARSED,Current snapshot only; does not prove historical start date.
NIFTY 500,Coforge Ltd.,COFORGE,COFORGE,INE591G01025,CURRENT_SNAPSHOT,,2026-09-07,data/reference/nifty500/current/nifty500_constituents_raw.csv,https://www.niftyindices.com/IndexConstituent/ind_nifty500list.csv,OFFICIAL_CURRENT_SNAPSHOT,HIGH,HIGH,PARSED,Current snapshot only; does not prove historical start date.
NIFTY 500,Cohance Lifesciences Ltd.,COHANCE LIFESCIENCES,COHANCE,INE03QK01018,CURRENT_SNAPSHOT,,2026-09-07,data/reference/nifty500/current/nifty500_constituents_raw.csv,https://www.niftyindices.com/IndexConstituent/ind_nifty500list.csv,OFFICIAL_CURRENT_SNAPSHOT,HIGH,HIGH,PARSED,Current snapshot only; does not prove historical start date.
NIFTY 500,Colgate Palmolive (India) Ltd.,COLGATE PALMOLIVE (INDIA),COLPAL,INE259A01022,CURRENT_SNAPSHOT,,2026-09-07,data/reference/nifty500/current/nifty500_constituents_raw.csv,https://www.niftyindices.com/IndexConstituent/ind_nifty500list.csv,OFFICIAL_CURRENT_SNAPSHOT,HIGH,HIGH,PARSED,Current snapshot only; does not prove historical start date.
NIFTY 500,Container Corporation of India Ltd.,CONTAINER CORPORATION OF INDIA,CONCOR,INE111A01025,CURRENT_SNAPSHOT,,2026-09-07,data/reference/nifty500/current/nifty500_constituents_raw.csv,https://www.niftyindices.com/IndexConstituent/ind_nifty500list.csv,OFFICIAL_CURRENT_SNAPSHOT,HIGH,HIGH,PARSED,Current snapshot only; does not prove historical start date.
NIFTY 500,Concord Biotech Ltd.,CONCORD BIOTECH,CONCORDBIO,INE338H01029,CURRENT_SNAPSHOT,,2026-09-07,data/reference/nifty500/current/nifty500_constituents_raw.csv,https://www.niftyindices.com/IndexConstituent/ind_nifty500list.csv,OFFICIAL_CURRENT_SNAPSHOT,HIGH,HIGH,PARSED,Current snapshot only; does not prove historical start date.
NIFTY 500,Coromandel International Ltd.,COROMANDEL INTERNATIONAL,COROMANDEL,INE169A01031,CURRENT_SNAPSHOT,,2026-09-07,data/reference/nifty500/current/nifty500_constituents_raw.csv,https://www.niftyindices.com/IndexConstituent/ind_nifty500list.csv,OFFICIAL_CURRENT_SNAPSHOT,HIGH,HIGH,PARSED,Current snapshot only; does not prove historical start date.
NIFTY 500,Aditya Infotech Ltd.,ADITYA INFOTECH,CPPLUS,INE819V01029,CURRENT_SNAPSHOT,,2026-09-07,data/reference/nifty500/current/nifty500_constituents_raw.csv,https://www.niftyindices.com/IndexConstituent/ind_nifty500list.csv,OFFICIAL_CURRENT_SNAPSHOT,HIGH,HIGH,PARSED,Current snapshot only; does not prove historical start date.
NIFTY 500,Craftsman Automation Ltd.,CRAFTSMAN AUTOMATION,CRAFTSMAN,INE00LO01017,CURRENT_SNAPSHOT,,2026-09-07,data/reference/nifty500/current/nifty500_constituents_raw.csv,https://www.niftyindices.com/IndexConstituent/ind_nifty500list.csv,OFFICIAL_CURRENT_SNAPSHOT,HIGH,HIGH,PARSED,Current snapshot only; does not prove historical start date.
NIFTY 500,CreditAccess Grameen Ltd.,CREDITACCESS GRAMEEN,CREDITACC,INE741K01010,CURRENT_SNAPSHOT,,2026-09-07,data/reference/nifty500/current/nifty500_constituents_raw.csv,https://www.niftyindices.com/IndexConstituent/ind_nifty500list.csv,OFFICIAL_CURRENT_SNAPSHOT,HIGH,HIGH,PARSED,Current snapshot only; does not prove historical start date.
NIFTY 500,CRISIL Ltd.,CRISIL,CRISIL,INE007A01025,CURRENT_SNAPSHOT,,2026-09-07,data/reference/nifty500/current/nifty500_constituents_raw.csv,https://www.niftyindices.com/IndexConstituent/ind_nifty500list.csv,OFFICIAL_CURRENT_SNAPSHOT,HIGH,HIGH,PARSED,Current snapshot only; does not prove historical start date.
NIFTY 500,Crompton Greaves Consumer Electricals Ltd.,CROMPTON GREAVES CONSUMER ELECTRICALS,CROMPTON,INE299U01018,CURRENT_SNAPSHOT,,2026-09-07,data/reference/nifty500/current/nifty500_constituents_raw.csv,https://www.niftyindices.com/IndexConstituent/ind_nifty500list.csv,OFFICIAL_CURRENT_SNAPSHOT,HIGH,HIGH,PARSED,Current snapshot only; does not prove historical start date.
NIFTY 500,City Union Bank Ltd.,CITY UNION BANK,CUB,INE491A01021,CURRENT_SNAPSHOT,,2026-09-07,data/reference/nifty500/current/nifty500_constituents_raw.csv,https://www.niftyindices.com/IndexConstituent/ind_nifty500list.csv,OFFICIAL_CURRENT_SNAPSHOT,HIGH,HIGH,PARSED,Current snapshot only; does not prove historical start date.
NIFTY 500,Cummins India Ltd.,CUMMINS INDIA,CUMMINSIND,INE298A01020,CURRENT_SNAPSHOT,,2026-09-07,data/reference/nifty500/current/nifty500_constituents_raw.csv,https://www.niftyindices.com/IndexConstituent/ind_nifty500list.csv,OFFICIAL_CURRENT_SNAPSHOT,HIGH,HIGH,PARSED,Current snapshot only; does not prove historical start date.
NIFTY 500,Cyient Ltd.,CYIENT,CYIENT,INE136B01020,CURRENT_SNAPSHOT,,2026-09-07,data/reference/nifty500/current/nifty500_constituents_raw.csv,https://www.niftyindices.com/IndexConstituent/ind_nifty500list.csv,OFFICIAL_CURRENT_SNAPSHOT,HIGH,HIGH,PARSED,Current snapshot only; does not prove historical start date.
NIFTY 500,Dabur India Ltd.,DABUR INDIA,DABUR,INE016A01026,CURRENT_SNAPSHOT,,2026-09-07,data/reference/nifty500/current/nifty500_constituents_raw.csv,https://www.niftyindices.com/IndexConstituent/ind_nifty500list.csv,OFFICIAL_CURRENT_SNAPSHOT,HIGH,HIGH,PARSED,Current snapshot only; does not prove historical start date.
NIFTY 500,Dalmia Bharat Ltd.,DALMIA BHARAT,DALBHARAT,INE00R701025,CURRENT_SNAPSHOT,,2026-09-07,data/reference/nifty500/current/nifty500_constituents_raw.csv,https://www.niftyindices.com/IndexConstituent/ind_nifty500list.csv,OFFICIAL_CURRENT_SNAPSHOT,HIGH,HIGH,PARSED,Current snapshot only; does not prove historical start date.
NIFTY 500,Data Patterns (India) Ltd.,DATA PATTERNS (INDIA),DATAPATTNS,INE0IX101010,CURRENT_SNAPSHOT,,2026-09-07,data/reference/nifty500/current/nifty500_constituents_raw.csv,https://www.niftyindices.com/IndexConstituent/ind_nifty500list.csv,OFFICIAL_CURRENT_SNAPSHOT,HIGH,HIGH,PARSED,Current snapshot only; does not prove historical start date.
NIFTY 500,DCM Shriram Ltd.,DCM SHRIRAM,DCMSHRIRAM,INE499A01024,CURRENT_SNAPSHOT,,2026-09-07,data/reference/nifty500/current/nifty500_constituents_raw.csv,https://www.niftyindices.com/IndexConstituent/ind_nifty500list.csv,OFFICIAL_CURRENT_SNAPSHOT,HIGH,HIGH,PARSED,Current snapshot only; does not prove historical start date.
NIFTY 500,Deepak Fertilisers & Petrochemicals Corp. Ltd.,DEEPAK FERTILISERS AND PETROCHEMICALS CORP,DEEPAKFERT,INE501A01019,CURRENT_SNAPSHOT,,2026-09-07,data/reference/nifty500/current/nifty500_constituents_raw.csv,https://www.niftyindices.com/IndexConstituent/ind_nifty500list.csv,OFFICIAL_CURRENT_SNAPSHOT,HIGH,HIGH,PARSED,Current snapshot only; does not prove historical start date.
NIFTY 500,Deepak Nitrite Ltd.,DEEPAK NITRITE,DEEPAKNTR,INE288B01029,CURRENT_SNAPSHOT,,2026-09-07,data/reference/nifty500/current/nifty500_constituents_raw.csv,https://www.niftyindices.com/IndexConstituent/ind_nifty500list.csv,OFFICIAL_CURRENT_SNAPSHOT,HIGH,HIGH,PARSED,Current snapshot only; does not prove historical start date.
NIFTY 500,Delhivery Ltd.,DELHIVERY,DELHIVERY,INE148O01028,CURRENT_SNAPSHOT,,2026-09-07,data/reference/nifty500/current/nifty500_constituents_raw.csv,https://www.niftyindices.com/IndexConstituent/ind_nifty500list.csv,OFFICIAL_CURRENT_SNAPSHOT,HIGH,HIGH,PARSED,Current snapshot only; does not prove historical start date.
NIFTY 500,Devyani International Ltd.,DEVYANI INTERNATIONAL,DEVYANI,INE872J01023,CURRENT_SNAPSHOT,,2026-09-07,data/reference/nifty500/current/nifty500_constituents_raw.csv,https://www.niftyindices.com/IndexConstituent/ind_nifty500list.csv,OFFICIAL_CURRENT_SNAPSHOT,HIGH,HIGH,PARSED,Current snapshot only; does not prove historical start date.
NIFTY 500,Divi's Laboratories Ltd.,DIVIS LABORATORIES,DIVISLAB,INE361B01024,CURRENT_SNAPSHOT,,2026-09-07,data/reference/nifty500/current/nifty500_constituents_raw.csv,https://www.niftyindices.com/IndexConstituent/ind_nifty500list.csv,OFFICIAL_CURRENT_SNAPSHOT,HIGH,HIGH,PARSED,Current snapshot only; does not prove historical start date.
NIFTY 500,Dixon Technologies (India) Ltd.,DIXON TECHNOLOGIES (INDIA),DIXON,INE935N01020,CURRENT_SNAPSHOT,,2026-09-07,data/reference/nifty500/current/nifty500_constituents_raw.csv,https://www.niftyindices.com/IndexConstituent/ind_nifty500list.csv,OFFICIAL_CURRENT_SNAPSHOT,HIGH,HIGH,PARSED,Current snapshot only; does not prove historical start date.
NIFTY 500,DLF Ltd.,DLF,DLF,INE271C01023,CURRENT_SNAPSHOT,,2026-09-07,data/reference/nifty500/current/nifty500_constituents_raw.csv,https://www.niftyindices.com/IndexConstituent/ind_nifty500list.csv,OFFICIAL_CURRENT_SNAPSHOT,HIGH,HIGH,PARSED,Current snapshot only; does not prove historical start date.
NIFTY 500,Avenue Supermarts Ltd.,AVENUE SUPERMARTS,DMART,INE192R01011,CURRENT_SNAPSHOT,,2026-09-07,data/reference/nifty500/current/nifty500_constituents_raw.csv,https://www.niftyindices.com/IndexConstituent/ind_nifty500list.csv,OFFICIAL_CURRENT_SNAPSHOT,HIGH,HIGH,PARSED,Current snapshot only; does not prove historical start date.
NIFTY 500,DOMS Industries Ltd.,DOMS INDUSTRIES,DOMS,INE321T01012,CURRENT_SNAPSHOT,,2026-09-07,data/reference/nifty500/current/nifty500_constituents_raw.csv,https://www.niftyindices.com/IndexConstituent/ind_nifty500list.csv,OFFICIAL_CURRENT_SNAPSHOT,HIGH,HIGH,PARSED,Current snapshot only; does not prove historical start date.
NIFTY 500,Dr. Reddy's Laboratories Ltd.,DR REDDYS LABORATORIES,DRREDDY,INE089A01031,CURRENT_SNAPSHOT,,2026-09-07,data/reference/nifty500/current/nifty500_constituents_raw.csv,https://www.niftyindices.com/IndexConstituent/ind_nifty500list.csv,OFFICIAL_CURRENT_SNAPSHOT,HIGH,HIGH,PARSED,Current snapshot only; does not prove historical start date.
NIFTY 500,Dummy HEG Ltd.,DUMMY HEG,DUMMYHEG,DUM545A01024,CURRENT_SNAPSHOT,,2026-09-07,data/reference/nifty500/current/nifty500_constituents_raw.csv,https://www.niftyindices.com/IndexConstituent/ind_nifty500list.csv,OFFICIAL_CURRENT_SNAPSHOT,HIGH,HIGH,PARSED,Current snapshot only; does not prove historical start date.
NIFTY 500,eClerx Services Ltd.,ECLERX SERVICES,ECLERX,INE738I01010,CURRENT_SNAPSHOT,,2026-09-07,data/reference/nifty500/current/nifty500_constituents_raw.csv,https://www.niftyindices.com/IndexConstituent/ind_nifty500list.csv,OFFICIAL_CURRENT_SNAPSHOT,HIGH,HIGH,PARSED,Current snapshot only; does not prove historical start date.
NIFTY 500,Eicher Motors Ltd.,EICHER MOTORS,EICHERMOT,INE066A01021,CURRENT_SNAPSHOT,,2026-09-07,data/reference/nifty500/current/nifty500_constituents_raw.csv,https://www.niftyindices.com/IndexConstituent/ind_nifty500list.csv,OFFICIAL_CURRENT_SNAPSHOT,HIGH,HIGH,PARSED,Current snapshot only; does not prove historical start date.
NIFTY 500,E.I.D. Parry (India) Ltd.,EID PARRY (INDIA),EIDPARRY,INE126A01031,CURRENT_SNAPSHOT,,2026-09-07,data/reference/nifty500/current/nifty500_constituents_raw.csv,https://www.niftyindices.com/IndexConstituent/ind_nifty500list.csv,OFFICIAL_CURRENT_SNAPSHOT,HIGH,HIGH,PARSED,Current snapshot only; does not prove historical start date.
NIFTY 500,EIH Ltd.,EIH,EIHOTEL,INE230A01023,CURRENT_SNAPSHOT,,2026-09-07,data/reference/nifty500/current/nifty500_constituents_raw.csv,https://www.niftyindices.com/IndexConstituent/ind_nifty500list.csv,OFFICIAL_CURRENT_SNAPSHOT,HIGH,HIGH,PARSED,Current snapshot only; does not prove historical start date.
NIFTY 500,Elecon Engineering Co. Ltd.,ELECON ENGINEERING CO,ELECON,INE205B01031,CURRENT_SNAPSHOT,,2026-09-07,data/reference/nifty500/current/nifty500_constituents_raw.csv,https://www.niftyindices.com/IndexConstituent/ind_nifty500list.csv,OFFICIAL_CURRENT_SNAPSHOT,HIGH,HIGH,PARSED,Current snapshot only; does not prove historical start date.
NIFTY 500,Elgi Equipments Ltd.,ELGI EQUIPMENTS,ELGIEQUIP,INE285A01027,CURRENT_SNAPSHOT,,2026-09-07,data/reference/nifty500/current/nifty500_constituents_raw.csv,https://www.niftyindices.com/IndexConstituent/ind_nifty500list.csv,OFFICIAL_CURRENT_SNAPSHOT,HIGH,HIGH,PARSED,Current snapshot only; does not prove historical start date.
NIFTY 500,Emami Ltd.,EMAMI,EMAMILTD,INE548C01032,CURRENT_SNAPSHOT,,2026-09-07,data/reference/nifty500/current/nifty500_constituents_raw.csv,https://www.niftyindices.com/IndexConstituent/ind_nifty500list.csv,OFFICIAL_CURRENT_SNAPSHOT,HIGH,HIGH,PARSED,Current snapshot only; does not prove historical start date.
NIFTY 500,Emcure Pharmaceuticals Ltd.,EMCURE PHARMACEUTICALS,EMCURE,INE168P01015,CURRENT_SNAPSHOT,,2026-09-07,data/reference/nifty500/current/nifty500_constituents_raw.csv,https://www.niftyindices.com/IndexConstituent/ind_nifty500list.csv,OFFICIAL_CURRENT_SNAPSHOT,HIGH,HIGH,PARSED,Current snapshot only; does not prove historical start date.
NIFTY 500,Emmvee Photovoltaic Power Ltd.,EMMVEE PHOTOVOLTAIC POWER,EMMVEE,INE1C6T01020,CURRENT_SNAPSHOT,,2026-09-07,data/reference/nifty500/current/nifty500_constituents_raw.csv,https://www.niftyindices.com/IndexConstituent/ind_nifty500list.csv,OFFICIAL_CURRENT_SNAPSHOT,HIGH,HIGH,PARSED,Current snapshot only; does not prove historical start date.
NIFTY 500,Endurance Technologies Ltd.,ENDURANCE TECHNOLOGIES,ENDURANCE,INE913H01037,CURRENT_SNAPSHOT,,2026-09-07,data/reference/nifty500/current/nifty500_constituents_raw.csv,https://www.niftyindices.com/IndexConstituent/ind_nifty500list.csv,OFFICIAL_CURRENT_SNAPSHOT,HIGH,HIGH,PARSED,Current snapshot only; does not prove historical start date.
NIFTY 500,Engineers India Ltd.,ENGINEERS INDIA,ENGINERSIN,INE510A01028,CURRENT_SNAPSHOT,,2026-09-07,data/reference/nifty500/current/nifty500_constituents_raw.csv,https://www.niftyindices.com/IndexConstituent/ind_nifty500list.csv,OFFICIAL_CURRENT_SNAPSHOT,HIGH,HIGH,PARSED,Current snapshot only; does not prove historical start date.
NIFTY 500,Siemens Energy India Ltd.,SIEMENS ENERGY INDIA,ENRIN,INE1NPP01017,CURRENT_SNAPSHOT,,2026-09-07,data/reference/nifty500/current/nifty500_constituents_raw.csv,https://www.niftyindices.com/IndexConstituent/ind_nifty500list.csv,OFFICIAL_CURRENT_SNAPSHOT,HIGH,HIGH,PARSED,Current snapshot only; does not prove historical start date.
NIFTY 500,Eris Lifesciences Ltd.,ERIS LIFESCIENCES,ERIS,INE406M01024,CURRENT_SNAPSHOT,,2026-09-07,data/reference/nifty500/current/nifty500_constituents_raw.csv,https://www.niftyindices.com/IndexConstituent/ind_nifty500list.csv,OFFICIAL_CURRENT_SNAPSHOT,HIGH,HIGH,PARSED,Current snapshot only; does not prove historical start date.
NIFTY 500,Escorts Kubota Ltd.,ESCORTS KUBOTA,ESCORTS,INE042A01014,CURRENT_SNAPSHOT,,2026-09-07,data/reference/nifty500/current/nifty500_constituents_raw.csv,https://www.niftyindices.com/IndexConstituent/ind_nifty500list.csv,OFFICIAL_CURRENT_SNAPSHOT,HIGH,HIGH,PARSED,Current snapshot only; does not prove historical start date.
NIFTY 500,Eternal Ltd.,ETERNAL,ETERNAL,INE758T01015,CURRENT_SNAPSHOT,,2026-09-07,data/reference/nifty500/current/nifty500_constituents_raw.csv,https://www.niftyindices.com/IndexConstituent/ind_nifty500list.csv,OFFICIAL_CURRENT_SNAPSHOT,HIGH,HIGH,PARSED,Current snapshot only; does not prove historical start date.
NIFTY 500,Exide Industries Ltd.,EXIDE INDUSTRIES,EXIDEIND,INE302A01020,CURRENT_SNAPSHOT,,2026-09-07,data/reference/nifty500/current/nifty500_constituents_raw.csv,https://www.niftyindices.com/IndexConstituent/ind_nifty500list.csv,OFFICIAL_CURRENT_SNAPSHOT,HIGH,HIGH,PARSED,Current snapshot only; does not prove historical start date.
NIFTY 500,Fertilisers and Chemicals Travancore Ltd.,FERTILISERS AND CHEMICALS TRAVANCORE,FACT,INE188A01015,CURRENT_SNAPSHOT,,2026-09-07,data/reference/nifty500/current/nifty500_constituents_raw.csv,https://www.niftyindices.com/IndexConstituent/ind_nifty500list.csv,OFFICIAL_CURRENT_SNAPSHOT,HIGH,HIGH,PARSED,Current snapshot only; does not prove historical start date.
NIFTY 500,Federal Bank Ltd.,FEDERAL BANK,FEDERALBNK,INE171A01029,CURRENT_SNAPSHOT,,2026-09-07,data/reference/nifty500/current/nifty500_constituents_raw.csv,https://www.niftyindices.com/IndexConstituent/ind_nifty500list.csv,OFFICIAL_CURRENT_SNAPSHOT,HIGH,HIGH,PARSED,Current snapshot only; does not prove historical start date.
NIFTY 500,Finolex Cables Ltd.,FINOLEX CABLES,FINCABLES,INE235A01022,CURRENT_SNAPSHOT,,2026-09-07,data/reference/nifty500/current/nifty500_constituents_raw.csv,https://www.niftyindices.com/IndexConstituent/ind_nifty500list.csv,OFFICIAL_CURRENT_SNAPSHOT,HIGH,HIGH,PARSED,Current snapshot only; does not prove historical start date.
NIFTY 500,Brainbees Solutions Ltd.,BRAINBEES SOLUTIONS,FIRSTCRY,INE02RE01045,CURRENT_SNAPSHOT,,2026-09-07,data/reference/nifty500/current/nifty500_constituents_raw.csv,https://www.niftyindices.com/IndexConstituent/ind_nifty500list.csv,OFFICIAL_CURRENT_SNAPSHOT,HIGH,HIGH,PARSED,Current snapshot only; does not prove historical start date.
NIFTY 500,Five-Star Business Finance Ltd.,FIVE STAR BUSINESS FINANCE,FIVESTAR,INE128S01021,CURRENT_SNAPSHOT,,2026-09-07,data/reference/nifty500/current/nifty500_constituents_raw.csv,https://www.niftyindices.com/IndexConstituent/ind_nifty500list.csv,OFFICIAL_CURRENT_SNAPSHOT,HIGH,HIGH,PARSED,Current snapshot only; does not prove historical start date.
NIFTY 500,Gujarat Fluorochemicals Ltd.,GUJARAT FLUOROCHEMICALS,FLUOROCHEM,INE09N301011,CURRENT_SNAPSHOT,,2026-09-07,data/reference/nifty500/current/nifty500_constituents_raw.csv,https://www.niftyindices.com/IndexConstituent/ind_nifty500list.csv,OFFICIAL_CURRENT_SNAPSHOT,HIGH,HIGH,PARSED,Current snapshot only; does not prove historical start date.
NIFTY 500,Force Motors Ltd.,FORCE MOTORS,FORCEMOT,INE451A01017,CURRENT_SNAPSHOT,,2026-09-07,data/reference/nifty500/current/nifty500_constituents_raw.csv,https://www.niftyindices.com/IndexConstituent/ind_nifty500list.csv,OFFICIAL_CURRENT_SNAPSHOT,HIGH,HIGH,PARSED,Current snapshot only; does not prove historical start date.
NIFTY 500,Fortis Healthcare Ltd.,FORTIS HEALTHCARE,FORTIS,INE061F01013,CURRENT_SNAPSHOT,,2026-09-07,data/reference/nifty500/current/nifty500_constituents_raw.csv,https://www.niftyindices.com/IndexConstituent/ind_nifty500list.csv,OFFICIAL_CURRENT_SNAPSHOT,HIGH,HIGH,PARSED,Current snapshot only; does not prove historical start date.
NIFTY 500,Firstsource Solutions Ltd.,FIRSTSOURCE SOLUTIONS,FSL,INE684F01012,CURRENT_SNAPSHOT,,2026-09-07,data/reference/nifty500/current/nifty500_constituents_raw.csv,https://www.niftyindices.com/IndexConstituent/ind_nifty500list.csv,OFFICIAL_CURRENT_SNAPSHOT,HIGH,HIGH,PARSED,Current snapshot only; does not prove historical start date.
NIFTY 500,Gabriel India Ltd.,GABRIEL INDIA,GABRIEL,INE524A01029,CURRENT_SNAPSHOT,,2026-09-07,data/reference/nifty500/current/nifty500_constituents_raw.csv,https://www.niftyindices.com/IndexConstituent/ind_nifty500list.csv,OFFICIAL_CURRENT_SNAPSHOT,HIGH,HIGH,PARSED,Current snapshot only; does not prove historical start date.
NIFTY 500,GAIL (India) Ltd.,GAIL (INDIA),GAIL,INE129A01019,CURRENT_SNAPSHOT,,2026-09-07,data/reference/nifty500/current/nifty500_constituents_raw.csv,https://www.niftyindices.com/IndexConstituent/ind_nifty500list.csv,OFFICIAL_CURRENT_SNAPSHOT,HIGH,HIGH,PARSED,Current snapshot only; does not prove historical start date.
NIFTY 500,Gallantt Ispat Ltd.,GALLANTT ISPAT,GALLANTT,INE297H01019,CURRENT_SNAPSHOT,,2026-09-07,data/reference/nifty500/current/nifty500_constituents_raw.csv,https://www.niftyindices.com/IndexConstituent/ind_nifty500list.csv,OFFICIAL_CURRENT_SNAPSHOT,HIGH,HIGH,PARSED,Current snapshot only; does not prove historical start date.
NIFTY 500,Great Eastern Shipping Co. Ltd.,GREAT EASTERN SHIPPING CO,GESHIP,INE017A01032,CURRENT_SNAPSHOT,,2026-09-07,data/reference/nifty500/current/nifty500_constituents_raw.csv,https://www.niftyindices.com/IndexConstituent/ind_nifty500list.csv,OFFICIAL_CURRENT_SNAPSHOT,HIGH,HIGH,PARSED,Current snapshot only; does not prove historical start date.
NIFTY 500,General Insurance Corporation of India,GENERAL INSURANCE CORPORATION OF INDIA,GICRE,INE481Y01014,CURRENT_SNAPSHOT,,2026-09-07,data/reference/nifty500/current/nifty500_constituents_raw.csv,https://www.niftyindices.com/IndexConstituent/ind_nifty500list.csv,OFFICIAL_CURRENT_SNAPSHOT,HIGH,HIGH,PARSED,Current snapshot only; does not prove historical start date.
NIFTY 500,Gillette India Ltd.,GILLETTE INDIA,GILLETTE,INE322A01010,CURRENT_SNAPSHOT,,2026-09-07,data/reference/nifty500/current/nifty500_constituents_raw.csv,https://www.niftyindices.com/IndexConstituent/ind_nifty500list.csv,OFFICIAL_CURRENT_SNAPSHOT,HIGH,HIGH,PARSED,Current snapshot only; does not prove historical start date.
NIFTY 500,Gland Pharma Ltd.,GLAND PHARMA,GLAND,INE068V01023,CURRENT_SNAPSHOT,,2026-09-07,data/reference/nifty500/current/nifty500_constituents_raw.csv,https://www.niftyindices.com/IndexConstituent/ind_nifty500list.csv,OFFICIAL_CURRENT_SNAPSHOT,HIGH,HIGH,PARSED,Current snapshot only; does not prove historical start date.
NIFTY 500,Glaxosmithkline Pharmaceuticals Ltd.,GLAXOSMITHKLINE PHARMACEUTICALS,GLAXO,INE159A01016,CURRENT_SNAPSHOT,,2026-09-07,data/reference/nifty500/current/nifty500_constituents_raw.csv,https://www.niftyindices.com/IndexConstituent/ind_nifty500list.csv,OFFICIAL_CURRENT_SNAPSHOT,HIGH,HIGH,PARSED,Current snapshot only; does not prove historical start date.
NIFTY 500,Glenmark Pharmaceuticals Ltd.,GLENMARK PHARMACEUTICALS,GLENMARK,INE935A01035,CURRENT_SNAPSHOT,,2026-09-07,data/reference/nifty500/current/nifty500_constituents_raw.csv,https://www.niftyindices.com/IndexConstituent/ind_nifty500list.csv,OFFICIAL_CURRENT_SNAPSHOT,HIGH,HIGH,PARSED,Current snapshot only; does not prove historical start date.
NIFTY 500,Gujarat Mineral Development Corporation Ltd.,GUJARAT MINERAL DEVELOPMENT CORPORATION,GMDCLTD,INE131A01031,CURRENT_SNAPSHOT,,2026-09-07,data/reference/nifty500/current/nifty500_constituents_raw.csv,https://www.niftyindices.com/IndexConstituent/ind_nifty500list.csv,OFFICIAL_CURRENT_SNAPSHOT,HIGH,HIGH,PARSED,Current snapshot only; does not prove historical start date.
NIFTY 500,GMR Airports Ltd.,GMR AIRPORTS,GMRAIRPORT,INE776C01039,CURRENT_SNAPSHOT,,2026-09-07,data/reference/nifty500/current/nifty500_constituents_raw.csv,https://www.niftyindices.com/IndexConstituent/ind_nifty500list.csv,OFFICIAL_CURRENT_SNAPSHOT,HIGH,HIGH,PARSED,Current snapshot only; does not prove historical start date.
NIFTY 500,Godfrey Phillips India Ltd.,GODFREY PHILLIPS INDIA,GODFRYPHLP,INE260B01028,CURRENT_SNAPSHOT,,2026-09-07,data/reference/nifty500/current/nifty500_constituents_raw.csv,https://www.niftyindices.com/IndexConstituent/ind_nifty500list.csv,OFFICIAL_CURRENT_SNAPSHOT,HIGH,HIGH,PARSED,Current snapshot only; does not prove historical start date.
NIFTY 500,Go Digit General Insurance Ltd.,GO DIGIT GENERAL INSURANCE,GODIGIT,INE03JT01014,CURRENT_SNAPSHOT,,2026-09-07,data/reference/nifty500/current/nifty500_constituents_raw.csv,https://www.niftyindices.com/IndexConstituent/ind_nifty500list.csv,OFFICIAL_CURRENT_SNAPSHOT,HIGH,HIGH,PARSED,Current snapshot only; does not prove historical start date.
NIFTY 500,Godrej Consumer Products Ltd.,GODREJ CONSUMER PRODUCTS,GODREJCP,INE102D01028,CURRENT_SNAPSHOT,,2026-09-07,data/reference/nifty500/current/nifty500_constituents_raw.csv,https://www.niftyindices.com/IndexConstituent/ind_nifty500list.csv,OFFICIAL_CURRENT_SNAPSHOT,HIGH,HIGH,PARSED,Current snapshot only; does not prove historical start date.
NIFTY 500,Godrej Industries Ltd.,GODREJ INDUSTRIES,GODREJIND,INE233A01035,CURRENT_SNAPSHOT,,2026-09-07,data/reference/nifty500/current/nifty500_constituents_raw.csv,https://www.niftyindices.com/IndexConstituent/ind_nifty500list.csv,OFFICIAL_CURRENT_SNAPSHOT,HIGH,HIGH,PARSED,Current snapshot only; does not prove historical start date.
NIFTY 500,Godrej Properties Ltd.,GODREJ PROPERTIES,GODREJPROP,INE484J01027,CURRENT_SNAPSHOT,,2026-09-07,data/reference/nifty500/current/nifty500_constituents_raw.csv,https://www.niftyindices.com/IndexConstituent/ind_nifty500list.csv,OFFICIAL_CURRENT_SNAPSHOT,HIGH,HIGH,PARSED,Current snapshot only; does not prove historical start date.
NIFTY 500,Godawari Power & Ispat Ltd.,GODAWARI POWER AND ISPAT,GPIL,INE177H01039,CURRENT_SNAPSHOT,,2026-09-07,data/reference/nifty500/current/nifty500_constituents_raw.csv,https://www.niftyindices.com/IndexConstituent/ind_nifty500list.csv,OFFICIAL_CURRENT_SNAPSHOT,HIGH,HIGH,PARSED,Current snapshot only; does not prove historical start date.
NIFTY 500,Granules India Ltd.,GRANULES INDIA,GRANULES,INE101D01020,CURRENT_SNAPSHOT,,2026-09-07,data/reference/nifty500/current/nifty500_constituents_raw.csv,https://www.niftyindices.com/IndexConstituent/ind_nifty500list.csv,OFFICIAL_CURRENT_SNAPSHOT,HIGH,HIGH,PARSED,Current snapshot only; does not prove historical start date.
NIFTY 500,Graphite India Ltd.,GRAPHITE INDIA,GRAPHITE,INE371A01025,CURRENT_SNAPSHOT,,2026-09-07,data/reference/nifty500/current/nifty500_constituents_raw.csv,https://www.niftyindices.com/IndexConstituent/ind_nifty500list.csv,OFFICIAL_CURRENT_SNAPSHOT,HIGH,HIGH,PARSED,Current snapshot only; does not prove historical start date.
NIFTY 500,Grasim Industries Ltd.,GRASIM INDUSTRIES,GRASIM,INE047A01021,CURRENT_SNAPSHOT,,2026-09-07,data/reference/nifty500/current/nifty500_constituents_raw.csv,https://www.niftyindices.com/IndexConstituent/ind_nifty500list.csv,OFFICIAL_CURRENT_SNAPSHOT,HIGH,HIGH,PARSED,Current snapshot only; does not prove historical start date.
NIFTY 500,Gravita India Ltd.,GRAVITA INDIA,GRAVITA,INE024L01027,CURRENT_SNAPSHOT,,2026-09-07,data/reference/nifty500/current/nifty500_constituents_raw.csv,https://www.niftyindices.com/IndexConstituent/ind_nifty500list.csv,OFFICIAL_CURRENT_SNAPSHOT,HIGH,HIGH,PARSED,Current snapshot only; does not prove historical start date.
NIFTY 500,Billionbrains Garage Ventures Ltd.,BILLIONBRAINS GARAGE VENTURES,GROWW,INE0HOQ01053,CURRENT_SNAPSHOT,,2026-09-07,data/reference/nifty500/current/nifty500_constituents_raw.csv,https://www.niftyindices.com/IndexConstituent/ind_nifty500list.csv,OFFICIAL_CURRENT_SNAPSHOT,HIGH,HIGH,PARSED,Current snapshot only; does not prove historical start date.
NIFTY 500,Garden Reach Shipbuilders & Engineers Ltd.,GARDEN REACH SHIPBUILDERS AND ENGINEERS,GRSE,INE382Z01011,CURRENT_SNAPSHOT,,2026-09-07,data/reference/nifty500/current/nifty500_constituents_raw.csv,https://www.niftyindices.com/IndexConstituent/ind_nifty500list.csv,OFFICIAL_CURRENT_SNAPSHOT,HIGH,HIGH,PARSED,Current snapshot only; does not prove historical start date.
NIFTY 500,GE Vernova T&D India Ltd.,GE VERNOVA TANDD INDIA,GVT&D,INE200A01026,CURRENT_SNAPSHOT,,2026-09-07,data/reference/nifty500/current/nifty500_constituents_raw.csv,https://www.niftyindices.com/IndexConstituent/ind_nifty500list.csv,OFFICIAL_CURRENT_SNAPSHOT,HIGH,HIGH,PARSED,Current snapshot only; does not prove historical start date.
NIFTY 500,Hindustan Aeronautics Ltd.,HINDUSTAN AERONAUTICS,HAL,INE066F01020,CURRENT_SNAPSHOT,,2026-09-07,data/reference/nifty500/current/nifty500_constituents_raw.csv,https://www.niftyindices.com/IndexConstituent/ind_nifty500list.csv,OFFICIAL_CURRENT_SNAPSHOT,HIGH,HIGH,PARSED,Current snapshot only; does not prove historical start date.
NIFTY 500,Havells India Ltd.,HAVELLS INDIA,HAVELLS,INE176B01034,CURRENT_SNAPSHOT,,2026-09-07,data/reference/nifty500/current/nifty500_constituents_raw.csv,https://www.niftyindices.com/IndexConstituent/ind_nifty500list.csv,OFFICIAL_CURRENT_SNAPSHOT,HIGH,HIGH,PARSED,Current snapshot only; does not prove historical start date.
NIFTY 500,HBL Engineering Ltd.,HBL ENGINEERING,HBLENGINE,INE292B01021,CURRENT_SNAPSHOT,,2026-09-07,data/reference/nifty500/current/nifty500_constituents_raw.csv,https://www.niftyindices.com/IndexConstituent/ind_nifty500list.csv,OFFICIAL_CURRENT_SNAPSHOT,HIGH,HIGH,PARSED,Current snapshot only; does not prove historical start date.
NIFTY 500,HCL Technologies Ltd.,HCL TECHNOLOGIES,HCLTECH,INE860A01027,CURRENT_SNAPSHOT,,2026-09-07,data/reference/nifty500/current/nifty500_constituents_raw.csv,https://www.niftyindices.com/IndexConstituent/ind_nifty500list.csv,OFFICIAL_CURRENT_SNAPSHOT,HIGH,HIGH,PARSED,Current snapshot only; does not prove historical start date.
NIFTY 500,HDB Financial Services Ltd.,HDB FINANCIAL SERVICES,HDBFS,INE756I01012,CURRENT_SNAPSHOT,,2026-09-07,data/reference/nifty500/current/nifty500_constituents_raw.csv,https://www.niftyindices.com/IndexConstituent/ind_nifty500list.csv,OFFICIAL_CURRENT_SNAPSHOT,HIGH,HIGH,PARSED,Current snapshot only; does not prove historical start date.
NIFTY 500,HDFC Asset Management Company Ltd.,HDFC ASSET MANAGEMENT COMPANY,HDFCAMC,INE127D01025,CURRENT_SNAPSHOT,,2026-09-07,data/reference/nifty500/current/nifty500_constituents_raw.csv,https://www.niftyindices.com/IndexConstituent/ind_nifty500list.csv,OFFICIAL_CURRENT_SNAPSHOT,HIGH,HIGH,PARSED,Current snapshot only; does not prove historical start date.
NIFTY 500,HDFC Bank Ltd.,HDFC BANK,HDFCBANK,INE040A01034,CURRENT_SNAPSHOT,,2026-09-07,data/reference/nifty500/current/nifty500_constituents_raw.csv,https://www.niftyindices.com/IndexConstituent/ind_nifty500list.csv,OFFICIAL_CURRENT_SNAPSHOT,HIGH,HIGH,PARSED,Current snapshot only; does not prove historical start date.
NIFTY 500,HDFC Life Insurance Company Ltd.,HDFC LIFE INSURANCE COMPANY,HDFCLIFE,INE795G01014,CURRENT_SNAPSHOT,,2026-09-07,data/reference/nifty500/current/nifty500_constituents_raw.csv,https://www.niftyindices.com/IndexConstituent/ind_nifty500list.csv,OFFICIAL_CURRENT_SNAPSHOT,HIGH,HIGH,PARSED,Current snapshot only; does not prove historical start date.
NIFTY 500,HEG Ltd.,HEG,HEG,INE545A01024,CURRENT_SNAPSHOT,,2026-09-07,data/reference/nifty500/current/nifty500_constituents_raw.csv,https://www.niftyindices.com/IndexConstituent/ind_nifty500list.csv,OFFICIAL_CURRENT_SNAPSHOT,HIGH,HIGH,PARSED,Current snapshot only; does not prove historical start date.
NIFTY 500,Hero MotoCorp Ltd.,HERO MOTOCORP,HEROMOTOCO,INE158A01026,CURRENT_SNAPSHOT,,2026-09-07,data/reference/nifty500/current/nifty500_constituents_raw.csv,https://www.niftyindices.com/IndexConstituent/ind_nifty500list.csv,OFFICIAL_CURRENT_SNAPSHOT,HIGH,HIGH,PARSED,Current snapshot only; does not prove historical start date.
NIFTY 500,Hexaware Technologies Ltd.,HEXAWARE TECHNOLOGIES,HEXT,INE093A01041,CURRENT_SNAPSHOT,,2026-09-07,data/reference/nifty500/current/nifty500_constituents_raw.csv,https://www.niftyindices.com/IndexConstituent/ind_nifty500list.csv,OFFICIAL_CURRENT_SNAPSHOT,HIGH,HIGH,PARSED,Current snapshot only; does not prove historical start date.
NIFTY 500,HFCL Ltd.,HFCL,HFCL,INE548A01028,CURRENT_SNAPSHOT,,2026-09-07,data/reference/nifty500/current/nifty500_constituents_raw.csv,https://www.niftyindices.com/IndexConstituent/ind_nifty500list.csv,OFFICIAL_CURRENT_SNAPSHOT,HIGH,HIGH,PARSED,Current snapshot only; does not prove historical start date.
NIFTY 500,Hindalco Industries Ltd.,HINDALCO INDUSTRIES,HINDALCO,INE038A01020,CURRENT_SNAPSHOT,,2026-09-07,data/reference/nifty500/current/nifty500_constituents_raw.csv,https://www.niftyindices.com/IndexConstituent/ind_nifty500list.csv,OFFICIAL_CURRENT_SNAPSHOT,HIGH,HIGH,PARSED,Current snapshot only; does not prove historical start date.
NIFTY 500,Hindustan Copper Ltd.,HINDUSTAN COPPER,HINDCOPPER,INE531E01026,CURRENT_SNAPSHOT,,2026-09-07,data/reference/nifty500/current/nifty500_constituents_raw.csv,https://www.niftyindices.com/IndexConstituent/ind_nifty500list.csv,OFFICIAL_CURRENT_SNAPSHOT,HIGH,HIGH,PARSED,Current snapshot only; does not prove historical start date.
NIFTY 500,Hindustan Petroleum Corporation Ltd.,HINDUSTAN PETROLEUM CORPORATION,HINDPETRO,INE094A01015,CURRENT_SNAPSHOT,,2026-09-07,data/reference/nifty500/current/nifty500_constituents_raw.csv,https://www.niftyindices.com/IndexConstituent/ind_nifty500list.csv,OFFICIAL_CURRENT_SNAPSHOT,HIGH,HIGH,PARSED,Current snapshot only; does not prove historical start date.
NIFTY 500,Hindustan Unilever Ltd.,HINDUSTAN UNILEVER,HINDUNILVR,INE030A01027,CURRENT_SNAPSHOT,,2026-09-07,data/reference/nifty500/current/nifty500_constituents_raw.csv,https://www.niftyindices.com/IndexConstituent/ind_nifty500list.csv,OFFICIAL_CURRENT_SNAPSHOT,HIGH,HIGH,PARSED,Current snapshot only; does not prove historical start date.
NIFTY 500,Hindustan Zinc Ltd.,HINDUSTAN ZINC,HINDZINC,INE267A01025,CURRENT_SNAPSHOT,,2026-09-07,data/reference/nifty500/current/nifty500_constituents_raw.csv,https://www.niftyindices.com/IndexConstituent/ind_nifty500list.csv,OFFICIAL_CURRENT_SNAPSHOT,HIGH,HIGH,PARSED,Current snapshot only; does not prove historical start date.
NIFTY 500,Home First Finance Company India Ltd.,HOME FIRST FINANCE COMPANY INDIA,HOMEFIRST,INE481N01025,CURRENT_SNAPSHOT,,2026-09-07,data/reference/nifty500/current/nifty500_constituents_raw.csv,https://www.niftyindices.com/IndexConstituent/ind_nifty500list.csv,OFFICIAL_CURRENT_SNAPSHOT,HIGH,HIGH,PARSED,Current snapshot only; does not prove historical start date.
NIFTY 500,Honasa Consumer Ltd.,HONASA CONSUMER,HONASA,INE0J5401028,CURRENT_SNAPSHOT,,2026-09-07,data/reference/nifty500/current/nifty500_constituents_raw.csv,https://www.niftyindices.com/IndexConstituent/ind_nifty500list.csv,OFFICIAL_CURRENT_SNAPSHOT,HIGH,HIGH,PARSED,Current snapshot only; does not prove historical start date.
NIFTY 500,Honeywell Automation India Ltd.,HONEYWELL AUTOMATION INDIA,HONAUT,INE671A01010,CURRENT_SNAPSHOT,,2026-09-07,data/reference/nifty500/current/nifty500_constituents_raw.csv,https://www.niftyindices.com/IndexConstituent/ind_nifty500list.csv,OFFICIAL_CURRENT_SNAPSHOT,HIGH,HIGH,PARSED,Current snapshot only; does not prove historical start date.
NIFTY 500,Himadri Speciality Chemical Ltd.,HIMADRI SPECIALITY CHEMICAL,HSCL,INE019C01026,CURRENT_SNAPSHOT,,2026-09-07,data/reference/nifty500/current/nifty500_constituents_raw.csv,https://www.niftyindices.com/IndexConstituent/ind_nifty500list.csv,OFFICIAL_CURRENT_SNAPSHOT,HIGH,HIGH,PARSED,Current snapshot only; does not prove historical start date.
NIFTY 500,Housing & Urban Development Corporation Ltd.,HOUSING AND URBAN DEVELOPMENT CORPORATION,HUDCO,INE031A01017,CURRENT_SNAPSHOT,,2026-09-07,data/reference/nifty500/current/nifty500_constituents_raw.csv,https://www.niftyindices.com/IndexConstituent/ind_nifty500list.csv,OFFICIAL_CURRENT_SNAPSHOT,HIGH,HIGH,PARSED,Current snapshot only; does not prove historical start date.
NIFTY 500,Hyundai Motor India Ltd.,HYUNDAI MOTOR INDIA,HYUNDAI,INE0V6F01027,CURRENT_SNAPSHOT,,2026-09-07,data/reference/nifty500/current/nifty500_constituents_raw.csv,https://www.niftyindices.com/IndexConstituent/ind_nifty500list.csv,OFFICIAL_CURRENT_SNAPSHOT,HIGH,HIGH,PARSED,Current snapshot only; does not prove historical start date.
NIFTY 500,ICICI Prudential Asset Management Company Ltd.,ICICI PRUDENTIAL ASSET MANAGEMENT COMPANY,ICICIAMC,INE346A01027,CURRENT_SNAPSHOT,,2026-09-07,data/reference/nifty500/current/nifty500_constituents_raw.csv,https://www.niftyindices.com/IndexConstituent/ind_nifty500list.csv,OFFICIAL_CURRENT_SNAPSHOT,HIGH,HIGH,PARSED,Current snapshot only; does not prove historical start date.
NIFTY 500,ICICI Bank Ltd.,ICICI BANK,ICICIBANK,INE090A01021,CURRENT_SNAPSHOT,,2026-09-07,data/reference/nifty500/current/nifty500_constituents_raw.csv,https://www.niftyindices.com/IndexConstituent/ind_nifty500list.csv,OFFICIAL_CURRENT_SNAPSHOT,HIGH,HIGH,PARSED,Current snapshot only; does not prove historical start date.
NIFTY 500,ICICI Lombard General Insurance Company Ltd.,ICICI LOMBARD GENERAL INSURANCE COMPANY,ICICIGI,INE765G01017,CURRENT_SNAPSHOT,,2026-09-07,data/reference/nifty500/current/nifty500_constituents_raw.csv,https://www.niftyindices.com/IndexConstituent/ind_nifty500list.csv,OFFICIAL_CURRENT_SNAPSHOT,HIGH,HIGH,PARSED,Current snapshot only; does not prove historical start date.
NIFTY 500,ICICI Prudential Life Insurance Company Ltd.,ICICI PRUDENTIAL LIFE INSURANCE COMPANY,ICICIPRULI,INE726G01019,CURRENT_SNAPSHOT,,2026-09-07,data/reference/nifty500/current/nifty500_constituents_raw.csv,https://www.niftyindices.com/IndexConstituent/ind_nifty500list.csv,OFFICIAL_CURRENT_SNAPSHOT,HIGH,HIGH,PARSED,Current snapshot only; does not prove historical start date.
NIFTY 500,IDBI Bank Ltd.,IDBI BANK,IDBI,INE008A01015,CURRENT_SNAPSHOT,,2026-09-07,data/reference/nifty500/current/nifty500_constituents_raw.csv,https://www.niftyindices.com/IndexConstituent/ind_nifty500list.csv,OFFICIAL_CURRENT_SNAPSHOT,HIGH,HIGH,PARSED,Current snapshot only; does not prove historical start date.
NIFTY 500,Vodafone Idea Ltd.,VODAFONE IDEA,IDEA,INE669E01016,CURRENT_SNAPSHOT,,2026-09-07,data/reference/nifty500/current/nifty500_constituents_raw.csv,https://www.niftyindices.com/IndexConstituent/ind_nifty500list.csv,OFFICIAL_CURRENT_SNAPSHOT,HIGH,HIGH,PARSED,Current snapshot only; does not prove historical start date.
NIFTY 500,IDFC First Bank Ltd.,IDFC FIRST BANK,IDFCFIRSTB,INE092T01019,CURRENT_SNAPSHOT,,2026-09-07,data/reference/nifty500/current/nifty500_constituents_raw.csv,https://www.niftyindices.com/IndexConstituent/ind_nifty500list.csv,OFFICIAL_CURRENT_SNAPSHOT,HIGH,HIGH,PARSED,Current snapshot only; does not prove historical start date.
NIFTY 500,Indian Energy Exchange Ltd.,INDIAN ENERGY EXCHANGE,IEX,INE022Q01020,CURRENT_SNAPSHOT,,2026-09-07,data/reference/nifty500/current/nifty500_constituents_raw.csv,https://www.niftyindices.com/IndexConstituent/ind_nifty500list.csv,OFFICIAL_CURRENT_SNAPSHOT,HIGH,HIGH,PARSED,Current snapshot only; does not prove historical start date.
NIFTY 500,IFCI Ltd.,IFCI,IFCI,INE039A01010,CURRENT_SNAPSHOT,,2026-09-07,data/reference/nifty500/current/nifty500_constituents_raw.csv,https://www.niftyindices.com/IndexConstituent/ind_nifty500list.csv,OFFICIAL_CURRENT_SNAPSHOT,HIGH,HIGH,PARSED,Current snapshot only; does not prove historical start date.
NIFTY 500,International Gemological Institute Ltd.,INTERNATIONAL GEMOLOGICAL INSTITUTE,IGIL,INE0Q9301021,CURRENT_SNAPSHOT,,2026-09-07,data/reference/nifty500/current/nifty500_constituents_raw.csv,https://www.niftyindices.com/IndexConstituent/ind_nifty500list.csv,OFFICIAL_CURRENT_SNAPSHOT,HIGH,HIGH,PARSED,Current snapshot only; does not prove historical start date.
NIFTY 500,Indraprastha Gas Ltd.,INDRAPRASTHA GAS,IGL,INE203G01027,CURRENT_SNAPSHOT,,2026-09-07,data/reference/nifty500/current/nifty500_constituents_raw.csv,https://www.niftyindices.com/IndexConstituent/ind_nifty500list.csv,OFFICIAL_CURRENT_SNAPSHOT,HIGH,HIGH,PARSED,Current snapshot only; does not prove historical start date.
NIFTY 500,IIFL Finance Ltd.,IIFL FINANCE,IIFL,INE530B01024,CURRENT_SNAPSHOT,,2026-09-07,data/reference/nifty500/current/nifty500_constituents_raw.csv,https://www.niftyindices.com/IndexConstituent/ind_nifty500list.csv,OFFICIAL_CURRENT_SNAPSHOT,HIGH,HIGH,PARSED,Current snapshot only; does not prove historical start date.
NIFTY 500,Inventurus Knowledge Solutions Ltd.,INVENTURUS KNOWLEDGE SOLUTIONS,IKS,INE115Q01022,CURRENT_SNAPSHOT,,2026-09-07,data/reference/nifty500/current/nifty500_constituents_raw.csv,https://www.niftyindices.com/IndexConstituent/ind_nifty500list.csv,OFFICIAL_CURRENT_SNAPSHOT,HIGH,HIGH,PARSED,Current snapshot only; does not prove historical start date.
NIFTY 500,Indegene Ltd.,INDEGENE,INDGN,INE065X01017,CURRENT_SNAPSHOT,,2026-09-07,data/reference/nifty500/current/nifty500_constituents_raw.csv,https://www.niftyindices.com/IndexConstituent/ind_nifty500list.csv,OFFICIAL_CURRENT_SNAPSHOT,HIGH,HIGH,PARSED,Current snapshot only; does not prove historical start date.
NIFTY 500,Indian Hotels Co. Ltd.,INDIAN HOTELS CO,INDHOTEL,INE053A01029,CURRENT_SNAPSHOT,,2026-09-07,data/reference/nifty500/current/nifty500_constituents_raw.csv,https://www.niftyindices.com/IndexConstituent/ind_nifty500list.csv,OFFICIAL_CURRENT_SNAPSHOT,HIGH,HIGH,PARSED,Current snapshot only; does not prove historical start date.
NIFTY 500,India Cements Ltd.,INDIA CEMENTS,INDIACEM,INE383A01012,CURRENT_SNAPSHOT,,2026-09-07,data/reference/nifty500/current/nifty500_constituents_raw.csv,https://www.niftyindices.com/IndexConstituent/ind_nifty500list.csv,OFFICIAL_CURRENT_SNAPSHOT,HIGH,HIGH,PARSED,Current snapshot only; does not prove historical start date.
NIFTY 500,Indiamart Intermesh Ltd.,INDIAMART INTERMESH,INDIAMART,INE933S01016,CURRENT_SNAPSHOT,,2026-09-07,data/reference/nifty500/current/nifty500_constituents_raw.csv,https://www.niftyindices.com/IndexConstituent/ind_nifty500list.csv,OFFICIAL_CURRENT_SNAPSHOT,HIGH,HIGH,PARSED,Current snapshot only; does not prove historical start date.
NIFTY 500,Indian Bank,INDIAN BANK,INDIANB,INE562A01011,CURRENT_SNAPSHOT,,2026-09-07,data/reference/nifty500/current/nifty500_constituents_raw.csv,https://www.niftyindices.com/IndexConstituent/ind_nifty500list.csv,OFFICIAL_CURRENT_SNAPSHOT,HIGH,HIGH,PARSED,Current snapshot only; does not prove historical start date.
NIFTY 500,InterGlobe Aviation Ltd.,INTERGLOBE AVIATION,INDIGO,INE646L01027,CURRENT_SNAPSHOT,,2026-09-07,data/reference/nifty500/current/nifty500_constituents_raw.csv,https://www.niftyindices.com/IndexConstituent/ind_nifty500list.csv,OFFICIAL_CURRENT_SNAPSHOT,HIGH,HIGH,PARSED,Current snapshot only; does not prove historical start date.
NIFTY 500,IndusInd Bank Ltd.,INDUSIND BANK,INDUSINDBK,INE095A01012,CURRENT_SNAPSHOT,,2026-09-07,data/reference/nifty500/current/nifty500_constituents_raw.csv,https://www.niftyindices.com/IndexConstituent/ind_nifty500list.csv,OFFICIAL_CURRENT_SNAPSHOT,HIGH,HIGH,PARSED,Current snapshot only; does not prove historical start date.
NIFTY 500,Indus Towers Ltd.,INDUS TOWERS,INDUSTOWER,INE121J01017,CURRENT_SNAPSHOT,,2026-09-07,data/reference/nifty500/current/nifty500_constituents_raw.csv,https://www.niftyindices.com/IndexConstituent/ind_nifty500list.csv,OFFICIAL_CURRENT_SNAPSHOT,HIGH,HIGH,PARSED,Current snapshot only; does not prove historical start date.
NIFTY 500,Infosys Ltd.,INFOSYS,INFY,INE009A01021,CURRENT_SNAPSHOT,,2026-09-07,data/reference/nifty500/current/nifty500_constituents_raw.csv,https://www.niftyindices.com/IndexConstituent/ind_nifty500list.csv,OFFICIAL_CURRENT_SNAPSHOT,HIGH,HIGH,PARSED,Current snapshot only; does not prove historical start date.
NIFTY 500,Inox Wind Ltd.,INOX WIND,INOXWIND,INE066P01011,CURRENT_SNAPSHOT,,2026-09-07,data/reference/nifty500/current/nifty500_constituents_raw.csv,https://www.niftyindices.com/IndexConstituent/ind_nifty500list.csv,OFFICIAL_CURRENT_SNAPSHOT,HIGH,HIGH,PARSED,Current snapshot only; does not prove historical start date.
NIFTY 500,Intellect Design Arena Ltd.,INTELLECT DESIGN ARENA,INTELLECT,INE306R01017,CURRENT_SNAPSHOT,,2026-09-07,data/reference/nifty500/current/nifty500_constituents_raw.csv,https://www.niftyindices.com/IndexConstituent/ind_nifty500list.csv,OFFICIAL_CURRENT_SNAPSHOT,HIGH,HIGH,PARSED,Current snapshot only; does not prove historical start date.
NIFTY 500,Indian Overseas Bank,INDIAN OVERSEAS BANK,IOB,INE565A01014,CURRENT_SNAPSHOT,,2026-09-07,data/reference/nifty500/current/nifty500_constituents_raw.csv,https://www.niftyindices.com/IndexConstituent/ind_nifty500list.csv,OFFICIAL_CURRENT_SNAPSHOT,HIGH,HIGH,PARSED,Current snapshot only; does not prove historical start date.
NIFTY 500,Indian Oil Corporation Ltd.,INDIAN OIL CORPORATION,IOC,INE242A01010,CURRENT_SNAPSHOT,,2026-09-07,data/reference/nifty500/current/nifty500_constituents_raw.csv,https://www.niftyindices.com/IndexConstituent/ind_nifty500list.csv,OFFICIAL_CURRENT_SNAPSHOT,HIGH,HIGH,PARSED,Current snapshot only; does not prove historical start date.
NIFTY 500,Ipca Laboratories Ltd.,IPCA LABORATORIES,IPCALAB,INE571A01038,CURRENT_SNAPSHOT,,2026-09-07,data/reference/nifty500/current/nifty500_constituents_raw.csv,https://www.niftyindices.com/IndexConstituent/ind_nifty500list.csv,OFFICIAL_CURRENT_SNAPSHOT,HIGH,HIGH,PARSED,Current snapshot only; does not prove historical start date.
NIFTY 500,IRB Infrastructure Developers Ltd.,IRB INFRASTRUCTURE DEVELOPERS,IRB,INE821I01022,CURRENT_SNAPSHOT,,2026-09-07,data/reference/nifty500/current/nifty500_constituents_raw.csv,https://www.niftyindices.com/IndexConstituent/ind_nifty500list.csv,OFFICIAL_CURRENT_SNAPSHOT,HIGH,HIGH,PARSED,Current snapshot only; does not prove historical start date.
NIFTY 500,IRCON International Ltd.,IRCON INTERNATIONAL,IRCON,INE962Y01021,CURRENT_SNAPSHOT,,2026-09-07,data/reference/nifty500/current/nifty500_constituents_raw.csv,https://www.niftyindices.com/IndexConstituent/ind_nifty500list.csv,OFFICIAL_CURRENT_SNAPSHOT,HIGH,HIGH,PARSED,Current snapshot only; does not prove historical start date.
NIFTY 500,Indian Railway Catering And Tourism Corporation Ltd.,INDIAN RAILWAY CATERING AND TOURISM CORPORATION,IRCTC,INE335Y01020,CURRENT_SNAPSHOT,,2026-09-07,data/reference/nifty500/current/nifty500_constituents_raw.csv,https://www.niftyindices.com/IndexConstituent/ind_nifty500list.csv,OFFICIAL_CURRENT_SNAPSHOT,HIGH,HIGH,PARSED,Current snapshot only; does not prove historical start date.
NIFTY 500,Indian Renewable Energy Development Agency Ltd.,INDIAN RENEWABLE ENERGY DEVELOPMENT AGENCY,IREDA,INE202E01016,CURRENT_SNAPSHOT,,2026-09-07,data/reference/nifty500/current/nifty500_constituents_raw.csv,https://www.niftyindices.com/IndexConstituent/ind_nifty500list.csv,OFFICIAL_CURRENT_SNAPSHOT,HIGH,HIGH,PARSED,Current snapshot only; does not prove historical start date.
NIFTY 500,Indian Railway Finance Corporation Ltd.,INDIAN RAILWAY FINANCE CORPORATION,IRFC,INE053F01010,CURRENT_SNAPSHOT,,2026-09-07,data/reference/nifty500/current/nifty500_constituents_raw.csv,https://www.niftyindices.com/IndexConstituent/ind_nifty500list.csv,OFFICIAL_CURRENT_SNAPSHOT,HIGH,HIGH,PARSED,Current snapshot only; does not prove historical start date.
NIFTY 500,ITC Ltd.,ITC,ITC,INE154A01025,CURRENT_SNAPSHOT,,2026-09-07,data/reference/nifty500/current/nifty500_constituents_raw.csv,https://www.niftyindices.com/IndexConstituent/ind_nifty500list.csv,OFFICIAL_CURRENT_SNAPSHOT,HIGH,HIGH,PARSED,Current snapshot only; does not prove historical start date.
NIFTY 500,ITC Hotels Ltd.,ITC HOTELS,ITCHOTELS,INE379A01028,CURRENT_SNAPSHOT,,2026-09-07,data/reference/nifty500/current/nifty500_constituents_raw.csv,https://www.niftyindices.com/IndexConstituent/ind_nifty500list.csv,OFFICIAL_CURRENT_SNAPSHOT,HIGH,HIGH,PARSED,Current snapshot only; does not prove historical start date.
NIFTY 500,ITI Ltd.,ITI,ITI,INE248A01017,CURRENT_SNAPSHOT,,2026-09-07,data/reference/nifty500/current/nifty500_constituents_raw.csv,https://www.niftyindices.com/IndexConstituent/ind_nifty500list.csv,OFFICIAL_CURRENT_SNAPSHOT,HIGH,HIGH,PARSED,Current snapshot only; does not prove historical start date.
NIFTY 500,Jammu & Kashmir Bank Ltd.,JAMMU AND KASHMIR BANK,J&KBANK,INE168A01041,CURRENT_SNAPSHOT,,2026-09-07,data/reference/nifty500/current/nifty500_constituents_raw.csv,https://www.niftyindices.com/IndexConstituent/ind_nifty500list.csv,OFFICIAL_CURRENT_SNAPSHOT,HIGH,HIGH,PARSED,Current snapshot only; does not prove historical start date.
NIFTY 500,Jain Resource Recycling Ltd.,JAIN RESOURCE RECYCLING,JAINREC,INE0YD401026,CURRENT_SNAPSHOT,,2026-09-07,data/reference/nifty500/current/nifty500_constituents_raw.csv,https://www.niftyindices.com/IndexConstituent/ind_nifty500list.csv,OFFICIAL_CURRENT_SNAPSHOT,HIGH,HIGH,PARSED,Current snapshot only; does not prove historical start date.
NIFTY 500,JBM Auto Ltd.,JBM AUTO,JBMA,INE927D01051,CURRENT_SNAPSHOT,,2026-09-07,data/reference/nifty500/current/nifty500_constituents_raw.csv,https://www.niftyindices.com/IndexConstituent/ind_nifty500list.csv,OFFICIAL_CURRENT_SNAPSHOT,HIGH,HIGH,PARSED,Current snapshot only; does not prove historical start date.
NIFTY 500,Jindal Saw Ltd.,JINDAL SAW,JINDALSAW,INE324A01032,CURRENT_SNAPSHOT,,2026-09-07,data/reference/nifty500/current/nifty500_constituents_raw.csv,https://www.niftyindices.com/IndexConstituent/ind_nifty500list.csv,OFFICIAL_CURRENT_SNAPSHOT,HIGH,HIGH,PARSED,Current snapshot only; does not prove historical start date.
NIFTY 500,Jindal Steel Ltd.,JINDAL STEEL,JINDALSTEL,INE749A01030,CURRENT_SNAPSHOT,,2026-09-07,data/reference/nifty500/current/nifty500_constituents_raw.csv,https://www.niftyindices.com/IndexConstituent/ind_nifty500list.csv,OFFICIAL_CURRENT_SNAPSHOT,HIGH,HIGH,PARSED,Current snapshot only; does not prove historical start date.
NIFTY 500,Jio Financial Services Ltd.,JIO FINANCIAL SERVICES,JIOFIN,INE758E01017,CURRENT_SNAPSHOT,,2026-09-07,data/reference/nifty500/current/nifty500_constituents_raw.csv,https://www.niftyindices.com/IndexConstituent/ind_nifty500list.csv,OFFICIAL_CURRENT_SNAPSHOT,HIGH,HIGH,PARSED,Current snapshot only; does not prove historical start date.
NIFTY 500,J.K. Cement Ltd.,JK CEMENT,JKCEMENT,INE823G01014,CURRENT_SNAPSHOT,,2026-09-07,data/reference/nifty500/current/nifty500_constituents_raw.csv,https://www.niftyindices.com/IndexConstituent/ind_nifty500list.csv,OFFICIAL_CURRENT_SNAPSHOT,HIGH,HIGH,PARSED,Current snapshot only; does not prove historical start date.
NIFTY 500,JK Tyre & Industries Ltd.,JK TYRE AND INDUSTRIES,JKTYRE,INE573A01042,CURRENT_SNAPSHOT,,2026-09-07,data/reference/nifty500/current/nifty500_constituents_raw.csv,https://www.niftyindices.com/IndexConstituent/ind_nifty500list.csv,OFFICIAL_CURRENT_SNAPSHOT,HIGH,HIGH,PARSED,Current snapshot only; does not prove historical start date.
NIFTY 500,JM Financial Ltd.,JM FINANCIAL,JMFINANCIL,INE780C01023,CURRENT_SNAPSHOT,,2026-09-07,data/reference/nifty500/current/nifty500_constituents_raw.csv,https://www.niftyindices.com/IndexConstituent/ind_nifty500list.csv,OFFICIAL_CURRENT_SNAPSHOT,HIGH,HIGH,PARSED,Current snapshot only; does not prove historical start date.
NIFTY 500,Jaiprakash Power Ventures Ltd.,JAIPRAKASH POWER VENTURES,JPPOWER,INE351F01018,CURRENT_SNAPSHOT,,2026-09-07,data/reference/nifty500/current/nifty500_constituents_raw.csv,https://www.niftyindices.com/IndexConstituent/ind_nifty500list.csv,OFFICIAL_CURRENT_SNAPSHOT,HIGH,HIGH,PARSED,Current snapshot only; does not prove historical start date.
NIFTY 500,Jindal Stainless Ltd.,JINDAL STAINLESS,JSL,INE220G01021,CURRENT_SNAPSHOT,,2026-09-07,data/reference/nifty500/current/nifty500_constituents_raw.csv,https://www.niftyindices.com/IndexConstituent/ind_nifty500list.csv,OFFICIAL_CURRENT_SNAPSHOT,HIGH,HIGH,PARSED,Current snapshot only; does not prove historical start date.
NIFTY 500,JSW Cement Ltd.,JSW CEMENT,JSWCEMENT,INE718I01012,CURRENT_SNAPSHOT,,2026-09-07,data/reference/nifty500/current/nifty500_constituents_raw.csv,https://www.niftyindices.com/IndexConstituent/ind_nifty500list.csv,OFFICIAL_CURRENT_SNAPSHOT,HIGH,HIGH,PARSED,Current snapshot only; does not prove historical start date.
NIFTY 500,JSW Dulux Ltd.,JSW DULUX,JSWDULUX,INE133A01011,CURRENT_SNAPSHOT,,2026-09-07,data/reference/nifty500/current/nifty500_constituents_raw.csv,https://www.niftyindices.com/IndexConstituent/ind_nifty500list.csv,OFFICIAL_CURRENT_SNAPSHOT,HIGH,HIGH,PARSED,Current snapshot only; does not prove historical start date.
NIFTY 500,JSW Energy Ltd.,JSW ENERGY,JSWENERGY,INE121E01018,CURRENT_SNAPSHOT,,2026-09-07,data/reference/nifty500/current/nifty500_constituents_raw.csv,https://www.niftyindices.com/IndexConstituent/ind_nifty500list.csv,OFFICIAL_CURRENT_SNAPSHOT,HIGH,HIGH,PARSED,Current snapshot only; does not prove historical start date.
NIFTY 500,JSW Infrastructure Ltd.,JSW INFRASTRUCTURE,JSWINFRA,INE880J01026,CURRENT_SNAPSHOT,,2026-09-07,data/reference/nifty500/current/nifty500_constituents_raw.csv,https://www.niftyindices.com/IndexConstituent/ind_nifty500list.csv,OFFICIAL_CURRENT_SNAPSHOT,HIGH,HIGH,PARSED,Current snapshot only; does not prove historical start date.
NIFTY 500,JSW Steel Ltd.,JSW STEEL,JSWSTEEL,INE019A01038,CURRENT_SNAPSHOT,,2026-09-07,data/reference/nifty500/current/nifty500_constituents_raw.csv,https://www.niftyindices.com/IndexConstituent/ind_nifty500list.csv,OFFICIAL_CURRENT_SNAPSHOT,HIGH,HIGH,PARSED,Current snapshot only; does not prove historical start date.
NIFTY 500,Jubilant Foodworks Ltd.,JUBILANT FOODWORKS,JUBLFOOD,INE797F01020,CURRENT_SNAPSHOT,,2026-09-07,data/reference/nifty500/current/nifty500_constituents_raw.csv,https://www.niftyindices.com/IndexConstituent/ind_nifty500list.csv,OFFICIAL_CURRENT_SNAPSHOT,HIGH,HIGH,PARSED,Current snapshot only; does not prove historical start date.
NIFTY 500,Jubilant Ingrevia Ltd.,JUBILANT INGREVIA,JUBLINGREA,INE0BY001018,CURRENT_SNAPSHOT,,2026-09-07,data/reference/nifty500/current/nifty500_constituents_raw.csv,https://www.niftyindices.com/IndexConstituent/ind_nifty500list.csv,OFFICIAL_CURRENT_SNAPSHOT,HIGH,HIGH,PARSED,Current snapshot only; does not prove historical start date.
NIFTY 500,Jubilant Pharmova Ltd.,JUBILANT PHARMOVA,JUBLPHARMA,INE700A01033,CURRENT_SNAPSHOT,,2026-09-07,data/reference/nifty500/current/nifty500_constituents_raw.csv,https://www.niftyindices.com/IndexConstituent/ind_nifty500list.csv,OFFICIAL_CURRENT_SNAPSHOT,HIGH,HIGH,PARSED,Current snapshot only; does not prove historical start date.
NIFTY 500,Jupiter Wagons Ltd.,JUPITER WAGONS,JWL,INE209L01016,CURRENT_SNAPSHOT,,2026-09-07,data/reference/nifty500/current/nifty500_constituents_raw.csv,https://www.niftyindices.com/IndexConstituent/ind_nifty500list.csv,OFFICIAL_CURRENT_SNAPSHOT,HIGH,HIGH,PARSED,Current snapshot only; does not prove historical start date.
NIFTY 500,Jyoti CNC Automation Ltd.,JYOTI CNC AUTOMATION,JYOTICNC,INE980O01024,CURRENT_SNAPSHOT,,2026-09-07,data/reference/nifty500/current/nifty500_constituents_raw.csv,https://www.niftyindices.com/IndexConstituent/ind_nifty500list.csv,OFFICIAL_CURRENT_SNAPSHOT,HIGH,HIGH,PARSED,Current snapshot only; does not prove historical start date.
NIFTY 500,Kajaria Ceramics Ltd.,KAJARIA CERAMICS,KAJARIACER,INE217B01036,CURRENT_SNAPSHOT,,2026-09-07,data/reference/nifty500/current/nifty500_constituents_raw.csv,https://www.niftyindices.com/IndexConstituent/ind_nifty500list.csv,OFFICIAL_CURRENT_SNAPSHOT,HIGH,HIGH,PARSED,Current snapshot only; does not prove historical start date.
NIFTY 500,Kalyan Jewellers India Ltd.,KALYAN JEWELLERS INDIA,KALYANKJIL,INE303R01014,CURRENT_SNAPSHOT,,2026-09-07,data/reference/nifty500/current/nifty500_constituents_raw.csv,https://www.niftyindices.com/IndexConstituent/ind_nifty500list.csv,OFFICIAL_CURRENT_SNAPSHOT,HIGH,HIGH,PARSED,Current snapshot only; does not prove historical start date.
NIFTY 500,Karur Vysya Bank Ltd.,KARUR VYSYA BANK,KARURVYSYA,INE036D01028,CURRENT_SNAPSHOT,,2026-09-07,data/reference/nifty500/current/nifty500_constituents_raw.csv,https://www.niftyindices.com/IndexConstituent/ind_nifty500list.csv,OFFICIAL_CURRENT_SNAPSHOT,HIGH,HIGH,PARSED,Current snapshot only; does not prove historical start date.
NIFTY 500,Kaynes Technology India Ltd.,KAYNES TECHNOLOGY INDIA,KAYNES,INE918Z01012,CURRENT_SNAPSHOT,,2026-09-07,data/reference/nifty500/current/nifty500_constituents_raw.csv,https://www.niftyindices.com/IndexConstituent/ind_nifty500list.csv,OFFICIAL_CURRENT_SNAPSHOT,HIGH,HIGH,PARSED,Current snapshot only; does not prove historical start date.
NIFTY 500,Kec International Ltd.,KEC INTERNATIONAL,KEC,INE389H01022,CURRENT_SNAPSHOT,,2026-09-07,data/reference/nifty500/current/nifty500_constituents_raw.csv,https://www.niftyindices.com/IndexConstituent/ind_nifty500list.csv,OFFICIAL_CURRENT_SNAPSHOT,HIGH,HIGH,PARSED,Current snapshot only; does not prove historical start date.
NIFTY 500,KEI Industries Ltd.,KEI INDUSTRIES,KEI,INE878B01027,CURRENT_SNAPSHOT,,2026-09-07,data/reference/nifty500/current/nifty500_constituents_raw.csv,https://www.niftyindices.com/IndexConstituent/ind_nifty500list.csv,OFFICIAL_CURRENT_SNAPSHOT,HIGH,HIGH,PARSED,Current snapshot only; does not prove historical start date.
NIFTY 500,Kfin Technologies Ltd.,KFIN TECHNOLOGIES,KFINTECH,INE138Y01010,CURRENT_SNAPSHOT,,2026-09-07,data/reference/nifty500/current/nifty500_constituents_raw.csv,https://www.niftyindices.com/IndexConstituent/ind_nifty500list.csv,OFFICIAL_CURRENT_SNAPSHOT,HIGH,HIGH,PARSED,Current snapshot only; does not prove historical start date.
NIFTY 500,Krishna Institute of Medical Sciences Ltd.,KRISHNA INSTITUTE OF MEDICAL SCIENCES,KIMS,INE967H01025,CURRENT_SNAPSHOT,,2026-09-07,data/reference/nifty500/current/nifty500_constituents_raw.csv,https://www.niftyindices.com/IndexConstituent/ind_nifty500list.csv,OFFICIAL_CURRENT_SNAPSHOT,HIGH,HIGH,PARSED,Current snapshot only; does not prove historical start date.
NIFTY 500,Kirloskar Oil Eng Ltd.,KIRLOSKAR OIL ENG,KIRLOSENG,INE146L01010,CURRENT_SNAPSHOT,,2026-09-07,data/reference/nifty500/current/nifty500_constituents_raw.csv,https://www.niftyindices.com/IndexConstituent/ind_nifty500list.csv,OFFICIAL_CURRENT_SNAPSHOT,HIGH,HIGH,PARSED,Current snapshot only; does not prove historical start date.
NIFTY 500,Kotak Mahindra Bank Ltd.,KOTAK MAHINDRA BANK,KOTAKBANK,INE237A01036,CURRENT_SNAPSHOT,,2026-09-07,data/reference/nifty500/current/nifty500_constituents_raw.csv,https://www.niftyindices.com/IndexConstituent/ind_nifty500list.csv,OFFICIAL_CURRENT_SNAPSHOT,HIGH,HIGH,PARSED,Current snapshot only; does not prove historical start date.
NIFTY 500,Kalpataru Projects International Ltd.,KALPATARU PROJECTS INTERNATIONAL,KPIL,INE220B01022,CURRENT_SNAPSHOT,,2026-09-07,data/reference/nifty500/current/nifty500_constituents_raw.csv,https://www.niftyindices.com/IndexConstituent/ind_nifty500list.csv,OFFICIAL_CURRENT_SNAPSHOT,HIGH,HIGH,PARSED,Current snapshot only; does not prove historical start date.
NIFTY 500,KPIT Technologies Ltd.,KPIT TECHNOLOGIES,KPITTECH,INE04I401011,CURRENT_SNAPSHOT,,2026-09-07,data/reference/nifty500/current/nifty500_constituents_raw.csv,https://www.niftyindices.com/IndexConstituent/ind_nifty500list.csv,OFFICIAL_CURRENT_SNAPSHOT,HIGH,HIGH,PARSED,Current snapshot only; does not prove historical start date.
NIFTY 500,K.P.R. Mill Ltd.,KPR MILL,KPRMILL,INE930H01031,CURRENT_SNAPSHOT,,2026-09-07,data/reference/nifty500/current/nifty500_constituents_raw.csv,https://www.niftyindices.com/IndexConstituent/ind_nifty500list.csv,OFFICIAL_CURRENT_SNAPSHOT,HIGH,HIGH,PARSED,Current snapshot only; does not prove historical start date.
NIFTY 500,Dr. Lal Path Labs Ltd.,DR LAL PATH LABS,LALPATHLAB,INE600L01024,CURRENT_SNAPSHOT,,2026-09-07,data/reference/nifty500/current/nifty500_constituents_raw.csv,https://www.niftyindices.com/IndexConstituent/ind_nifty500list.csv,OFFICIAL_CURRENT_SNAPSHOT,HIGH,HIGH,PARSED,Current snapshot only; does not prove historical start date.
NIFTY 500,Latent View Analytics Ltd.,LATENT VIEW ANALYTICS,LATENTVIEW,INE0I7C01011,CURRENT_SNAPSHOT,,2026-09-07,data/reference/nifty500/current/nifty500_constituents_raw.csv,https://www.niftyindices.com/IndexConstituent/ind_nifty500list.csv,OFFICIAL_CURRENT_SNAPSHOT,HIGH,HIGH,PARSED,Current snapshot only; does not prove historical start date.
NIFTY 500,Laurus Labs Ltd.,LAURUS LABS,LAURUSLABS,INE947Q01028,CURRENT_SNAPSHOT,,2026-09-07,data/reference/nifty500/current/nifty500_constituents_raw.csv,https://www.niftyindices.com/IndexConstituent/ind_nifty500list.csv,OFFICIAL_CURRENT_SNAPSHOT,HIGH,HIGH,PARSED,Current snapshot only; does not prove historical start date.
NIFTY 500,Lemon Tree Hotels Ltd.,LEMON TREE HOTELS,LEMONTREE,INE970X01018,CURRENT_SNAPSHOT,,2026-09-07,data/reference/nifty500/current/nifty500_constituents_raw.csv,https://www.niftyindices.com/IndexConstituent/ind_nifty500list.csv,OFFICIAL_CURRENT_SNAPSHOT,HIGH,HIGH,PARSED,Current snapshot only; does not prove historical start date.
NIFTY 500,Lenskart Solutions Ltd.,LENSKART SOLUTIONS,LENSKART,INE956O01016,CURRENT_SNAPSHOT,,2026-09-07,data/reference/nifty500/current/nifty500_constituents_raw.csv,https://www.niftyindices.com/IndexConstituent/ind_nifty500list.csv,OFFICIAL_CURRENT_SNAPSHOT,HIGH,HIGH,PARSED,Current snapshot only; does not prove historical start date.
NIFTY 500,LG Electronics India Ltd.,LG ELECTRONICS INDIA,LGEINDIA,INE324D01010,CURRENT_SNAPSHOT,,2026-09-07,data/reference/nifty500/current/nifty500_constituents_raw.csv,https://www.niftyindices.com/IndexConstituent/ind_nifty500list.csv,OFFICIAL_CURRENT_SNAPSHOT,HIGH,HIGH,PARSED,Current snapshot only; does not prove historical start date.
NIFTY 500,LIC Housing Finance Ltd.,LIC HOUSING FINANCE,LICHSGFIN,INE115A01026,CURRENT_SNAPSHOT,,2026-09-07,data/reference/nifty500/current/nifty500_constituents_raw.csv,https://www.niftyindices.com/IndexConstituent/ind_nifty500list.csv,OFFICIAL_CURRENT_SNAPSHOT,HIGH,HIGH,PARSED,Current snapshot only; does not prove historical start date.
NIFTY 500,Life Insurance Corporation of India,LIFE INSURANCE CORPORATION OF INDIA,LICI,INE0J1Y01017,CURRENT_SNAPSHOT,,2026-09-07,data/reference/nifty500/current/nifty500_constituents_raw.csv,https://www.niftyindices.com/IndexConstituent/ind_nifty500list.csv,OFFICIAL_CURRENT_SNAPSHOT,HIGH,HIGH,PARSED,Current snapshot only; does not prove historical start date.
NIFTY 500,Linde India Ltd.,LINDE INDIA,LINDEINDIA,INE473A01011,CURRENT_SNAPSHOT,,2026-09-07,data/reference/nifty500/current/nifty500_constituents_raw.csv,https://www.niftyindices.com/IndexConstituent/ind_nifty500list.csv,OFFICIAL_CURRENT_SNAPSHOT,HIGH,HIGH,PARSED,Current snapshot only; does not prove historical start date.
NIFTY 500,Lloyds Metals And Energy Ltd.,LLOYDS METALS AND ENERGY,LLOYDSME,INE281B01032,CURRENT_SNAPSHOT,,2026-09-07,data/reference/nifty500/current/nifty500_constituents_raw.csv,https://www.niftyindices.com/IndexConstituent/ind_nifty500list.csv,OFFICIAL_CURRENT_SNAPSHOT,HIGH,HIGH,PARSED,Current snapshot only; does not prove historical start date.
NIFTY 500,Lodha Developers Ltd.,LODHA DEVELOPERS,LODHA,INE670K01029,CURRENT_SNAPSHOT,,2026-09-07,data/reference/nifty500/current/nifty500_constituents_raw.csv,https://www.niftyindices.com/IndexConstituent/ind_nifty500list.csv,OFFICIAL_CURRENT_SNAPSHOT,HIGH,HIGH,PARSED,Current snapshot only; does not prove historical start date.
NIFTY 500,Larsen & Toubro Ltd.,LARSEN AND TOUBRO,LT,INE018A01030,CURRENT_SNAPSHOT,,2026-09-07,data/reference/nifty500/current/nifty500_constituents_raw.csv,https://www.niftyindices.com/IndexConstituent/ind_nifty500list.csv,OFFICIAL_CURRENT_SNAPSHOT,HIGH,HIGH,PARSED,Current snapshot only; does not prove historical start date.
NIFTY 500,L&T Finance Ltd.,LANDT FINANCE,LTF,INE498L01015,CURRENT_SNAPSHOT,,2026-09-07,data/reference/nifty500/current/nifty500_constituents_raw.csv,https://www.niftyindices.com/IndexConstituent/ind_nifty500list.csv,OFFICIAL_CURRENT_SNAPSHOT,HIGH,HIGH,PARSED,Current snapshot only; does not prove historical start date.
NIFTY 500,LT Foods Ltd.,LT FOODS,LTFOODS,INE818H01020,CURRENT_SNAPSHOT,,2026-09-07,data/reference/nifty500/current/nifty500_constituents_raw.csv,https://www.niftyindices.com/IndexConstituent/ind_nifty500list.csv,OFFICIAL_CURRENT_SNAPSHOT,HIGH,HIGH,PARSED,Current snapshot only; does not prove historical start date.
NIFTY 500,LTM Ltd.,LTM,LTM,INE214T01019,CURRENT_SNAPSHOT,,2026-09-07,data/reference/nifty500/current/nifty500_constituents_raw.csv,https://www.niftyindices.com/IndexConstituent/ind_nifty500list.csv,OFFICIAL_CURRENT_SNAPSHOT,HIGH,HIGH,PARSED,Current snapshot only; does not prove historical start date.
NIFTY 500,L&T Technology Services Ltd.,LANDT TECHNOLOGY SERVICES,LTTS,INE010V01017,CURRENT_SNAPSHOT,,2026-09-07,data/reference/nifty500/current/nifty500_constituents_raw.csv,https://www.niftyindices.com/IndexConstituent/ind_nifty500list.csv,OFFICIAL_CURRENT_SNAPSHOT,HIGH,HIGH,PARSED,Current snapshot only; does not prove historical start date.
NIFTY 500,Lupin Ltd.,LUPIN,LUPIN,INE326A01037,CURRENT_SNAPSHOT,,2026-09-07,data/reference/nifty500/current/nifty500_constituents_raw.csv,https://www.niftyindices.com/IndexConstituent/ind_nifty500list.csv,OFFICIAL_CURRENT_SNAPSHOT,HIGH,HIGH,PARSED,Current snapshot only; does not prove historical start date.
NIFTY 500,Mahindra & Mahindra Ltd.,MAHINDRA AND MAHINDRA,M&M,INE101A01026,CURRENT_SNAPSHOT,,2026-09-07,data/reference/nifty500/current/nifty500_constituents_raw.csv,https://www.niftyindices.com/IndexConstituent/ind_nifty500list.csv,OFFICIAL_CURRENT_SNAPSHOT,HIGH,HIGH,PARSED,Current snapshot only; does not prove historical start date.
NIFTY 500,Mahindra & Mahindra Financial Services Ltd.,MAHINDRA AND MAHINDRA FINANCIAL SERVICES,M&MFIN,INE774D01024,CURRENT_SNAPSHOT,,2026-09-07,data/reference/nifty500/current/nifty500_constituents_raw.csv,https://www.niftyindices.com/IndexConstituent/ind_nifty500list.csv,OFFICIAL_CURRENT_SNAPSHOT,HIGH,HIGH,PARSED,Current snapshot only; does not prove historical start date.
NIFTY 500,Bank of Maharashtra,BANK OF MAHARASHTRA,MAHABANK,INE457A01014,CURRENT_SNAPSHOT,,2026-09-07,data/reference/nifty500/current/nifty500_constituents_raw.csv,https://www.niftyindices.com/IndexConstituent/ind_nifty500list.csv,OFFICIAL_CURRENT_SNAPSHOT,HIGH,HIGH,PARSED,Current snapshot only; does not prove historical start date.
NIFTY 500,Manappuram Finance Ltd.,MANAPPURAM FINANCE,MANAPPURAM,INE522D01027,CURRENT_SNAPSHOT,,2026-09-07,data/reference/nifty500/current/nifty500_constituents_raw.csv,https://www.niftyindices.com/IndexConstituent/ind_nifty500list.csv,OFFICIAL_CURRENT_SNAPSHOT,HIGH,HIGH,PARSED,Current snapshot only; does not prove historical start date.
NIFTY 500,Mankind Pharma Ltd.,MANKIND PHARMA,MANKIND,INE634S01028,CURRENT_SNAPSHOT,,2026-09-07,data/reference/nifty500/current/nifty500_constituents_raw.csv,https://www.niftyindices.com/IndexConstituent/ind_nifty500list.csv,OFFICIAL_CURRENT_SNAPSHOT,HIGH,HIGH,PARSED,Current snapshot only; does not prove historical start date.
NIFTY 500,C.E. Info Systems Ltd.,CE INFO SYSTEMS,MAPMYINDIA,INE0BV301023,CURRENT_SNAPSHOT,,2026-09-07,data/reference/nifty500/current/nifty500_constituents_raw.csv,https://www.niftyindices.com/IndexConstituent/ind_nifty500list.csv,OFFICIAL_CURRENT_SNAPSHOT,HIGH,HIGH,PARSED,Current snapshot only; does not prove historical start date.
NIFTY 500,Marico Ltd.,MARICO,MARICO,INE196A01026,CURRENT_SNAPSHOT,,2026-09-07,data/reference/nifty500/current/nifty500_constituents_raw.csv,https://www.niftyindices.com/IndexConstituent/ind_nifty500list.csv,OFFICIAL_CURRENT_SNAPSHOT,HIGH,HIGH,PARSED,Current snapshot only; does not prove historical start date.
NIFTY 500,Maruti Suzuki India Ltd.,MARUTI SUZUKI INDIA,MARUTI,INE585B01010,CURRENT_SNAPSHOT,,2026-09-07,data/reference/nifty500/current/nifty500_constituents_raw.csv,https://www.niftyindices.com/IndexConstituent/ind_nifty500list.csv,OFFICIAL_CURRENT_SNAPSHOT,HIGH,HIGH,PARSED,Current snapshot only; does not prove historical start date.
NIFTY 500,Max Healthcare Institute Ltd.,MAX HEALTHCARE INSTITUTE,MAXHEALTH,INE027H01010,CURRENT_SNAPSHOT,,2026-09-07,data/reference/nifty500/current/nifty500_constituents_raw.csv,https://www.niftyindices.com/IndexConstituent/ind_nifty500list.csv,OFFICIAL_CURRENT_SNAPSHOT,HIGH,HIGH,PARSED,Current snapshot only; does not prove historical start date.
NIFTY 500,Mazagoan Dock Shipbuilders Ltd.,MAZAGOAN DOCK SHIPBUILDERS,MAZDOCK,INE249Z01020,CURRENT_SNAPSHOT,,2026-09-07,data/reference/nifty500/current/nifty500_constituents_raw.csv,https://www.niftyindices.com/IndexConstituent/ind_nifty500list.csv,OFFICIAL_CURRENT_SNAPSHOT,HIGH,HIGH,PARSED,Current snapshot only; does not prove historical start date.
NIFTY 500,Multi Commodity Exchange of India Ltd.,MULTI COMMODITY EXCHANGE OF INDIA,MCX,INE745G01043,CURRENT_SNAPSHOT,,2026-09-07,data/reference/nifty500/current/nifty500_constituents_raw.csv,https://www.niftyindices.com/IndexConstituent/ind_nifty500list.csv,OFFICIAL_CURRENT_SNAPSHOT,HIGH,HIGH,PARSED,Current snapshot only; does not prove historical start date.
NIFTY 500,Global Health Ltd.,GLOBAL HEALTH,MEDANTA,INE474Q01031,CURRENT_SNAPSHOT,,2026-09-07,data/reference/nifty500/current/nifty500_constituents_raw.csv,https://www.niftyindices.com/IndexConstituent/ind_nifty500list.csv,OFFICIAL_CURRENT_SNAPSHOT,HIGH,HIGH,PARSED,Current snapshot only; does not prove historical start date.
NIFTY 500,Meesho Ltd.,MEESHO,MEESHO,INE0VDM01015,CURRENT_SNAPSHOT,,2026-09-07,data/reference/nifty500/current/nifty500_constituents_raw.csv,https://www.niftyindices.com/IndexConstituent/ind_nifty500list.csv,OFFICIAL_CURRENT_SNAPSHOT,HIGH,HIGH,PARSED,Current snapshot only; does not prove historical start date.
NIFTY 500,Max Financial Services Ltd.,MAX FINANCIAL SERVICES,MFSL,INE180A01020,CURRENT_SNAPSHOT,,2026-09-07,data/reference/nifty500/current/nifty500_constituents_raw.csv,https://www.niftyindices.com/IndexConstituent/ind_nifty500list.csv,OFFICIAL_CURRENT_SNAPSHOT,HIGH,HIGH,PARSED,Current snapshot only; does not prove historical start date.
NIFTY 500,Mahanagar Gas Ltd.,MAHANAGAR GAS,MGL,INE002S01010,CURRENT_SNAPSHOT,,2026-09-07,data/reference/nifty500/current/nifty500_constituents_raw.csv,https://www.niftyindices.com/IndexConstituent/ind_nifty500list.csv,OFFICIAL_CURRENT_SNAPSHOT,HIGH,HIGH,PARSED,Current snapshot only; does not prove historical start date.
NIFTY 500,Minda Corporation Ltd.,MINDA CORPORATION,MINDACORP,INE842C01021,CURRENT_SNAPSHOT,,2026-09-07,data/reference/nifty500/current/nifty500_constituents_raw.csv,https://www.niftyindices.com/IndexConstituent/ind_nifty500list.csv,OFFICIAL_CURRENT_SNAPSHOT,HIGH,HIGH,PARSED,Current snapshot only; does not prove historical start date.
NIFTY 500,MMTC Ltd.,MMTC,MMTC,INE123F01029,CURRENT_SNAPSHOT,,2026-09-07,data/reference/nifty500/current/nifty500_constituents_raw.csv,https://www.niftyindices.com/IndexConstituent/ind_nifty500list.csv,OFFICIAL_CURRENT_SNAPSHOT,HIGH,HIGH,PARSED,Current snapshot only; does not prove historical start date.
NIFTY 500,Samvardhana Motherson International Ltd.,SAMVARDHANA MOTHERSON INTERNATIONAL,MOTHERSON,INE775A01035,CURRENT_SNAPSHOT,,2026-09-07,data/reference/nifty500/current/nifty500_constituents_raw.csv,https://www.niftyindices.com/IndexConstituent/ind_nifty500list.csv,OFFICIAL_CURRENT_SNAPSHOT,HIGH,HIGH,PARSED,Current snapshot only; does not prove historical start date.
NIFTY 500,Motilal Oswal Financial Services Ltd.,MOTILAL OSWAL FINANCIAL SERVICES,MOTILALOFS,INE338I01027,CURRENT_SNAPSHOT,,2026-09-07,data/reference/nifty500/current/nifty500_constituents_raw.csv,https://www.niftyindices.com/IndexConstituent/ind_nifty500list.csv,OFFICIAL_CURRENT_SNAPSHOT,HIGH,HIGH,PARSED,Current snapshot only; does not prove historical start date.
NIFTY 500,MphasiS Ltd.,MPHASIS,MPHASIS,INE356A01018,CURRENT_SNAPSHOT,,2026-09-07,data/reference/nifty500/current/nifty500_constituents_raw.csv,https://www.niftyindices.com/IndexConstituent/ind_nifty500list.csv,OFFICIAL_CURRENT_SNAPSHOT,HIGH,HIGH,PARSED,Current snapshot only; does not prove historical start date.
NIFTY 500,MRF Ltd.,MRF,MRF,INE883A01011,CURRENT_SNAPSHOT,,2026-09-07,data/reference/nifty500/current/nifty500_constituents_raw.csv,https://www.niftyindices.com/IndexConstituent/ind_nifty500list.csv,OFFICIAL_CURRENT_SNAPSHOT,HIGH,HIGH,PARSED,Current snapshot only; does not prove historical start date.
NIFTY 500,Mangalore Refinery & Petrochemicals Ltd.,MANGALORE REFINERY AND PETROCHEMICALS,MRPL,INE103A01014,CURRENT_SNAPSHOT,,2026-09-07,data/reference/nifty500/current/nifty500_constituents_raw.csv,https://www.niftyindices.com/IndexConstituent/ind_nifty500list.csv,OFFICIAL_CURRENT_SNAPSHOT,HIGH,HIGH,PARSED,Current snapshot only; does not prove historical start date.
NIFTY 500,Motherson Sumi Wiring India Ltd.,MOTHERSON SUMI WIRING INDIA,MSUMI,INE0FS801015,CURRENT_SNAPSHOT,,2026-09-07,data/reference/nifty500/current/nifty500_constituents_raw.csv,https://www.niftyindices.com/IndexConstituent/ind_nifty500list.csv,OFFICIAL_CURRENT_SNAPSHOT,HIGH,HIGH,PARSED,Current snapshot only; does not prove historical start date.
NIFTY 500,Muthoot Finance Ltd.,MUTHOOT FINANCE,MUTHOOTFIN,INE414G01012,CURRENT_SNAPSHOT,,2026-09-07,data/reference/nifty500/current/nifty500_constituents_raw.csv,https://www.niftyindices.com/IndexConstituent/ind_nifty500list.csv,OFFICIAL_CURRENT_SNAPSHOT,HIGH,HIGH,PARSED,Current snapshot only; does not prove historical start date.
NIFTY 500,Nippon Life India Asset Management Ltd.,NIPPON LIFE INDIA ASSET MANAGEMENT,NAM-INDIA,INE298J01013,CURRENT_SNAPSHOT,,2026-09-07,data/reference/nifty500/current/nifty500_constituents_raw.csv,https://www.niftyindices.com/IndexConstituent/ind_nifty500list.csv,OFFICIAL_CURRENT_SNAPSHOT,HIGH,HIGH,PARSED,Current snapshot only; does not prove historical start date.
NIFTY 500,NATCO Pharma Ltd.,NATCO PHARMA,NATCOPHARM,INE987B01026,CURRENT_SNAPSHOT,,2026-09-07,data/reference/nifty500/current/nifty500_constituents_raw.csv,https://www.niftyindices.com/IndexConstituent/ind_nifty500list.csv,OFFICIAL_CURRENT_SNAPSHOT,HIGH,HIGH,PARSED,Current snapshot only; does not prove historical start date.
NIFTY 500,National Aluminium Co. Ltd.,NATIONAL ALUMINIUM CO,NATIONALUM,INE139A01034,CURRENT_SNAPSHOT,,2026-09-07,data/reference/nifty500/current/nifty500_constituents_raw.csv,https://www.niftyindices.com/IndexConstituent/ind_nifty500list.csv,OFFICIAL_CURRENT_SNAPSHOT,HIGH,HIGH,PARSED,Current snapshot only; does not prove historical start date.
NIFTY 500,Info Edge (India) Ltd.,INFO EDGE (INDIA),NAUKRI,INE663F01032,CURRENT_SNAPSHOT,,2026-09-07,data/reference/nifty500/current/nifty500_constituents_raw.csv,https://www.niftyindices.com/IndexConstituent/ind_nifty500list.csv,OFFICIAL_CURRENT_SNAPSHOT,HIGH,HIGH,PARSED,Current snapshot only; does not prove historical start date.
NIFTY 500,Nava Ltd.,NAVA,NAVA,INE725A01030,CURRENT_SNAPSHOT,,2026-09-07,data/reference/nifty500/current/nifty500_constituents_raw.csv,https://www.niftyindices.com/IndexConstituent/ind_nifty500list.csv,OFFICIAL_CURRENT_SNAPSHOT,HIGH,HIGH,PARSED,Current snapshot only; does not prove historical start date.
NIFTY 500,Navin Fluorine International Ltd.,NAVIN FLUORINE INTERNATIONAL,NAVINFLUOR,INE048G01026,CURRENT_SNAPSHOT,,2026-09-07,data/reference/nifty500/current/nifty500_constituents_raw.csv,https://www.niftyindices.com/IndexConstituent/ind_nifty500list.csv,OFFICIAL_CURRENT_SNAPSHOT,HIGH,HIGH,PARSED,Current snapshot only; does not prove historical start date.
NIFTY 500,NBCC (India) Ltd.,NBCC (INDIA),NBCC,INE095N01031,CURRENT_SNAPSHOT,,2026-09-07,data/reference/nifty500/current/nifty500_constituents_raw.csv,https://www.niftyindices.com/IndexConstituent/ind_nifty500list.csv,OFFICIAL_CURRENT_SNAPSHOT,HIGH,HIGH,PARSED,Current snapshot only; does not prove historical start date.
NIFTY 500,NCC Ltd.,NCC,NCC,INE868B01028,CURRENT_SNAPSHOT,,2026-09-07,data/reference/nifty500/current/nifty500_constituents_raw.csv,https://www.niftyindices.com/IndexConstituent/ind_nifty500list.csv,OFFICIAL_CURRENT_SNAPSHOT,HIGH,HIGH,PARSED,Current snapshot only; does not prove historical start date.
NIFTY 500,Nestle India Ltd.,NESTLE INDIA,NESTLEIND,INE239A01024,CURRENT_SNAPSHOT,,2026-09-07,data/reference/nifty500/current/nifty500_constituents_raw.csv,https://www.niftyindices.com/IndexConstituent/ind_nifty500list.csv,OFFICIAL_CURRENT_SNAPSHOT,HIGH,HIGH,PARSED,Current snapshot only; does not prove historical start date.
NIFTY 500,Netweb Technologies India Ltd.,NETWEB TECHNOLOGIES INDIA,NETWEB,INE0NT901020,CURRENT_SNAPSHOT,,2026-09-07,data/reference/nifty500/current/nifty500_constituents_raw.csv,https://www.niftyindices.com/IndexConstituent/ind_nifty500list.csv,OFFICIAL_CURRENT_SNAPSHOT,HIGH,HIGH,PARSED,Current snapshot only; does not prove historical start date.
NIFTY 500,Neuland Laboratories Ltd.,NEULAND LABORATORIES,NEULANDLAB,INE794A01010,CURRENT_SNAPSHOT,,2026-09-07,data/reference/nifty500/current/nifty500_constituents_raw.csv,https://www.niftyindices.com/IndexConstituent/ind_nifty500list.csv,OFFICIAL_CURRENT_SNAPSHOT,HIGH,HIGH,PARSED,Current snapshot only; does not prove historical start date.
NIFTY 500,Newgen Software Technologies Ltd.,NEWGEN SOFTWARE TECHNOLOGIES,NEWGEN,INE619B01017,CURRENT_SNAPSHOT,,2026-09-07,data/reference/nifty500/current/nifty500_constituents_raw.csv,https://www.niftyindices.com/IndexConstituent/ind_nifty500list.csv,OFFICIAL_CURRENT_SNAPSHOT,HIGH,HIGH,PARSED,Current snapshot only; does not prove historical start date.
NIFTY 500,Narayana Hrudayalaya Ltd.,NARAYANA HRUDAYALAYA,NH,INE410P01011,CURRENT_SNAPSHOT,,2026-09-07,data/reference/nifty500/current/nifty500_constituents_raw.csv,https://www.niftyindices.com/IndexConstituent/ind_nifty500list.csv,OFFICIAL_CURRENT_SNAPSHOT,HIGH,HIGH,PARSED,Current snapshot only; does not prove historical start date.
NIFTY 500,NHPC Ltd.,NHPC,NHPC,INE848E01016,CURRENT_SNAPSHOT,,2026-09-07,data/reference/nifty500/current/nifty500_constituents_raw.csv,https://www.niftyindices.com/IndexConstituent/ind_nifty500list.csv,OFFICIAL_CURRENT_SNAPSHOT,HIGH,HIGH,PARSED,Current snapshot only; does not prove historical start date.
NIFTY 500,The New India Assurance Company Ltd.,THE NEW INDIA ASSURANCE COMPANY,NIACL,INE470Y01017,CURRENT_SNAPSHOT,,2026-09-07,data/reference/nifty500/current/nifty500_constituents_raw.csv,https://www.niftyindices.com/IndexConstituent/ind_nifty500list.csv,OFFICIAL_CURRENT_SNAPSHOT,HIGH,HIGH,PARSED,Current snapshot only; does not prove historical start date.
NIFTY 500,Niva Bupa Health Insurance Company Ltd.,NIVA BUPA HEALTH INSURANCE COMPANY,NIVABUPA,INE995S01015,CURRENT_SNAPSHOT,,2026-09-07,data/reference/nifty500/current/nifty500_constituents_raw.csv,https://www.niftyindices.com/IndexConstituent/ind_nifty500list.csv,OFFICIAL_CURRENT_SNAPSHOT,HIGH,HIGH,PARSED,Current snapshot only; does not prove historical start date.
NIFTY 500,NLC India Ltd.,NLC INDIA,NLCINDIA,INE589A01014,CURRENT_SNAPSHOT,,2026-09-07,data/reference/nifty500/current/nifty500_constituents_raw.csv,https://www.niftyindices.com/IndexConstituent/ind_nifty500list.csv,OFFICIAL_CURRENT_SNAPSHOT,HIGH,HIGH,PARSED,Current snapshot only; does not prove historical start date.
NIFTY 500,NMDC Ltd.,NMDC,NMDC,INE584A01023,CURRENT_SNAPSHOT,,2026-09-07,data/reference/nifty500/current/nifty500_constituents_raw.csv,https://www.niftyindices.com/IndexConstituent/ind_nifty500list.csv,OFFICIAL_CURRENT_SNAPSHOT,HIGH,HIGH,PARSED,Current snapshot only; does not prove historical start date.
NIFTY 500,NMDC Steel Ltd.,NMDC STEEL,NSLNISP,INE0NNS01018,CURRENT_SNAPSHOT,,2026-09-07,data/reference/nifty500/current/nifty500_constituents_raw.csv,https://www.niftyindices.com/IndexConstituent/ind_nifty500list.csv,OFFICIAL_CURRENT_SNAPSHOT,HIGH,HIGH,PARSED,Current snapshot only; does not prove historical start date.
NIFTY 500,NTPC Ltd.,NTPC,NTPC,INE733E01010,CURRENT_SNAPSHOT,,2026-09-07,data/reference/nifty500/current/nifty500_constituents_raw.csv,https://www.niftyindices.com/IndexConstituent/ind_nifty500list.csv,OFFICIAL_CURRENT_SNAPSHOT,HIGH,HIGH,PARSED,Current snapshot only; does not prove historical start date.
NIFTY 500,NTPC Green Energy Ltd.,NTPC GREEN ENERGY,NTPCGREEN,INE0ONG01011,CURRENT_SNAPSHOT,,2026-09-07,data/reference/nifty500/current/nifty500_constituents_raw.csv,https://www.niftyindices.com/IndexConstituent/ind_nifty500list.csv,OFFICIAL_CURRENT_SNAPSHOT,HIGH,HIGH,PARSED,Current snapshot only; does not prove historical start date.
NIFTY 500,Nuvama Wealth Management Ltd.,NUVAMA WEALTH MANAGEMENT,NUVAMA,INE531F01023,CURRENT_SNAPSHOT,,2026-09-07,data/reference/nifty500/current/nifty500_constituents_raw.csv,https://www.niftyindices.com/IndexConstituent/ind_nifty500list.csv,OFFICIAL_CURRENT_SNAPSHOT,HIGH,HIGH,PARSED,Current snapshot only; does not prove historical start date.
NIFTY 500,Nuvoco Vistas Corporation Ltd.,NUVOCO VISTAS CORPORATION,NUVOCO,INE118D01016,CURRENT_SNAPSHOT,,2026-09-07,data/reference/nifty500/current/nifty500_constituents_raw.csv,https://www.niftyindices.com/IndexConstituent/ind_nifty500list.csv,OFFICIAL_CURRENT_SNAPSHOT,HIGH,HIGH,PARSED,Current snapshot only; does not prove historical start date.
NIFTY 500,FSN E-Commerce Ventures Ltd.,FSN E COMMERCE VENTURES,NYKAA,INE388Y01029,CURRENT_SNAPSHOT,,2026-09-07,data/reference/nifty500/current/nifty500_constituents_raw.csv,https://www.niftyindices.com/IndexConstituent/ind_nifty500list.csv,OFFICIAL_CURRENT_SNAPSHOT,HIGH,HIGH,PARSED,Current snapshot only; does not prove historical start date.
NIFTY 500,Oberoi Realty Ltd.,OBEROI REALTY,OBEROIRLTY,INE093I01010,CURRENT_SNAPSHOT,,2026-09-07,data/reference/nifty500/current/nifty500_constituents_raw.csv,https://www.niftyindices.com/IndexConstituent/ind_nifty500list.csv,OFFICIAL_CURRENT_SNAPSHOT,HIGH,HIGH,PARSED,Current snapshot only; does not prove historical start date.
NIFTY 500,Oracle Financial Services Software Ltd.,ORACLE FINANCIAL SERVICES SOFTWARE,OFSS,INE881D01027,CURRENT_SNAPSHOT,,2026-09-07,data/reference/nifty500/current/nifty500_constituents_raw.csv,https://www.niftyindices.com/IndexConstituent/ind_nifty500list.csv,OFFICIAL_CURRENT_SNAPSHOT,HIGH,HIGH,PARSED,Current snapshot only; does not prove historical start date.
NIFTY 500,Oil India Ltd.,OIL INDIA,OIL,INE274J01014,CURRENT_SNAPSHOT,,2026-09-07,data/reference/nifty500/current/nifty500_constituents_raw.csv,https://www.niftyindices.com/IndexConstituent/ind_nifty500list.csv,OFFICIAL_CURRENT_SNAPSHOT,HIGH,HIGH,PARSED,Current snapshot only; does not prove historical start date.
NIFTY 500,Ola Electric Mobility Ltd.,OLA ELECTRIC MOBILITY,OLAELEC,INE0LXG01040,CURRENT_SNAPSHOT,,2026-09-07,data/reference/nifty500/current/nifty500_constituents_raw.csv,https://www.niftyindices.com/IndexConstituent/ind_nifty500list.csv,OFFICIAL_CURRENT_SNAPSHOT,HIGH,HIGH,PARSED,Current snapshot only; does not prove historical start date.
NIFTY 500,Olectra Greentech Ltd.,OLECTRA GREENTECH,OLECTRA,INE260D01016,CURRENT_SNAPSHOT,,2026-09-07,data/reference/nifty500/current/nifty500_constituents_raw.csv,https://www.niftyindices.com/IndexConstituent/ind_nifty500list.csv,OFFICIAL_CURRENT_SNAPSHOT,HIGH,HIGH,PARSED,Current snapshot only; does not prove historical start date.
NIFTY 500,Onesource Specialty Pharma Ltd.,ONESOURCE SPECIALTY PHARMA,ONESOURCE,INE013P01021,CURRENT_SNAPSHOT,,2026-09-07,data/reference/nifty500/current/nifty500_constituents_raw.csv,https://www.niftyindices.com/IndexConstituent/ind_nifty500list.csv,OFFICIAL_CURRENT_SNAPSHOT,HIGH,HIGH,PARSED,Current snapshot only; does not prove historical start date.
NIFTY 500,Oil & Natural Gas Corporation Ltd.,OIL AND NATURAL GAS CORPORATION,ONGC,INE213A01029,CURRENT_SNAPSHOT,,2026-09-07,data/reference/nifty500/current/nifty500_constituents_raw.csv,https://www.niftyindices.com/IndexConstituent/ind_nifty500list.csv,OFFICIAL_CURRENT_SNAPSHOT,HIGH,HIGH,PARSED,Current snapshot only; does not prove historical start date.
NIFTY 500,Page Industries Ltd.,PAGE INDUSTRIES,PAGEIND,INE761H01022,CURRENT_SNAPSHOT,,2026-09-07,data/reference/nifty500/current/nifty500_constituents_raw.csv,https://www.niftyindices.com/IndexConstituent/ind_nifty500list.csv,OFFICIAL_CURRENT_SNAPSHOT,HIGH,HIGH,PARSED,Current snapshot only; does not prove historical start date.
NIFTY 500,Paradeep Phosphates Ltd.,PARADEEP PHOSPHATES,PARADEEP,INE088F01024,CURRENT_SNAPSHOT,,2026-09-07,data/reference/nifty500/current/nifty500_constituents_raw.csv,https://www.niftyindices.com/IndexConstituent/ind_nifty500list.csv,OFFICIAL_CURRENT_SNAPSHOT,HIGH,HIGH,PARSED,Current snapshot only; does not prove historical start date.
NIFTY 500,Patanjali Foods Ltd.,PATANJALI FOODS,PATANJALI,INE619A01035,CURRENT_SNAPSHOT,,2026-09-07,data/reference/nifty500/current/nifty500_constituents_raw.csv,https://www.niftyindices.com/IndexConstituent/ind_nifty500list.csv,OFFICIAL_CURRENT_SNAPSHOT,HIGH,HIGH,PARSED,Current snapshot only; does not prove historical start date.
NIFTY 500,One 97 Communications Ltd.,ONE 97 COMMUNICATIONS,PAYTM,INE982J01020,CURRENT_SNAPSHOT,,2026-09-07,data/reference/nifty500/current/nifty500_constituents_raw.csv,https://www.niftyindices.com/IndexConstituent/ind_nifty500list.csv,OFFICIAL_CURRENT_SNAPSHOT,HIGH,HIGH,PARSED,Current snapshot only; does not prove historical start date.
NIFTY 500,PCBL Chemical Ltd.,PCBL CHEMICAL,PCBL,INE602A01031,CURRENT_SNAPSHOT,,2026-09-07,data/reference/nifty500/current/nifty500_constituents_raw.csv,https://www.niftyindices.com/IndexConstituent/ind_nifty500list.csv,OFFICIAL_CURRENT_SNAPSHOT,HIGH,HIGH,PARSED,Current snapshot only; does not prove historical start date.
NIFTY 500,Persistent Systems Ltd.,PERSISTENT SYSTEMS,PERSISTENT,INE262H01021,CURRENT_SNAPSHOT,,2026-09-07,data/reference/nifty500/current/nifty500_constituents_raw.csv,https://www.niftyindices.com/IndexConstituent/ind_nifty500list.csv,OFFICIAL_CURRENT_SNAPSHOT,HIGH,HIGH,PARSED,Current snapshot only; does not prove historical start date.
NIFTY 500,Petronet LNG Ltd.,PETRONET LNG,PETRONET,INE347G01014,CURRENT_SNAPSHOT,,2026-09-07,data/reference/nifty500/current/nifty500_constituents_raw.csv,https://www.niftyindices.com/IndexConstituent/ind_nifty500list.csv,OFFICIAL_CURRENT_SNAPSHOT,HIGH,HIGH,PARSED,Current snapshot only; does not prove historical start date.
NIFTY 500,Power Finance Corporation Ltd.,POWER FINANCE CORPORATION,PFC,INE134E01011,CURRENT_SNAPSHOT,,2026-09-07,data/reference/nifty500/current/nifty500_constituents_raw.csv,https://www.niftyindices.com/IndexConstituent/ind_nifty500list.csv,OFFICIAL_CURRENT_SNAPSHOT,HIGH,HIGH,PARSED,Current snapshot only; does not prove historical start date.
NIFTY 500,Pfizer Ltd.,PFIZER,PFIZER,INE182A01018,CURRENT_SNAPSHOT,,2026-09-07,data/reference/nifty500/current/nifty500_constituents_raw.csv,https://www.niftyindices.com/IndexConstituent/ind_nifty500list.csv,OFFICIAL_CURRENT_SNAPSHOT,HIGH,HIGH,PARSED,Current snapshot only; does not prove historical start date.
NIFTY 500,Prime Focus Ltd.,PRIME FOCUS,PFOCUS,INE367G01038,CURRENT_SNAPSHOT,,2026-09-07,data/reference/nifty500/current/nifty500_constituents_raw.csv,https://www.niftyindices.com/IndexConstituent/ind_nifty500list.csv,OFFICIAL_CURRENT_SNAPSHOT,HIGH,HIGH,PARSED,Current snapshot only; does not prove historical start date.
NIFTY 500,PG Electroplast Ltd.,PG ELECTROPLAST,PGEL,INE457L01029,CURRENT_SNAPSHOT,,2026-09-07,data/reference/nifty500/current/nifty500_constituents_raw.csv,https://www.niftyindices.com/IndexConstituent/ind_nifty500list.csv,OFFICIAL_CURRENT_SNAPSHOT,HIGH,HIGH,PARSED,Current snapshot only; does not prove historical start date.
NIFTY 500,Phoenix Mills Ltd.,PHOENIX MILLS,PHOENIXLTD,INE211B01039,CURRENT_SNAPSHOT,,2026-09-07,data/reference/nifty500/current/nifty500_constituents_raw.csv,https://www.niftyindices.com/IndexConstituent/ind_nifty500list.csv,OFFICIAL_CURRENT_SNAPSHOT,HIGH,HIGH,PARSED,Current snapshot only; does not prove historical start date.
NIFTY 500,Pidilite Industries Ltd.,PIDILITE INDUSTRIES,PIDILITIND,INE318A01026,CURRENT_SNAPSHOT,,2026-09-07,data/reference/nifty500/current/nifty500_constituents_raw.csv,https://www.niftyindices.com/IndexConstituent/ind_nifty500list.csv,OFFICIAL_CURRENT_SNAPSHOT,HIGH,HIGH,PARSED,Current snapshot only; does not prove historical start date.
NIFTY 500,PI Industries Ltd.,PI INDUSTRIES,PIIND,INE603J01030,CURRENT_SNAPSHOT,,2026-09-07,data/reference/nifty500/current/nifty500_constituents_raw.csv,https://www.niftyindices.com/IndexConstituent/ind_nifty500list.csv,OFFICIAL_CURRENT_SNAPSHOT,HIGH,HIGH,PARSED,Current snapshot only; does not prove historical start date.
NIFTY 500,Pine Labs Ltd.,PINE LABS,PINELABS,INE15B701018,CURRENT_SNAPSHOT,,2026-09-07,data/reference/nifty500/current/nifty500_constituents_raw.csv,https://www.niftyindices.com/IndexConstituent/ind_nifty500list.csv,OFFICIAL_CURRENT_SNAPSHOT,HIGH,HIGH,PARSED,Current snapshot only; does not prove historical start date.
NIFTY 500,Piramal Finance Ltd.,PIRAMAL FINANCE,PIRAMALFIN,INE202B01038,CURRENT_SNAPSHOT,,2026-09-07,data/reference/nifty500/current/nifty500_constituents_raw.csv,https://www.niftyindices.com/IndexConstituent/ind_nifty500list.csv,OFFICIAL_CURRENT_SNAPSHOT,HIGH,HIGH,PARSED,Current snapshot only; does not prove historical start date.
NIFTY 500,Punjab National Bank,PUNJAB NATIONAL BANK,PNB,INE160A01022,CURRENT_SNAPSHOT,,2026-09-07,data/reference/nifty500/current/nifty500_constituents_raw.csv,https://www.niftyindices.com/IndexConstituent/ind_nifty500list.csv,OFFICIAL_CURRENT_SNAPSHOT,HIGH,HIGH,PARSED,Current snapshot only; does not prove historical start date.
NIFTY 500,PNB Housing Finance Ltd.,PNB HOUSING FINANCE,PNBHOUSING,INE572E01012,CURRENT_SNAPSHOT,,2026-09-07,data/reference/nifty500/current/nifty500_constituents_raw.csv,https://www.niftyindices.com/IndexConstituent/ind_nifty500list.csv,OFFICIAL_CURRENT_SNAPSHOT,HIGH,HIGH,PARSED,Current snapshot only; does not prove historical start date.
NIFTY 500,PB Fintech Ltd.,PB FINTECH,POLICYBZR,INE417T01026,CURRENT_SNAPSHOT,,2026-09-07,data/reference/nifty500/current/nifty500_constituents_raw.csv,https://www.niftyindices.com/IndexConstituent/ind_nifty500list.csv,OFFICIAL_CURRENT_SNAPSHOT,HIGH,HIGH,PARSED,Current snapshot only; does not prove historical start date.
NIFTY 500,Polycab India Ltd.,POLYCAB INDIA,POLYCAB,INE455K01017,CURRENT_SNAPSHOT,,2026-09-07,data/reference/nifty500/current/nifty500_constituents_raw.csv,https://www.niftyindices.com/IndexConstituent/ind_nifty500list.csv,OFFICIAL_CURRENT_SNAPSHOT,HIGH,HIGH,PARSED,Current snapshot only; does not prove historical start date.
NIFTY 500,Poly Medicure Ltd.,POLY MEDICURE,POLYMED,INE205C01021,CURRENT_SNAPSHOT,,2026-09-07,data/reference/nifty500/current/nifty500_constituents_raw.csv,https://www.niftyindices.com/IndexConstituent/ind_nifty500list.csv,OFFICIAL_CURRENT_SNAPSHOT,HIGH,HIGH,PARSED,Current snapshot only; does not prove historical start date.
NIFTY 500,Poonawalla Fincorp Ltd.,POONAWALLA FINCORP,POONAWALLA,INE511C01022,CURRENT_SNAPSHOT,,2026-09-07,data/reference/nifty500/current/nifty500_constituents_raw.csv,https://www.niftyindices.com/IndexConstituent/ind_nifty500list.csv,OFFICIAL_CURRENT_SNAPSHOT,HIGH,HIGH,PARSED,Current snapshot only; does not prove historical start date.
NIFTY 500,Power Grid Corporation of India Ltd.,POWER GRID CORPORATION OF INDIA,POWERGRID,INE752E01010,CURRENT_SNAPSHOT,,2026-09-07,data/reference/nifty500/current/nifty500_constituents_raw.csv,https://www.niftyindices.com/IndexConstituent/ind_nifty500list.csv,OFFICIAL_CURRENT_SNAPSHOT,HIGH,HIGH,PARSED,Current snapshot only; does not prove historical start date.
NIFTY 500,Hitachi Energy India Ltd.,HITACHI ENERGY INDIA,POWERINDIA,INE07Y701011,CURRENT_SNAPSHOT,,2026-09-07,data/reference/nifty500/current/nifty500_constituents_raw.csv,https://www.niftyindices.com/IndexConstituent/ind_nifty500list.csv,OFFICIAL_CURRENT_SNAPSHOT,HIGH,HIGH,PARSED,Current snapshot only; does not prove historical start date.
NIFTY 500,Piramal Pharma Ltd.,PIRAMAL PHARMA,PPLPHARMA,INE0DK501011,CURRENT_SNAPSHOT,,2026-09-07,data/reference/nifty500/current/nifty500_constituents_raw.csv,https://www.niftyindices.com/IndexConstituent/ind_nifty500list.csv,OFFICIAL_CURRENT_SNAPSHOT,HIGH,HIGH,PARSED,Current snapshot only; does not prove historical start date.
NIFTY 500,Premier Energies Ltd.,PREMIER ENERGIES,PREMIERENE,INE0BS701011,CURRENT_SNAPSHOT,,2026-09-07,data/reference/nifty500/current/nifty500_constituents_raw.csv,https://www.niftyindices.com/IndexConstituent/ind_nifty500list.csv,OFFICIAL_CURRENT_SNAPSHOT,HIGH,HIGH,PARSED,Current snapshot only; does not prove historical start date.
NIFTY 500,Prestige Estates Projects Ltd.,PRESTIGE ESTATES PROJECTS,PRESTIGE,INE811K01011,CURRENT_SNAPSHOT,,2026-09-07,data/reference/nifty500/current/nifty500_constituents_raw.csv,https://www.niftyindices.com/IndexConstituent/ind_nifty500list.csv,OFFICIAL_CURRENT_SNAPSHOT,HIGH,HIGH,PARSED,Current snapshot only; does not prove historical start date.
NIFTY 500,PTC Industries Ltd.,PTC INDUSTRIES,PTCIL,INE596F01018,CURRENT_SNAPSHOT,,2026-09-07,data/reference/nifty500/current/nifty500_constituents_raw.csv,https://www.niftyindices.com/IndexConstituent/ind_nifty500list.csv,OFFICIAL_CURRENT_SNAPSHOT,HIGH,HIGH,PARSED,Current snapshot only; does not prove historical start date.
NIFTY 500,PVR INOX Ltd.,PVR INOX,PVRINOX,INE191H01014,CURRENT_SNAPSHOT,,2026-09-07,data/reference/nifty500/current/nifty500_constituents_raw.csv,https://www.niftyindices.com/IndexConstituent/ind_nifty500list.csv,OFFICIAL_CURRENT_SNAPSHOT,HIGH,HIGH,PARSED,Current snapshot only; does not prove historical start date.
NIFTY 500,Physicswallah Ltd.,PHYSICSWALLAH,PWL,INE0LP301011,CURRENT_SNAPSHOT,,2026-09-07,data/reference/nifty500/current/nifty500_constituents_raw.csv,https://www.niftyindices.com/IndexConstituent/ind_nifty500list.csv,OFFICIAL_CURRENT_SNAPSHOT,HIGH,HIGH,PARSED,Current snapshot only; does not prove historical start date.
NIFTY 500,Radico Khaitan Ltd,RADICO KHAITAN,RADICO,INE944F01028,CURRENT_SNAPSHOT,,2026-09-07,data/reference/nifty500/current/nifty500_constituents_raw.csv,https://www.niftyindices.com/IndexConstituent/ind_nifty500list.csv,OFFICIAL_CURRENT_SNAPSHOT,HIGH,HIGH,PARSED,Current snapshot only; does not prove historical start date.
NIFTY 500,Railtel Corporation Of India Ltd.,RAILTEL CORPORATION OF INDIA,RAILTEL,INE0DD101019,CURRENT_SNAPSHOT,,2026-09-07,data/reference/nifty500/current/nifty500_constituents_raw.csv,https://www.niftyindices.com/IndexConstituent/ind_nifty500list.csv,OFFICIAL_CURRENT_SNAPSHOT,HIGH,HIGH,PARSED,Current snapshot only; does not prove historical start date.
NIFTY 500,Rainbow Childrens Medicare Ltd.,RAINBOW CHILDRENS MEDICARE,RAINBOW,INE961O01016,CURRENT_SNAPSHOT,,2026-09-07,data/reference/nifty500/current/nifty500_constituents_raw.csv,https://www.niftyindices.com/IndexConstituent/ind_nifty500list.csv,OFFICIAL_CURRENT_SNAPSHOT,HIGH,HIGH,PARSED,Current snapshot only; does not prove historical start date.
NIFTY 500,The Ramco Cements Ltd.,THE RAMCO CEMENTS,RAMCOCEM,INE331A01037,CURRENT_SNAPSHOT,,2026-09-07,data/reference/nifty500/current/nifty500_constituents_raw.csv,https://www.niftyindices.com/IndexConstituent/ind_nifty500list.csv,OFFICIAL_CURRENT_SNAPSHOT,HIGH,HIGH,PARSED,Current snapshot only; does not prove historical start date.
NIFTY 500,RBL Bank Ltd.,RBL BANK,RBLBANK,INE976G01028,CURRENT_SNAPSHOT,,2026-09-07,data/reference/nifty500/current/nifty500_constituents_raw.csv,https://www.niftyindices.com/IndexConstituent/ind_nifty500list.csv,OFFICIAL_CURRENT_SNAPSHOT,HIGH,HIGH,PARSED,Current snapshot only; does not prove historical start date.
NIFTY 500,REC Ltd.,REC,RECLTD,INE020B01018,CURRENT_SNAPSHOT,,2026-09-07,data/reference/nifty500/current/nifty500_constituents_raw.csv,https://www.niftyindices.com/IndexConstituent/ind_nifty500list.csv,OFFICIAL_CURRENT_SNAPSHOT,HIGH,HIGH,PARSED,Current snapshot only; does not prove historical start date.
NIFTY 500,Redington Ltd.,REDINGTON,REDINGTON,INE891D01026,CURRENT_SNAPSHOT,,2026-09-07,data/reference/nifty500/current/nifty500_constituents_raw.csv,https://www.niftyindices.com/IndexConstituent/ind_nifty500list.csv,OFFICIAL_CURRENT_SNAPSHOT,HIGH,HIGH,PARSED,Current snapshot only; does not prove historical start date.
NIFTY 500,Reliance Industries Ltd.,RELIANCE INDUSTRIES,RELIANCE,INE002A01018,CURRENT_SNAPSHOT,,2026-09-07,data/reference/nifty500/current/nifty500_constituents_raw.csv,https://www.niftyindices.com/IndexConstituent/ind_nifty500list.csv,OFFICIAL_CURRENT_SNAPSHOT,HIGH,HIGH,PARSED,Current snapshot only; does not prove historical start date.
NIFTY 500,RHI MAGNESITA INDIA LTD.,RHI MAGNESITA INDIA,RHIM,INE743M01012,CURRENT_SNAPSHOT,,2026-09-07,data/reference/nifty500/current/nifty500_constituents_raw.csv,https://www.niftyindices.com/IndexConstituent/ind_nifty500list.csv,OFFICIAL_CURRENT_SNAPSHOT,HIGH,HIGH,PARSED,Current snapshot only; does not prove historical start date.
NIFTY 500,RITES Ltd.,RITES,RITES,INE320J01015,CURRENT_SNAPSHOT,,2026-09-07,data/reference/nifty500/current/nifty500_constituents_raw.csv,https://www.niftyindices.com/IndexConstituent/ind_nifty500list.csv,OFFICIAL_CURRENT_SNAPSHOT,HIGH,HIGH,PARSED,Current snapshot only; does not prove historical start date.
NIFTY 500,Ramkrishna Forgings Ltd.,RAMKRISHNA FORGINGS,RKFORGE,INE399G01023,CURRENT_SNAPSHOT,,2026-09-07,data/reference/nifty500/current/nifty500_constituents_raw.csv,https://www.niftyindices.com/IndexConstituent/ind_nifty500list.csv,OFFICIAL_CURRENT_SNAPSHOT,HIGH,HIGH,PARSED,Current snapshot only; does not prove historical start date.
NIFTY 500,Reliance Power Ltd.,RELIANCE POWER,RPOWER,INE614G01033,CURRENT_SNAPSHOT,,2026-09-07,data/reference/nifty500/current/nifty500_constituents_raw.csv,https://www.niftyindices.com/IndexConstituent/ind_nifty500list.csv,OFFICIAL_CURRENT_SNAPSHOT,HIGH,HIGH,PARSED,Current snapshot only; does not prove historical start date.
NIFTY 500,R R Kabel Ltd.,R R KABEL,RRKABEL,INE777K01022,CURRENT_SNAPSHOT,,2026-09-07,data/reference/nifty500/current/nifty500_constituents_raw.csv,https://www.niftyindices.com/IndexConstituent/ind_nifty500list.csv,OFFICIAL_CURRENT_SNAPSHOT,HIGH,HIGH,PARSED,Current snapshot only; does not prove historical start date.
NIFTY 500,Rail Vikas Nigam Ltd.,RAIL VIKAS NIGAM,RVNL,INE415G01027,CURRENT_SNAPSHOT,,2026-09-07,data/reference/nifty500/current/nifty500_constituents_raw.csv,https://www.niftyindices.com/IndexConstituent/ind_nifty500list.csv,OFFICIAL_CURRENT_SNAPSHOT,HIGH,HIGH,PARSED,Current snapshot only; does not prove historical start date.
NIFTY 500,Sagility Ltd.,SAGILITY,SAGILITY,INE0W2G01015,CURRENT_SNAPSHOT,,2026-09-07,data/reference/nifty500/current/nifty500_constituents_raw.csv,https://www.niftyindices.com/IndexConstituent/ind_nifty500list.csv,OFFICIAL_CURRENT_SNAPSHOT,HIGH,HIGH,PARSED,Current snapshot only; does not prove historical start date.
NIFTY 500,Steel Authority of India Ltd.,STEEL AUTHORITY OF INDIA,SAIL,INE114A01011,CURRENT_SNAPSHOT,,2026-09-07,data/reference/nifty500/current/nifty500_constituents_raw.csv,https://www.niftyindices.com/IndexConstituent/ind_nifty500list.csv,OFFICIAL_CURRENT_SNAPSHOT,HIGH,HIGH,PARSED,Current snapshot only; does not prove historical start date.
NIFTY 500,Sai Life Sciences Ltd.,SAI LIFE SCIENCES,SAILIFE,INE570L01029,CURRENT_SNAPSHOT,,2026-09-07,data/reference/nifty500/current/nifty500_constituents_raw.csv,https://www.niftyindices.com/IndexConstituent/ind_nifty500list.csv,OFFICIAL_CURRENT_SNAPSHOT,HIGH,HIGH,PARSED,Current snapshot only; does not prove historical start date.
NIFTY 500,Sammaan Capital Ltd.,SAMMAAN CAPITAL,SAMMAANCAP,INE148I01020,CURRENT_SNAPSHOT,,2026-09-07,data/reference/nifty500/current/nifty500_constituents_raw.csv,https://www.niftyindices.com/IndexConstituent/ind_nifty500list.csv,OFFICIAL_CURRENT_SNAPSHOT,HIGH,HIGH,PARSED,Current snapshot only; does not prove historical start date.
NIFTY 500,Sapphire Foods India Ltd.,SAPPHIRE FOODS INDIA,SAPPHIRE,INE806T01020,CURRENT_SNAPSHOT,,2026-09-07,data/reference/nifty500/current/nifty500_constituents_raw.csv,https://www.niftyindices.com/IndexConstituent/ind_nifty500list.csv,OFFICIAL_CURRENT_SNAPSHOT,HIGH,HIGH,PARSED,Current snapshot only; does not prove historical start date.
NIFTY 500,Sarda Energy and Minerals Ltd.,SARDA ENERGY AND MINERALS,SARDAEN,INE385C01021,CURRENT_SNAPSHOT,,2026-09-07,data/reference/nifty500/current/nifty500_constituents_raw.csv,https://www.niftyindices.com/IndexConstituent/ind_nifty500list.csv,OFFICIAL_CURRENT_SNAPSHOT,HIGH,HIGH,PARSED,Current snapshot only; does not prove historical start date.
NIFTY 500,Saregama India Ltd,SAREGAMA INDIA,SAREGAMA,INE979A01025,CURRENT_SNAPSHOT,,2026-09-07,data/reference/nifty500/current/nifty500_constituents_raw.csv,https://www.niftyindices.com/IndexConstituent/ind_nifty500list.csv,OFFICIAL_CURRENT_SNAPSHOT,HIGH,HIGH,PARSED,Current snapshot only; does not prove historical start date.
NIFTY 500,SBFC Finance Ltd.,SBFC FINANCE,SBFC,INE423Y01016,CURRENT_SNAPSHOT,,2026-09-07,data/reference/nifty500/current/nifty500_constituents_raw.csv,https://www.niftyindices.com/IndexConstituent/ind_nifty500list.csv,OFFICIAL_CURRENT_SNAPSHOT,HIGH,HIGH,PARSED,Current snapshot only; does not prove historical start date.
NIFTY 500,SBI Cards and Payment Services Ltd.,SBI CARDS AND PAYMENT SERVICES,SBICARD,INE018E01016,CURRENT_SNAPSHOT,,2026-09-07,data/reference/nifty500/current/nifty500_constituents_raw.csv,https://www.niftyindices.com/IndexConstituent/ind_nifty500list.csv,OFFICIAL_CURRENT_SNAPSHOT,HIGH,HIGH,PARSED,Current snapshot only; does not prove historical start date.
NIFTY 500,SBI Life Insurance Company Ltd.,SBI LIFE INSURANCE COMPANY,SBILIFE,INE123W01016,CURRENT_SNAPSHOT,,2026-09-07,data/reference/nifty500/current/nifty500_constituents_raw.csv,https://www.niftyindices.com/IndexConstituent/ind_nifty500list.csv,OFFICIAL_CURRENT_SNAPSHOT,HIGH,HIGH,PARSED,Current snapshot only; does not prove historical start date.
NIFTY 500,State Bank of India,STATE BANK OF INDIA,SBIN,INE062A01020,CURRENT_SNAPSHOT,,2026-09-07,data/reference/nifty500/current/nifty500_constituents_raw.csv,https://www.niftyindices.com/IndexConstituent/ind_nifty500list.csv,OFFICIAL_CURRENT_SNAPSHOT,HIGH,HIGH,PARSED,Current snapshot only; does not prove historical start date.
NIFTY 500,Schaeffler India Ltd.,SCHAEFFLER INDIA,SCHAEFFLER,INE513A01022,CURRENT_SNAPSHOT,,2026-09-07,data/reference/nifty500/current/nifty500_constituents_raw.csv,https://www.niftyindices.com/IndexConstituent/ind_nifty500list.csv,OFFICIAL_CURRENT_SNAPSHOT,HIGH,HIGH,PARSED,Current snapshot only; does not prove historical start date.
NIFTY 500,Schneider Electric Infrastructure Ltd.,SCHNEIDER ELECTRIC INFRASTRUCTURE,SCHNEIDER,INE839M01018,CURRENT_SNAPSHOT,,2026-09-07,data/reference/nifty500/current/nifty500_constituents_raw.csv,https://www.niftyindices.com/IndexConstituent/ind_nifty500list.csv,OFFICIAL_CURRENT_SNAPSHOT,HIGH,HIGH,PARSED,Current snapshot only; does not prove historical start date.
NIFTY 500,Shipping Corporation of India Ltd.,SHIPPING CORPORATION OF INDIA,SCI,INE109A01011,CURRENT_SNAPSHOT,,2026-09-07,data/reference/nifty500/current/nifty500_constituents_raw.csv,https://www.niftyindices.com/IndexConstituent/ind_nifty500list.csv,OFFICIAL_CURRENT_SNAPSHOT,HIGH,HIGH,PARSED,Current snapshot only; does not prove historical start date.
NIFTY 500,Shree Cement Ltd.,SHREE CEMENT,SHREECEM,INE070A01015,CURRENT_SNAPSHOT,,2026-09-07,data/reference/nifty500/current/nifty500_constituents_raw.csv,https://www.niftyindices.com/IndexConstituent/ind_nifty500list.csv,OFFICIAL_CURRENT_SNAPSHOT,HIGH,HIGH,PARSED,Current snapshot only; does not prove historical start date.
NIFTY 500,Shriram Finance Ltd.,SHRIRAM FINANCE,SHRIRAMFIN,INE721A01047,CURRENT_SNAPSHOT,,2026-09-07,data/reference/nifty500/current/nifty500_constituents_raw.csv,https://www.niftyindices.com/IndexConstituent/ind_nifty500list.csv,OFFICIAL_CURRENT_SNAPSHOT,HIGH,HIGH,PARSED,Current snapshot only; does not prove historical start date.
NIFTY 500,Shyam Metalics and Energy Ltd.,SHYAM METALICS AND ENERGY,SHYAMMETL,INE810G01011,CURRENT_SNAPSHOT,,2026-09-07,data/reference/nifty500/current/nifty500_constituents_raw.csv,https://www.niftyindices.com/IndexConstituent/ind_nifty500list.csv,OFFICIAL_CURRENT_SNAPSHOT,HIGH,HIGH,PARSED,Current snapshot only; does not prove historical start date.
NIFTY 500,Siemens Ltd.,SIEMENS,SIEMENS,INE003A01024,CURRENT_SNAPSHOT,,2026-09-07,data/reference/nifty500/current/nifty500_constituents_raw.csv,https://www.niftyindices.com/IndexConstituent/ind_nifty500list.csv,OFFICIAL_CURRENT_SNAPSHOT,HIGH,HIGH,PARSED,Current snapshot only; does not prove historical start date.
NIFTY 500,Signatureglobal (India) Ltd.,SIGNATUREGLOBAL (INDIA),SIGNATURE,INE903U01023,CURRENT_SNAPSHOT,,2026-09-07,data/reference/nifty500/current/nifty500_constituents_raw.csv,https://www.niftyindices.com/IndexConstituent/ind_nifty500list.csv,OFFICIAL_CURRENT_SNAPSHOT,HIGH,HIGH,PARSED,Current snapshot only; does not prove historical start date.
NIFTY 500,SJVN Ltd.,SJVN,SJVN,INE002L01015,CURRENT_SNAPSHOT,,2026-09-07,data/reference/nifty500/current/nifty500_constituents_raw.csv,https://www.niftyindices.com/IndexConstituent/ind_nifty500list.csv,OFFICIAL_CURRENT_SNAPSHOT,HIGH,HIGH,PARSED,Current snapshot only; does not prove historical start date.
NIFTY 500,Sobha Ltd.,SOBHA,SOBHA,INE671H01015,CURRENT_SNAPSHOT,,2026-09-07,data/reference/nifty500/current/nifty500_constituents_raw.csv,https://www.niftyindices.com/IndexConstituent/ind_nifty500list.csv,OFFICIAL_CURRENT_SNAPSHOT,HIGH,HIGH,PARSED,Current snapshot only; does not prove historical start date.
NIFTY 500,Solar Industries India Ltd.,SOLAR INDUSTRIES INDIA,SOLARINDS,INE343H01029,CURRENT_SNAPSHOT,,2026-09-07,data/reference/nifty500/current/nifty500_constituents_raw.csv,https://www.niftyindices.com/IndexConstituent/ind_nifty500list.csv,OFFICIAL_CURRENT_SNAPSHOT,HIGH,HIGH,PARSED,Current snapshot only; does not prove historical start date.
NIFTY 500,Sona BLW Precision Forgings Ltd.,SONA BLW PRECISION FORGINGS,SONACOMS,INE073K01018,CURRENT_SNAPSHOT,,2026-09-07,data/reference/nifty500/current/nifty500_constituents_raw.csv,https://www.niftyindices.com/IndexConstituent/ind_nifty500list.csv,OFFICIAL_CURRENT_SNAPSHOT,HIGH,HIGH,PARSED,Current snapshot only; does not prove historical start date.
NIFTY 500,Sonata Software Ltd.,SONATA SOFTWARE,SONATSOFTW,INE269A01021,CURRENT_SNAPSHOT,,2026-09-07,data/reference/nifty500/current/nifty500_constituents_raw.csv,https://www.niftyindices.com/IndexConstituent/ind_nifty500list.csv,OFFICIAL_CURRENT_SNAPSHOT,HIGH,HIGH,PARSED,Current snapshot only; does not prove historical start date.
NIFTY 500,Supreme Petrochem Ltd.,SUPREME PETROCHEM,SPLPETRO,INE663A01033,CURRENT_SNAPSHOT,,2026-09-07,data/reference/nifty500/current/nifty500_constituents_raw.csv,https://www.niftyindices.com/IndexConstituent/ind_nifty500list.csv,OFFICIAL_CURRENT_SNAPSHOT,HIGH,HIGH,PARSED,Current snapshot only; does not prove historical start date.
NIFTY 500,SRF Ltd.,SRF,SRF,INE647A01010,CURRENT_SNAPSHOT,,2026-09-07,data/reference/nifty500/current/nifty500_constituents_raw.csv,https://www.niftyindices.com/IndexConstituent/ind_nifty500list.csv,OFFICIAL_CURRENT_SNAPSHOT,HIGH,HIGH,PARSED,Current snapshot only; does not prove historical start date.
NIFTY 500,Star Health and Allied Insurance Company Ltd.,STAR HEALTH AND ALLIED INSURANCE COMPANY,STARHEALTH,INE575P01011,CURRENT_SNAPSHOT,,2026-09-07,data/reference/nifty500/current/nifty500_constituents_raw.csv,https://www.niftyindices.com/IndexConstituent/ind_nifty500list.csv,OFFICIAL_CURRENT_SNAPSHOT,HIGH,HIGH,PARSED,Current snapshot only; does not prove historical start date.
NIFTY 500,Sumitomo Chemical India Ltd.,SUMITOMO CHEMICAL INDIA,SUMICHEM,INE258G01013,CURRENT_SNAPSHOT,,2026-09-07,data/reference/nifty500/current/nifty500_constituents_raw.csv,https://www.niftyindices.com/IndexConstituent/ind_nifty500list.csv,OFFICIAL_CURRENT_SNAPSHOT,HIGH,HIGH,PARSED,Current snapshot only; does not prove historical start date.
NIFTY 500,Sundaram Finance Ltd.,SUNDARAM FINANCE,SUNDARMFIN,INE660A01013,CURRENT_SNAPSHOT,,2026-09-07,data/reference/nifty500/current/nifty500_constituents_raw.csv,https://www.niftyindices.com/IndexConstituent/ind_nifty500list.csv,OFFICIAL_CURRENT_SNAPSHOT,HIGH,HIGH,PARSED,Current snapshot only; does not prove historical start date.
NIFTY 500,Sun Pharmaceutical Industries Ltd.,SUN PHARMACEUTICAL INDUSTRIES,SUNPHARMA,INE044A01036,CURRENT_SNAPSHOT,,2026-09-07,data/reference/nifty500/current/nifty500_constituents_raw.csv,https://www.niftyindices.com/IndexConstituent/ind_nifty500list.csv,OFFICIAL_CURRENT_SNAPSHOT,HIGH,HIGH,PARSED,Current snapshot only; does not prove historical start date.
NIFTY 500,Sun TV Network Ltd.,SUN TV NETWORK,SUNTV,INE424H01027,CURRENT_SNAPSHOT,,2026-09-07,data/reference/nifty500/current/nifty500_constituents_raw.csv,https://www.niftyindices.com/IndexConstituent/ind_nifty500list.csv,OFFICIAL_CURRENT_SNAPSHOT,HIGH,HIGH,PARSED,Current snapshot only; does not prove historical start date.
NIFTY 500,Supreme Industries Ltd.,SUPREME INDUSTRIES,SUPREMEIND,INE195A01028,CURRENT_SNAPSHOT,,2026-09-07,data/reference/nifty500/current/nifty500_constituents_raw.csv,https://www.niftyindices.com/IndexConstituent/ind_nifty500list.csv,OFFICIAL_CURRENT_SNAPSHOT,HIGH,HIGH,PARSED,Current snapshot only; does not prove historical start date.
NIFTY 500,Suzlon Energy Ltd.,SUZLON ENERGY,SUZLON,INE040H01021,CURRENT_SNAPSHOT,,2026-09-07,data/reference/nifty500/current/nifty500_constituents_raw.csv,https://www.niftyindices.com/IndexConstituent/ind_nifty500list.csv,OFFICIAL_CURRENT_SNAPSHOT,HIGH,HIGH,PARSED,Current snapshot only; does not prove historical start date.
NIFTY 500,Swan Corp Ltd.,SWAN CORP,SWANCORP,INE665A01038,CURRENT_SNAPSHOT,,2026-09-07,data/reference/nifty500/current/nifty500_constituents_raw.csv,https://www.niftyindices.com/IndexConstituent/ind_nifty500list.csv,OFFICIAL_CURRENT_SNAPSHOT,HIGH,HIGH,PARSED,Current snapshot only; does not prove historical start date.
NIFTY 500,Swiggy Ltd.,SWIGGY,SWIGGY,INE00H001014,CURRENT_SNAPSHOT,,2026-09-07,data/reference/nifty500/current/nifty500_constituents_raw.csv,https://www.niftyindices.com/IndexConstituent/ind_nifty500list.csv,OFFICIAL_CURRENT_SNAPSHOT,HIGH,HIGH,PARSED,Current snapshot only; does not prove historical start date.
NIFTY 500,Syngene International Ltd.,SYNGENE INTERNATIONAL,SYNGENE,INE398R01022,CURRENT_SNAPSHOT,,2026-09-07,data/reference/nifty500/current/nifty500_constituents_raw.csv,https://www.niftyindices.com/IndexConstituent/ind_nifty500list.csv,OFFICIAL_CURRENT_SNAPSHOT,HIGH,HIGH,PARSED,Current snapshot only; does not prove historical start date.
NIFTY 500,Syrma SGS Technology Ltd.,SYRMA SGS TECHNOLOGY,SYRMA,INE0DYJ01015,CURRENT_SNAPSHOT,,2026-09-07,data/reference/nifty500/current/nifty500_constituents_raw.csv,https://www.niftyindices.com/IndexConstituent/ind_nifty500list.csv,OFFICIAL_CURRENT_SNAPSHOT,HIGH,HIGH,PARSED,Current snapshot only; does not prove historical start date.
NIFTY 500,Transformers And Rectifiers (India) Ltd.,TRANSFORMERS AND RECTIFIERS (INDIA),TARIL,INE763I01026,CURRENT_SNAPSHOT,,2026-09-07,data/reference/nifty500/current/nifty500_constituents_raw.csv,https://www.niftyindices.com/IndexConstituent/ind_nifty500list.csv,OFFICIAL_CURRENT_SNAPSHOT,HIGH,HIGH,PARSED,Current snapshot only; does not prove historical start date.
NIFTY 500,Tata Capital Ltd.,TATA CAPITAL,TATACAP,INE976I01016,CURRENT_SNAPSHOT,,2026-09-07,data/reference/nifty500/current/nifty500_constituents_raw.csv,https://www.niftyindices.com/IndexConstituent/ind_nifty500list.csv,OFFICIAL_CURRENT_SNAPSHOT,HIGH,HIGH,PARSED,Current snapshot only; does not prove historical start date.
NIFTY 500,Tata Chemicals Ltd.,TATA CHEMICALS,TATACHEM,INE092A01019,CURRENT_SNAPSHOT,,2026-09-07,data/reference/nifty500/current/nifty500_constituents_raw.csv,https://www.niftyindices.com/IndexConstituent/ind_nifty500list.csv,OFFICIAL_CURRENT_SNAPSHOT,HIGH,HIGH,PARSED,Current snapshot only; does not prove historical start date.
NIFTY 500,Tata Communications Ltd.,TATA COMMUNICATIONS,TATACOMM,INE151A01013,CURRENT_SNAPSHOT,,2026-09-07,data/reference/nifty500/current/nifty500_constituents_raw.csv,https://www.niftyindices.com/IndexConstituent/ind_nifty500list.csv,OFFICIAL_CURRENT_SNAPSHOT,HIGH,HIGH,PARSED,Current snapshot only; does not prove historical start date.
NIFTY 500,Tata Consumer Products Ltd.,TATA CONSUMER PRODUCTS,TATACONSUM,INE192A01025,CURRENT_SNAPSHOT,,2026-09-07,data/reference/nifty500/current/nifty500_constituents_raw.csv,https://www.niftyindices.com/IndexConstituent/ind_nifty500list.csv,OFFICIAL_CURRENT_SNAPSHOT,HIGH,HIGH,PARSED,Current snapshot only; does not prove historical start date.
NIFTY 500,Tata Elxsi Ltd.,TATA ELXSI,TATAELXSI,INE670A01012,CURRENT_SNAPSHOT,,2026-09-07,data/reference/nifty500/current/nifty500_constituents_raw.csv,https://www.niftyindices.com/IndexConstituent/ind_nifty500list.csv,OFFICIAL_CURRENT_SNAPSHOT,HIGH,HIGH,PARSED,Current snapshot only; does not prove historical start date.
NIFTY 500,Tata Investment Corporation Ltd.,TATA INVESTMENT CORPORATION,TATAINVEST,INE672A01026,CURRENT_SNAPSHOT,,2026-09-07,data/reference/nifty500/current/nifty500_constituents_raw.csv,https://www.niftyindices.com/IndexConstituent/ind_nifty500list.csv,OFFICIAL_CURRENT_SNAPSHOT,HIGH,HIGH,PARSED,Current snapshot only; does not prove historical start date.
NIFTY 500,Tata Power Co. Ltd.,TATA POWER CO,TATAPOWER,INE245A01021,CURRENT_SNAPSHOT,,2026-09-07,data/reference/nifty500/current/nifty500_constituents_raw.csv,https://www.niftyindices.com/IndexConstituent/ind_nifty500list.csv,OFFICIAL_CURRENT_SNAPSHOT,HIGH,HIGH,PARSED,Current snapshot only; does not prove historical start date.
NIFTY 500,Tata Steel Ltd.,TATA STEEL,TATASTEEL,INE081A01020,CURRENT_SNAPSHOT,,2026-09-07,data/reference/nifty500/current/nifty500_constituents_raw.csv,https://www.niftyindices.com/IndexConstituent/ind_nifty500list.csv,OFFICIAL_CURRENT_SNAPSHOT,HIGH,HIGH,PARSED,Current snapshot only; does not prove historical start date.
NIFTY 500,Tata Technologies Ltd.,TATA TECHNOLOGIES,TATATECH,INE142M01025,CURRENT_SNAPSHOT,,2026-09-07,data/reference/nifty500/current/nifty500_constituents_raw.csv,https://www.niftyindices.com/IndexConstituent/ind_nifty500list.csv,OFFICIAL_CURRENT_SNAPSHOT,HIGH,HIGH,PARSED,Current snapshot only; does not prove historical start date.
NIFTY 500,TBO Tek Ltd.,TBO TEK,TBOTEK,INE673O01025,CURRENT_SNAPSHOT,,2026-09-07,data/reference/nifty500/current/nifty500_constituents_raw.csv,https://www.niftyindices.com/IndexConstituent/ind_nifty500list.csv,OFFICIAL_CURRENT_SNAPSHOT,HIGH,HIGH,PARSED,Current snapshot only; does not prove historical start date.
NIFTY 500,Tata Consultancy Services Ltd.,TATA CONSULTANCY SERVICES,TCS,INE467B01029,CURRENT_SNAPSHOT,,2026-09-07,data/reference/nifty500/current/nifty500_constituents_raw.csv,https://www.niftyindices.com/IndexConstituent/ind_nifty500list.csv,OFFICIAL_CURRENT_SNAPSHOT,HIGH,HIGH,PARSED,Current snapshot only; does not prove historical start date.
NIFTY 500,Tech Mahindra Ltd.,TECH MAHINDRA,TECHM,INE669C01036,CURRENT_SNAPSHOT,,2026-09-07,data/reference/nifty500/current/nifty500_constituents_raw.csv,https://www.niftyindices.com/IndexConstituent/ind_nifty500list.csv,OFFICIAL_CURRENT_SNAPSHOT,HIGH,HIGH,PARSED,Current snapshot only; does not prove historical start date.
NIFTY 500,Techno Electric & Engineering Company Ltd.,TECHNO ELECTRIC AND ENGINEERING COMPANY,TECHNOE,INE285K01026,CURRENT_SNAPSHOT,,2026-09-07,data/reference/nifty500/current/nifty500_constituents_raw.csv,https://www.niftyindices.com/IndexConstituent/ind_nifty500list.csv,OFFICIAL_CURRENT_SNAPSHOT,HIGH,HIGH,PARSED,Current snapshot only; does not prove historical start date.
NIFTY 500,Tega Industries Ltd.,TEGA INDUSTRIES,TEGA,INE011K01018,CURRENT_SNAPSHOT,,2026-09-07,data/reference/nifty500/current/nifty500_constituents_raw.csv,https://www.niftyindices.com/IndexConstituent/ind_nifty500list.csv,OFFICIAL_CURRENT_SNAPSHOT,HIGH,HIGH,PARSED,Current snapshot only; does not prove historical start date.
NIFTY 500,Tejas Networks Ltd.,TEJAS NETWORKS,TEJASNET,INE010J01012,CURRENT_SNAPSHOT,,2026-09-07,data/reference/nifty500/current/nifty500_constituents_raw.csv,https://www.niftyindices.com/IndexConstituent/ind_nifty500list.csv,OFFICIAL_CURRENT_SNAPSHOT,HIGH,HIGH,PARSED,Current snapshot only; does not prove historical start date.
NIFTY 500,Tenneco Clean Air India Ltd.,TENNECO CLEAN AIR INDIA,TENNIND,INE19RI01016,CURRENT_SNAPSHOT,,2026-09-07,data/reference/nifty500/current/nifty500_constituents_raw.csv,https://www.niftyindices.com/IndexConstituent/ind_nifty500list.csv,OFFICIAL_CURRENT_SNAPSHOT,HIGH,HIGH,PARSED,Current snapshot only; does not prove historical start date.
NIFTY 500,Leela Palaces Hotels & Resorts Ltd.,LEELA PALACES HOTELS AND RESORTS,THELEELA,INE0AQ201015,CURRENT_SNAPSHOT,,2026-09-07,data/reference/nifty500/current/nifty500_constituents_raw.csv,https://www.niftyindices.com/IndexConstituent/ind_nifty500list.csv,OFFICIAL_CURRENT_SNAPSHOT,HIGH,HIGH,PARSED,Current snapshot only; does not prove historical start date.
NIFTY 500,Thermax Ltd.,THERMAX,THERMAX,INE152A01029,CURRENT_SNAPSHOT,,2026-09-07,data/reference/nifty500/current/nifty500_constituents_raw.csv,https://www.niftyindices.com/IndexConstituent/ind_nifty500list.csv,OFFICIAL_CURRENT_SNAPSHOT,HIGH,HIGH,PARSED,Current snapshot only; does not prove historical start date.
NIFTY 500,Tube Investments of India Ltd.,TUBE INVESTMENTS OF INDIA,TIINDIA,INE974X01010,CURRENT_SNAPSHOT,,2026-09-07,data/reference/nifty500/current/nifty500_constituents_raw.csv,https://www.niftyindices.com/IndexConstituent/ind_nifty500list.csv,OFFICIAL_CURRENT_SNAPSHOT,HIGH,HIGH,PARSED,Current snapshot only; does not prove historical start date.
NIFTY 500,Timken India Ltd.,TIMKEN INDIA,TIMKEN,INE325A01013,CURRENT_SNAPSHOT,,2026-09-07,data/reference/nifty500/current/nifty500_constituents_raw.csv,https://www.niftyindices.com/IndexConstituent/ind_nifty500list.csv,OFFICIAL_CURRENT_SNAPSHOT,HIGH,HIGH,PARSED,Current snapshot only; does not prove historical start date.
NIFTY 500,Titagarh Rail Systems Ltd.,TITAGARH RAIL SYSTEMS,TITAGARH,INE615H01020,CURRENT_SNAPSHOT,,2026-09-07,data/reference/nifty500/current/nifty500_constituents_raw.csv,https://www.niftyindices.com/IndexConstituent/ind_nifty500list.csv,OFFICIAL_CURRENT_SNAPSHOT,HIGH,HIGH,PARSED,Current snapshot only; does not prove historical start date.
NIFTY 500,Titan Company Ltd.,TITAN COMPANY,TITAN,INE280A01028,CURRENT_SNAPSHOT,,2026-09-07,data/reference/nifty500/current/nifty500_constituents_raw.csv,https://www.niftyindices.com/IndexConstituent/ind_nifty500list.csv,OFFICIAL_CURRENT_SNAPSHOT,HIGH,HIGH,PARSED,Current snapshot only; does not prove historical start date.
NIFTY 500,Tata Motors Ltd.,TATA MOTORS,TMCV,INE1TAE01010,CURRENT_SNAPSHOT,,2026-09-07,data/reference/nifty500/current/nifty500_constituents_raw.csv,https://www.niftyindices.com/IndexConstituent/ind_nifty500list.csv,OFFICIAL_CURRENT_SNAPSHOT,HIGH,HIGH,PARSED,Current snapshot only; does not prove historical start date.
NIFTY 500,Tata Motors Passenger Vehicles Ltd.,TATA MOTORS PASSENGER VEHICLES,TMPV,INE155A01022,CURRENT_SNAPSHOT,,2026-09-07,data/reference/nifty500/current/nifty500_constituents_raw.csv,https://www.niftyindices.com/IndexConstituent/ind_nifty500list.csv,OFFICIAL_CURRENT_SNAPSHOT,HIGH,HIGH,PARSED,Current snapshot only; does not prove historical start date.
NIFTY 500,Torrent Pharmaceuticals Ltd.,TORRENT PHARMACEUTICALS,TORNTPHARM,INE685A01028,CURRENT_SNAPSHOT,,2026-09-07,data/reference/nifty500/current/nifty500_constituents_raw.csv,https://www.niftyindices.com/IndexConstituent/ind_nifty500list.csv,OFFICIAL_CURRENT_SNAPSHOT,HIGH,HIGH,PARSED,Current snapshot only; does not prove historical start date.
NIFTY 500,Torrent Power Ltd.,TORRENT POWER,TORNTPOWER,INE813H01021,CURRENT_SNAPSHOT,,2026-09-07,data/reference/nifty500/current/nifty500_constituents_raw.csv,https://www.niftyindices.com/IndexConstituent/ind_nifty500list.csv,OFFICIAL_CURRENT_SNAPSHOT,HIGH,HIGH,PARSED,Current snapshot only; does not prove historical start date.
NIFTY 500,Travel Food Services Ltd.,TRAVEL FOOD SERVICES,TRAVELFOOD,INE103V01028,CURRENT_SNAPSHOT,,2026-09-07,data/reference/nifty500/current/nifty500_constituents_raw.csv,https://www.niftyindices.com/IndexConstituent/ind_nifty500list.csv,OFFICIAL_CURRENT_SNAPSHOT,HIGH,HIGH,PARSED,Current snapshot only; does not prove historical start date.
NIFTY 500,Trent Ltd.,TRENT,TRENT,INE849A01020,CURRENT_SNAPSHOT,,2026-09-07,data/reference/nifty500/current/nifty500_constituents_raw.csv,https://www.niftyindices.com/IndexConstituent/ind_nifty500list.csv,OFFICIAL_CURRENT_SNAPSHOT,HIGH,HIGH,PARSED,Current snapshot only; does not prove historical start date.
NIFTY 500,Trident Ltd.,TRIDENT,TRIDENT,INE064C01022,CURRENT_SNAPSHOT,,2026-09-07,data/reference/nifty500/current/nifty500_constituents_raw.csv,https://www.niftyindices.com/IndexConstituent/ind_nifty500list.csv,OFFICIAL_CURRENT_SNAPSHOT,HIGH,HIGH,PARSED,Current snapshot only; does not prove historical start date.
NIFTY 500,Triveni Turbine Ltd.,TRIVENI TURBINE,TRITURBINE,INE152M01016,CURRENT_SNAPSHOT,,2026-09-07,data/reference/nifty500/current/nifty500_constituents_raw.csv,https://www.niftyindices.com/IndexConstituent/ind_nifty500list.csv,OFFICIAL_CURRENT_SNAPSHOT,HIGH,HIGH,PARSED,Current snapshot only; does not prove historical start date.
NIFTY 500,Tata Teleservices (Maharashtra) Ltd.,TATA TELESERVICES (MAHARASHTRA),TTML,INE517B01013,CURRENT_SNAPSHOT,,2026-09-07,data/reference/nifty500/current/nifty500_constituents_raw.csv,https://www.niftyindices.com/IndexConstituent/ind_nifty500list.csv,OFFICIAL_CURRENT_SNAPSHOT,HIGH,HIGH,PARSED,Current snapshot only; does not prove historical start date.
NIFTY 500,TVS Motor Company Ltd.,TVS MOTOR COMPANY,TVSMOTOR,INE494B01023,CURRENT_SNAPSHOT,,2026-09-07,data/reference/nifty500/current/nifty500_constituents_raw.csv,https://www.niftyindices.com/IndexConstituent/ind_nifty500list.csv,OFFICIAL_CURRENT_SNAPSHOT,HIGH,HIGH,PARSED,Current snapshot only; does not prove historical start date.
NIFTY 500,United Breweries Ltd.,UNITED BREWERIES,UBL,INE686F01025,CURRENT_SNAPSHOT,,2026-09-07,data/reference/nifty500/current/nifty500_constituents_raw.csv,https://www.niftyindices.com/IndexConstituent/ind_nifty500list.csv,OFFICIAL_CURRENT_SNAPSHOT,HIGH,HIGH,PARSED,Current snapshot only; does not prove historical start date.
NIFTY 500,UCO Bank,UCO BANK,UCOBANK,INE691A01018,CURRENT_SNAPSHOT,,2026-09-07,data/reference/nifty500/current/nifty500_constituents_raw.csv,https://www.niftyindices.com/IndexConstituent/ind_nifty500list.csv,OFFICIAL_CURRENT_SNAPSHOT,HIGH,HIGH,PARSED,Current snapshot only; does not prove historical start date.
NIFTY 500,UltraTech Cement Ltd.,ULTRATECH CEMENT,ULTRACEMCO,INE481G01011,CURRENT_SNAPSHOT,,2026-09-07,data/reference/nifty500/current/nifty500_constituents_raw.csv,https://www.niftyindices.com/IndexConstituent/ind_nifty500list.csv,OFFICIAL_CURRENT_SNAPSHOT,HIGH,HIGH,PARSED,Current snapshot only; does not prove historical start date.
NIFTY 500,Union Bank of India,UNION BANK OF INDIA,UNIONBANK,INE692A01016,CURRENT_SNAPSHOT,,2026-09-07,data/reference/nifty500/current/nifty500_constituents_raw.csv,https://www.niftyindices.com/IndexConstituent/ind_nifty500list.csv,OFFICIAL_CURRENT_SNAPSHOT,HIGH,HIGH,PARSED,Current snapshot only; does not prove historical start date.
NIFTY 500,United Spirits Ltd.,UNITED SPIRITS,UNITDSPR,INE854D01024,CURRENT_SNAPSHOT,,2026-09-07,data/reference/nifty500/current/nifty500_constituents_raw.csv,https://www.niftyindices.com/IndexConstituent/ind_nifty500list.csv,OFFICIAL_CURRENT_SNAPSHOT,HIGH,HIGH,PARSED,Current snapshot only; does not prove historical start date.
NIFTY 500,UNO Minda Ltd.,UNO MINDA,UNOMINDA,INE405E01023,CURRENT_SNAPSHOT,,2026-09-07,data/reference/nifty500/current/nifty500_constituents_raw.csv,https://www.niftyindices.com/IndexConstituent/ind_nifty500list.csv,OFFICIAL_CURRENT_SNAPSHOT,HIGH,HIGH,PARSED,Current snapshot only; does not prove historical start date.
NIFTY 500,UPL Ltd.,UPL,UPL,INE628A01036,CURRENT_SNAPSHOT,,2026-09-07,data/reference/nifty500/current/nifty500_constituents_raw.csv,https://www.niftyindices.com/IndexConstituent/ind_nifty500list.csv,OFFICIAL_CURRENT_SNAPSHOT,HIGH,HIGH,PARSED,Current snapshot only; does not prove historical start date.
NIFTY 500,Urban Company Ltd.,URBAN COMPANY,URBANCO,INE0CAZ01013,CURRENT_SNAPSHOT,,2026-09-07,data/reference/nifty500/current/nifty500_constituents_raw.csv,https://www.niftyindices.com/IndexConstituent/ind_nifty500list.csv,OFFICIAL_CURRENT_SNAPSHOT,HIGH,HIGH,PARSED,Current snapshot only; does not prove historical start date.
NIFTY 500,Usha Martin Ltd.,USHA MARTIN,USHAMART,INE228A01035,CURRENT_SNAPSHOT,,2026-09-07,data/reference/nifty500/current/nifty500_constituents_raw.csv,https://www.niftyindices.com/IndexConstituent/ind_nifty500list.csv,OFFICIAL_CURRENT_SNAPSHOT,HIGH,HIGH,PARSED,Current snapshot only; does not prove historical start date.
NIFTY 500,UTI Asset Management Company Ltd.,UTI ASSET MANAGEMENT COMPANY,UTIAMC,INE094J01016,CURRENT_SNAPSHOT,,2026-09-07,data/reference/nifty500/current/nifty500_constituents_raw.csv,https://www.niftyindices.com/IndexConstituent/ind_nifty500list.csv,OFFICIAL_CURRENT_SNAPSHOT,HIGH,HIGH,PARSED,Current snapshot only; does not prove historical start date.
NIFTY 500,Varun Beverages Ltd.,VARUN BEVERAGES,VBL,INE200M01039,CURRENT_SNAPSHOT,,2026-09-07,data/reference/nifty500/current/nifty500_constituents_raw.csv,https://www.niftyindices.com/IndexConstituent/ind_nifty500list.csv,OFFICIAL_CURRENT_SNAPSHOT,HIGH,HIGH,PARSED,Current snapshot only; does not prove historical start date.
NIFTY 500,Vedanta Ltd.,VEDANTA,VEDL,INE205A01025,CURRENT_SNAPSHOT,,2026-09-07,data/reference/nifty500/current/nifty500_constituents_raw.csv,https://www.niftyindices.com/IndexConstituent/ind_nifty500list.csv,OFFICIAL_CURRENT_SNAPSHOT,HIGH,HIGH,PARSED,Current snapshot only; does not prove historical start date.
NIFTY 500,Vijaya Diagnostic Centre Ltd.,VIJAYA DIAGNOSTIC CENTRE,VIJAYA,INE043W01024,CURRENT_SNAPSHOT,,2026-09-07,data/reference/nifty500/current/nifty500_constituents_raw.csv,https://www.niftyindices.com/IndexConstituent/ind_nifty500list.csv,OFFICIAL_CURRENT_SNAPSHOT,HIGH,HIGH,PARSED,Current snapshot only; does not prove historical start date.
NIFTY 500,Vishal Mega Mart Ltd.,VISHAL MEGA MART,VMM,INE01EA01019,CURRENT_SNAPSHOT,,2026-09-07,data/reference/nifty500/current/nifty500_constituents_raw.csv,https://www.niftyindices.com/IndexConstituent/ind_nifty500list.csv,OFFICIAL_CURRENT_SNAPSHOT,HIGH,HIGH,PARSED,Current snapshot only; does not prove historical start date.
NIFTY 500,Voltas Ltd.,VOLTAS,VOLTAS,INE226A01021,CURRENT_SNAPSHOT,,2026-09-07,data/reference/nifty500/current/nifty500_constituents_raw.csv,https://www.niftyindices.com/IndexConstituent/ind_nifty500list.csv,OFFICIAL_CURRENT_SNAPSHOT,HIGH,HIGH,PARSED,Current snapshot only; does not prove historical start date.
NIFTY 500,Vardhman Textiles Ltd.,VARDHMAN TEXTILES,VTL,INE825A01020,CURRENT_SNAPSHOT,,2026-09-07,data/reference/nifty500/current/nifty500_constituents_raw.csv,https://www.niftyindices.com/IndexConstituent/ind_nifty500list.csv,OFFICIAL_CURRENT_SNAPSHOT,HIGH,HIGH,PARSED,Current snapshot only; does not prove historical start date.
NIFTY 500,Waaree Energies Ltd.,WAAREE ENERGIES,WAAREEENER,INE377N01017,CURRENT_SNAPSHOT,,2026-09-07,data/reference/nifty500/current/nifty500_constituents_raw.csv,https://www.niftyindices.com/IndexConstituent/ind_nifty500list.csv,OFFICIAL_CURRENT_SNAPSHOT,HIGH,HIGH,PARSED,Current snapshot only; does not prove historical start date.
NIFTY 500,Welspun Corp Ltd.,WELSPUN CORP,WELCORP,INE191B01025,CURRENT_SNAPSHOT,,2026-09-07,data/reference/nifty500/current/nifty500_constituents_raw.csv,https://www.niftyindices.com/IndexConstituent/ind_nifty500list.csv,OFFICIAL_CURRENT_SNAPSHOT,HIGH,HIGH,PARSED,Current snapshot only; does not prove historical start date.
NIFTY 500,Welspun Living Ltd.,WELSPUN LIVING,WELSPUNLIV,INE192B01031,CURRENT_SNAPSHOT,,2026-09-07,data/reference/nifty500/current/nifty500_constituents_raw.csv,https://www.niftyindices.com/IndexConstituent/ind_nifty500list.csv,OFFICIAL_CURRENT_SNAPSHOT,HIGH,HIGH,PARSED,Current snapshot only; does not prove historical start date.
NIFTY 500,Whirlpool of India Ltd.,WHIRLPOOL OF INDIA,WHIRLPOOL,INE716A01013,CURRENT_SNAPSHOT,,2026-09-07,data/reference/nifty500/current/nifty500_constituents_raw.csv,https://www.niftyindices.com/IndexConstituent/ind_nifty500list.csv,OFFICIAL_CURRENT_SNAPSHOT,HIGH,HIGH,PARSED,Current snapshot only; does not prove historical start date.
NIFTY 500,Wipro Ltd.,WIPRO,WIPRO,INE075A01022,CURRENT_SNAPSHOT,,2026-09-07,data/reference/nifty500/current/nifty500_constituents_raw.csv,https://www.niftyindices.com/IndexConstituent/ind_nifty500list.csv,OFFICIAL_CURRENT_SNAPSHOT,HIGH,HIGH,PARSED,Current snapshot only; does not prove historical start date.
NIFTY 500,Wockhardt Ltd.,WOCKHARDT,WOCKPHARMA,INE049B01025,CURRENT_SNAPSHOT,,2026-09-07,data/reference/nifty500/current/nifty500_constituents_raw.csv,https://www.niftyindices.com/IndexConstituent/ind_nifty500list.csv,OFFICIAL_CURRENT_SNAPSHOT,HIGH,HIGH,PARSED,Current snapshot only; does not prove historical start date.
NIFTY 500,Yes Bank Ltd.,YES BANK,YESBANK,INE528G01035,CURRENT_SNAPSHOT,,2026-09-07,data/reference/nifty500/current/nifty500_constituents_raw.csv,https://www.niftyindices.com/IndexConstituent/ind_nifty500list.csv,OFFICIAL_CURRENT_SNAPSHOT,HIGH,HIGH,PARSED,Current snapshot only; does not prove historical start date.
NIFTY 500,Zee Entertainment Enterprises Ltd.,ZEE ENTERTAINMENT ENTERPRISES,ZEEL,INE256A01028,CURRENT_SNAPSHOT,,2026-09-07,data/reference/nifty500/current/nifty500_constituents_raw.csv,https://www.niftyindices.com/IndexConstituent/ind_nifty500list.csv,OFFICIAL_CURRENT_SNAPSHOT,HIGH,HIGH,PARSED,Current snapshot only; does not prove historical start date.
NIFTY 500,Zensar Technolgies Ltd.,ZENSAR TECHNOLGIES,ZENSARTECH,INE520A01027,CURRENT_SNAPSHOT,,2026-09-07,data/reference/nifty500/current/nifty500_constituents_raw.csv,https://www.niftyindices.com/IndexConstituent/ind_nifty500list.csv,OFFICIAL_CURRENT_SNAPSHOT,HIGH,HIGH,PARSED,Current snapshot only; does not prove historical start date.
NIFTY 500,Zen Technologies Ltd.,ZEN TECHNOLOGIES,ZENTEC,INE251B01027,CURRENT_SNAPSHOT,,2026-09-07,data/reference/nifty500/current/nifty500_constituents_raw.csv,https://www.niftyindices.com/IndexConstituent/ind_nifty500list.csv,OFFICIAL_CURRENT_SNAPSHOT,HIGH,HIGH,PARSED,Current snapshot only; does not prove historical start date.
NIFTY 500,ZF Commercial Vehicle Control Systems India Ltd.,ZF COMMERCIAL VEHICLE CONTROL SYSTEMS INDIA,ZFCVINDIA,INE342J01019,CURRENT_SNAPSHOT,,2026-09-07,data/reference/nifty500/current/nifty500_constituents_raw.csv,https://www.niftyindices.com/IndexConstituent/ind_nifty500list.csv,OFFICIAL_CURRENT_SNAPSHOT,HIGH,HIGH,PARSED,Current snapshot only; does not prove historical start date.
NIFTY 500,Zydus Lifesciences Ltd.,ZYDUS LIFESCIENCES,ZYDUSLIFE,INE010B01027,CURRENT_SNAPSHOT,,2026-09-07,data/reference/nifty500/current/nifty500_constituents_raw.csv,https://www.niftyindices.com/IndexConstituent/ind_nifty500list.csv,OFFICIAL_CURRENT_SNAPSHOT,HIGH,HIGH,PARSED,Current snapshot only; does not prove historical start date.
NIFTY 500,Zydus Wellness Ltd.,ZYDUS WELLNESS,ZYDUSWELL,INE768C01028,CURRENT_SNAPSHOT,,2026-09-07,data/reference/nifty500/current/nifty500_constituents_raw.csv,https://www.niftyindices.com/IndexConstituent/ind_nifty500list.csv,OFFICIAL_CURRENT_SNAPSHOT,HIGH,HIGH,PARSED,Current snapshot only; does not prove historical start date.
NIFTY 500,Aether Industries Ltd.,AETHER INDUSTRIES,AETHER,,ADDED,2026-08-10,2026-09-30,C:\Users\cores\OneDrive\Desktop\Personal Project\InterSignal\data\reference\nifty500\history\raw\ind_prs10082026.pdf,https://www.niftyindices.com/Press_Release/ind_prs10082026.pdf,EXPLICIT_SYMBOL,HIGH,HIGH,PARSED,"Replacements in indices w.e.f. September 30, 2026"
NIFTY 500,Avanti Feeds Ltd.,AVANTI FEEDS,AVANTIFEED,,ADDED,2026-08-10,2026-09-30,C:\Users\cores\OneDrive\Desktop\Personal Project\InterSignal\data\reference\nifty500\history\raw\ind_prs10082026.pdf,https://www.niftyindices.com/Press_Release/ind_prs10082026.pdf,EXPLICIT_SYMBOL,HIGH,HIGH,PARSED,"Replacements in indices w.e.f. September 30, 2026"
NIFTY 500,Azad Engineering Ltd.,AZAD ENGINEERING,AZAD,,ADDED,2026-08-10,2026-09-30,C:\Users\cores\OneDrive\Desktop\Personal Project\InterSignal\data\reference\nifty500\history\raw\ind_prs10082026.pdf,https://www.niftyindices.com/Press_Release/ind_prs10082026.pdf,EXPLICIT_SYMBOL,HIGH,HIGH,PARSED,"Replacements in indices w.e.f. September 30, 2026"
NIFTY 500,Bagmane Prime Office REIT,BAGMANE PRIME OFFICE REIT,BAGMANE,,ADDED,2026-08-10,2026-09-30,C:\Users\cores\OneDrive\Desktop\Personal Project\InterSignal\data\reference\nifty500\history\raw\ind_prs10082026.pdf,https://www.niftyindices.com/Press_Release/ind_prs10082026.pdf,EXPLICIT_SYMBOL,HIGH,HIGH,PARSED,"Replacements in indices w.e.f. September 30, 2026"
NIFTY 500,Black Box Ltd.,BLACK BOX,BBOX,,ADDED,2026-08-10,2026-09-30,C:\Users\cores\OneDrive\Desktop\Personal Project\InterSignal\data\reference\nifty500\history\raw\ind_prs10082026.pdf,https://www.niftyindices.com/Press_Release/ind_prs10082026.pdf,EXPLICIT_SYMBOL,HIGH,HIGH,PARSED,"Replacements in indices w.e.f. September 30, 2026"
NIFTY 500,Bharat Coking Coal Ltd.,BHARAT COKING COAL,BHARATCOAL,,ADDED,2026-08-10,2026-09-30,C:\Users\cores\OneDrive\Desktop\Personal Project\InterSignal\data\reference\nifty500\history\raw\ind_prs10082026.pdf,https://www.niftyindices.com/Press_Release/ind_prs10082026.pdf,EXPLICIT_SYMBOL,HIGH,HIGH,PARSED,"Replacements in indices w.e.f. September 30, 2026"
NIFTY 500,Brookfield India Real Estate Trust,BROOKFIELD INDIA REAL ESTATE TRUST,BIRET,,ADDED,2026-08-10,2026-09-30,C:\Users\cores\OneDrive\Desktop\Personal Project\InterSignal\data\reference\nifty500\history\raw\ind_prs10082026.pdf,https://www.niftyindices.com/Press_Release/ind_prs10082026.pdf,EXPLICIT_SYMBOL,HIGH,HIGH,PARSED,"Replacements in indices w.e.f. September 30, 2026"
NIFTY 500,Clean Max Enviro Energy Solutions Ltd.,CLEAN MAX ENVIRO ENERGY SOLUTIONS,CLEANMAX,,ADDED,2026-08-10,2026-09-30,C:\Users\cores\OneDrive\Desktop\Personal Project\InterSignal\data\reference\nifty500\history\raw\ind_prs10082026.pdf,https://www.niftyindices.com/Press_Release/ind_prs10082026.pdf,EXPLICIT_SYMBOL,HIGH,HIGH,PARSED,"Replacements in indices w.e.f. September 30, 2026"
NIFTY 500,Central Mine Planning & Design Institute Ltd.,CENTRAL MINE PLANNING AND DESIGN INSTITUTE,CMPDI,,ADDED,2026-08-10,2026-09-30,C:\Users\cores\OneDrive\Desktop\Personal Project\InterSignal\data\reference\nifty500\history\raw\ind_prs10082026.pdf,https://www.niftyindices.com/Press_Release/ind_prs10082026.pdf,EXPLICIT_SYMBOL,HIGH,HIGH,PARSED,"Replacements in indices w.e.f. September 30, 2026"
NIFTY 500,Cupid Ltd.,CUPID,CUPID,,ADDED,2026-08-10,2026-09-30,C:\Users\cores\OneDrive\Desktop\Personal Project\InterSignal\data\reference\nifty500\history\raw\ind_prs10082026.pdf,https://www.niftyindices.com/Press_Release/ind_prs10082026.pdf,EXPLICIT_SYMBOL,HIGH,HIGH,PARSED,"Replacements in indices w.e.f. September 30, 2026"
NIFTY 500,Embassy Office Parks REIT,EMBASSY OFFICE PARKS REIT,EMBASSY,,ADDED,2026-08-10,2026-09-30,C:\Users\cores\OneDrive\Desktop\Personal Project\InterSignal\data\reference\nifty500\history\raw\ind_prs10082026.pdf,https://www.niftyindices.com/Press_Release/ind_prs10082026.pdf,EXPLICIT_SYMBOL,HIGH,HIGH,PARSED,"Replacements in indices w.e.f. September 30, 2026"
NIFTY 500,Fractal Analytics Ltd.,FRACTAL ANALYTICS,FRACTAL,,ADDED,2026-08-10,2026-09-30,C:\Users\cores\OneDrive\Desktop\Personal Project\InterSignal\data\reference\nifty500\history\raw\ind_prs10082026.pdf,https://www.niftyindices.com/Press_Release/ind_prs10082026.pdf,EXPLICIT_SYMBOL,HIGH,HIGH,PARSED,"Replacements in indices w.e.f. September 30, 2026"
NIFTY 500,INOX India Ltd.,INOX INDIA,INOXINDIA,,ADDED,2026-08-10,2026-09-30,C:\Users\cores\OneDrive\Desktop\Personal Project\InterSignal\data\reference\nifty500\history\raw\ind_prs10082026.pdf,https://www.niftyindices.com/Press_Release/ind_prs10082026.pdf,EXPLICIT_SYMBOL,HIGH,HIGH,PARSED,"Replacements in indices w.e.f. September 30, 2026"
NIFTY 500,Kirloskar Brothers Ltd.,KIRLOSKAR BROTHERS,KIRLOSBROS,,ADDED,2026-08-10,2026-09-30,C:\Users\cores\OneDrive\Desktop\Personal Project\InterSignal\data\reference\nifty500\history\raw\ind_prs10082026.pdf,https://www.niftyindices.com/Press_Release/ind_prs10082026.pdf,EXPLICIT_SYMBOL,HIGH,HIGH,PARSED,"Replacements in indices w.e.f. September 30, 2026"
NIFTY 500,KSB Ltd.,KSB,KSB,,ADDED,2026-08-10,2026-09-30,C:\Users\cores\OneDrive\Desktop\Personal Project\InterSignal\data\reference\nifty500\history\raw\ind_prs10082026.pdf,https://www.niftyindices.com/Press_Release/ind_prs10082026.pdf,EXPLICIT_SYMBOL,HIGH,HIGH,PARSED,"Replacements in indices w.e.f. September 30, 2026"
NIFTY 500,MTAR Technologies Ltd.,MTAR TECHNOLOGIES,MTARTECH,,ADDED,2026-08-10,2026-09-30,C:\Users\cores\OneDrive\Desktop\Personal Project\InterSignal\data\reference\nifty500\history\raw\ind_prs10082026.pdf,https://www.niftyindices.com/Press_Release/ind_prs10082026.pdf,EXPLICIT_SYMBOL,HIGH,HIGH,PARSED,"Replacements in indices w.e.f. September 30, 2026"
NIFTY 500,Privi Speciality Chemicals Ltd.,PRIVI SPECIALITY CHEMICALS,PRIVISCL,,ADDED,2026-08-10,2026-09-30,C:\Users\cores\OneDrive\Desktop\Personal Project\InterSignal\data\reference\nifty500\history\raw\ind_prs10082026.pdf,https://www.niftyindices.com/Press_Release/ind_prs10082026.pdf,EXPLICIT_SYMBOL,HIGH,HIGH,PARSED,"Replacements in indices w.e.f. September 30, 2026"
NIFTY 500,Rubicon Research Ltd.,RUBICON RESEARCH,RUBICON,,ADDED,2026-08-10,2026-09-30,C:\Users\cores\OneDrive\Desktop\Personal Project\InterSignal\data\reference\nifty500\history\raw\ind_prs10082026.pdf,https://www.niftyindices.com/Press_Release/ind_prs10082026.pdf,EXPLICIT_SYMBOL,HIGH,HIGH,PARSED,"Replacements in indices w.e.f. September 30, 2026"
NIFTY 500,Sansera Engineering Ltd.,SANSERA ENGINEERING,SANSERA,,ADDED,2026-08-10,2026-09-30,C:\Users\cores\OneDrive\Desktop\Personal Project\InterSignal\data\reference\nifty500\history\raw\ind_prs10082026.pdf,https://www.niftyindices.com/Press_Release/ind_prs10082026.pdf,EXPLICIT_SYMBOL,HIGH,HIGH,PARSED,"Replacements in indices w.e.f. September 30, 2026"
NIFTY 500,SPR Auto Technologies Ltd.,SPR AUTO TECHNOLOGIES,SHRIPISTON,,ADDED,2026-08-10,2026-09-30,C:\Users\cores\OneDrive\Desktop\Personal Project\InterSignal\data\reference\nifty500\history\raw\ind_prs10082026.pdf,https://www.niftyindices.com/Press_Release/ind_prs10082026.pdf,EXPLICIT_SYMBOL,HIGH,HIGH,PARSED,"Replacements in indices w.e.f. September 30, 2026"
NIFTY 500,Sterlite Technologies Ltd.,STERLITE TECHNOLOGIES,STLTECH,,ADDED,2026-08-10,2026-09-30,C:\Users\cores\OneDrive\Desktop\Personal Project\InterSignal\data\reference\nifty500\history\raw\ind_prs10082026.pdf,https://www.niftyindices.com/Press_Release/ind_prs10082026.pdf,EXPLICIT_SYMBOL,HIGH,HIGH,PARSED,"Replacements in indices w.e.f. September 30, 2026"
NIFTY 500,TD Power Systems Ltd.,TD POWER SYSTEMS,TDPOWERSYS,,ADDED,2026-08-10,2026-09-30,C:\Users\cores\OneDrive\Desktop\Personal Project\InterSignal\data\reference\nifty500\history\raw\ind_prs10082026.pdf,https://www.niftyindices.com/Press_Release/ind_prs10082026.pdf,EXPLICIT_SYMBOL,HIGH,HIGH,PARSED,"Replacements in indices w.e.f. September 30, 2026"
NIFTY 500,Thangamayil Jewellery Ltd.,THANGAMAYIL JEWELLERY,THANGAMAYL,,ADDED,2026-08-10,2026-09-30,C:\Users\cores\OneDrive\Desktop\Personal Project\InterSignal\data\reference\nifty500\history\raw\ind_prs10082026.pdf,https://www.niftyindices.com/Press_Release/ind_prs10082026.pdf,EXPLICIT_SYMBOL,HIGH,HIGH,PARSED,"Replacements in indices w.e.f. September 30, 2026"
NIFTY 500,Vedanta Aluminium Metal Ltd.,VEDANTA ALUMINIUM METAL,VAML,,ADDED,2026-08-10,2026-09-30,C:\Users\cores\OneDrive\Desktop\Personal Project\InterSignal\data\reference\nifty500\history\raw\ind_prs10082026.pdf,https://www.niftyindices.com/Press_Release/ind_prs10082026.pdf,EXPLICIT_SYMBOL,HIGH,HIGH,PARSED,"Replacements in indices w.e.f. September 30, 2026"
NIFTY 500,Vedanta Power Ltd.,VEDANTA POWER,VEDPOWER,,ADDED,2026-08-10,2026-09-30,C:\Users\cores\OneDrive\Desktop\Personal Project\InterSignal\data\reference\nifty500\history\raw\ind_prs10082026.pdf,https://www.niftyindices.com/Press_Release/ind_prs10082026.pdf,EXPLICIT_SYMBOL,HIGH,HIGH,PARSED,"Replacements in indices w.e.f. September 30, 2026"
NIFTY 500,Vedanta Iron and Steel Ltd.,VEDANTA IRON AND STEEL,VISL,,ADDED,2026-08-10,2026-09-30,C:\Users\cores\OneDrive\Desktop\Personal Project\InterSignal\data\reference\nifty500\history\raw\ind_prs10082026.pdf,https://www.niftyindices.com/Press_Release/ind_prs10082026.pdf,EXPLICIT_SYMBOL,HIGH,HIGH,PARSED,"Replacements in indices w.e.f. September 30, 2026"
NIFTY 500,Vedanta Oil and Gas Ltd.,VEDANTA OIL AND GAS,VOGL,,ADDED,2026-08-10,2026-09-30,C:\Users\cores\OneDrive\Desktop\Personal Project\InterSignal\data\reference\nifty500\history\raw\ind_prs10082026.pdf,https://www.niftyindices.com/Press_Release/ind_prs10082026.pdf,EXPLICIT_SYMBOL,HIGH,HIGH,PARSED,"Replacements in indices w.e.f. September 30, 2026"
NIFTY 500,3M India Ltd.,3M INDIA,3MINDIA,INE470A01017,REMOVED,2026-08-10,2026-09-30,C:\Users\cores\OneDrive\Desktop\Personal Project\InterSignal\data\reference\nifty500\history\raw\ind_prs10082026.pdf,https://www.niftyindices.com/Press_Release/ind_prs10082026.pdf,EXPLICIT_SYMBOL,HIGH,HIGH,PARSED,"Replacements in indices w.e.f. September 30, 2026"
NIFTY 500,Aditya Birla Fashion and Retail Ltd.,ADITYA BIRLA FASHION AND RETAIL,ABFRL,INE647O01011,REMOVED,2026-08-10,2026-09-30,C:\Users\cores\OneDrive\Desktop\Personal Project\InterSignal\data\reference\nifty500\history\raw\ind_prs10082026.pdf,https://www.niftyindices.com/Press_Release/ind_prs10082026.pdf,EXPLICIT_SYMBOL,HIGH,HIGH,PARSED,"Replacements in indices w.e.f. September 30, 2026"
NIFTY 500,Aditya Birla Lifestyle Brands Ltd.,ADITYA BIRLA LIFESTYLE BRANDS,ABLBL,INE14LE01019,REMOVED,2026-08-10,2026-09-30,C:\Users\cores\OneDrive\Desktop\Personal Project\InterSignal\data\reference\nifty500\history\raw\ind_prs10082026.pdf,https://www.niftyindices.com/Press_Release/ind_prs10082026.pdf,EXPLICIT_SYMBOL,HIGH,HIGH,PARSED,"Replacements in indices w.e.f. September 30, 2026"
NIFTY 500,Bayer Cropscience Ltd.,BAYER CROPSCIENCE,BAYERCROP,INE462A01022,REMOVED,2026-08-10,2026-09-30,C:\Users\cores\OneDrive\Desktop\Personal Project\InterSignal\data\reference\nifty500\history\raw\ind_prs10082026.pdf,https://www.niftyindices.com/Press_Release/ind_prs10082026.pdf,EXPLICIT_SYMBOL,HIGH,HIGH,PARSED,"Replacements in indices w.e.f. September 30, 2026"
NIFTY 500,Bombay Burmah Trading Corporation Ltd.,BOMBAY BURMAH TRADING CORPORATION,BBTC,INE050A01025,REMOVED,2026-08-10,2026-09-30,C:\Users\cores\OneDrive\Desktop\Personal Project\InterSignal\data\reference\nifty500\history\raw\ind_prs10082026.pdf,https://www.niftyindices.com/Press_Release/ind_prs10082026.pdf,EXPLICIT_SYMBOL,HIGH,HIGH,PARSED,"Replacements in indices w.e.f. September 30, 2026"
NIFTY 500,Bikaji Foods International Ltd.,BIKAJI FOODS INTERNATIONAL,BIKAJI,INE00E101023,REMOVED,2026-08-10,2026-09-30,C:\Users\cores\OneDrive\Desktop\Personal Project\InterSignal\data\reference\nifty500\history\raw\ind_prs10082026.pdf,https://www.niftyindices.com/Press_Release/ind_prs10082026.pdf,EXPLICIT_SYMBOL,HIGH,HIGH,PARSED,"Replacements in indices w.e.f. September 30, 2026"
NIFTY 500,Blue Dart Express Ltd.,BLUE DART EXPRESS,BLUEDART,INE233B01017,REMOVED,2026-08-10,2026-09-30,C:\Users\cores\OneDrive\Desktop\Personal Project\InterSignal\data\reference\nifty500\history\raw\ind_prs10082026.pdf,https://www.niftyindices.com/Press_Release/ind_prs10082026.pdf,EXPLICIT_SYMBOL,HIGH,HIGH,PARSED,"Replacements in indices w.e.f. September 30, 2026"
NIFTY 500,Blue Jet Healthcare Ltd.,BLUE JET HEALTHCARE,BLUEJET,INE0KBH01020,REMOVED,2026-08-10,2026-09-30,C:\Users\cores\OneDrive\Desktop\Personal Project\InterSignal\data\reference\nifty500\history\raw\ind_prs10082026.pdf,https://www.niftyindices.com/Press_Release/ind_prs10082026.pdf,EXPLICIT_SYMBOL,HIGH,HIGH,PARSED,"Replacements in indices w.e.f. September 30, 2026"
NIFTY 500,Chalet Hotels Ltd.,CHALET HOTELS,CHALET,INE427F01016,REMOVED,2026-08-10,2026-09-30,C:\Users\cores\OneDrive\Desktop\Personal Project\InterSignal\data\reference\nifty500\history\raw\ind_prs10082026.pdf,https://www.niftyindices.com/Press_Release/ind_prs10082026.pdf,EXPLICIT_SYMBOL,HIGH,HIGH,PARSED,"Replacements in indices w.e.f. September 30, 2026"
NIFTY 500,DCM Shriram Ltd.,DCM SHRIRAM,DCMSHRIRAM,INE499A01024,REMOVED,2026-08-10,2026-09-30,C:\Users\cores\OneDrive\Desktop\Personal Project\InterSignal\data\reference\nifty500\history\raw\ind_prs10082026.pdf,https://www.niftyindices.com/Press_Release/ind_prs10082026.pdf,EXPLICIT_SYMBOL,HIGH,HIGH,PARSED,"Replacements in indices w.e.f. September 30, 2026"
NIFTY 500,Eris Lifesciences Ltd.,ERIS LIFESCIENCES,ERIS,INE406M01024,REMOVED,2026-08-10,2026-09-30,C:\Users\cores\OneDrive\Desktop\Personal Project\InterSignal\data\reference\nifty500\history\raw\ind_prs10082026.pdf,https://www.niftyindices.com/Press_Release/ind_prs10082026.pdf,EXPLICIT_SYMBOL,HIGH,HIGH,PARSED,"Replacements in indices w.e.f. September 30, 2026"
NIFTY 500,Go Digit General Insurance Ltd.,GO DIGIT GENERAL INSURANCE,GODIGIT,INE03JT01014,REMOVED,2026-08-10,2026-09-30,C:\Users\cores\OneDrive\Desktop\Personal Project\InterSignal\data\reference\nifty500\history\raw\ind_prs10082026.pdf,https://www.niftyindices.com/Press_Release/ind_prs10082026.pdf,EXPLICIT_SYMBOL,HIGH,HIGH,PARSED,"Replacements in indices w.e.f. September 30, 2026"
NIFTY 500,Indegene Ltd.,INDEGENE,INDGN,INE065X01017,REMOVED,2026-08-10,2026-09-30,C:\Users\cores\OneDrive\Desktop\Personal Project\InterSignal\data\reference\nifty500\history\raw\ind_prs10082026.pdf,https://www.niftyindices.com/Press_Release/ind_prs10082026.pdf,EXPLICIT_SYMBOL,HIGH,HIGH,PARSED,"Replacements in indices w.e.f. September 30, 2026"
NIFTY 500,JSW Dulux Ltd.,JSW DULUX,JSWDULUX,INE133A01011,REMOVED,2026-08-10,2026-09-30,C:\Users\cores\OneDrive\Desktop\Personal Project\InterSignal\data\reference\nifty500\history\raw\ind_prs10082026.pdf,https://www.niftyindices.com/Press_Release/ind_prs10082026.pdf,EXPLICIT_SYMBOL,HIGH,HIGH,PARSED,"Replacements in indices w.e.f. September 30, 2026"
NIFTY 500,Jubilant Pharmova Ltd.,JUBILANT PHARMOVA,JUBLPHARMA,INE700A01033,REMOVED,2026-08-10,2026-09-30,C:\Users\cores\OneDrive\Desktop\Personal Project\InterSignal\data\reference\nifty500\history\raw\ind_prs10082026.pdf,https://www.niftyindices.com/Press_Release/ind_prs10082026.pdf,EXPLICIT_SYMBOL,HIGH,HIGH,PARSED,"Replacements in indices w.e.f. September 30, 2026"
NIFTY 500,Latent View Analytics Ltd.,LATENT VIEW ANALYTICS,LATENTVIEW,INE0I7C01011,REMOVED,2026-08-10,2026-09-30,C:\Users\cores\OneDrive\Desktop\Personal Project\InterSignal\data\reference\nifty500\history\raw\ind_prs10082026.pdf,https://www.niftyindices.com/Press_Release/ind_prs10082026.pdf,EXPLICIT_SYMBOL,HIGH,HIGH,PARSED,"Replacements in indices w.e.f. September 30, 2026"
NIFTY 500,C.E. Info Systems Ltd.,CE INFO SYSTEMS,MAPMYINDIA,INE0BV301023,REMOVED,2026-08-10,2026-09-30,C:\Users\cores\OneDrive\Desktop\Personal Project\InterSignal\data\reference\nifty500\history\raw\ind_prs10082026.pdf,https://www.niftyindices.com/Press_Release/ind_prs10082026.pdf,EXPLICIT_SYMBOL,HIGH,HIGH,PARSED,"Replacements in indices w.e.f. September 30, 2026"
NIFTY 500,Newgen Software Technologies Ltd.,NEWGEN SOFTWARE TECHNOLOGIES,NEWGEN,INE619B01017,REMOVED,2026-08-10,2026-09-30,C:\Users\cores\OneDrive\Desktop\Personal Project\InterSignal\data\reference\nifty500\history\raw\ind_prs10082026.pdf,https://www.niftyindices.com/Press_Release/ind_prs10082026.pdf,EXPLICIT_SYMBOL,HIGH,HIGH,PARSED,"Replacements in indices w.e.f. September 30, 2026"
NIFTY 500,Niva Bupa Health Insurance Company Ltd.,NIVA BUPA HEALTH INSURANCE COMPANY,NIVABUPA,INE995S01015,REMOVED,2026-08-10,2026-09-30,C:\Users\cores\OneDrive\Desktop\Personal Project\InterSignal\data\reference\nifty500\history\raw\ind_prs10082026.pdf,https://www.niftyindices.com/Press_Release/ind_prs10082026.pdf,EXPLICIT_SYMBOL,HIGH,HIGH,PARSED,"Replacements in indices w.e.f. September 30, 2026"
NIFTY 500,Pfizer Ltd.,PFIZER,PFIZER,INE182A01018,REMOVED,2026-08-10,2026-09-30,C:\Users\cores\OneDrive\Desktop\Personal Project\InterSignal\data\reference\nifty500\history\raw\ind_prs10082026.pdf,https://www.niftyindices.com/Press_Release/ind_prs10082026.pdf,EXPLICIT_SYMBOL,HIGH,HIGH,PARSED,"Replacements in indices w.e.f. September 30, 2026"
NIFTY 500,Sapphire Foods India Ltd.,SAPPHIRE FOODS INDIA,SAPPHIRE,INE806T01020,REMOVED,2026-08-10,2026-09-30,C:\Users\cores\OneDrive\Desktop\Personal Project\InterSignal\data\reference\nifty500\history\raw\ind_prs10082026.pdf,https://www.niftyindices.com/Press_Release/ind_prs10082026.pdf,EXPLICIT_SYMBOL,HIGH,HIGH,PARSED,"Replacements in indices w.e.f. September 30, 2026"
NIFTY 500,Saregama India Ltd,SAREGAMA INDIA,SAREGAMA,INE979A01025,REMOVED,2026-08-10,2026-09-30,C:\Users\cores\OneDrive\Desktop\Personal Project\InterSignal\data\reference\nifty500\history\raw\ind_prs10082026.pdf,https://www.niftyindices.com/Press_Release/ind_prs10082026.pdf,EXPLICIT_SYMBOL,HIGH,HIGH,PARSED,"Replacements in indices w.e.f. September 30, 2026"
NIFTY 500,SBFC Finance Ltd.,SBFC FINANCE,SBFC,INE423Y01016,REMOVED,2026-08-10,2026-09-30,C:\Users\cores\OneDrive\Desktop\Personal Project\InterSignal\data\reference\nifty500\history\raw\ind_prs10082026.pdf,https://www.niftyindices.com/Press_Release/ind_prs10082026.pdf,EXPLICIT_SYMBOL,HIGH,HIGH,PARSED,"Replacements in indices w.e.f. September 30, 2026"
NIFTY 500,Sonata Software Ltd.,SONATA SOFTWARE,SONATSOFTW,INE269A01021,REMOVED,2026-08-10,2026-09-30,C:\Users\cores\OneDrive\Desktop\Personal Project\InterSignal\data\reference\nifty500\history\raw\ind_prs10082026.pdf,https://www.niftyindices.com/Press_Release/ind_prs10082026.pdf,EXPLICIT_SYMBOL,HIGH,HIGH,PARSED,"Replacements in indices w.e.f. September 30, 2026"
NIFTY 500,Supreme Petrochem Ltd.,SUPREME PETROCHEM,SPLPETRO,INE663A01033,REMOVED,2026-08-10,2026-09-30,C:\Users\cores\OneDrive\Desktop\Personal Project\InterSignal\data\reference\nifty500\history\raw\ind_prs10082026.pdf,https://www.niftyindices.com/Press_Release/ind_prs10082026.pdf,EXPLICIT_SYMBOL,HIGH,HIGH,PARSED,"Replacements in indices w.e.f. September 30, 2026"
NIFTY 500,Leela Palaces Hotels & Resorts Ltd.,LEELA PALACES HOTELS AND RESORTS,THELEELA,INE0AQ201015,REMOVED,2026-08-10,2026-09-30,C:\Users\cores\OneDrive\Desktop\Personal Project\InterSignal\data\reference\nifty500\history\raw\ind_prs10082026.pdf,https://www.niftyindices.com/Press_Release/ind_prs10082026.pdf,EXPLICIT_SYMBOL,HIGH,HIGH,PARSED,"Replacements in indices w.e.f. September 30, 2026"
NIFTY 500,Travel Food Services Ltd.,TRAVEL FOOD SERVICES,TRAVELFOOD,INE103V01028,REMOVED,2026-08-10,2026-09-30,C:\Users\cores\OneDrive\Desktop\Personal Project\InterSignal\data\reference\nifty500\history\raw\ind_prs10082026.pdf,https://www.niftyindices.com/Press_Release/ind_prs10082026.pdf,EXPLICIT_SYMBOL,HIGH,HIGH,PARSED,"Replacements in indices w.e.f. September 30, 2026"
