index_name,symbol,isin,valid_from,valid_to,reconstruction_method,source_confidence,provenance
NIFTY 500,360ONE,INE466L01038,2021-09-30,2026-09-07,BACKWARD_RECONSTRUCTED_FROM_CURRENT_SNAPSHOT,OFFICIAL_EVENTS_PARTIAL,current_snapshot
NIFTY 500,3MINDIA,INE470A01017,2021-09-30,2026-09-07,BACKWARD_RECONSTRUCTED_FROM_CURRENT_SNAPSHOT,OFFICIAL_EVENTS_PARTIAL,current_snapshot
NIFTY 500,AADHARHFC,INE883F01010,2024-09-30,2026-09-07,BACKWARD_RECONSTRUCTED_FROM_CURRENT_SNAPSHOT,OFFICIAL_EVENTS_PARTIAL,current_snapshot
NIFTY 500,AARTIDRUGS,,2021-09-30,2024-03-27,BACKWARD_RECONSTRUCTED_FROM_CURRENT_SNAPSHOT,OFFICIAL_EVENTS_PARTIAL,https://www.niftyindices.com/Press_Release/ind_prs28022024.pdf
NIFTY 500,AARTIIND,INE769A01020,2021-09-30,2022-05-03,BACKWARD_RECONSTRUCTED_FROM_CURRENT_SNAPSHOT,OFFICIAL_EVENTS_PARTIAL,https://www.niftyindices.com/Press_Release/ind_prs05042022.pdf
NIFTY 500,AARTIIND,INE769A01020,2023-03-31,2026-09-07,BACKWARD_RECONSTRUCTED_FROM_CURRENT_SNAPSHOT,OFFICIAL_EVENTS_PARTIAL,current_snapshot
NIFTY 500,AAVAS,INE216P01012,2021-09-30,2026-09-07,BACKWARD_RECONSTRUCTED_FROM_CURRENT_SNAPSHOT,OFFICIAL_EVENTS_PARTIAL,current_snapshot
NIFTY 500,ABB,INE117A01022,2021-09-30,2026-09-07,BACKWARD_RECONSTRUCTED_FROM_CURRENT_SNAPSHOT,OFFICIAL_EVENTS_PARTIAL,current_snapshot
NIFTY 500,ABBOTINDIA,INE358A01014,2021-09-30,2026-09-07,BACKWARD_RECONSTRUCTED_FROM_CURRENT_SNAPSHOT,OFFICIAL_EVENTS_PARTIAL,current_snapshot
NIFTY 500,ABCAPITAL,INE674K01013,2021-09-30,2026-09-07,BACKWARD_RECONSTRUCTED_FROM_CURRENT_SNAPSHOT,OFFICIAL_EVENTS_PARTIAL,current_snapshot
NIFTY 500,ABDL,INE552Z01027,2026-03-30,2026-09-07,BACKWARD_RECONSTRUCTED_FROM_CURRENT_SNAPSHOT,OFFICIAL_EVENTS_PARTIAL,current_snapshot
NIFTY 500,ABFRL,INE647O01011,2021-09-30,2026-09-07,BACKWARD_RECONSTRUCTED_FROM_CURRENT_SNAPSHOT,OFFICIAL_EVENTS_PARTIAL,current_snapshot
NIFTY 500,ABLBL,INE14LE01019,2025-09-30,2026-09-07,BACKWARD_RECONSTRUCTED_FROM_CURRENT_SNAPSHOT,OFFICIAL_EVENTS_PARTIAL,current_snapshot
NIFTY 500,ABREL,INE055A01016,2021-09-30,2026-09-07,BACKWARD_RECONSTRUCTED_FROM_CURRENT_SNAPSHOT,OFFICIAL_EVENTS_PARTIAL,current_snapshot
NIFTY 500,ABSLAMC,INE404A01024,2022-03-31,2023-03-30,BACKWARD_RECONSTRUCTED_FROM_CURRENT_SNAPSHOT,OFFICIAL_EVENTS_PARTIAL,https://www.niftyindices.com/Press_Release/ind_prs17022023_1.pdf
NIFTY 500,ABSLAMC,INE404A01024,2024-09-30,2026-09-07,BACKWARD_RECONSTRUCTED_FROM_CURRENT_SNAPSHOT,OFFICIAL_EVENTS_PARTIAL,current_snapshot
NIFTY 500,ACC,INE012A01025,2021-09-30,2026-09-07,BACKWARD_RECONSTRUCTED_FROM_CURRENT_SNAPSHOT,OFFICIAL_EVENTS_PARTIAL,current_snapshot
NIFTY 500,ACE,INE731H01025,2024-03-28,2026-09-07,BACKWARD_RECONSTRUCTED_FROM_CURRENT_SNAPSHOT,OFFICIAL_EVENTS_PARTIAL,current_snapshot
NIFTY 500,ACI,,2023-03-31,2025-03-27,BACKWARD_RECONSTRUCTED_FROM_CURRENT_SNAPSHOT,OFFICIAL_EVENTS_PARTIAL,https://www.niftyindices.com/Press_Release/ind_prs21022025.pdf
NIFTY 500,ACMESOLAR,INE622W01025,2025-03-28,2026-09-07,BACKWARD_RECONSTRUCTED_FROM_CURRENT_SNAPSHOT,OFFICIAL_EVENTS_PARTIAL,current_snapshot
NIFTY 500,ACUTAAS,INE00FF01025,2026-03-30,2026-09-07,BACKWARD_RECONSTRUCTED_FROM_CURRENT_SNAPSHOT,OFFICIAL_EVENTS_PARTIAL,current_snapshot
NIFTY 500,ADANIENSOL,INE931S01010,2021-09-30,2026-09-07,BACKWARD_RECONSTRUCTED_FROM_CURRENT_SNAPSHOT,OFFICIAL_EVENTS_PARTIAL,current_snapshot
NIFTY 500,ADANIENT,INE423A01024,2021-09-30,2026-09-07,BACKWARD_RECONSTRUCTED_FROM_CURRENT_SNAPSHOT,OFFICIAL_EVENTS_PARTIAL,current_snapshot
NIFTY 500,ADANIGREEN,INE364U01010,2021-09-30,2026-09-07,BACKWARD_RECONSTRUCTED_FROM_CURRENT_SNAPSHOT,OFFICIAL_EVENTS_PARTIAL,current_snapshot
NIFTY 500,ADANIPORTS,INE742F01042,2021-09-30,2026-09-07,BACKWARD_RECONSTRUCTED_FROM_CURRENT_SNAPSHOT,OFFICIAL_EVENTS_PARTIAL,current_snapshot
NIFTY 500,ADANIPOWER,INE814H01029,2023-03-31,2026-09-07,BACKWARD_RECONSTRUCTED_FROM_CURRENT_SNAPSHOT,OFFICIAL_EVENTS_PARTIAL,current_snapshot
NIFTY 500,ADVENZYMES,,2021-09-30,2022-09-29,BACKWARD_RECONSTRUCTED_FROM_CURRENT_SNAPSHOT,OFFICIAL_EVENTS_PARTIAL,https://www.niftyindices.com/Press_Release/ind_prs01092022.pdf
NIFTY 500,AEGISLOG,INE208C01025,2021-09-30,2026-09-07,BACKWARD_RECONSTRUCTED_FROM_CURRENT_SNAPSHOT,OFFICIAL_EVENTS_PARTIAL,current_snapshot
NIFTY 500,AEGISVOPAK,INE0INX01018,2025-09-30,2026-09-07,BACKWARD_RECONSTRUCTED_FROM_CURRENT_SNAPSHOT,OFFICIAL_EVENTS_PARTIAL,current_snapshot
NIFTY 500,AETHER,,2022-09-30,2024-09-29,BACKWARD_RECONSTRUCTED_FROM_CURRENT_SNAPSHOT,OFFICIAL_EVENTS_PARTIAL,https://www.niftyindices.com/Press_Release/ind_prs23082024.pdf
NIFTY 500,AFCONS,INE101I01011,2025-03-28,2026-09-07,BACKWARD_RECONSTRUCTED_FROM_CURRENT_SNAPSHOT,OFFICIAL_EVENTS_PARTIAL,current_snapshot
NIFTY 500,AFFLE,INE00WC01027,2021-09-30,2026-09-07,BACKWARD_RECONSTRUCTED_FROM_CURRENT_SNAPSHOT,OFFICIAL_EVENTS_PARTIAL,current_snapshot
NIFTY 500,AGARWALEYE,,2025-09-30,2026-03-29,BACKWARD_RECONSTRUCTED_FROM_CURRENT_SNAPSHOT,OFFICIAL_EVENTS_PARTIAL,https://www.niftyindices.com/Press_Release/ind_prs23022026.pdf
NIFTY 500,AIAENG,INE212H01026,2021-09-30,2026-09-07,BACKWARD_RECONSTRUCTED_FROM_CURRENT_SNAPSHOT,OFFICIAL_EVENTS_PARTIAL,current_snapshot
NIFTY 500,AIIL,INE206F01022,2025-03-28,2026-09-07,BACKWARD_RECONSTRUCTED_FROM_CURRENT_SNAPSHOT,OFFICIAL_EVENTS_PARTIAL,current_snapshot
NIFTY 500,AJANTPHARM,INE031B01049,2021-09-30,2026-09-07,BACKWARD_RECONSTRUCTED_FROM_CURRENT_SNAPSHOT,OFFICIAL_EVENTS_PARTIAL,current_snapshot
NIFTY 500,AKUMS,,2024-10-16,2026-03-29,BACKWARD_RECONSTRUCTED_FROM_CURRENT_SNAPSHOT,OFFICIAL_EVENTS_PARTIAL,https://www.niftyindices.com/Press_Release/ind_prs23022026.pdf
NIFTY 500,ALEMBICLTD,,2021-09-30,2022-03-30,BACKWARD_RECONSTRUCTED_FROM_CURRENT_SNAPSHOT,OFFICIAL_EVENTS_PARTIAL,https://www.niftyindices.com/Press_Release/ind_prs24022022_1.pdf
NIFTY 500,ALIVUS,,2025-03-28,2025-09-29,BACKWARD_RECONSTRUCTED_FROM_CURRENT_SNAPSHOT,OFFICIAL_EVENTS_PARTIAL,https://www.niftyindices.com/Press_Release/ind_prs22082025.pdf
NIFTY 500,ALKEM,INE540L01014,2021-09-30,2026-09-07,BACKWARD_RECONSTRUCTED_FROM_CURRENT_SNAPSHOT,OFFICIAL_EVENTS_PARTIAL,current_snapshot
NIFTY 500,ALKYLAMINE,,2021-09-30,2026-03-29,BACKWARD_RECONSTRUCTED_FROM_CURRENT_SNAPSHOT,OFFICIAL_EVENTS_PARTIAL,https://www.niftyindices.com/Press_Release/ind_prs23022026.pdf
NIFTY 500,ALLCARGO,,2022-03-31,2022-12-29,BACKWARD_RECONSTRUCTED_FROM_CURRENT_SNAPSHOT,OFFICIAL_EVENTS_PARTIAL,https://www.niftyindices.com/Press_Release/ind_prs06122022.pdf
NIFTY 500,ALLCARGO,,2023-09-29,2024-09-29,BACKWARD_RECONSTRUCTED_FROM_CURRENT_SNAPSHOT,OFFICIAL_EVENTS_PARTIAL,https://www.niftyindices.com/Press_Release/ind_prs23082024.pdf
NIFTY 500,ALOKINDS,,2021-09-30,2023-03-30,BACKWARD_RECONSTRUCTED_FROM_CURRENT_SNAPSHOT,OFFICIAL_EVENTS_PARTIAL,https://www.niftyindices.com/Press_Release/ind_prs17022023_1.pdf
NIFTY 500,ALOKINDS,,2023-09-29,2026-03-29,BACKWARD_RECONSTRUCTED_FROM_CURRENT_SNAPSHOT,OFFICIAL_EVENTS_PARTIAL,https://www.niftyindices.com/Press_Release/ind_prs23022026.pdf
NIFTY 500,AMBER,INE371P01015,2021-09-30,2026-09-07,BACKWARD_RECONSTRUCTED_FROM_CURRENT_SNAPSHOT,OFFICIAL_EVENTS_PARTIAL,current_snapshot
NIFTY 500,AMBUJACEM,INE079A01024,2021-09-30,2026-09-07,BACKWARD_RECONSTRUCTED_FROM_CURRENT_SNAPSHOT,OFFICIAL_EVENTS_PARTIAL,current_snapshot
NIFTY 500,ANANDRATHI,INE463V01026,2024-03-28,2026-09-07,BACKWARD_RECONSTRUCTED_FROM_CURRENT_SNAPSHOT,OFFICIAL_EVENTS_PARTIAL,current_snapshot
NIFTY 500,ANANTRAJ,INE242C01024,2024-09-30,2026-09-07,BACKWARD_RECONSTRUCTED_FROM_CURRENT_SNAPSHOT,OFFICIAL_EVENTS_PARTIAL,current_snapshot
NIFTY 500,ANGELONE,INE732I01021,2021-09-30,2026-09-07,BACKWARD_RECONSTRUCTED_FROM_CURRENT_SNAPSHOT,OFFICIAL_EVENTS_PARTIAL,current_snapshot
NIFTY 500,ANTHEM,INE0CZ201020,2026-03-30,2026-09-07,BACKWARD_RECONSTRUCTED_FROM_CURRENT_SNAPSHOT,OFFICIAL_EVENTS_PARTIAL,current_snapshot
NIFTY 500,ANURAS,INE930P01018,2021-09-30,2024-09-29,BACKWARD_RECONSTRUCTED_FROM_CURRENT_SNAPSHOT,OFFICIAL_EVENTS_PARTIAL,https://www.niftyindices.com/Press_Release/ind_prs23082024.pdf
NIFTY 500,ANURAS,INE930P01018,2026-03-30,2026-09-07,BACKWARD_RECONSTRUCTED_FROM_CURRENT_SNAPSHOT,OFFICIAL_EVENTS_PARTIAL,current_snapshot
NIFTY 500,APARINDS,INE372A01015,2023-03-31,2026-09-07,BACKWARD_RECONSTRUCTED_FROM_CURRENT_SNAPSHOT,OFFICIAL_EVENTS_PARTIAL,current_snapshot
NIFTY 500,APLAPOLLO,INE702C01027,2021-09-30,2026-09-07,BACKWARD_RECONSTRUCTED_FROM_CURRENT_SNAPSHOT,OFFICIAL_EVENTS_PARTIAL,current_snapshot
NIFTY 500,APLLTD,,2021-09-30,2026-03-29,BACKWARD_RECONSTRUCTED_FROM_CURRENT_SNAPSHOT,OFFICIAL_EVENTS_PARTIAL,https://www.niftyindices.com/Press_Release/ind_prs23022026.pdf
NIFTY 500,APOLLOHOSP,INE437A01024,2021-09-30,2026-09-07,BACKWARD_RECONSTRUCTED_FROM_CURRENT_SNAPSHOT,OFFICIAL_EVENTS_PARTIAL,current_snapshot
NIFTY 500,APOLLOTYRE,INE438A01022,2021-09-30,2026-09-07,BACKWARD_RECONSTRUCTED_FROM_CURRENT_SNAPSHOT,OFFICIAL_EVENTS_PARTIAL,current_snapshot
NIFTY 500,APTUS,INE852O01025,2022-03-31,2026-09-07,BACKWARD_RECONSTRUCTED_FROM_CURRENT_SNAPSHOT,OFFICIAL_EVENTS_PARTIAL,current_snapshot
NIFTY 500,ARE&M,INE885A01032,2021-09-30,2026-09-07,BACKWARD_RECONSTRUCTED_FROM_CURRENT_SNAPSHOT,OFFICIAL_EVENTS_PARTIAL,current_snapshot
NIFTY 500,ASAHIINDIA,INE439A01020,2021-09-30,2026-09-07,BACKWARD_RECONSTRUCTED_FROM_CURRENT_SNAPSHOT,OFFICIAL_EVENTS_PARTIAL,current_snapshot
NIFTY 500,ASHOKA,,2021-09-30,2022-03-30,BACKWARD_RECONSTRUCTED_FROM_CURRENT_SNAPSHOT,OFFICIAL_EVENTS_PARTIAL,https://www.niftyindices.com/Press_Release/ind_prs24022022_1.pdf
NIFTY 500,ASHOKLEY,INE208A01029,2021-09-30,2026-09-07,BACKWARD_RECONSTRUCTED_FROM_CURRENT_SNAPSHOT,OFFICIAL_EVENTS_PARTIAL,current_snapshot
NIFTY 500,ASIANPAINT,INE021A01026,2021-09-30,2026-09-07,BACKWARD_RECONSTRUCTED_FROM_CURRENT_SNAPSHOT,OFFICIAL_EVENTS_PARTIAL,current_snapshot
NIFTY 500,ASTERDM,INE914M01019,2021-09-30,2026-09-07,BACKWARD_RECONSTRUCTED_FROM_CURRENT_SNAPSHOT,OFFICIAL_EVENTS_PARTIAL,current_snapshot
NIFTY 500,ASTRAL,INE006I01046,2021-09-30,2026-09-07,BACKWARD_RECONSTRUCTED_FROM_CURRENT_SNAPSHOT,OFFICIAL_EVENTS_PARTIAL,current_snapshot
NIFTY 500,ASTRAZEN,,2021-09-30,2023-03-30,BACKWARD_RECONSTRUCTED_FROM_CURRENT_SNAPSHOT,OFFICIAL_EVENTS_PARTIAL,https://www.niftyindices.com/Press_Release/ind_prs17022023_1.pdf
NIFTY 500,ASTRAZEN,,2024-03-28,2026-03-29,BACKWARD_RECONSTRUCTED_FROM_CURRENT_SNAPSHOT,OFFICIAL_EVENTS_PARTIAL,https://www.niftyindices.com/Press_Release/ind_prs23022026.pdf
NIFTY 500,ATGL,INE399L01023,2021-09-30,2026-09-07,BACKWARD_RECONSTRUCTED_FROM_CURRENT_SNAPSHOT,OFFICIAL_EVENTS_PARTIAL,current_snapshot
NIFTY 500,ATHERENERG,INE0LEZ01016,2025-09-30,2026-09-07,BACKWARD_RECONSTRUCTED_FROM_CURRENT_SNAPSHOT,OFFICIAL_EVENTS_PARTIAL,current_snapshot
NIFTY 500,ATUL,INE100A01010,2021-09-30,2026-09-07,BACKWARD_RECONSTRUCTED_FROM_CURRENT_SNAPSHOT,OFFICIAL_EVENTS_PARTIAL,current_snapshot
NIFTY 500,AUBANK,INE949L01017,2021-09-30,2026-09-07,BACKWARD_RECONSTRUCTED_FROM_CURRENT_SNAPSHOT,OFFICIAL_EVENTS_PARTIAL,current_snapshot
NIFTY 500,AUROPHARMA,INE406A01037,2021-09-30,2026-09-07,BACKWARD_RECONSTRUCTED_FROM_CURRENT_SNAPSHOT,OFFICIAL_EVENTS_PARTIAL,current_snapshot
NIFTY 500,AVANTIFEED,,2021-09-30,2025-03-27,BACKWARD_RECONSTRUCTED_FROM_CURRENT_SNAPSHOT,OFFICIAL_EVENTS_PARTIAL,https://www.niftyindices.com/Press_Release/ind_prs21022025.pdf
NIFTY 500,AWL,INE699H01024,2022-09-30,2026-09-07,BACKWARD_RECONSTRUCTED_FROM_CURRENT_SNAPSHOT,OFFICIAL_EVENTS_PARTIAL,current_snapshot
NIFTY 500,AXISBANK,INE238A01034,2021-09-30,2026-09-07,BACKWARD_RECONSTRUCTED_FROM_CURRENT_SNAPSHOT,OFFICIAL_EVENTS_PARTIAL,current_snapshot
NIFTY 500,BAJAJ-AUTO,INE917I01010,2021-09-30,2026-09-07,BACKWARD_RECONSTRUCTED_FROM_CURRENT_SNAPSHOT,OFFICIAL_EVENTS_PARTIAL,current_snapshot
NIFTY 500,BAJAJCON,,2021-09-30,2022-03-30,BACKWARD_RECONSTRUCTED_FROM_CURRENT_SNAPSHOT,OFFICIAL_EVENTS_PARTIAL,https://www.niftyindices.com/Press_Release/ind_prs24022022_1.pdf
NIFTY 500,BAJAJELEC,,2021-09-30,2023-04-27,BACKWARD_RECONSTRUCTED_FROM_CURRENT_SNAPSHOT,OFFICIAL_EVENTS_PARTIAL,https://www.niftyindices.com/Press_Release/ind_prs19042023_1.pdf
NIFTY 500,BAJAJFINSV,INE918I01026,2021-09-30,2026-09-07,BACKWARD_RECONSTRUCTED_FROM_CURRENT_SNAPSHOT,OFFICIAL_EVENTS_PARTIAL,current_snapshot
NIFTY 500,BAJAJHFL,INE377Y01014,2025-03-28,2026-09-07,BACKWARD_RECONSTRUCTED_FROM_CURRENT_SNAPSHOT,OFFICIAL_EVENTS_PARTIAL,current_snapshot
NIFTY 500,BAJAJHLDNG,INE118A01012,2021-09-30,2026-09-07,BACKWARD_RECONSTRUCTED_FROM_CURRENT_SNAPSHOT,OFFICIAL_EVENTS_PARTIAL,current_snapshot
NIFTY 500,BAJFINANCE,INE296A01032,2021-09-30,2026-09-07,BACKWARD_RECONSTRUCTED_FROM_CURRENT_SNAPSHOT,OFFICIAL_EVENTS_PARTIAL,current_snapshot
NIFTY 500,BALAMINES,,2021-09-30,2025-03-27,BACKWARD_RECONSTRUCTED_FROM_CURRENT_SNAPSHOT,OFFICIAL_EVENTS_PARTIAL,https://www.niftyindices.com/Press_Release/ind_prs21022025.pdf
NIFTY 500,BALKRISIND,INE787D01026,2021-09-30,2026-09-07,BACKWARD_RECONSTRUCTED_FROM_CURRENT_SNAPSHOT,OFFICIAL_EVENTS_PARTIAL,current_snapshot
NIFTY 500,BALRAMCHIN,INE119A01028,2021-09-30,2026-09-07,BACKWARD_RECONSTRUCTED_FROM_CURRENT_SNAPSHOT,OFFICIAL_EVENTS_PARTIAL,current_snapshot
NIFTY 500,BANDHANBNK,INE545U01014,2021-09-30,2026-09-07,BACKWARD_RECONSTRUCTED_FROM_CURRENT_SNAPSHOT,OFFICIAL_EVENTS_PARTIAL,current_snapshot
NIFTY 500,BANKBARODA,INE028A01039,2021-09-30,2026-09-07,BACKWARD_RECONSTRUCTED_FROM_CURRENT_SNAPSHOT,OFFICIAL_EVENTS_PARTIAL,current_snapshot
NIFTY 500,BANKINDIA,INE084A01016,2021-09-30,2026-09-07,BACKWARD_RECONSTRUCTED_FROM_CURRENT_SNAPSHOT,OFFICIAL_EVENTS_PARTIAL,current_snapshot
NIFTY 500,BASF,,2021-09-30,2023-09-28,BACKWARD_RECONSTRUCTED_FROM_CURRENT_SNAPSHOT,OFFICIAL_EVENTS_PARTIAL,https://www.niftyindices.com/Press_Release/ind_prs17082023.pdf
NIFTY 500,BASF,,2024-09-30,2026-03-29,BACKWARD_RECONSTRUCTED_FROM_CURRENT_SNAPSHOT,OFFICIAL_EVENTS_PARTIAL,https://www.niftyindices.com/Press_Release/ind_prs23022026.pdf
NIFTY 500,BATAINDIA,INE176A01028,2021-09-30,2026-09-07,BACKWARD_RECONSTRUCTED_FROM_CURRENT_SNAPSHOT,OFFICIAL_EVENTS_PARTIAL,current_snapshot
NIFTY 500,BAYERCROP,INE462A01022,2021-09-30,2026-09-07,BACKWARD_RECONSTRUCTED_FROM_CURRENT_SNAPSHOT,OFFICIAL_EVENTS_PARTIAL,current_snapshot
NIFTY 500,BBTC,INE050A01025,2021-09-30,2026-09-07,BACKWARD_RECONSTRUCTED_FROM_CURRENT_SNAPSHOT,OFFICIAL_EVENTS_PARTIAL,current_snapshot
NIFTY 500,BCG,,2022-03-31,2024-03-27,BACKWARD_RECONSTRUCTED_FROM_CURRENT_SNAPSHOT,OFFICIAL_EVENTS_PARTIAL,https://www.niftyindices.com/Press_Release/ind_prs28022024.pdf
NIFTY 500,BDL,INE171Z01026,2021-09-30,2026-09-07,BACKWARD_RECONSTRUCTED_FROM_CURRENT_SNAPSHOT,OFFICIAL_EVENTS_PARTIAL,current_snapshot
NIFTY 500,BEL,INE263A01024,2021-09-30,2026-09-07,BACKWARD_RECONSTRUCTED_FROM_CURRENT_SNAPSHOT,OFFICIAL_EVENTS_PARTIAL,current_snapshot
NIFTY 500,BELRISE,INE894V01022,2026-03-30,2026-09-07,BACKWARD_RECONSTRUCTED_FROM_CURRENT_SNAPSHOT,OFFICIAL_EVENTS_PARTIAL,current_snapshot
NIFTY 500,BEML,INE258A01024,2021-09-30,2022-04-11,BACKWARD_RECONSTRUCTED_FROM_CURRENT_SNAPSHOT,OFFICIAL_EVENTS_PARTIAL,https://www.niftyindices.com/Press_Release/ind_prs05042022_1.pdf
NIFTY 500,BEML,INE258A01024,2022-12-30,2026-09-07,BACKWARD_RECONSTRUCTED_FROM_CURRENT_SNAPSHOT,OFFICIAL_EVENTS_PARTIAL,current_snapshot
NIFTY 500,BERGEPAINT,INE463A01038,2021-09-30,2026-09-07,BACKWARD_RECONSTRUCTED_FROM_CURRENT_SNAPSHOT,OFFICIAL_EVENTS_PARTIAL,current_snapshot
NIFTY 500,BHARATFORG,INE465A01025,2021-09-30,2026-09-07,BACKWARD_RECONSTRUCTED_FROM_CURRENT_SNAPSHOT,OFFICIAL_EVENTS_PARTIAL,current_snapshot
NIFTY 500,BHARATRAS,,2021-09-30,2022-03-30,BACKWARD_RECONSTRUCTED_FROM_CURRENT_SNAPSHOT,OFFICIAL_EVENTS_PARTIAL,https://www.niftyindices.com/Press_Release/ind_prs24022022_1.pdf
NIFTY 500,BHARATRAS,,2022-09-30,2023-03-30,BACKWARD_RECONSTRUCTED_FROM_CURRENT_SNAPSHOT,OFFICIAL_EVENTS_PARTIAL,https://www.niftyindices.com/Press_Release/ind_prs17022023_1.pdf
NIFTY 500,BHARTIARTL,INE397D01024,2021-09-30,2026-09-07,BACKWARD_RECONSTRUCTED_FROM_CURRENT_SNAPSHOT,OFFICIAL_EVENTS_PARTIAL,current_snapshot
NIFTY 500,BHARTIHEXA,INE343G01021,2024-09-30,2026-09-07,BACKWARD_RECONSTRUCTED_FROM_CURRENT_SNAPSHOT,OFFICIAL_EVENTS_PARTIAL,current_snapshot
NIFTY 500,BHEL,INE257A01026,2021-09-30,2026-09-07,BACKWARD_RECONSTRUCTED_FROM_CURRENT_SNAPSHOT,OFFICIAL_EVENTS_PARTIAL,current_snapshot
NIFTY 500,BIKAJI,INE00E101023,2023-03-31,2026-09-07,BACKWARD_RECONSTRUCTED_FROM_CURRENT_SNAPSHOT,OFFICIAL_EVENTS_PARTIAL,current_snapshot
NIFTY 500,BIOCON,INE376G01013,2021-09-30,2026-09-07,BACKWARD_RECONSTRUCTED_FROM_CURRENT_SNAPSHOT,OFFICIAL_EVENTS_PARTIAL,current_snapshot
NIFTY 500,BIRLACORPN,,2021-09-30,2025-03-27,BACKWARD_RECONSTRUCTED_FROM_CURRENT_SNAPSHOT,OFFICIAL_EVENTS_PARTIAL,https://www.niftyindices.com/Press_Release/ind_prs21022025.pdf
NIFTY 500,BLS,INE153T01027,2023-03-31,2026-09-07,BACKWARD_RECONSTRUCTED_FROM_CURRENT_SNAPSHOT,OFFICIAL_EVENTS_PARTIAL,current_snapshot
NIFTY 500,BLUEDART,INE233B01017,2021-09-30,2026-09-07,BACKWARD_RECONSTRUCTED_FROM_CURRENT_SNAPSHOT,OFFICIAL_EVENTS_PARTIAL,current_snapshot
NIFTY 500,BLUEJET,INE0KBH01020,2025-09-30,2026-09-07,BACKWARD_RECONSTRUCTED_FROM_CURRENT_SNAPSHOT,OFFICIAL_EVENTS_PARTIAL,current_snapshot
NIFTY 500,BLUESTARCO,INE472A01039,2021-09-30,2026-09-07,BACKWARD_RECONSTRUCTED_FROM_CURRENT_SNAPSHOT,OFFICIAL_EVENTS_PARTIAL,current_snapshot
NIFTY 500,BORORENEW,,2022-03-31,2024-09-29,BACKWARD_RECONSTRUCTED_FROM_CURRENT_SNAPSHOT,OFFICIAL_EVENTS_PARTIAL,https://www.niftyindices.com/Press_Release/ind_prs23082024.pdf
NIFTY 500,BOSCHLTD,INE323A01026,2021-09-30,2026-09-07,BACKWARD_RECONSTRUCTED_FROM_CURRENT_SNAPSHOT,OFFICIAL_EVENTS_PARTIAL,current_snapshot
NIFTY 500,BPCL,INE029A01011,2021-09-30,2026-09-07,BACKWARD_RECONSTRUCTED_FROM_CURRENT_SNAPSHOT,OFFICIAL_EVENTS_PARTIAL,current_snapshot
NIFTY 500,BRIGADE,INE791I01019,2021-09-30,2026-09-07,BACKWARD_RECONSTRUCTED_FROM_CURRENT_SNAPSHOT,OFFICIAL_EVENTS_PARTIAL,current_snapshot
NIFTY 500,BRITANNIA,INE216A01030,2021-09-30,2026-09-07,BACKWARD_RECONSTRUCTED_FROM_CURRENT_SNAPSHOT,OFFICIAL_EVENTS_PARTIAL,current_snapshot
NIFTY 500,BSE,INE118H01025,2021-09-30,2026-09-07,BACKWARD_RECONSTRUCTED_FROM_CURRENT_SNAPSHOT,OFFICIAL_EVENTS_PARTIAL,current_snapshot
NIFTY 500,BSOFT,INE836A01035,2021-09-30,2026-09-07,BACKWARD_RECONSTRUCTED_FROM_CURRENT_SNAPSHOT,OFFICIAL_EVENTS_PARTIAL,current_snapshot
NIFTY 500,CAMPUS,,2022-08-08,2026-03-29,BACKWARD_RECONSTRUCTED_FROM_CURRENT_SNAPSHOT,OFFICIAL_EVENTS_PARTIAL,https://www.niftyindices.com/Press_Release/ind_prs23022026.pdf
NIFTY 500,CAMS,INE596I01020,2021-09-30,2026-09-07,BACKWARD_RECONSTRUCTED_FROM_CURRENT_SNAPSHOT,OFFICIAL_EVENTS_PARTIAL,current_snapshot
NIFTY 500,CANBK,INE476A01022,2021-09-30,2026-09-07,BACKWARD_RECONSTRUCTED_FROM_CURRENT_SNAPSHOT,OFFICIAL_EVENTS_PARTIAL,current_snapshot
NIFTY 500,CANFINHOME,INE477A01020,2021-09-30,2026-09-07,BACKWARD_RECONSTRUCTED_FROM_CURRENT_SNAPSHOT,OFFICIAL_EVENTS_PARTIAL,current_snapshot
NIFTY 500,CANHLIFE,INE01TY01017,2026-03-30,2026-09-07,BACKWARD_RECONSTRUCTED_FROM_CURRENT_SNAPSHOT,OFFICIAL_EVENTS_PARTIAL,current_snapshot
NIFTY 500,CAPLIPOINT,INE475E01026,2021-09-30,2023-03-30,BACKWARD_RECONSTRUCTED_FROM_CURRENT_SNAPSHOT,OFFICIAL_EVENTS_PARTIAL,https://www.niftyindices.com/Press_Release/ind_prs17022023_1.pdf
NIFTY 500,CAPLIPOINT,INE475E01026,2024-03-28,2026-09-07,BACKWARD_RECONSTRUCTED_FROM_CURRENT_SNAPSHOT,OFFICIAL_EVENTS_PARTIAL,current_snapshot
NIFTY 500,CARBORUNIV,INE120A01034,2021-09-30,2026-09-07,BACKWARD_RECONSTRUCTED_FROM_CURRENT_SNAPSHOT,OFFICIAL_EVENTS_PARTIAL,current_snapshot
NIFTY 500,CARTRADE,INE290S01011,2026-03-30,2026-09-07,BACKWARD_RECONSTRUCTED_FROM_CURRENT_SNAPSHOT,OFFICIAL_EVENTS_PARTIAL,current_snapshot
NIFTY 500,CASTROLIND,INE172A01027,2021-09-30,2026-09-07,BACKWARD_RECONSTRUCTED_FROM_CURRENT_SNAPSHOT,OFFICIAL_EVENTS_PARTIAL,current_snapshot
NIFTY 500,CCL,INE421D01022,2021-09-30,2026-09-07,BACKWARD_RECONSTRUCTED_FROM_CURRENT_SNAPSHOT,OFFICIAL_EVENTS_PARTIAL,current_snapshot
NIFTY 500,CDSL,INE736A01011,2021-09-30,2026-09-07,BACKWARD_RECONSTRUCTED_FROM_CURRENT_SNAPSHOT,OFFICIAL_EVENTS_PARTIAL,current_snapshot
NIFTY 500,CEATLTD,INE482A01020,2021-09-30,2026-09-07,BACKWARD_RECONSTRUCTED_FROM_CURRENT_SNAPSHOT,OFFICIAL_EVENTS_PARTIAL,current_snapshot
NIFTY 500,CELLO,,2024-03-28,2025-03-27,BACKWARD_RECONSTRUCTED_FROM_CURRENT_SNAPSHOT,OFFICIAL_EVENTS_PARTIAL,https://www.niftyindices.com/Press_Release/ind_prs21022025.pdf
NIFTY 500,CEMPRO,INE686A01026,2026-03-30,2026-09-07,BACKWARD_RECONSTRUCTED_FROM_CURRENT_SNAPSHOT,OFFICIAL_EVENTS_PARTIAL,current_snapshot
NIFTY 500,CENTRALBK,INE483A01010,2021-09-30,2026-09-07,BACKWARD_RECONSTRUCTED_FROM_CURRENT_SNAPSHOT,OFFICIAL_EVENTS_PARTIAL,current_snapshot
NIFTY 500,CENTURYPLY,,2021-09-30,2026-03-29,BACKWARD_RECONSTRUCTED_FROM_CURRENT_SNAPSHOT,OFFICIAL_EVENTS_PARTIAL,https://www.niftyindices.com/Press_Release/ind_prs23022026.pdf
NIFTY 500,CERA,,2021-09-30,2026-03-29,BACKWARD_RECONSTRUCTED_FROM_CURRENT_SNAPSHOT,OFFICIAL_EVENTS_PARTIAL,https://www.niftyindices.com/Press_Release/ind_prs23022026.pdf
NIFTY 500,CESC,INE486A01021,2021-09-30,2026-09-07,BACKWARD_RECONSTRUCTED_FROM_CURRENT_SNAPSHOT,OFFICIAL_EVENTS_PARTIAL,current_snapshot
NIFTY 500,CGCL,INE180C01042,2021-09-30,2022-03-30,BACKWARD_RECONSTRUCTED_FROM_CURRENT_SNAPSHOT,OFFICIAL_EVENTS_PARTIAL,https://www.niftyindices.com/Press_Release/ind_prs24022022_1.pdf
NIFTY 500,CGCL,INE180C01042,2022-04-12,2026-09-07,BACKWARD_RECONSTRUCTED_FROM_CURRENT_SNAPSHOT,OFFICIAL_EVENTS_PARTIAL,current_snapshot
NIFTY 500,CGPOWER,INE067A01029,2021-09-30,2026-09-07,BACKWARD_RECONSTRUCTED_FROM_CURRENT_SNAPSHOT,OFFICIAL_EVENTS_PARTIAL,current_snapshot
NIFTY 500,CHALET,INE427F01016,2021-09-30,2026-09-07,BACKWARD_RECONSTRUCTED_FROM_CURRENT_SNAPSHOT,OFFICIAL_EVENTS_PARTIAL,current_snapshot
NIFTY 500,CHAMBLFERT,INE085A01013,2021-09-30,2026-09-07,BACKWARD_RECONSTRUCTED_FROM_CURRENT_SNAPSHOT,OFFICIAL_EVENTS_PARTIAL,current_snapshot
NIFTY 500,CHEMPLASTS,,2022-03-31,2025-03-27,BACKWARD_RECONSTRUCTED_FROM_CURRENT_SNAPSHOT,OFFICIAL_EVENTS_PARTIAL,https://www.niftyindices.com/Press_Release/ind_prs21022025.pdf
NIFTY 500,CHENNPETRO,INE178A01016,2024-03-28,2026-09-07,BACKWARD_RECONSTRUCTED_FROM_CURRENT_SNAPSHOT,OFFICIAL_EVENTS_PARTIAL,current_snapshot
NIFTY 500,CHOICEIN,INE102B01014,2025-09-30,2026-09-07,BACKWARD_RECONSTRUCTED_FROM_CURRENT_SNAPSHOT,OFFICIAL_EVENTS_PARTIAL,current_snapshot
NIFTY 500,CHOLAFIN,INE121A01024,2021-09-30,2026-09-07,BACKWARD_RECONSTRUCTED_FROM_CURRENT_SNAPSHOT,OFFICIAL_EVENTS_PARTIAL,current_snapshot
NIFTY 500,CHOLAHLDNG,INE149A01033,2021-09-30,2026-09-07,BACKWARD_RECONSTRUCTED_FROM_CURRENT_SNAPSHOT,OFFICIAL_EVENTS_PARTIAL,current_snapshot
NIFTY 500,CIEINDIA,INE536H01010,2021-09-30,2025-03-27,BACKWARD_RECONSTRUCTED_FROM_CURRENT_SNAPSHOT,OFFICIAL_EVENTS_PARTIAL,https://www.niftyindices.com/Press_Release/ind_prs21022025.pdf
NIFTY 500,CIEINDIA,INE536H01010,2026-05-12,2026-09-07,BACKWARD_RECONSTRUCTED_FROM_CURRENT_SNAPSHOT,OFFICIAL_EVENTS_PARTIAL,current_snapshot
NIFTY 500,CIPLA,INE059A01026,2021-09-30,2026-09-07,BACKWARD_RECONSTRUCTED_FROM_CURRENT_SNAPSHOT,OFFICIAL_EVENTS_PARTIAL,current_snapshot
NIFTY 500,CLEAN,INE227W01023,2022-03-31,2026-09-07,BACKWARD_RECONSTRUCTED_FROM_CURRENT_SNAPSHOT,OFFICIAL_EVENTS_PARTIAL,current_snapshot
NIFTY 500,COALINDIA,INE522F01014,2021-09-30,2026-09-07,BACKWARD_RECONSTRUCTED_FROM_CURRENT_SNAPSHOT,OFFICIAL_EVENTS_PARTIAL,current_snapshot
NIFTY 500,COCHINSHIP,INE704P01025,2021-09-30,2026-09-07,BACKWARD_RECONSTRUCTED_FROM_CURRENT_SNAPSHOT,OFFICIAL_EVENTS_PARTIAL,current_snapshot
NIFTY 500,COFORGE,INE591G01025,2021-09-30,2026-09-07,BACKWARD_RECONSTRUCTED_FROM_CURRENT_SNAPSHOT,OFFICIAL_EVENTS_PARTIAL,current_snapshot
NIFTY 500,COHANCE,INE03QK01018,2021-09-30,2026-09-07,BACKWARD_RECONSTRUCTED_FROM_CURRENT_SNAPSHOT,OFFICIAL_EVENTS_PARTIAL,current_snapshot
NIFTY 500,COLPAL,INE259A01022,2021-09-30,2026-09-07,BACKWARD_RECONSTRUCTED_FROM_CURRENT_SNAPSHOT,OFFICIAL_EVENTS_PARTIAL,current_snapshot
NIFTY 500,CONCOR,INE111A01025,2021-09-30,2026-09-07,BACKWARD_RECONSTRUCTED_FROM_CURRENT_SNAPSHOT,OFFICIAL_EVENTS_PARTIAL,current_snapshot
NIFTY 500,CONCORDBIO,INE338H01029,2023-10-26,2026-09-07,BACKWARD_RECONSTRUCTED_FROM_CURRENT_SNAPSHOT,OFFICIAL_EVENTS_PARTIAL,current_snapshot
NIFTY 500,COROMANDEL,INE169A01031,2021-09-30,2026-09-07,BACKWARD_RECONSTRUCTED_FROM_CURRENT_SNAPSHOT,OFFICIAL_EVENTS_PARTIAL,current_snapshot
NIFTY 500,CPPLUS,INE819V01029,2026-03-30,2026-09-07,BACKWARD_RECONSTRUCTED_FROM_CURRENT_SNAPSHOT,OFFICIAL_EVENTS_PARTIAL,current_snapshot
NIFTY 500,CRAFTSMAN,INE00LO01017,2023-03-31,2026-09-07,BACKWARD_RECONSTRUCTED_FROM_CURRENT_SNAPSHOT,OFFICIAL_EVENTS_PARTIAL,current_snapshot
NIFTY 500,CREDITACC,INE741K01010,2021-09-30,2026-09-07,BACKWARD_RECONSTRUCTED_FROM_CURRENT_SNAPSHOT,OFFICIAL_EVENTS_PARTIAL,current_snapshot
NIFTY 500,CRISIL,INE007A01025,2021-09-30,2026-09-07,BACKWARD_RECONSTRUCTED_FROM_CURRENT_SNAPSHOT,OFFICIAL_EVENTS_PARTIAL,current_snapshot
NIFTY 500,CROMPTON,INE299U01018,2021-09-30,2026-09-07,BACKWARD_RECONSTRUCTED_FROM_CURRENT_SNAPSHOT,OFFICIAL_EVENTS_PARTIAL,current_snapshot
NIFTY 500,CSBBANK,,2021-09-30,2024-09-29,BACKWARD_RECONSTRUCTED_FROM_CURRENT_SNAPSHOT,OFFICIAL_EVENTS_PARTIAL,https://www.niftyindices.com/Press_Release/ind_prs23082024.pdf
NIFTY 500,CUB,INE491A01021,2021-09-30,2026-09-07,BACKWARD_RECONSTRUCTED_FROM_CURRENT_SNAPSHOT,OFFICIAL_EVENTS_PARTIAL,current_snapshot
NIFTY 500,CUMMINSIND,INE298A01020,2021-09-30,2026-09-07,BACKWARD_RECONSTRUCTED_FROM_CURRENT_SNAPSHOT,OFFICIAL_EVENTS_PARTIAL,current_snapshot
NIFTY 500,CYIENT,INE136B01020,2021-09-30,2026-09-07,BACKWARD_RECONSTRUCTED_FROM_CURRENT_SNAPSHOT,OFFICIAL_EVENTS_PARTIAL,current_snapshot
NIFTY 500,DABUR,INE016A01026,2021-09-30,2026-09-07,BACKWARD_RECONSTRUCTED_FROM_CURRENT_SNAPSHOT,OFFICIAL_EVENTS_PARTIAL,current_snapshot
NIFTY 500,DALBHARAT,INE00R701025,2021-09-30,2026-09-07,BACKWARD_RECONSTRUCTED_FROM_CURRENT_SNAPSHOT,OFFICIAL_EVENTS_PARTIAL,current_snapshot
NIFTY 500,DATAPATTNS,INE0IX101010,2023-03-31,2026-09-07,BACKWARD_RECONSTRUCTED_FROM_CURRENT_SNAPSHOT,OFFICIAL_EVENTS_PARTIAL,current_snapshot
NIFTY 500,DBL,,2021-09-30,2023-03-30,BACKWARD_RECONSTRUCTED_FROM_CURRENT_SNAPSHOT,OFFICIAL_EVENTS_PARTIAL,https://www.niftyindices.com/Press_Release/ind_prs17022023_1.pdf
NIFTY 500,DBREALTY,,2024-09-30,2026-03-29,BACKWARD_RECONSTRUCTED_FROM_CURRENT_SNAPSHOT,OFFICIAL_EVENTS_PARTIAL,https://www.niftyindices.com/Press_Release/ind_prs23022026.pdf
NIFTY 500,DCBBANK,,2021-09-30,2022-03-30,BACKWARD_RECONSTRUCTED_FROM_CURRENT_SNAPSHOT,OFFICIAL_EVENTS_PARTIAL,https://www.niftyindices.com/Press_Release/ind_prs24022022_1.pdf
NIFTY 500,DCMSHRIRAM,INE499A01024,2021-09-30,2024-09-29,BACKWARD_RECONSTRUCTED_FROM_CURRENT_SNAPSHOT,OFFICIAL_EVENTS_PARTIAL,https://www.niftyindices.com/Press_Release/ind_prs23082024.pdf
NIFTY 500,DCMSHRIRAM,INE499A01024,2025-03-28,2026-09-07,BACKWARD_RECONSTRUCTED_FROM_CURRENT_SNAPSHOT,OFFICIAL_EVENTS_PARTIAL,current_snapshot
NIFTY 500,DEEPAKFERT,INE501A01019,2022-09-30,2026-09-07,BACKWARD_RECONSTRUCTED_FROM_CURRENT_SNAPSHOT,OFFICIAL_EVENTS_PARTIAL,current_snapshot
NIFTY 500,DEEPAKNTR,INE288B01029,2021-09-30,2026-09-07,BACKWARD_RECONSTRUCTED_FROM_CURRENT_SNAPSHOT,OFFICIAL_EVENTS_PARTIAL,current_snapshot
NIFTY 500,DELHIVERY,INE148O01028,2022-08-08,2026-09-07,BACKWARD_RECONSTRUCTED_FROM_CURRENT_SNAPSHOT,OFFICIAL_EVENTS_PARTIAL,current_snapshot
NIFTY 500,DELTACORP,,2021-09-30,2024-03-27,BACKWARD_RECONSTRUCTED_FROM_CURRENT_SNAPSHOT,OFFICIAL_EVENTS_PARTIAL,https://www.niftyindices.com/Press_Release/ind_prs28022024.pdf
NIFTY 500,DEVYANI,INE872J01023,2022-03-31,2026-09-07,BACKWARD_RECONSTRUCTED_FROM_CURRENT_SNAPSHOT,OFFICIAL_EVENTS_PARTIAL,current_snapshot
NIFTY 500,DHANI,,2021-09-30,2023-03-30,BACKWARD_RECONSTRUCTED_FROM_CURRENT_SNAPSHOT,OFFICIAL_EVENTS_PARTIAL,https://www.niftyindices.com/Press_Release/ind_prs17022023_1.pdf
NIFTY 500,DHANUKA,,2021-09-30,2022-03-30,BACKWARD_RECONSTRUCTED_FROM_CURRENT_SNAPSHOT,OFFICIAL_EVENTS_PARTIAL,https://www.niftyindices.com/Press_Release/ind_prs24022022_1.pdf
NIFTY 500,DIVISLAB,INE361B01024,2021-09-30,2026-09-07,BACKWARD_RECONSTRUCTED_FROM_CURRENT_SNAPSHOT,OFFICIAL_EVENTS_PARTIAL,current_snapshot
NIFTY 500,DIXON,INE935N01020,2021-09-30,2026-09-07,BACKWARD_RECONSTRUCTED_FROM_CURRENT_SNAPSHOT,OFFICIAL_EVENTS_PARTIAL,current_snapshot
NIFTY 500,DLF,INE271C01023,2021-09-30,2026-09-07,BACKWARD_RECONSTRUCTED_FROM_CURRENT_SNAPSHOT,OFFICIAL_EVENTS_PARTIAL,current_snapshot
NIFTY 500,DMART,INE192R01011,2021-09-30,2026-09-07,BACKWARD_RECONSTRUCTED_FROM_CURRENT_SNAPSHOT,OFFICIAL_EVENTS_PARTIAL,current_snapshot
NIFTY 500,DOMS,INE321T01012,2024-03-28,2026-09-07,BACKWARD_RECONSTRUCTED_FROM_CURRENT_SNAPSHOT,OFFICIAL_EVENTS_PARTIAL,current_snapshot
NIFTY 500,DRREDDY,INE089A01031,2021-09-30,2026-09-07,BACKWARD_RECONSTRUCTED_FROM_CURRENT_SNAPSHOT,OFFICIAL_EVENTS_PARTIAL,current_snapshot
NIFTY 500,DUMMYHEG,DUM545A01024,2026-09-07,2026-09-07,BACKWARD_RECONSTRUCTED_FROM_CURRENT_SNAPSHOT,OFFICIAL_EVENTS_PARTIAL,current_snapshot
NIFTY 500,EASEMYTRIP,,2022-03-31,2025-03-27,BACKWARD_RECONSTRUCTED_FROM_CURRENT_SNAPSHOT,OFFICIAL_EVENTS_PARTIAL,https://www.niftyindices.com/Press_Release/ind_prs21022025.pdf
NIFTY 500,ECLERX,INE738I01010,2021-09-30,2026-09-07,BACKWARD_RECONSTRUCTED_FROM_CURRENT_SNAPSHOT,OFFICIAL_EVENTS_PARTIAL,current_snapshot
NIFTY 500,EDELWEISS,,2021-09-30,2023-04-27,BACKWARD_RECONSTRUCTED_FROM_CURRENT_SNAPSHOT,OFFICIAL_EVENTS_PARTIAL,https://www.niftyindices.com/Press_Release/ind_prs19042023_1.pdf
NIFTY 500,EICHERMOT,INE066A01021,2021-09-30,2026-09-07,BACKWARD_RECONSTRUCTED_FROM_CURRENT_SNAPSHOT,OFFICIAL_EVENTS_PARTIAL,current_snapshot
NIFTY 500,EIDPARRY,INE126A01031,2021-09-30,2026-09-07,BACKWARD_RECONSTRUCTED_FROM_CURRENT_SNAPSHOT,OFFICIAL_EVENTS_PARTIAL,current_snapshot
NIFTY 500,EIHOTEL,INE230A01023,2021-09-30,2026-09-07,BACKWARD_RECONSTRUCTED_FROM_CURRENT_SNAPSHOT,OFFICIAL_EVENTS_PARTIAL,current_snapshot
NIFTY 500,ELECON,INE205B01031,2024-03-28,2026-09-07,BACKWARD_RECONSTRUCTED_FROM_CURRENT_SNAPSHOT,OFFICIAL_EVENTS_PARTIAL,current_snapshot
NIFTY 500,ELGIEQUIP,INE285A01027,2021-09-30,2026-09-07,BACKWARD_RECONSTRUCTED_FROM_CURRENT_SNAPSHOT,OFFICIAL_EVENTS_PARTIAL,current_snapshot
NIFTY 500,EMAMILTD,INE548C01032,2021-09-30,2026-09-07,BACKWARD_RECONSTRUCTED_FROM_CURRENT_SNAPSHOT,OFFICIAL_EVENTS_PARTIAL,current_snapshot
NIFTY 500,EMCURE,INE168P01015,2024-10-10,2026-09-07,BACKWARD_RECONSTRUCTED_FROM_CURRENT_SNAPSHOT,OFFICIAL_EVENTS_PARTIAL,current_snapshot
NIFTY 500,EMMVEE,INE1C6T01020,2026-03-30,2026-09-07,BACKWARD_RECONSTRUCTED_FROM_CURRENT_SNAPSHOT,OFFICIAL_EVENTS_PARTIAL,current_snapshot
NIFTY 500,ENDURANCE,INE913H01037,2021-09-30,2026-09-07,BACKWARD_RECONSTRUCTED_FROM_CURRENT_SNAPSHOT,OFFICIAL_EVENTS_PARTIAL,current_snapshot
NIFTY 500,ENGINERSIN,INE510A01028,2021-09-30,2026-09-07,BACKWARD_RECONSTRUCTED_FROM_CURRENT_SNAPSHOT,OFFICIAL_EVENTS_PARTIAL,current_snapshot
NIFTY 500,ENRIN,INE1NPP01017,2025-09-30,2026-09-07,BACKWARD_RECONSTRUCTED_FROM_CURRENT_SNAPSHOT,OFFICIAL_EVENTS_PARTIAL,current_snapshot
NIFTY 500,EPIGRAL,,2023-03-31,2024-03-27,BACKWARD_RECONSTRUCTED_FROM_CURRENT_SNAPSHOT,OFFICIAL_EVENTS_PARTIAL,https://www.niftyindices.com/Press_Release/ind_prs28022024.pdf
NIFTY 500,EPL,,2021-09-30,2024-09-29,BACKWARD_RECONSTRUCTED_FROM_CURRENT_SNAPSHOT,OFFICIAL_EVENTS_PARTIAL,https://www.niftyindices.com/Press_Release/ind_prs23082024.pdf
NIFTY 500,EQUITAS,,2021-09-30,2022-09-29,BACKWARD_RECONSTRUCTED_FROM_CURRENT_SNAPSHOT,OFFICIAL_EVENTS_PARTIAL,https://www.niftyindices.com/Press_Release/ind_prs16092022.pdf
NIFTY 500,EQUITASBNK,,2021-09-30,2025-03-27,BACKWARD_RECONSTRUCTED_FROM_CURRENT_SNAPSHOT,OFFICIAL_EVENTS_PARTIAL,https://www.niftyindices.com/Press_Release/ind_prs21022025.pdf
NIFTY 500,ERIS,INE406M01024,2021-09-30,2022-09-29,BACKWARD_RECONSTRUCTED_FROM_CURRENT_SNAPSHOT,OFFICIAL_EVENTS_PARTIAL,https://www.niftyindices.com/Press_Release/ind_prs01092022.pdf
NIFTY 500,ERIS,INE406M01024,2023-04-28,2026-09-07,BACKWARD_RECONSTRUCTED_FROM_CURRENT_SNAPSHOT,OFFICIAL_EVENTS_PARTIAL,current_snapshot
NIFTY 500,ESCORTS,INE042A01014,2021-09-30,2026-09-07,BACKWARD_RECONSTRUCTED_FROM_CURRENT_SNAPSHOT,OFFICIAL_EVENTS_PARTIAL,current_snapshot
NIFTY 500,ETERNAL,INE758T01015,2022-03-31,2026-09-07,BACKWARD_RECONSTRUCTED_FROM_CURRENT_SNAPSHOT,OFFICIAL_EVENTS_PARTIAL,current_snapshot
NIFTY 500,EXIDEIND,INE302A01020,2021-09-30,2026-09-07,BACKWARD_RECONSTRUCTED_FROM_CURRENT_SNAPSHOT,OFFICIAL_EVENTS_PARTIAL,current_snapshot
NIFTY 500,FACT,INE188A01015,2021-09-30,2026-09-07,BACKWARD_RECONSTRUCTED_FROM_CURRENT_SNAPSHOT,OFFICIAL_EVENTS_PARTIAL,current_snapshot
NIFTY 500,FDC,,2021-09-30,2024-09-29,BACKWARD_RECONSTRUCTED_FROM_CURRENT_SNAPSHOT,OFFICIAL_EVENTS_PARTIAL,https://www.niftyindices.com/Press_Release/ind_prs23082024.pdf
NIFTY 500,FEDERALBNK,INE171A01029,2021-09-30,2026-09-07,BACKWARD_RECONSTRUCTED_FROM_CURRENT_SNAPSHOT,OFFICIAL_EVENTS_PARTIAL,current_snapshot
NIFTY 500,FINCABLES,INE235A01022,2021-09-30,2026-09-07,BACKWARD_RECONSTRUCTED_FROM_CURRENT_SNAPSHOT,OFFICIAL_EVENTS_PARTIAL,current_snapshot
NIFTY 500,FINEORG,,2021-09-30,2025-03-27,BACKWARD_RECONSTRUCTED_FROM_CURRENT_SNAPSHOT,OFFICIAL_EVENTS_PARTIAL,https://www.niftyindices.com/Press_Release/ind_prs21022025.pdf
NIFTY 500,FINPIPE,,2021-09-30,2026-03-29,BACKWARD_RECONSTRUCTED_FROM_CURRENT_SNAPSHOT,OFFICIAL_EVENTS_PARTIAL,https://www.niftyindices.com/Press_Release/ind_prs23022026.pdf
NIFTY 500,FIRSTCRY,INE02RE01045,2025-03-28,2026-09-07,BACKWARD_RECONSTRUCTED_FROM_CURRENT_SNAPSHOT,OFFICIAL_EVENTS_PARTIAL,current_snapshot
NIFTY 500,FIVESTAR,INE128S01021,2023-03-31,2026-09-07,BACKWARD_RECONSTRUCTED_FROM_CURRENT_SNAPSHOT,OFFICIAL_EVENTS_PARTIAL,current_snapshot
NIFTY 500,FLUOROCHEM,INE09N301011,2021-09-30,2026-09-07,BACKWARD_RECONSTRUCTED_FROM_CURRENT_SNAPSHOT,OFFICIAL_EVENTS_PARTIAL,current_snapshot
NIFTY 500,FORCEMOT,INE451A01017,2025-09-30,2026-09-07,BACKWARD_RECONSTRUCTED_FROM_CURRENT_SNAPSHOT,OFFICIAL_EVENTS_PARTIAL,current_snapshot
NIFTY 500,FORTIS,INE061F01013,2021-09-30,2026-09-07,BACKWARD_RECONSTRUCTED_FROM_CURRENT_SNAPSHOT,OFFICIAL_EVENTS_PARTIAL,current_snapshot
NIFTY 500,FRETAIL,,2021-09-30,2022-03-30,BACKWARD_RECONSTRUCTED_FROM_CURRENT_SNAPSHOT,OFFICIAL_EVENTS_PARTIAL,https://www.niftyindices.com/Press_Release/ind_prs24022022_1.pdf
NIFTY 500,FSL,INE684F01012,2021-09-30,2026-09-07,BACKWARD_RECONSTRUCTED_FROM_CURRENT_SNAPSHOT,OFFICIAL_EVENTS_PARTIAL,current_snapshot
NIFTY 500,GABRIEL,INE524A01029,2026-03-30,2026-09-07,BACKWARD_RECONSTRUCTED_FROM_CURRENT_SNAPSHOT,OFFICIAL_EVENTS_PARTIAL,current_snapshot
NIFTY 500,GAEL,,2021-09-30,2025-03-27,BACKWARD_RECONSTRUCTED_FROM_CURRENT_SNAPSHOT,OFFICIAL_EVENTS_PARTIAL,https://www.niftyindices.com/Press_Release/ind_prs21022025.pdf
NIFTY 500,GAIL,INE129A01019,2021-09-30,2026-09-07,BACKWARD_RECONSTRUCTED_FROM_CURRENT_SNAPSHOT,OFFICIAL_EVENTS_PARTIAL,current_snapshot
NIFTY 500,GALAXYSURF,,2021-09-30,2024-03-27,BACKWARD_RECONSTRUCTED_FROM_CURRENT_SNAPSHOT,OFFICIAL_EVENTS_PARTIAL,https://www.niftyindices.com/Press_Release/ind_prs28022024.pdf
NIFTY 500,GALLANTT,INE297H01019,2026-03-30,2026-09-07,BACKWARD_RECONSTRUCTED_FROM_CURRENT_SNAPSHOT,OFFICIAL_EVENTS_PARTIAL,current_snapshot
NIFTY 500,GARFIBRES,,2021-09-30,2023-09-28,BACKWARD_RECONSTRUCTED_FROM_CURRENT_SNAPSHOT,OFFICIAL_EVENTS_PARTIAL,https://www.niftyindices.com/Press_Release/ind_prs17082023.pdf
NIFTY 500,GESHIP,INE017A01032,2021-09-30,2026-09-07,BACKWARD_RECONSTRUCTED_FROM_CURRENT_SNAPSHOT,OFFICIAL_EVENTS_PARTIAL,current_snapshot
NIFTY 500,GICRE,INE481Y01014,2021-09-30,2026-09-07,BACKWARD_RECONSTRUCTED_FROM_CURRENT_SNAPSHOT,OFFICIAL_EVENTS_PARTIAL,current_snapshot
NIFTY 500,GILLETTE,INE322A01010,2021-09-30,2022-03-30,BACKWARD_RECONSTRUCTED_FROM_CURRENT_SNAPSHOT,OFFICIAL_EVENTS_PARTIAL,https://www.niftyindices.com/Press_Release/ind_prs24022022_1.pdf
NIFTY 500,GILLETTE,INE322A01010,2023-09-29,2026-09-07,BACKWARD_RECONSTRUCTED_FROM_CURRENT_SNAPSHOT,OFFICIAL_EVENTS_PARTIAL,current_snapshot
NIFTY 500,GLAND,INE068V01023,2021-09-30,2026-09-07,BACKWARD_RECONSTRUCTED_FROM_CURRENT_SNAPSHOT,OFFICIAL_EVENTS_PARTIAL,current_snapshot
NIFTY 500,GLAXO,INE159A01016,2021-09-30,2026-09-07,BACKWARD_RECONSTRUCTED_FROM_CURRENT_SNAPSHOT,OFFICIAL_EVENTS_PARTIAL,current_snapshot
NIFTY 500,GLENMARK,INE935A01035,2021-09-30,2026-09-07,BACKWARD_RECONSTRUCTED_FROM_CURRENT_SNAPSHOT,OFFICIAL_EVENTS_PARTIAL,current_snapshot
NIFTY 500,GLS,,2022-03-31,2022-09-29,BACKWARD_RECONSTRUCTED_FROM_CURRENT_SNAPSHOT,OFFICIAL_EVENTS_PARTIAL,https://www.niftyindices.com/Press_Release/ind_prs01092022.pdf
NIFTY 500,GLS,,2023-09-29,2024-09-29,BACKWARD_RECONSTRUCTED_FROM_CURRENT_SNAPSHOT,OFFICIAL_EVENTS_PARTIAL,https://www.niftyindices.com/Press_Release/ind_prs23082024.pdf
NIFTY 500,GMDCLTD,INE131A01031,2024-03-28,2026-09-07,BACKWARD_RECONSTRUCTED_FROM_CURRENT_SNAPSHOT,OFFICIAL_EVENTS_PARTIAL,current_snapshot
NIFTY 500,GMMPFAUDLR,,2021-09-30,2024-09-29,BACKWARD_RECONSTRUCTED_FROM_CURRENT_SNAPSHOT,OFFICIAL_EVENTS_PARTIAL,https://www.niftyindices.com/Press_Release/ind_prs23082024.pdf
NIFTY 500,GMRAIRPORT,,2021-09-30,2021-10-28,BACKWARD_RECONSTRUCTED_FROM_CURRENT_SNAPSHOT,OFFICIAL_EVENTS_PARTIAL,https://www.niftyindices.com/Press_Release/ind_prs22102021.pdf
NIFTY 500,GMRAIRPORT,INE776C01039,2022-05-04,2026-09-07,BACKWARD_RECONSTRUCTED_FROM_CURRENT_SNAPSHOT,OFFICIAL_EVENTS_PARTIAL,current_snapshot
NIFTY 500,GNFC,,2021-09-30,2025-09-29,BACKWARD_RECONSTRUCTED_FROM_CURRENT_SNAPSHOT,OFFICIAL_EVENTS_PARTIAL,https://www.niftyindices.com/Press_Release/ind_prs22082025.pdf
NIFTY 500,GOCOLORS,,2022-03-31,2024-03-27,BACKWARD_RECONSTRUCTED_FROM_CURRENT_SNAPSHOT,OFFICIAL_EVENTS_PARTIAL,https://www.niftyindices.com/Press_Release/ind_prs28022024.pdf
NIFTY 500,GODFRYPHLP,INE260B01028,2021-09-30,2026-09-07,BACKWARD_RECONSTRUCTED_FROM_CURRENT_SNAPSHOT,OFFICIAL_EVENTS_PARTIAL,current_snapshot
NIFTY 500,GODIGIT,INE03JT01014,2024-09-30,2026-09-07,BACKWARD_RECONSTRUCTED_FROM_CURRENT_SNAPSHOT,OFFICIAL_EVENTS_PARTIAL,current_snapshot
NIFTY 500,GODREJAGRO,,2021-09-30,2023-09-28,BACKWARD_RECONSTRUCTED_FROM_CURRENT_SNAPSHOT,OFFICIAL_EVENTS_PARTIAL,https://www.niftyindices.com/Press_Release/ind_prs17082023.pdf
NIFTY 500,GODREJAGRO,,2024-09-30,2026-03-29,BACKWARD_RECONSTRUCTED_FROM_CURRENT_SNAPSHOT,OFFICIAL_EVENTS_PARTIAL,https://www.niftyindices.com/Press_Release/ind_prs23022026.pdf
NIFTY 500,GODREJCP,INE102D01028,2021-09-30,2026-09-07,BACKWARD_RECONSTRUCTED_FROM_CURRENT_SNAPSHOT,OFFICIAL_EVENTS_PARTIAL,current_snapshot
NIFTY 500,GODREJIND,INE233A01035,2021-09-30,2026-09-07,BACKWARD_RECONSTRUCTED_FROM_CURRENT_SNAPSHOT,OFFICIAL_EVENTS_PARTIAL,current_snapshot
NIFTY 500,GODREJPROP,INE484J01027,2021-09-30,2026-09-07,BACKWARD_RECONSTRUCTED_FROM_CURRENT_SNAPSHOT,OFFICIAL_EVENTS_PARTIAL,current_snapshot
NIFTY 500,GPIL,INE177H01039,2023-09-29,2026-09-07,BACKWARD_RECONSTRUCTED_FROM_CURRENT_SNAPSHOT,OFFICIAL_EVENTS_PARTIAL,current_snapshot
NIFTY 500,GPPL,,2021-09-30,2025-09-29,BACKWARD_RECONSTRUCTED_FROM_CURRENT_SNAPSHOT,OFFICIAL_EVENTS_PARTIAL,https://www.niftyindices.com/Press_Release/ind_prs22082025.pdf
NIFTY 500,GRANULES,INE101D01020,2021-09-30,2026-09-07,BACKWARD_RECONSTRUCTED_FROM_CURRENT_SNAPSHOT,OFFICIAL_EVENTS_PARTIAL,current_snapshot
NIFTY 500,GRAPHITE,INE371A01025,2021-09-30,2026-09-07,BACKWARD_RECONSTRUCTED_FROM_CURRENT_SNAPSHOT,OFFICIAL_EVENTS_PARTIAL,current_snapshot
NIFTY 500,GRASIM,INE047A01021,2021-09-30,2026-09-07,BACKWARD_RECONSTRUCTED_FROM_CURRENT_SNAPSHOT,OFFICIAL_EVENTS_PARTIAL,current_snapshot
NIFTY 500,GRAVITA,INE024L01027,2025-03-28,2026-09-07,BACKWARD_RECONSTRUCTED_FROM_CURRENT_SNAPSHOT,OFFICIAL_EVENTS_PARTIAL,current_snapshot
NIFTY 500,GREAVESCOT,,2021-09-30,2022-03-30,BACKWARD_RECONSTRUCTED_FROM_CURRENT_SNAPSHOT,OFFICIAL_EVENTS_PARTIAL,https://www.niftyindices.com/Press_Release/ind_prs24022022_1.pdf
NIFTY 500,GREENPANEL,,2022-09-30,2023-09-28,BACKWARD_RECONSTRUCTED_FROM_CURRENT_SNAPSHOT,OFFICIAL_EVENTS_PARTIAL,https://www.niftyindices.com/Press_Release/ind_prs17082023.pdf
NIFTY 500,GRINDWELL,,2021-09-30,2025-03-27,BACKWARD_RECONSTRUCTED_FROM_CURRENT_SNAPSHOT,OFFICIAL_EVENTS_PARTIAL,https://www.niftyindices.com/Press_Release/ind_prs21022025.pdf
NIFTY 500,GRINFRA,,2022-03-31,2024-03-27,BACKWARD_RECONSTRUCTED_FROM_CURRENT_SNAPSHOT,OFFICIAL_EVENTS_PARTIAL,https://www.niftyindices.com/Press_Release/ind_prs28022024.pdf
NIFTY 500,GRINFRA,,2024-09-30,2025-03-27,BACKWARD_RECONSTRUCTED_FROM_CURRENT_SNAPSHOT,OFFICIAL_EVENTS_PARTIAL,https://www.niftyindices.com/Press_Release/ind_prs21022025.pdf
NIFTY 500,GROWW,INE0HOQ01053,2026-03-30,2026-09-07,BACKWARD_RECONSTRUCTED_FROM_CURRENT_SNAPSHOT,OFFICIAL_EVENTS_PARTIAL,current_snapshot
NIFTY 500,GRSE,INE382Z01011,2024-03-28,2026-09-07,BACKWARD_RECONSTRUCTED_FROM_CURRENT_SNAPSHOT,OFFICIAL_EVENTS_PARTIAL,current_snapshot
NIFTY 500,GSFC,,2021-09-30,2025-03-27,BACKWARD_RECONSTRUCTED_FROM_CURRENT_SNAPSHOT,OFFICIAL_EVENTS_PARTIAL,https://www.niftyindices.com/Press_Release/ind_prs21022025.pdf
NIFTY 500,GSPL,,2021-09-30,2026-05-11,BACKWARD_RECONSTRUCTED_FROM_CURRENT_SNAPSHOT,OFFICIAL_EVENTS_PARTIAL,https://www.niftyindices.com/Press_Release/ind_prs04052026.pdf
NIFTY 500,GUJALKALI,,2021-09-30,2024-03-27,BACKWARD_RECONSTRUCTED_FROM_CURRENT_SNAPSHOT,OFFICIAL_EVENTS_PARTIAL,https://www.niftyindices.com/Press_Release/ind_prs28022024.pdf
NIFTY 500,GUJGASLTD,,2021-09-30,2026-03-29,BACKWARD_RECONSTRUCTED_FROM_CURRENT_SNAPSHOT,OFFICIAL_EVENTS_PARTIAL,https://www.niftyindices.com/Press_Release/ind_prs23022026.pdf
NIFTY 500,GVT&D,INE200A01026,2024-09-30,2026-09-07,BACKWARD_RECONSTRUCTED_FROM_CURRENT_SNAPSHOT,OFFICIAL_EVENTS_PARTIAL,current_snapshot
NIFTY 500,HAL,INE066F01020,2021-09-30,2026-09-07,BACKWARD_RECONSTRUCTED_FROM_CURRENT_SNAPSHOT,OFFICIAL_EVENTS_PARTIAL,current_snapshot
NIFTY 500,HAPPSTMNDS,,2021-09-30,2026-03-29,BACKWARD_RECONSTRUCTED_FROM_CURRENT_SNAPSHOT,OFFICIAL_EVENTS_PARTIAL,https://www.niftyindices.com/Press_Release/ind_prs23022026.pdf
NIFTY 500,HAPPYFORGE,,2024-03-28,2024-09-29,BACKWARD_RECONSTRUCTED_FROM_CURRENT_SNAPSHOT,OFFICIAL_EVENTS_PARTIAL,https://www.niftyindices.com/Press_Release/ind_prs23082024.pdf
NIFTY 500,HATHWAY,,2021-09-30,2022-09-29,BACKWARD_RECONSTRUCTED_FROM_CURRENT_SNAPSHOT,OFFICIAL_EVENTS_PARTIAL,https://www.niftyindices.com/Press_Release/ind_prs01092022.pdf
NIFTY 500,HATSUN,,2021-09-30,2023-03-30,BACKWARD_RECONSTRUCTED_FROM_CURRENT_SNAPSHOT,OFFICIAL_EVENTS_PARTIAL,https://www.niftyindices.com/Press_Release/ind_prs17022023_1.pdf
NIFTY 500,HAVELLS,INE176B01034,2021-09-30,2026-09-07,BACKWARD_RECONSTRUCTED_FROM_CURRENT_SNAPSHOT,OFFICIAL_EVENTS_PARTIAL,current_snapshot
NIFTY 500,HBLENGINE,INE292B01021,2024-03-28,2026-09-07,BACKWARD_RECONSTRUCTED_FROM_CURRENT_SNAPSHOT,OFFICIAL_EVENTS_PARTIAL,current_snapshot
NIFTY 500,HCLTECH,INE860A01027,2021-09-30,2026-09-07,BACKWARD_RECONSTRUCTED_FROM_CURRENT_SNAPSHOT,OFFICIAL_EVENTS_PARTIAL,current_snapshot
NIFTY 500,HDBFS,INE756I01012,2026-03-30,2026-09-07,BACKWARD_RECONSTRUCTED_FROM_CURRENT_SNAPSHOT,OFFICIAL_EVENTS_PARTIAL,current_snapshot
NIFTY 500,HDFC,,2021-09-30,2023-07-12,BACKWARD_RECONSTRUCTED_FROM_CURRENT_SNAPSHOT,OFFICIAL_EVENTS_PARTIAL,https://www.niftyindices.com/Press_Release/ind_prs04072023.pdf
NIFTY 500,HDFCAMC,INE127D01025,2021-09-30,2026-09-07,BACKWARD_RECONSTRUCTED_FROM_CURRENT_SNAPSHOT,OFFICIAL_EVENTS_PARTIAL,current_snapshot
NIFTY 500,HDFCBANK,INE040A01034,2021-09-30,2026-09-07,BACKWARD_RECONSTRUCTED_FROM_CURRENT_SNAPSHOT,OFFICIAL_EVENTS_PARTIAL,current_snapshot
NIFTY 500,HDFCLIFE,INE795G01014,2021-09-30,2026-09-07,BACKWARD_RECONSTRUCTED_FROM_CURRENT_SNAPSHOT,OFFICIAL_EVENTS_PARTIAL,current_snapshot
NIFTY 500,HEG,INE545A01024,2021-09-30,2026-09-07,BACKWARD_RECONSTRUCTED_FROM_CURRENT_SNAPSHOT,OFFICIAL_EVENTS_PARTIAL,current_snapshot
NIFTY 500,HEIDELBERG,,2021-09-30,2022-03-30,BACKWARD_RECONSTRUCTED_FROM_CURRENT_SNAPSHOT,OFFICIAL_EVENTS_PARTIAL,https://www.niftyindices.com/Press_Release/ind_prs24022022_1.pdf
NIFTY 500,HEMIPROP,,2021-09-30,2022-09-29,BACKWARD_RECONSTRUCTED_FROM_CURRENT_SNAPSHOT,OFFICIAL_EVENTS_PARTIAL,https://www.niftyindices.com/Press_Release/ind_prs01092022.pdf
NIFTY 500,HEROMOTOCO,INE158A01026,2021-09-30,2026-09-07,BACKWARD_RECONSTRUCTED_FROM_CURRENT_SNAPSHOT,OFFICIAL_EVENTS_PARTIAL,current_snapshot
NIFTY 500,HEXT,INE093A01041,2025-09-30,2026-09-07,BACKWARD_RECONSTRUCTED_FROM_CURRENT_SNAPSHOT,OFFICIAL_EVENTS_PARTIAL,current_snapshot
NIFTY 500,HFCL,INE548A01028,2021-09-30,2026-09-07,BACKWARD_RECONSTRUCTED_FROM_CURRENT_SNAPSHOT,OFFICIAL_EVENTS_PARTIAL,current_snapshot
NIFTY 500,HGS,,2021-09-30,2023-09-28,BACKWARD_RECONSTRUCTED_FROM_CURRENT_SNAPSHOT,OFFICIAL_EVENTS_PARTIAL,https://www.niftyindices.com/Press_Release/ind_prs17082023.pdf
NIFTY 500,HIKAL,,2021-09-30,2023-09-28,BACKWARD_RECONSTRUCTED_FROM_CURRENT_SNAPSHOT,OFFICIAL_EVENTS_PARTIAL,https://www.niftyindices.com/Press_Release/ind_prs17082023.pdf
NIFTY 500,HINDALCO,INE038A01020,2021-09-30,2026-09-07,BACKWARD_RECONSTRUCTED_FROM_CURRENT_SNAPSHOT,OFFICIAL_EVENTS_PARTIAL,current_snapshot
NIFTY 500,HINDCOPPER,INE531E01026,2021-09-30,2026-09-07,BACKWARD_RECONSTRUCTED_FROM_CURRENT_SNAPSHOT,OFFICIAL_EVENTS_PARTIAL,current_snapshot
NIFTY 500,HINDPETRO,INE094A01015,2021-09-30,2026-09-07,BACKWARD_RECONSTRUCTED_FROM_CURRENT_SNAPSHOT,OFFICIAL_EVENTS_PARTIAL,current_snapshot
NIFTY 500,HINDUNILVR,INE030A01027,2021-09-30,2026-09-07,BACKWARD_RECONSTRUCTED_FROM_CURRENT_SNAPSHOT,OFFICIAL_EVENTS_PARTIAL,current_snapshot
NIFTY 500,HINDZINC,INE267A01025,2021-09-30,2026-09-07,BACKWARD_RECONSTRUCTED_FROM_CURRENT_SNAPSHOT,OFFICIAL_EVENTS_PARTIAL,current_snapshot
NIFTY 500,HLEGLAS,,2022-03-31,2024-03-27,BACKWARD_RECONSTRUCTED_FROM_CURRENT_SNAPSHOT,OFFICIAL_EVENTS_PARTIAL,https://www.niftyindices.com/Press_Release/ind_prs28022024.pdf
NIFTY 500,HOMEFIRST,INE481N01025,2021-09-30,2026-09-07,BACKWARD_RECONSTRUCTED_FROM_CURRENT_SNAPSHOT,OFFICIAL_EVENTS_PARTIAL,current_snapshot
NIFTY 500,HONASA,INE0J5401028,2024-03-28,2026-09-07,BACKWARD_RECONSTRUCTED_FROM_CURRENT_SNAPSHOT,OFFICIAL_EVENTS_PARTIAL,current_snapshot
NIFTY 500,HONAUT,INE671A01010,2021-09-30,2026-09-07,BACKWARD_RECONSTRUCTED_FROM_CURRENT_SNAPSHOT,OFFICIAL_EVENTS_PARTIAL,current_snapshot
NIFTY 500,HSCL,INE019C01026,2024-03-28,2026-09-07,BACKWARD_RECONSTRUCTED_FROM_CURRENT_SNAPSHOT,OFFICIAL_EVENTS_PARTIAL,current_snapshot
NIFTY 500,HUDCO,INE031A01017,2021-09-30,2026-09-07,BACKWARD_RECONSTRUCTED_FROM_CURRENT_SNAPSHOT,OFFICIAL_EVENTS_PARTIAL,current_snapshot
NIFTY 500,HYUNDAI,INE0V6F01027,2025-03-28,2026-09-07,BACKWARD_RECONSTRUCTED_FROM_CURRENT_SNAPSHOT,OFFICIAL_EVENTS_PARTIAL,current_snapshot
NIFTY 500,IBREALEST,,2021-09-30,2023-09-28,BACKWARD_RECONSTRUCTED_FROM_CURRENT_SNAPSHOT,OFFICIAL_EVENTS_PARTIAL,https://www.niftyindices.com/Press_Release/ind_prs17082023.pdf
NIFTY 500,ICICIAMC,INE346A01027,2026-03-30,2026-09-07,BACKWARD_RECONSTRUCTED_FROM_CURRENT_SNAPSHOT,OFFICIAL_EVENTS_PARTIAL,current_snapshot
NIFTY 500,ICICIBANK,INE090A01021,2021-09-30,2026-09-07,BACKWARD_RECONSTRUCTED_FROM_CURRENT_SNAPSHOT,OFFICIAL_EVENTS_PARTIAL,current_snapshot
NIFTY 500,ICICIGI,INE765G01017,2021-09-30,2026-09-07,BACKWARD_RECONSTRUCTED_FROM_CURRENT_SNAPSHOT,OFFICIAL_EVENTS_PARTIAL,current_snapshot
NIFTY 500,ICICIPRULI,INE726G01019,2021-09-30,2026-09-07,BACKWARD_RECONSTRUCTED_FROM_CURRENT_SNAPSHOT,OFFICIAL_EVENTS_PARTIAL,current_snapshot
NIFTY 500,ICIL,,2021-09-30,2022-09-29,BACKWARD_RECONSTRUCTED_FROM_CURRENT_SNAPSHOT,OFFICIAL_EVENTS_PARTIAL,https://www.niftyindices.com/Press_Release/ind_prs01092022.pdf
NIFTY 500,IDBI,INE008A01015,2021-09-30,2026-09-07,BACKWARD_RECONSTRUCTED_FROM_CURRENT_SNAPSHOT,OFFICIAL_EVENTS_PARTIAL,current_snapshot
NIFTY 500,IDEA,INE669E01016,2021-09-30,2024-09-29,BACKWARD_RECONSTRUCTED_FROM_CURRENT_SNAPSHOT,OFFICIAL_EVENTS_PARTIAL,https://www.niftyindices.com/Press_Release/ind_prs23082024.pdf
NIFTY 500,IDEA,INE669E01016,2024-09-30,2026-09-07,BACKWARD_RECONSTRUCTED_FROM_CURRENT_SNAPSHOT,OFFICIAL_EVENTS_PARTIAL,current_snapshot
NIFTY 500,IDFC,,2021-09-30,2024-10-09,BACKWARD_RECONSTRUCTED_FROM_CURRENT_SNAPSHOT,OFFICIAL_EVENTS_PARTIAL,https://www.niftyindices.com/Press_Release/ind_prs04102024.pdf
NIFTY 500,IDFCFIRSTB,INE092T01019,2021-09-30,2026-09-07,BACKWARD_RECONSTRUCTED_FROM_CURRENT_SNAPSHOT,OFFICIAL_EVENTS_PARTIAL,current_snapshot
NIFTY 500,IEX,INE022Q01020,2021-09-30,2026-09-07,BACKWARD_RECONSTRUCTED_FROM_CURRENT_SNAPSHOT,OFFICIAL_EVENTS_PARTIAL,current_snapshot
NIFTY 500,IFBIND,,2021-09-30,2023-09-28,BACKWARD_RECONSTRUCTED_FROM_CURRENT_SNAPSHOT,OFFICIAL_EVENTS_PARTIAL,https://www.niftyindices.com/Press_Release/ind_prs17082023.pdf
NIFTY 500,IFCI,INE039A01010,2024-09-30,2026-09-07,BACKWARD_RECONSTRUCTED_FROM_CURRENT_SNAPSHOT,OFFICIAL_EVENTS_PARTIAL,current_snapshot
NIFTY 500,IGIL,INE0Q9301021,2025-03-28,2026-09-07,BACKWARD_RECONSTRUCTED_FROM_CURRENT_SNAPSHOT,OFFICIAL_EVENTS_PARTIAL,current_snapshot
NIFTY 500,IGL,INE203G01027,2021-09-30,2026-09-07,BACKWARD_RECONSTRUCTED_FROM_CURRENT_SNAPSHOT,OFFICIAL_EVENTS_PARTIAL,current_snapshot
NIFTY 500,IIFL,INE530B01024,2021-09-30,2026-09-07,BACKWARD_RECONSTRUCTED_FROM_CURRENT_SNAPSHOT,OFFICIAL_EVENTS_PARTIAL,current_snapshot
NIFTY 500,IKS,INE115Q01022,2025-03-28,2026-09-07,BACKWARD_RECONSTRUCTED_FROM_CURRENT_SNAPSHOT,OFFICIAL_EVENTS_PARTIAL,current_snapshot
NIFTY 500,INDGN,INE065X01017,2024-09-30,2026-09-07,BACKWARD_RECONSTRUCTED_FROM_CURRENT_SNAPSHOT,OFFICIAL_EVENTS_PARTIAL,current_snapshot
NIFTY 500,INDHOTEL,INE053A01029,2021-09-30,2026-09-07,BACKWARD_RECONSTRUCTED_FROM_CURRENT_SNAPSHOT,OFFICIAL_EVENTS_PARTIAL,current_snapshot
NIFTY 500,INDIACEM,INE383A01012,2021-09-30,2026-09-07,BACKWARD_RECONSTRUCTED_FROM_CURRENT_SNAPSHOT,OFFICIAL_EVENTS_PARTIAL,current_snapshot
NIFTY 500,INDIAMART,INE933S01016,2021-09-30,2026-09-07,BACKWARD_RECONSTRUCTED_FROM_CURRENT_SNAPSHOT,OFFICIAL_EVENTS_PARTIAL,current_snapshot
NIFTY 500,INDIANB,INE562A01011,2021-09-30,2026-09-07,BACKWARD_RECONSTRUCTED_FROM_CURRENT_SNAPSHOT,OFFICIAL_EVENTS_PARTIAL,current_snapshot
NIFTY 500,INDIGO,INE646L01027,2021-09-30,2026-09-07,BACKWARD_RECONSTRUCTED_FROM_CURRENT_SNAPSHOT,OFFICIAL_EVENTS_PARTIAL,current_snapshot
NIFTY 500,INDIGOPNTS,,2021-09-30,2024-09-29,BACKWARD_RECONSTRUCTED_FROM_CURRENT_SNAPSHOT,OFFICIAL_EVENTS_PARTIAL,https://www.niftyindices.com/Press_Release/ind_prs23082024.pdf
NIFTY 500,INDOCO,,2021-09-30,2023-03-30,BACKWARD_RECONSTRUCTED_FROM_CURRENT_SNAPSHOT,OFFICIAL_EVENTS_PARTIAL,https://www.niftyindices.com/Press_Release/ind_prs17022023_1.pdf
NIFTY 500,INDUSINDBK,INE095A01012,2021-09-30,2026-09-07,BACKWARD_RECONSTRUCTED_FROM_CURRENT_SNAPSHOT,OFFICIAL_EVENTS_PARTIAL,current_snapshot
NIFTY 500,INDUSTOWER,INE121J01017,2021-09-30,2026-09-07,BACKWARD_RECONSTRUCTED_FROM_CURRENT_SNAPSHOT,OFFICIAL_EVENTS_PARTIAL,current_snapshot
NIFTY 500,INFIBEAM,,2021-09-30,2024-03-27,BACKWARD_RECONSTRUCTED_FROM_CURRENT_SNAPSHOT,OFFICIAL_EVENTS_PARTIAL,https://www.niftyindices.com/Press_Release/ind_prs28022024.pdf
NIFTY 500,INFY,INE009A01021,2021-09-30,2026-09-07,BACKWARD_RECONSTRUCTED_FROM_CURRENT_SNAPSHOT,OFFICIAL_EVENTS_PARTIAL,current_snapshot
NIFTY 500,INGERRAND,,2021-09-30,2022-03-30,BACKWARD_RECONSTRUCTED_FROM_CURRENT_SNAPSHOT,OFFICIAL_EVENTS_PARTIAL,https://www.niftyindices.com/Press_Release/ind_prs24022022_1.pdf
NIFTY 500,INGERRAND,,2023-03-31,2024-03-27,BACKWARD_RECONSTRUCTED_FROM_CURRENT_SNAPSHOT,OFFICIAL_EVENTS_PARTIAL,https://www.niftyindices.com/Press_Release/ind_prs28022024.pdf
NIFTY 500,INOXINDIA,,2024-09-30,2026-03-29,BACKWARD_RECONSTRUCTED_FROM_CURRENT_SNAPSHOT,OFFICIAL_EVENTS_PARTIAL,https://www.niftyindices.com/Press_Release/ind_prs23022026.pdf
NIFTY 500,INOXLEISUR,,2021-09-30,2023-02-16,BACKWARD_RECONSTRUCTED_FROM_CURRENT_SNAPSHOT,OFFICIAL_EVENTS_PARTIAL,https://www.niftyindices.com/Press_Release/ind_prs09022023_1.pdf
NIFTY 500,INOXWIND,INE066P01011,2024-03-28,2026-09-07,BACKWARD_RECONSTRUCTED_FROM_CURRENT_SNAPSHOT,OFFICIAL_EVENTS_PARTIAL,current_snapshot
NIFTY 500,INTELLECT,INE306R01017,2021-09-30,2026-09-07,BACKWARD_RECONSTRUCTED_FROM_CURRENT_SNAPSHOT,OFFICIAL_EVENTS_PARTIAL,current_snapshot
NIFTY 500,IOB,INE565A01014,2021-09-30,2026-09-07,BACKWARD_RECONSTRUCTED_FROM_CURRENT_SNAPSHOT,OFFICIAL_EVENTS_PARTIAL,current_snapshot
NIFTY 500,IOC,INE242A01010,2021-09-30,2026-09-07,BACKWARD_RECONSTRUCTED_FROM_CURRENT_SNAPSHOT,OFFICIAL_EVENTS_PARTIAL,current_snapshot
NIFTY 500,IOLCP,,2021-09-30,2022-03-30,BACKWARD_RECONSTRUCTED_FROM_CURRENT_SNAPSHOT,OFFICIAL_EVENTS_PARTIAL,https://www.niftyindices.com/Press_Release/ind_prs24022022_1.pdf
NIFTY 500,IPCALAB,INE571A01038,2021-09-30,2026-09-07,BACKWARD_RECONSTRUCTED_FROM_CURRENT_SNAPSHOT,OFFICIAL_EVENTS_PARTIAL,current_snapshot
NIFTY 500,IRB,INE821I01022,2021-09-30,2026-09-07,BACKWARD_RECONSTRUCTED_FROM_CURRENT_SNAPSHOT,OFFICIAL_EVENTS_PARTIAL,current_snapshot
NIFTY 500,IRCON,INE962Y01021,2021-09-30,2022-09-29,BACKWARD_RECONSTRUCTED_FROM_CURRENT_SNAPSHOT,OFFICIAL_EVENTS_PARTIAL,https://www.niftyindices.com/Press_Release/ind_prs01092022.pdf
NIFTY 500,IRCON,INE962Y01021,2023-09-29,2026-09-07,BACKWARD_RECONSTRUCTED_FROM_CURRENT_SNAPSHOT,OFFICIAL_EVENTS_PARTIAL,current_snapshot
NIFTY 500,IRCTC,INE335Y01020,2021-09-30,2026-09-07,BACKWARD_RECONSTRUCTED_FROM_CURRENT_SNAPSHOT,OFFICIAL_EVENTS_PARTIAL,current_snapshot
NIFTY 500,IREDA,INE202E01016,2024-09-30,2026-09-07,BACKWARD_RECONSTRUCTED_FROM_CURRENT_SNAPSHOT,OFFICIAL_EVENTS_PARTIAL,current_snapshot
NIFTY 500,IRFC,INE053F01010,2021-09-30,2026-09-07,BACKWARD_RECONSTRUCTED_FROM_CURRENT_SNAPSHOT,OFFICIAL_EVENTS_PARTIAL,current_snapshot
NIFTY 500,ISEC,,2021-09-30,2025-03-20,BACKWARD_RECONSTRUCTED_FROM_CURRENT_SNAPSHOT,OFFICIAL_EVENTS_PARTIAL,https://www.niftyindices.com/Press_Release/ind_prs17032025.pdf
NIFTY 500,ITC,INE154A01025,2021-09-30,2026-09-07,BACKWARD_RECONSTRUCTED_FROM_CURRENT_SNAPSHOT,OFFICIAL_EVENTS_PARTIAL,current_snapshot
NIFTY 500,ITCHOTELS,INE379A01028,2025-09-30,2026-09-07,BACKWARD_RECONSTRUCTED_FROM_CURRENT_SNAPSHOT,OFFICIAL_EVENTS_PARTIAL,current_snapshot
NIFTY 500,ITI,INE248A01017,2021-09-30,2026-09-07,BACKWARD_RECONSTRUCTED_FROM_CURRENT_SNAPSHOT,OFFICIAL_EVENTS_PARTIAL,current_snapshot
NIFTY 500,J&KBANK,INE168A01041,2024-03-28,2026-09-07,BACKWARD_RECONSTRUCTED_FROM_CURRENT_SNAPSHOT,OFFICIAL_EVENTS_PARTIAL,current_snapshot
NIFTY 500,JAIBALAJI,,2024-03-28,2024-09-29,BACKWARD_RECONSTRUCTED_FROM_CURRENT_SNAPSHOT,OFFICIAL_EVENTS_PARTIAL,https://www.niftyindices.com/Press_Release/ind_prs23082024.pdf
NIFTY 500,JAINREC,INE0YD401026,2026-03-30,2026-09-07,BACKWARD_RECONSTRUCTED_FROM_CURRENT_SNAPSHOT,OFFICIAL_EVENTS_PARTIAL,current_snapshot
NIFTY 500,JAMNAAUTO,,2021-09-30,2024-03-27,BACKWARD_RECONSTRUCTED_FROM_CURRENT_SNAPSHOT,OFFICIAL_EVENTS_PARTIAL,https://www.niftyindices.com/Press_Release/ind_prs28022024.pdf
NIFTY 500,JBCHEPHARM,,2021-09-30,2026-07-16,BACKWARD_RECONSTRUCTED_FROM_CURRENT_SNAPSHOT,OFFICIAL_EVENTS_PARTIAL,https://www.niftyindices.com/Press_Release/ind_prs13072026_1.pdf
NIFTY 500,JBMA,INE927D01051,2022-09-30,2026-09-07,BACKWARD_RECONSTRUCTED_FROM_CURRENT_SNAPSHOT,OFFICIAL_EVENTS_PARTIAL,current_snapshot
NIFTY 500,JCHAC,,2021-09-30,2022-03-30,BACKWARD_RECONSTRUCTED_FROM_CURRENT_SNAPSHOT,OFFICIAL_EVENTS_PARTIAL,https://www.niftyindices.com/Press_Release/ind_prs24022022_1.pdf
NIFTY 500,JINDALSAW,INE324A01032,2021-09-30,2022-03-30,BACKWARD_RECONSTRUCTED_FROM_CURRENT_SNAPSHOT,OFFICIAL_EVENTS_PARTIAL,https://www.niftyindices.com/Press_Release/ind_prs24022022_1.pdf
NIFTY 500,JINDALSAW,INE324A01032,2023-09-29,2026-09-07,BACKWARD_RECONSTRUCTED_FROM_CURRENT_SNAPSHOT,OFFICIAL_EVENTS_PARTIAL,current_snapshot
NIFTY 500,JINDALSTEL,INE749A01030,2021-09-30,2026-09-07,BACKWARD_RECONSTRUCTED_FROM_CURRENT_SNAPSHOT,OFFICIAL_EVENTS_PARTIAL,current_snapshot
NIFTY 500,JINDWORLD,,2023-03-31,2023-09-28,BACKWARD_RECONSTRUCTED_FROM_CURRENT_SNAPSHOT,OFFICIAL_EVENTS_PARTIAL,https://www.niftyindices.com/Press_Release/ind_prs17082023.pdf
NIFTY 500,JIOFIN,INE758E01017,2024-03-28,2026-09-07,BACKWARD_RECONSTRUCTED_FROM_CURRENT_SNAPSHOT,OFFICIAL_EVENTS_PARTIAL,current_snapshot
NIFTY 500,JKCEMENT,INE823G01014,2021-09-30,2026-09-07,BACKWARD_RECONSTRUCTED_FROM_CURRENT_SNAPSHOT,OFFICIAL_EVENTS_PARTIAL,current_snapshot
NIFTY 500,JKLAKSHMI,,2021-09-30,2025-03-27,BACKWARD_RECONSTRUCTED_FROM_CURRENT_SNAPSHOT,OFFICIAL_EVENTS_PARTIAL,https://www.niftyindices.com/Press_Release/ind_prs21022025.pdf
NIFTY 500,JKPAPER,,2021-09-30,2024-09-29,BACKWARD_RECONSTRUCTED_FROM_CURRENT_SNAPSHOT,OFFICIAL_EVENTS_PARTIAL,https://www.niftyindices.com/Press_Release/ind_prs23082024.pdf
NIFTY 500,JKTYRE,INE573A01042,2021-09-30,2022-03-30,BACKWARD_RECONSTRUCTED_FROM_CURRENT_SNAPSHOT,OFFICIAL_EVENTS_PARTIAL,https://www.niftyindices.com/Press_Release/ind_prs24022022_1.pdf
NIFTY 500,JKTYRE,INE573A01042,2024-09-30,2026-09-07,BACKWARD_RECONSTRUCTED_FROM_CURRENT_SNAPSHOT,OFFICIAL_EVENTS_PARTIAL,current_snapshot
NIFTY 500,JMFINANCIL,INE780C01023,2021-09-30,2026-09-07,BACKWARD_RECONSTRUCTED_FROM_CURRENT_SNAPSHOT,OFFICIAL_EVENTS_PARTIAL,current_snapshot
NIFTY 500,JPPOWER,INE351F01018,2024-09-30,2026-09-07,BACKWARD_RECONSTRUCTED_FROM_CURRENT_SNAPSHOT,OFFICIAL_EVENTS_PARTIAL,current_snapshot
NIFTY 500,JSL,INE220G01021,2021-09-30,2026-09-07,BACKWARD_RECONSTRUCTED_FROM_CURRENT_SNAPSHOT,OFFICIAL_EVENTS_PARTIAL,current_snapshot
NIFTY 500,JSLHISAR,,2021-09-30,2022-05-30,BACKWARD_RECONSTRUCTED_FROM_CURRENT_SNAPSHOT,OFFICIAL_EVENTS_PARTIAL,https://www.niftyindices.com/Press_Release/ind_prs24052022.pdf
NIFTY 500,JSWCEMENT,INE718I01012,2025-12-31,2026-09-07,BACKWARD_RECONSTRUCTED_FROM_CURRENT_SNAPSHOT,OFFICIAL_EVENTS_PARTIAL,current_snapshot
NIFTY 500,JSWDULUX,INE133A01011,2025-09-30,2026-09-07,BACKWARD_RECONSTRUCTED_FROM_CURRENT_SNAPSHOT,OFFICIAL_EVENTS_PARTIAL,current_snapshot
NIFTY 500,JSWENERGY,INE121E01018,2021-09-30,2026-09-07,BACKWARD_RECONSTRUCTED_FROM_CURRENT_SNAPSHOT,OFFICIAL_EVENTS_PARTIAL,current_snapshot
NIFTY 500,JSWHL,,2025-03-28,2025-09-29,BACKWARD_RECONSTRUCTED_FROM_CURRENT_SNAPSHOT,OFFICIAL_EVENTS_PARTIAL,https://www.niftyindices.com/Press_Release/ind_prs22082025.pdf
NIFTY 500,JSWINFRA,INE880J01026,2024-03-28,2026-09-07,BACKWARD_RECONSTRUCTED_FROM_CURRENT_SNAPSHOT,OFFICIAL_EVENTS_PARTIAL,current_snapshot
NIFTY 500,JSWSTEEL,INE019A01038,2021-09-30,2026-09-07,BACKWARD_RECONSTRUCTED_FROM_CURRENT_SNAPSHOT,OFFICIAL_EVENTS_PARTIAL,current_snapshot
NIFTY 500,JUBLFOOD,INE797F01020,2021-09-30,2026-09-07,BACKWARD_RECONSTRUCTED_FROM_CURRENT_SNAPSHOT,OFFICIAL_EVENTS_PARTIAL,current_snapshot
NIFTY 500,JUBLINGREA,INE0BY001018,2021-09-30,2026-09-07,BACKWARD_RECONSTRUCTED_FROM_CURRENT_SNAPSHOT,OFFICIAL_EVENTS_PARTIAL,current_snapshot
NIFTY 500,JUBLPHARMA,INE700A01033,2021-09-30,2026-09-07,BACKWARD_RECONSTRUCTED_FROM_CURRENT_SNAPSHOT,OFFICIAL_EVENTS_PARTIAL,current_snapshot
NIFTY 500,JUSTDIAL,,2021-09-30,2025-09-29,BACKWARD_RECONSTRUCTED_FROM_CURRENT_SNAPSHOT,OFFICIAL_EVENTS_PARTIAL,https://www.niftyindices.com/Press_Release/ind_prs22082025.pdf
NIFTY 500,JWL,INE209L01016,2024-03-28,2026-09-07,BACKWARD_RECONSTRUCTED_FROM_CURRENT_SNAPSHOT,OFFICIAL_EVENTS_PARTIAL,current_snapshot
NIFTY 500,JYOTHYLAB,,2021-09-30,2026-03-29,BACKWARD_RECONSTRUCTED_FROM_CURRENT_SNAPSHOT,OFFICIAL_EVENTS_PARTIAL,https://www.niftyindices.com/Press_Release/ind_prs23022026.pdf
NIFTY 500,JYOTICNC,INE980O01024,2024-09-30,2026-09-07,BACKWARD_RECONSTRUCTED_FROM_CURRENT_SNAPSHOT,OFFICIAL_EVENTS_PARTIAL,current_snapshot
NIFTY 500,KAJARIACER,INE217B01036,2021-09-30,2026-09-07,BACKWARD_RECONSTRUCTED_FROM_CURRENT_SNAPSHOT,OFFICIAL_EVENTS_PARTIAL,current_snapshot
NIFTY 500,KALYANKJIL,INE303R01014,2021-09-30,2026-09-07,BACKWARD_RECONSTRUCTED_FROM_CURRENT_SNAPSHOT,OFFICIAL_EVENTS_PARTIAL,current_snapshot
NIFTY 500,KANSAINER,,2021-09-30,2025-09-29,BACKWARD_RECONSTRUCTED_FROM_CURRENT_SNAPSHOT,OFFICIAL_EVENTS_PARTIAL,https://www.niftyindices.com/Press_Release/ind_prs22082025.pdf
NIFTY 500,KARURVYSYA,INE036D01028,2021-09-30,2026-09-07,BACKWARD_RECONSTRUCTED_FROM_CURRENT_SNAPSHOT,OFFICIAL_EVENTS_PARTIAL,current_snapshot
NIFTY 500,KAYNES,INE918Z01012,2023-09-29,2026-09-07,BACKWARD_RECONSTRUCTED_FROM_CURRENT_SNAPSHOT,OFFICIAL_EVENTS_PARTIAL,current_snapshot
NIFTY 500,KEC,INE389H01022,2021-09-30,2026-09-07,BACKWARD_RECONSTRUCTED_FROM_CURRENT_SNAPSHOT,OFFICIAL_EVENTS_PARTIAL,current_snapshot
NIFTY 500,KEI,INE878B01027,2021-09-30,2026-09-07,BACKWARD_RECONSTRUCTED_FROM_CURRENT_SNAPSHOT,OFFICIAL_EVENTS_PARTIAL,current_snapshot
NIFTY 500,KENNAMET,,2023-03-31,2023-09-28,BACKWARD_RECONSTRUCTED_FROM_CURRENT_SNAPSHOT,OFFICIAL_EVENTS_PARTIAL,https://www.niftyindices.com/Press_Release/ind_prs17082023.pdf
NIFTY 500,KFINTECH,INE138Y01010,2023-03-31,2026-09-07,BACKWARD_RECONSTRUCTED_FROM_CURRENT_SNAPSHOT,OFFICIAL_EVENTS_PARTIAL,current_snapshot
NIFTY 500,KIMS,INE967H01025,2022-03-31,2026-09-07,BACKWARD_RECONSTRUCTED_FROM_CURRENT_SNAPSHOT,OFFICIAL_EVENTS_PARTIAL,current_snapshot
NIFTY 500,KIRLFER,,2023-09-29,2023-10-25,BACKWARD_RECONSTRUCTED_FROM_CURRENT_SNAPSHOT,OFFICIAL_EVENTS_PARTIAL,https://www.niftyindices.com/Press_Release/ind_prs17102023.pdf
NIFTY 500,KIRLOSBROS,,2024-09-30,2026-03-29,BACKWARD_RECONSTRUCTED_FROM_CURRENT_SNAPSHOT,OFFICIAL_EVENTS_PARTIAL,https://www.niftyindices.com/Press_Release/ind_prs23022026.pdf
NIFTY 500,KIRLOSENG,INE146L01010,2024-09-30,2026-09-07,BACKWARD_RECONSTRUCTED_FROM_CURRENT_SNAPSHOT,OFFICIAL_EVENTS_PARTIAL,current_snapshot
NIFTY 500,KNRCON,,2021-09-30,2025-09-29,BACKWARD_RECONSTRUCTED_FROM_CURRENT_SNAPSHOT,OFFICIAL_EVENTS_PARTIAL,https://www.niftyindices.com/Press_Release/ind_prs22082025.pdf
NIFTY 500,KOTAKBANK,INE237A01036,2021-09-30,2026-09-07,BACKWARD_RECONSTRUCTED_FROM_CURRENT_SNAPSHOT,OFFICIAL_EVENTS_PARTIAL,current_snapshot
NIFTY 500,KPIL,INE220B01022,2021-09-30,2026-09-07,BACKWARD_RECONSTRUCTED_FROM_CURRENT_SNAPSHOT,OFFICIAL_EVENTS_PARTIAL,current_snapshot
NIFTY 500,KPITTECH,INE04I401011,2021-09-30,2026-09-07,BACKWARD_RECONSTRUCTED_FROM_CURRENT_SNAPSHOT,OFFICIAL_EVENTS_PARTIAL,current_snapshot
NIFTY 500,KPRMILL,INE930H01031,2021-09-30,2026-09-07,BACKWARD_RECONSTRUCTED_FROM_CURRENT_SNAPSHOT,OFFICIAL_EVENTS_PARTIAL,current_snapshot
NIFTY 500,KRBL,,2021-09-30,2024-09-29,BACKWARD_RECONSTRUCTED_FROM_CURRENT_SNAPSHOT,OFFICIAL_EVENTS_PARTIAL,https://www.niftyindices.com/Press_Release/ind_prs23082024.pdf
NIFTY 500,KSB,,2021-09-30,2022-03-30,BACKWARD_RECONSTRUCTED_FROM_CURRENT_SNAPSHOT,OFFICIAL_EVENTS_PARTIAL,https://www.niftyindices.com/Press_Release/ind_prs24022022_1.pdf
NIFTY 500,KSB,,2023-03-31,2025-03-27,BACKWARD_RECONSTRUCTED_FROM_CURRENT_SNAPSHOT,OFFICIAL_EVENTS_PARTIAL,https://www.niftyindices.com/Press_Release/ind_prs21022025.pdf
NIFTY 500,KSB,,2025-09-30,2026-03-29,BACKWARD_RECONSTRUCTED_FROM_CURRENT_SNAPSHOT,OFFICIAL_EVENTS_PARTIAL,https://www.niftyindices.com/Press_Release/ind_prs23022026.pdf
NIFTY 500,KSCL,,2021-09-30,2022-03-30,BACKWARD_RECONSTRUCTED_FROM_CURRENT_SNAPSHOT,OFFICIAL_EVENTS_PARTIAL,https://www.niftyindices.com/Press_Release/ind_prs24022022_1.pdf
NIFTY 500,LALPATHLAB,INE600L01024,2021-09-30,2026-09-07,BACKWARD_RECONSTRUCTED_FROM_CURRENT_SNAPSHOT,OFFICIAL_EVENTS_PARTIAL,current_snapshot
NIFTY 500,LAOPALA,,2021-09-30,2022-03-30,BACKWARD_RECONSTRUCTED_FROM_CURRENT_SNAPSHOT,OFFICIAL_EVENTS_PARTIAL,https://www.niftyindices.com/Press_Release/ind_prs24022022_1.pdf
NIFTY 500,LATENTVIEW,INE0I7C01011,2022-03-31,2026-09-07,BACKWARD_RECONSTRUCTED_FROM_CURRENT_SNAPSHOT,OFFICIAL_EVENTS_PARTIAL,current_snapshot
NIFTY 500,LAURUSLABS,INE947Q01028,2021-09-30,2026-09-07,BACKWARD_RECONSTRUCTED_FROM_CURRENT_SNAPSHOT,OFFICIAL_EVENTS_PARTIAL,current_snapshot
NIFTY 500,LAXMIMACH,,2021-09-30,2024-03-27,BACKWARD_RECONSTRUCTED_FROM_CURRENT_SNAPSHOT,OFFICIAL_EVENTS_PARTIAL,https://www.niftyindices.com/Press_Release/ind_prs28022024.pdf
NIFTY 500,LEMONTREE,INE970X01018,2021-09-30,2022-03-30,BACKWARD_RECONSTRUCTED_FROM_CURRENT_SNAPSHOT,OFFICIAL_EVENTS_PARTIAL,https://www.niftyindices.com/Press_Release/ind_prs24022022_1.pdf
NIFTY 500,LEMONTREE,INE970X01018,2022-12-30,2026-09-07,BACKWARD_RECONSTRUCTED_FROM_CURRENT_SNAPSHOT,OFFICIAL_EVENTS_PARTIAL,current_snapshot
NIFTY 500,LENSKART,INE956O01016,2026-03-30,2026-09-07,BACKWARD_RECONSTRUCTED_FROM_CURRENT_SNAPSHOT,OFFICIAL_EVENTS_PARTIAL,current_snapshot
NIFTY 500,LGEINDIA,INE324D01010,2026-03-30,2026-09-07,BACKWARD_RECONSTRUCTED_FROM_CURRENT_SNAPSHOT,OFFICIAL_EVENTS_PARTIAL,current_snapshot
NIFTY 500,LICHSGFIN,INE115A01026,2021-09-30,2026-09-07,BACKWARD_RECONSTRUCTED_FROM_CURRENT_SNAPSHOT,OFFICIAL_EVENTS_PARTIAL,current_snapshot
NIFTY 500,LICI,INE0J1Y01017,2022-08-08,2026-09-07,BACKWARD_RECONSTRUCTED_FROM_CURRENT_SNAPSHOT,OFFICIAL_EVENTS_PARTIAL,current_snapshot
NIFTY 500,LINDEINDIA,INE473A01011,2021-09-30,2026-09-07,BACKWARD_RECONSTRUCTED_FROM_CURRENT_SNAPSHOT,OFFICIAL_EVENTS_PARTIAL,current_snapshot
NIFTY 500,LLOYDSME,INE281B01032,2024-03-28,2026-09-07,BACKWARD_RECONSTRUCTED_FROM_CURRENT_SNAPSHOT,OFFICIAL_EVENTS_PARTIAL,current_snapshot
NIFTY 500,LODHA,INE670K01029,2021-09-30,2026-09-07,BACKWARD_RECONSTRUCTED_FROM_CURRENT_SNAPSHOT,OFFICIAL_EVENTS_PARTIAL,current_snapshot
NIFTY 500,LT,INE018A01030,2021-09-30,2026-09-07,BACKWARD_RECONSTRUCTED_FROM_CURRENT_SNAPSHOT,OFFICIAL_EVENTS_PARTIAL,current_snapshot
NIFTY 500,LTF,INE498L01015,2021-09-30,2026-09-07,BACKWARD_RECONSTRUCTED_FROM_CURRENT_SNAPSHOT,OFFICIAL_EVENTS_PARTIAL,current_snapshot
NIFTY 500,LTFOODS,INE818H01020,2025-03-28,2026-09-07,BACKWARD_RECONSTRUCTED_FROM_CURRENT_SNAPSHOT,OFFICIAL_EVENTS_PARTIAL,current_snapshot
NIFTY 500,LTM,INE214T01019,2021-09-30,2026-09-07,BACKWARD_RECONSTRUCTED_FROM_CURRENT_SNAPSHOT,OFFICIAL_EVENTS_PARTIAL,current_snapshot
NIFTY 500,LTTS,INE010V01017,2021-09-30,2026-09-07,BACKWARD_RECONSTRUCTED_FROM_CURRENT_SNAPSHOT,OFFICIAL_EVENTS_PARTIAL,current_snapshot
NIFTY 500,LUPIN,INE326A01037,2021-09-30,2026-09-07,BACKWARD_RECONSTRUCTED_FROM_CURRENT_SNAPSHOT,OFFICIAL_EVENTS_PARTIAL,current_snapshot
NIFTY 500,LUXIND,,2021-09-30,2024-03-27,BACKWARD_RECONSTRUCTED_FROM_CURRENT_SNAPSHOT,OFFICIAL_EVENTS_PARTIAL,https://www.niftyindices.com/Press_Release/ind_prs28022024.pdf
NIFTY 500,LXCHEM,,2021-09-30,2024-09-29,BACKWARD_RECONSTRUCTED_FROM_CURRENT_SNAPSHOT,OFFICIAL_EVENTS_PARTIAL,https://www.niftyindices.com/Press_Release/ind_prs23082024.pdf
NIFTY 500,M&M,INE101A01026,2021-09-30,2026-09-07,BACKWARD_RECONSTRUCTED_FROM_CURRENT_SNAPSHOT,OFFICIAL_EVENTS_PARTIAL,current_snapshot
NIFTY 500,M&MFIN,INE774D01024,2021-09-30,2026-09-07,BACKWARD_RECONSTRUCTED_FROM_CURRENT_SNAPSHOT,OFFICIAL_EVENTS_PARTIAL,current_snapshot
NIFTY 500,MAHABANK,INE457A01014,2021-09-30,2026-09-07,BACKWARD_RECONSTRUCTED_FROM_CURRENT_SNAPSHOT,OFFICIAL_EVENTS_PARTIAL,current_snapshot
NIFTY 500,MAHLIFE,,2022-09-30,2025-03-27,BACKWARD_RECONSTRUCTED_FROM_CURRENT_SNAPSHOT,OFFICIAL_EVENTS_PARTIAL,https://www.niftyindices.com/Press_Release/ind_prs21022025.pdf
NIFTY 500,MAHLOG,,2021-09-30,2023-09-28,BACKWARD_RECONSTRUCTED_FROM_CURRENT_SNAPSHOT,OFFICIAL_EVENTS_PARTIAL,https://www.niftyindices.com/Press_Release/ind_prs17082023.pdf
NIFTY 500,MAHSCOOTER,,2025-09-30,2026-03-29,BACKWARD_RECONSTRUCTED_FROM_CURRENT_SNAPSHOT,OFFICIAL_EVENTS_PARTIAL,https://www.niftyindices.com/Press_Release/ind_prs23022026.pdf
NIFTY 500,MAHSEAMLES,,2024-03-28,2026-03-29,BACKWARD_RECONSTRUCTED_FROM_CURRENT_SNAPSHOT,OFFICIAL_EVENTS_PARTIAL,https://www.niftyindices.com/Press_Release/ind_prs23022026.pdf
NIFTY 500,MANAPPURAM,INE522D01027,2021-09-30,2026-09-07,BACKWARD_RECONSTRUCTED_FROM_CURRENT_SNAPSHOT,OFFICIAL_EVENTS_PARTIAL,current_snapshot
NIFTY 500,MANKIND,INE634S01028,2023-07-13,2026-09-07,BACKWARD_RECONSTRUCTED_FROM_CURRENT_SNAPSHOT,OFFICIAL_EVENTS_PARTIAL,current_snapshot
NIFTY 500,MANYAVAR,,2022-09-30,2026-03-29,BACKWARD_RECONSTRUCTED_FROM_CURRENT_SNAPSHOT,OFFICIAL_EVENTS_PARTIAL,https://www.niftyindices.com/Press_Release/ind_prs23022026.pdf
NIFTY 500,MAPMYINDIA,INE0BV301023,2022-03-31,2026-09-07,BACKWARD_RECONSTRUCTED_FROM_CURRENT_SNAPSHOT,OFFICIAL_EVENTS_PARTIAL,current_snapshot
NIFTY 500,MARICO,INE196A01026,2021-09-30,2026-09-07,BACKWARD_RECONSTRUCTED_FROM_CURRENT_SNAPSHOT,OFFICIAL_EVENTS_PARTIAL,current_snapshot
NIFTY 500,MARUTI,INE585B01010,2021-09-30,2026-09-07,BACKWARD_RECONSTRUCTED_FROM_CURRENT_SNAPSHOT,OFFICIAL_EVENTS_PARTIAL,current_snapshot
NIFTY 500,MASTEK,,2021-09-30,2025-09-29,BACKWARD_RECONSTRUCTED_FROM_CURRENT_SNAPSHOT,OFFICIAL_EVENTS_PARTIAL,https://www.niftyindices.com/Press_Release/ind_prs22082025.pdf
NIFTY 500,MAXHEALTH,INE027H01010,2021-09-30,2026-09-07,BACKWARD_RECONSTRUCTED_FROM_CURRENT_SNAPSHOT,OFFICIAL_EVENTS_PARTIAL,current_snapshot
NIFTY 500,MAZDOCK,INE249Z01020,2021-09-30,2026-09-07,BACKWARD_RECONSTRUCTED_FROM_CURRENT_SNAPSHOT,OFFICIAL_EVENTS_PARTIAL,current_snapshot
NIFTY 500,MCX,INE745G01043,2021-09-30,2026-09-07,BACKWARD_RECONSTRUCTED_FROM_CURRENT_SNAPSHOT,OFFICIAL_EVENTS_PARTIAL,current_snapshot
NIFTY 500,MEDANTA,INE474Q01031,2023-03-31,2026-09-07,BACKWARD_RECONSTRUCTED_FROM_CURRENT_SNAPSHOT,OFFICIAL_EVENTS_PARTIAL,current_snapshot
NIFTY 500,MEDPLUS,,2022-03-31,2024-09-29,BACKWARD_RECONSTRUCTED_FROM_CURRENT_SNAPSHOT,OFFICIAL_EVENTS_PARTIAL,https://www.niftyindices.com/Press_Release/ind_prs23082024.pdf
NIFTY 500,MEESHO,INE0VDM01015,2026-03-30,2026-09-07,BACKWARD_RECONSTRUCTED_FROM_CURRENT_SNAPSHOT,OFFICIAL_EVENTS_PARTIAL,current_snapshot
NIFTY 500,METROBRAND,,2022-03-31,2025-03-27,BACKWARD_RECONSTRUCTED_FROM_CURRENT_SNAPSHOT,OFFICIAL_EVENTS_PARTIAL,https://www.niftyindices.com/Press_Release/ind_prs21022025.pdf
NIFTY 500,METROPOLIS,,2021-09-30,2026-03-29,BACKWARD_RECONSTRUCTED_FROM_CURRENT_SNAPSHOT,OFFICIAL_EVENTS_PARTIAL,https://www.niftyindices.com/Press_Release/ind_prs23022026.pdf
NIFTY 500,MFSL,INE180A01020,2021-09-30,2026-09-07,BACKWARD_RECONSTRUCTED_FROM_CURRENT_SNAPSHOT,OFFICIAL_EVENTS_PARTIAL,current_snapshot
NIFTY 500,MGL,INE002S01010,2021-09-30,2026-09-07,BACKWARD_RECONSTRUCTED_FROM_CURRENT_SNAPSHOT,OFFICIAL_EVENTS_PARTIAL,current_snapshot
NIFTY 500,MHRIL,,2021-09-30,2024-09-29,BACKWARD_RECONSTRUCTED_FROM_CURRENT_SNAPSHOT,OFFICIAL_EVENTS_PARTIAL,https://www.niftyindices.com/Press_Release/ind_prs23082024.pdf
NIFTY 500,MIDHANI,,2021-09-30,2022-03-30,BACKWARD_RECONSTRUCTED_FROM_CURRENT_SNAPSHOT,OFFICIAL_EVENTS_PARTIAL,https://www.niftyindices.com/Press_Release/ind_prs24022022_1.pdf
NIFTY 500,MINDACORP,INE842C01021,2021-09-30,2022-03-30,BACKWARD_RECONSTRUCTED_FROM_CURRENT_SNAPSHOT,OFFICIAL_EVENTS_PARTIAL,https://www.niftyindices.com/Press_Release/ind_prs24022022_1.pdf
NIFTY 500,MINDACORP,INE842C01021,2023-09-29,2026-09-07,BACKWARD_RECONSTRUCTED_FROM_CURRENT_SNAPSHOT,OFFICIAL_EVENTS_PARTIAL,current_snapshot
NIFTY 500,MINDTREE,,2021-09-30,2022-09-29,BACKWARD_RECONSTRUCTED_FROM_CURRENT_SNAPSHOT,OFFICIAL_EVENTS_PARTIAL,https://www.niftyindices.com/Press_Release/ind_prs01092022.pdf
NIFTY 500,MMTC,INE123F01029,2021-09-30,2026-09-07,BACKWARD_RECONSTRUCTED_FROM_CURRENT_SNAPSHOT,OFFICIAL_EVENTS_PARTIAL,current_snapshot
NIFTY 500,MOIL,,2021-09-30,2023-03-30,BACKWARD_RECONSTRUCTED_FROM_CURRENT_SNAPSHOT,OFFICIAL_EVENTS_PARTIAL,https://www.niftyindices.com/Press_Release/ind_prs17022023_1.pdf
NIFTY 500,MOTHERSON,INE775A01035,2022-09-30,2026-09-07,BACKWARD_RECONSTRUCTED_FROM_CURRENT_SNAPSHOT,OFFICIAL_EVENTS_PARTIAL,current_snapshot
NIFTY 500,MOTILALOFS,INE338I01027,2021-09-30,2026-09-07,BACKWARD_RECONSTRUCTED_FROM_CURRENT_SNAPSHOT,OFFICIAL_EVENTS_PARTIAL,current_snapshot
NIFTY 500,MPHASIS,INE356A01018,2021-09-30,2026-09-07,BACKWARD_RECONSTRUCTED_FROM_CURRENT_SNAPSHOT,OFFICIAL_EVENTS_PARTIAL,current_snapshot
NIFTY 500,MRF,INE883A01011,2021-09-30,2026-09-07,BACKWARD_RECONSTRUCTED_FROM_CURRENT_SNAPSHOT,OFFICIAL_EVENTS_PARTIAL,current_snapshot
NIFTY 500,MRPL,INE103A01014,2021-09-30,2026-09-07,BACKWARD_RECONSTRUCTED_FROM_CURRENT_SNAPSHOT,OFFICIAL_EVENTS_PARTIAL,current_snapshot
NIFTY 500,MSUMI,INE0FS801015,2022-09-30,2026-09-07,BACKWARD_RECONSTRUCTED_FROM_CURRENT_SNAPSHOT,OFFICIAL_EVENTS_PARTIAL,current_snapshot
NIFTY 500,MTARTECH,,2022-04-07,2024-09-29,BACKWARD_RECONSTRUCTED_FROM_CURRENT_SNAPSHOT,OFFICIAL_EVENTS_PARTIAL,https://www.niftyindices.com/Press_Release/ind_prs23082024.pdf
NIFTY 500,MUTHOOTFIN,INE414G01012,2021-09-30,2026-09-07,BACKWARD_RECONSTRUCTED_FROM_CURRENT_SNAPSHOT,OFFICIAL_EVENTS_PARTIAL,current_snapshot
NIFTY 500,NAM-INDIA,INE298J01013,2021-09-30,2026-09-07,BACKWARD_RECONSTRUCTED_FROM_CURRENT_SNAPSHOT,OFFICIAL_EVENTS_PARTIAL,current_snapshot
NIFTY 500,NATCOPHARM,INE987B01026,2021-09-30,2026-09-07,BACKWARD_RECONSTRUCTED_FROM_CURRENT_SNAPSHOT,OFFICIAL_EVENTS_PARTIAL,current_snapshot
NIFTY 500,NATIONALUM,INE139A01034,2021-09-30,2026-09-07,BACKWARD_RECONSTRUCTED_FROM_CURRENT_SNAPSHOT,OFFICIAL_EVENTS_PARTIAL,current_snapshot
NIFTY 500,NAUKRI,INE663F01032,2021-09-30,2026-09-07,BACKWARD_RECONSTRUCTED_FROM_CURRENT_SNAPSHOT,OFFICIAL_EVENTS_PARTIAL,current_snapshot
NIFTY 500,NAVA,INE725A01030,2025-03-28,2026-09-07,BACKWARD_RECONSTRUCTED_FROM_CURRENT_SNAPSHOT,OFFICIAL_EVENTS_PARTIAL,current_snapshot
NIFTY 500,NAVINFLUOR,INE048G01026,2021-09-30,2026-09-07,BACKWARD_RECONSTRUCTED_FROM_CURRENT_SNAPSHOT,OFFICIAL_EVENTS_PARTIAL,current_snapshot
NIFTY 500,NAZARA,,2021-09-30,2024-03-27,BACKWARD_RECONSTRUCTED_FROM_CURRENT_SNAPSHOT,OFFICIAL_EVENTS_PARTIAL,https://www.niftyindices.com/Press_Release/ind_prs28022024.pdf
NIFTY 500,NBCC,INE095N01031,2021-09-30,2026-09-07,BACKWARD_RECONSTRUCTED_FROM_CURRENT_SNAPSHOT,OFFICIAL_EVENTS_PARTIAL,current_snapshot
NIFTY 500,NCC,INE868B01028,2021-09-30,2026-09-07,BACKWARD_RECONSTRUCTED_FROM_CURRENT_SNAPSHOT,OFFICIAL_EVENTS_PARTIAL,current_snapshot
NIFTY 500,NESCO,,2021-09-30,2022-09-29,BACKWARD_RECONSTRUCTED_FROM_CURRENT_SNAPSHOT,OFFICIAL_EVENTS_PARTIAL,https://www.niftyindices.com/Press_Release/ind_prs01092022.pdf
NIFTY 500,NESTLEIND,INE239A01024,2021-09-30,2026-09-07,BACKWARD_RECONSTRUCTED_FROM_CURRENT_SNAPSHOT,OFFICIAL_EVENTS_PARTIAL,current_snapshot
NIFTY 500,NETWEB,INE0NT901020,2024-09-30,2026-09-07,BACKWARD_RECONSTRUCTED_FROM_CURRENT_SNAPSHOT,OFFICIAL_EVENTS_PARTIAL,current_snapshot
NIFTY 500,NETWORK18,,2021-09-30,2025-09-29,BACKWARD_RECONSTRUCTED_FROM_CURRENT_SNAPSHOT,OFFICIAL_EVENTS_PARTIAL,https://www.niftyindices.com/Press_Release/ind_prs22082025.pdf
NIFTY 500,NEULANDLAB,INE794A01010,2025-03-28,2026-09-07,BACKWARD_RECONSTRUCTED_FROM_CURRENT_SNAPSHOT,OFFICIAL_EVENTS_PARTIAL,current_snapshot
NIFTY 500,NEWGEN,INE619B01017,2024-09-30,2026-09-07,BACKWARD_RECONSTRUCTED_FROM_CURRENT_SNAPSHOT,OFFICIAL_EVENTS_PARTIAL,current_snapshot
NIFTY 500,NFL,,2021-09-30,2022-03-30,BACKWARD_RECONSTRUCTED_FROM_CURRENT_SNAPSHOT,OFFICIAL_EVENTS_PARTIAL,https://www.niftyindices.com/Press_Release/ind_prs24022022_1.pdf
NIFTY 500,NH,INE410P01011,2021-09-30,2026-09-07,BACKWARD_RECONSTRUCTED_FROM_CURRENT_SNAPSHOT,OFFICIAL_EVENTS_PARTIAL,current_snapshot
NIFTY 500,NHPC,INE848E01016,2021-09-30,2026-09-07,BACKWARD_RECONSTRUCTED_FROM_CURRENT_SNAPSHOT,OFFICIAL_EVENTS_PARTIAL,current_snapshot
NIFTY 500,NIACL,INE470Y01017,2021-09-30,2026-09-07,BACKWARD_RECONSTRUCTED_FROM_CURRENT_SNAPSHOT,OFFICIAL_EVENTS_PARTIAL,current_snapshot
NIFTY 500,NIITLTD,,2022-09-30,2022-12-29,BACKWARD_RECONSTRUCTED_FROM_CURRENT_SNAPSHOT,OFFICIAL_EVENTS_PARTIAL,https://www.niftyindices.com/Press_Release/ind_prs06122022.pdf
NIFTY 500,NILKAMAL,,2021-09-30,2022-03-30,BACKWARD_RECONSTRUCTED_FROM_CURRENT_SNAPSHOT,OFFICIAL_EVENTS_PARTIAL,https://www.niftyindices.com/Press_Release/ind_prs24022022_1.pdf
NIFTY 500,NIVABUPA,INE995S01015,2025-03-28,2026-09-07,BACKWARD_RECONSTRUCTED_FROM_CURRENT_SNAPSHOT,OFFICIAL_EVENTS_PARTIAL,current_snapshot
NIFTY 500,NLCINDIA,INE589A01014,2021-09-30,2026-09-07,BACKWARD_RECONSTRUCTED_FROM_CURRENT_SNAPSHOT,OFFICIAL_EVENTS_PARTIAL,current_snapshot
NIFTY 500,NMDC,INE584A01023,2021-09-30,2022-08-07,BACKWARD_RECONSTRUCTED_FROM_CURRENT_SNAPSHOT,OFFICIAL_EVENTS_PARTIAL,https://www.niftyindices.com/Press_Release/ind_prs11072022.pdf
NIFTY 500,NMDC,INE584A01023,2023-03-31,2026-09-07,BACKWARD_RECONSTRUCTED_FROM_CURRENT_SNAPSHOT,OFFICIAL_EVENTS_PARTIAL,current_snapshot
NIFTY 500,NOCIL,,2021-09-30,2023-09-28,BACKWARD_RECONSTRUCTED_FROM_CURRENT_SNAPSHOT,OFFICIAL_EVENTS_PARTIAL,https://www.niftyindices.com/Press_Release/ind_prs17082023.pdf
NIFTY 500,NSLNISP,INE0NNS01018,2023-04-28,2026-09-07,BACKWARD_RECONSTRUCTED_FROM_CURRENT_SNAPSHOT,OFFICIAL_EVENTS_PARTIAL,current_snapshot
NIFTY 500,NTPC,INE733E01010,2021-09-30,2026-09-07,BACKWARD_RECONSTRUCTED_FROM_CURRENT_SNAPSHOT,OFFICIAL_EVENTS_PARTIAL,current_snapshot
NIFTY 500,NTPCGREEN,INE0ONG01011,2025-03-28,2026-09-07,BACKWARD_RECONSTRUCTED_FROM_CURRENT_SNAPSHOT,OFFICIAL_EVENTS_PARTIAL,current_snapshot
NIFTY 500,NUVAMA,INE531F01023,2024-03-28,2026-09-07,BACKWARD_RECONSTRUCTED_FROM_CURRENT_SNAPSHOT,OFFICIAL_EVENTS_PARTIAL,current_snapshot
NIFTY 500,NUVOCO,INE118D01016,2022-03-31,2025-03-27,BACKWARD_RECONSTRUCTED_FROM_CURRENT_SNAPSHOT,OFFICIAL_EVENTS_PARTIAL,https://www.niftyindices.com/Press_Release/ind_prs21022025.pdf
NIFTY 500,NUVOCO,INE118D01016,2025-09-30,2026-09-07,BACKWARD_RECONSTRUCTED_FROM_CURRENT_SNAPSHOT,OFFICIAL_EVENTS_PARTIAL,current_snapshot
NIFTY 500,NYKAA,INE388Y01029,2022-03-31,2026-09-07,BACKWARD_RECONSTRUCTED_FROM_CURRENT_SNAPSHOT,OFFICIAL_EVENTS_PARTIAL,current_snapshot
NIFTY 500,OBEROIRLTY,INE093I01010,2021-09-30,2026-09-07,BACKWARD_RECONSTRUCTED_FROM_CURRENT_SNAPSHOT,OFFICIAL_EVENTS_PARTIAL,current_snapshot
NIFTY 500,OFSS,INE881D01027,2021-09-30,2026-09-07,BACKWARD_RECONSTRUCTED_FROM_CURRENT_SNAPSHOT,OFFICIAL_EVENTS_PARTIAL,current_snapshot
NIFTY 500,OIL,INE274J01014,2021-09-30,2026-09-07,BACKWARD_RECONSTRUCTED_FROM_CURRENT_SNAPSHOT,OFFICIAL_EVENTS_PARTIAL,current_snapshot
NIFTY 500,OLAELEC,INE0LXG01040,2025-03-28,2026-09-07,BACKWARD_RECONSTRUCTED_FROM_CURRENT_SNAPSHOT,OFFICIAL_EVENTS_PARTIAL,current_snapshot
NIFTY 500,OLECTRA,INE260D01016,2022-09-30,2026-09-07,BACKWARD_RECONSTRUCTED_FROM_CURRENT_SNAPSHOT,OFFICIAL_EVENTS_PARTIAL,current_snapshot
NIFTY 500,ONESOURCE,INE013P01021,2025-09-30,2026-09-07,BACKWARD_RECONSTRUCTED_FROM_CURRENT_SNAPSHOT,OFFICIAL_EVENTS_PARTIAL,current_snapshot
NIFTY 500,ONGC,INE213A01029,2021-09-30,2026-09-07,BACKWARD_RECONSTRUCTED_FROM_CURRENT_SNAPSHOT,OFFICIAL_EVENTS_PARTIAL,current_snapshot
NIFTY 500,ORIENTELEC,,2021-09-30,2024-03-27,BACKWARD_RECONSTRUCTED_FROM_CURRENT_SNAPSHOT,OFFICIAL_EVENTS_PARTIAL,https://www.niftyindices.com/Press_Release/ind_prs28022024.pdf
NIFTY 500,PAGEIND,INE761H01022,2021-09-30,2026-09-07,BACKWARD_RECONSTRUCTED_FROM_CURRENT_SNAPSHOT,OFFICIAL_EVENTS_PARTIAL,current_snapshot
NIFTY 500,PARADEEP,INE088F01024,2026-03-30,2026-09-07,BACKWARD_RECONSTRUCTED_FROM_CURRENT_SNAPSHOT,OFFICIAL_EVENTS_PARTIAL,current_snapshot
NIFTY 500,PATANJALI,INE619A01035,2022-09-30,2026-09-07,BACKWARD_RECONSTRUCTED_FROM_CURRENT_SNAPSHOT,OFFICIAL_EVENTS_PARTIAL,current_snapshot
NIFTY 500,PAYTM,INE982J01020,2022-03-31,2026-09-07,BACKWARD_RECONSTRUCTED_FROM_CURRENT_SNAPSHOT,OFFICIAL_EVENTS_PARTIAL,current_snapshot
NIFTY 500,PCBL,INE602A01031,2021-09-30,2026-09-07,BACKWARD_RECONSTRUCTED_FROM_CURRENT_SNAPSHOT,OFFICIAL_EVENTS_PARTIAL,current_snapshot
NIFTY 500,PEL,,2021-09-30,2022-08-07,BACKWARD_RECONSTRUCTED_FROM_CURRENT_SNAPSHOT,OFFICIAL_EVENTS_PARTIAL,https://www.niftyindices.com/Press_Release/ind_prs11072022.pdf
NIFTY 500,PEL,,2023-03-31,2025-09-22,BACKWARD_RECONSTRUCTED_FROM_CURRENT_SNAPSHOT,OFFICIAL_EVENTS_PARTIAL,https://www.niftyindices.com/Press_Release/ind_prs15092025_1.pdf
NIFTY 500,PERSISTENT,INE262H01021,2021-09-30,2026-09-07,BACKWARD_RECONSTRUCTED_FROM_CURRENT_SNAPSHOT,OFFICIAL_EVENTS_PARTIAL,current_snapshot
NIFTY 500,PETRONET,INE347G01014,2021-09-30,2026-09-07,BACKWARD_RECONSTRUCTED_FROM_CURRENT_SNAPSHOT,OFFICIAL_EVENTS_PARTIAL,current_snapshot
NIFTY 500,PFC,INE134E01011,2021-09-30,2026-09-07,BACKWARD_RECONSTRUCTED_FROM_CURRENT_SNAPSHOT,OFFICIAL_EVENTS_PARTIAL,current_snapshot
NIFTY 500,PFIZER,INE182A01018,2021-09-30,2024-03-27,BACKWARD_RECONSTRUCTED_FROM_CURRENT_SNAPSHOT,OFFICIAL_EVENTS_PARTIAL,https://www.niftyindices.com/Press_Release/ind_prs28022024.pdf
NIFTY 500,PFIZER,INE182A01018,2024-09-30,2026-09-07,BACKWARD_RECONSTRUCTED_FROM_CURRENT_SNAPSHOT,OFFICIAL_EVENTS_PARTIAL,current_snapshot
NIFTY 500,PFOCUS,INE367G01038,2026-07-17,2026-09-07,BACKWARD_RECONSTRUCTED_FROM_CURRENT_SNAPSHOT,OFFICIAL_EVENTS_PARTIAL,current_snapshot
NIFTY 500,PGEL,INE457L01029,2025-03-28,2026-09-07,BACKWARD_RECONSTRUCTED_FROM_CURRENT_SNAPSHOT,OFFICIAL_EVENTS_PARTIAL,current_snapshot
NIFTY 500,PGHH,,2021-09-30,2025-03-27,BACKWARD_RECONSTRUCTED_FROM_CURRENT_SNAPSHOT,OFFICIAL_EVENTS_PARTIAL,https://www.niftyindices.com/Press_Release/ind_prs21022025.pdf
NIFTY 500,PGHH,,2025-09-30,2026-03-29,BACKWARD_RECONSTRUCTED_FROM_CURRENT_SNAPSHOT,OFFICIAL_EVENTS_PARTIAL,https://www.niftyindices.com/Press_Release/ind_prs23022026.pdf
NIFTY 500,PGHL,,2021-09-30,2023-03-30,BACKWARD_RECONSTRUCTED_FROM_CURRENT_SNAPSHOT,OFFICIAL_EVENTS_PARTIAL,https://www.niftyindices.com/Press_Release/ind_prs17022023_1.pdf
NIFTY 500,PGHL,,2023-09-29,2024-03-27,BACKWARD_RECONSTRUCTED_FROM_CURRENT_SNAPSHOT,OFFICIAL_EVENTS_PARTIAL,https://www.niftyindices.com/Press_Release/ind_prs28022024.pdf
NIFTY 500,PHOENIXLTD,INE211B01039,2021-09-30,2026-09-07,BACKWARD_RECONSTRUCTED_FROM_CURRENT_SNAPSHOT,OFFICIAL_EVENTS_PARTIAL,current_snapshot
NIFTY 500,PIDILITIND,INE318A01026,2021-09-30,2026-09-07,BACKWARD_RECONSTRUCTED_FROM_CURRENT_SNAPSHOT,OFFICIAL_EVENTS_PARTIAL,current_snapshot
NIFTY 500,PIIND,INE603J01030,2021-09-30,2026-09-07,BACKWARD_RECONSTRUCTED_FROM_CURRENT_SNAPSHOT,OFFICIAL_EVENTS_PARTIAL,current_snapshot
NIFTY 500,PINELABS,INE15B701018,2026-03-30,2026-09-07,BACKWARD_RECONSTRUCTED_FROM_CURRENT_SNAPSHOT,OFFICIAL_EVENTS_PARTIAL,current_snapshot
NIFTY 500,PIRAMALFIN,INE202B01038,2026-03-30,2026-09-07,BACKWARD_RECONSTRUCTED_FROM_CURRENT_SNAPSHOT,OFFICIAL_EVENTS_PARTIAL,current_snapshot
NIFTY 500,PNB,INE160A01022,2021-09-30,2026-09-07,BACKWARD_RECONSTRUCTED_FROM_CURRENT_SNAPSHOT,OFFICIAL_EVENTS_PARTIAL,current_snapshot
NIFTY 500,PNBHOUSING,INE572E01012,2021-09-30,2026-09-07,BACKWARD_RECONSTRUCTED_FROM_CURRENT_SNAPSHOT,OFFICIAL_EVENTS_PARTIAL,current_snapshot
NIFTY 500,PNCINFRA,,2021-09-30,2025-09-29,BACKWARD_RECONSTRUCTED_FROM_CURRENT_SNAPSHOT,OFFICIAL_EVENTS_PARTIAL,https://www.niftyindices.com/Press_Release/ind_prs22082025.pdf
NIFTY 500,POLICYBZR,INE417T01026,2022-03-31,2026-09-07,BACKWARD_RECONSTRUCTED_FROM_CURRENT_SNAPSHOT,OFFICIAL_EVENTS_PARTIAL,current_snapshot
NIFTY 500,POLYCAB,INE455K01017,2021-09-30,2026-09-07,BACKWARD_RECONSTRUCTED_FROM_CURRENT_SNAPSHOT,OFFICIAL_EVENTS_PARTIAL,current_snapshot
NIFTY 500,POLYMED,INE205C01021,2021-09-30,2026-09-07,BACKWARD_RECONSTRUCTED_FROM_CURRENT_SNAPSHOT,OFFICIAL_EVENTS_PARTIAL,current_snapshot
NIFTY 500,POLYPLEX,,2021-09-30,2024-03-27,BACKWARD_RECONSTRUCTED_FROM_CURRENT_SNAPSHOT,OFFICIAL_EVENTS_PARTIAL,https://www.niftyindices.com/Press_Release/ind_prs28022024.pdf
NIFTY 500,POONAWALLA,INE511C01022,2021-09-30,2026-09-07,BACKWARD_RECONSTRUCTED_FROM_CURRENT_SNAPSHOT,OFFICIAL_EVENTS_PARTIAL,current_snapshot
NIFTY 500,POWERGRID,INE752E01010,2021-09-30,2026-09-07,BACKWARD_RECONSTRUCTED_FROM_CURRENT_SNAPSHOT,OFFICIAL_EVENTS_PARTIAL,current_snapshot
NIFTY 500,POWERINDIA,INE07Y701011,2021-09-30,2026-09-07,BACKWARD_RECONSTRUCTED_FROM_CURRENT_SNAPSHOT,OFFICIAL_EVENTS_PARTIAL,current_snapshot
NIFTY 500,PPLPHARMA,INE0DK501011,2023-02-17,2026-09-07,BACKWARD_RECONSTRUCTED_FROM_CURRENT_SNAPSHOT,OFFICIAL_EVENTS_PARTIAL,current_snapshot
NIFTY 500,PRAJIND,,2021-09-30,2026-03-29,BACKWARD_RECONSTRUCTED_FROM_CURRENT_SNAPSHOT,OFFICIAL_EVENTS_PARTIAL,https://www.niftyindices.com/Press_Release/ind_prs23022026.pdf
NIFTY 500,PREMIERENE,INE0BS701011,2025-03-28,2026-09-07,BACKWARD_RECONSTRUCTED_FROM_CURRENT_SNAPSHOT,OFFICIAL_EVENTS_PARTIAL,current_snapshot
NIFTY 500,PRESTIGE,INE811K01011,2021-09-30,2026-09-07,BACKWARD_RECONSTRUCTED_FROM_CURRENT_SNAPSHOT,OFFICIAL_EVENTS_PARTIAL,current_snapshot
NIFTY 500,PRINCEPIPE,,2021-09-30,2024-09-29,BACKWARD_RECONSTRUCTED_FROM_CURRENT_SNAPSHOT,OFFICIAL_EVENTS_PARTIAL,https://www.niftyindices.com/Press_Release/ind_prs23082024.pdf
NIFTY 500,PRIVISCL,,2022-03-31,2023-03-30,BACKWARD_RECONSTRUCTED_FROM_CURRENT_SNAPSHOT,OFFICIAL_EVENTS_PARTIAL,https://www.niftyindices.com/Press_Release/ind_prs17022023_1.pdf
NIFTY 500,PTCIL,INE596F01018,2024-09-30,2026-09-07,BACKWARD_RECONSTRUCTED_FROM_CURRENT_SNAPSHOT,OFFICIAL_EVENTS_PARTIAL,current_snapshot
NIFTY 500,PVRINOX,INE191H01014,2021-09-30,2026-09-07,BACKWARD_RECONSTRUCTED_FROM_CURRENT_SNAPSHOT,OFFICIAL_EVENTS_PARTIAL,current_snapshot
NIFTY 500,PWL,INE0LP301011,2026-03-30,2026-09-07,BACKWARD_RECONSTRUCTED_FROM_CURRENT_SNAPSHOT,OFFICIAL_EVENTS_PARTIAL,current_snapshot
NIFTY 500,QUESS,,2021-09-30,2025-04-10,BACKWARD_RECONSTRUCTED_FROM_CURRENT_SNAPSHOT,OFFICIAL_EVENTS_PARTIAL,https://www.niftyindices.com/Press_Release/ind_prs04042025_2.pdf
NIFTY 500,RADICO,INE944F01028,2021-09-30,2026-09-07,BACKWARD_RECONSTRUCTED_FROM_CURRENT_SNAPSHOT,OFFICIAL_EVENTS_PARTIAL,current_snapshot
NIFTY 500,RAILTEL,INE0DD101019,2021-09-30,2022-09-29,BACKWARD_RECONSTRUCTED_FROM_CURRENT_SNAPSHOT,OFFICIAL_EVENTS_PARTIAL,https://www.niftyindices.com/Press_Release/ind_prs01092022.pdf
NIFTY 500,RAILTEL,INE0DD101019,2024-03-28,2026-09-07,BACKWARD_RECONSTRUCTED_FROM_CURRENT_SNAPSHOT,OFFICIAL_EVENTS_PARTIAL,current_snapshot
NIFTY 500,RAIN,,2021-09-30,2024-03-27,BACKWARD_RECONSTRUCTED_FROM_CURRENT_SNAPSHOT,OFFICIAL_EVENTS_PARTIAL,https://www.niftyindices.com/Press_Release/ind_prs28022024.pdf
NIFTY 500,RAINBOW,INE961O01016,2022-12-30,2026-09-07,BACKWARD_RECONSTRUCTED_FROM_CURRENT_SNAPSHOT,OFFICIAL_EVENTS_PARTIAL,current_snapshot
NIFTY 500,RAJESHEXPO,,2021-09-30,2025-03-27,BACKWARD_RECONSTRUCTED_FROM_CURRENT_SNAPSHOT,OFFICIAL_EVENTS_PARTIAL,https://www.niftyindices.com/Press_Release/ind_prs21022025.pdf
NIFTY 500,RALLIS,,2021-09-30,2024-03-27,BACKWARD_RECONSTRUCTED_FROM_CURRENT_SNAPSHOT,OFFICIAL_EVENTS_PARTIAL,https://www.niftyindices.com/Press_Release/ind_prs28022024.pdf
NIFTY 500,RAMCOCEM,INE331A01037,2021-09-30,2026-09-07,BACKWARD_RECONSTRUCTED_FROM_CURRENT_SNAPSHOT,OFFICIAL_EVENTS_PARTIAL,current_snapshot
NIFTY 500,RATNAMANI,,2021-09-30,2025-03-27,BACKWARD_RECONSTRUCTED_FROM_CURRENT_SNAPSHOT,OFFICIAL_EVENTS_PARTIAL,https://www.niftyindices.com/Press_Release/ind_prs21022025.pdf
NIFTY 500,RAYMOND,,2022-09-30,2025-09-29,BACKWARD_RECONSTRUCTED_FROM_CURRENT_SNAPSHOT,OFFICIAL_EVENTS_PARTIAL,https://www.niftyindices.com/Press_Release/ind_prs22082025.pdf
NIFTY 500,RAYMONDLSL,,2025-03-21,2025-09-29,BACKWARD_RECONSTRUCTED_FROM_CURRENT_SNAPSHOT,OFFICIAL_EVENTS_PARTIAL,https://www.niftyindices.com/Press_Release/ind_prs22082025.pdf
NIFTY 500,RBA,,2021-09-30,2024-09-29,BACKWARD_RECONSTRUCTED_FROM_CURRENT_SNAPSHOT,OFFICIAL_EVENTS_PARTIAL,https://www.niftyindices.com/Press_Release/ind_prs23082024.pdf
NIFTY 500,RBLBANK,INE976G01028,2021-09-30,2026-09-07,BACKWARD_RECONSTRUCTED_FROM_CURRENT_SNAPSHOT,OFFICIAL_EVENTS_PARTIAL,current_snapshot
NIFTY 500,RCF,,2021-09-30,2026-03-29,BACKWARD_RECONSTRUCTED_FROM_CURRENT_SNAPSHOT,OFFICIAL_EVENTS_PARTIAL,https://www.niftyindices.com/Press_Release/ind_prs23022026.pdf
NIFTY 500,RECLTD,INE020B01018,2021-09-30,2026-09-07,BACKWARD_RECONSTRUCTED_FROM_CURRENT_SNAPSHOT,OFFICIAL_EVENTS_PARTIAL,current_snapshot
NIFTY 500,REDINGTON,INE891D01026,2021-09-30,2026-09-07,BACKWARD_RECONSTRUCTED_FROM_CURRENT_SNAPSHOT,OFFICIAL_EVENTS_PARTIAL,current_snapshot
NIFTY 500,RELAXO,,2021-09-30,2024-03-27,BACKWARD_RECONSTRUCTED_FROM_CURRENT_SNAPSHOT,OFFICIAL_EVENTS_PARTIAL,https://www.niftyindices.com/Press_Release/ind_prs28022024.pdf
NIFTY 500,RELIANCE,INE002A01018,2021-09-30,2026-09-07,BACKWARD_RECONSTRUCTED_FROM_CURRENT_SNAPSHOT,OFFICIAL_EVENTS_PARTIAL,current_snapshot
NIFTY 500,RELINFRA,,2025-09-23,2026-03-29,BACKWARD_RECONSTRUCTED_FROM_CURRENT_SNAPSHOT,OFFICIAL_EVENTS_PARTIAL,https://www.niftyindices.com/Press_Release/ind_prs23022026.pdf
NIFTY 500,RENUKA,,2022-03-31,2025-09-29,BACKWARD_RECONSTRUCTED_FROM_CURRENT_SNAPSHOT,OFFICIAL_EVENTS_PARTIAL,https://www.niftyindices.com/Press_Release/ind_prs22082025.pdf
NIFTY 500,RHIM,INE743M01012,2021-09-30,2026-09-07,BACKWARD_RECONSTRUCTED_FROM_CURRENT_SNAPSHOT,OFFICIAL_EVENTS_PARTIAL,current_snapshot
NIFTY 500,RITES,INE320J01015,2021-09-30,2026-09-07,BACKWARD_RECONSTRUCTED_FROM_CURRENT_SNAPSHOT,OFFICIAL_EVENTS_PARTIAL,current_snapshot
NIFTY 500,RKFORGE,INE399G01023,2024-03-28,2026-09-07,BACKWARD_RECONSTRUCTED_FROM_CURRENT_SNAPSHOT,OFFICIAL_EVENTS_PARTIAL,current_snapshot
NIFTY 500,ROSSARI,,2021-09-30,2024-03-27,BACKWARD_RECONSTRUCTED_FROM_CURRENT_SNAPSHOT,OFFICIAL_EVENTS_PARTIAL,https://www.niftyindices.com/Press_Release/ind_prs28022024.pdf
NIFTY 500,ROUTE,,2021-09-30,2025-09-29,BACKWARD_RECONSTRUCTED_FROM_CURRENT_SNAPSHOT,OFFICIAL_EVENTS_PARTIAL,https://www.niftyindices.com/Press_Release/ind_prs22082025.pdf
NIFTY 500,RPOWER,INE614G01033,2025-03-28,2026-09-07,BACKWARD_RECONSTRUCTED_FROM_CURRENT_SNAPSHOT,OFFICIAL_EVENTS_PARTIAL,current_snapshot
NIFTY 500,RRKABEL,INE777K01022,2024-03-28,2026-09-07,BACKWARD_RECONSTRUCTED_FROM_CURRENT_SNAPSHOT,OFFICIAL_EVENTS_PARTIAL,current_snapshot
NIFTY 500,RTNINDIA,,2022-03-31,2025-09-29,BACKWARD_RECONSTRUCTED_FROM_CURRENT_SNAPSHOT,OFFICIAL_EVENTS_PARTIAL,https://www.niftyindices.com/Press_Release/ind_prs22082025.pdf
NIFTY 500,RUSTOMJEE,,2023-03-31,2023-09-28,BACKWARD_RECONSTRUCTED_FROM_CURRENT_SNAPSHOT,OFFICIAL_EVENTS_PARTIAL,https://www.niftyindices.com/Press_Release/ind_prs17082023.pdf
NIFTY 500,RVNL,INE415G01027,2021-09-30,2026-09-07,BACKWARD_RECONSTRUCTED_FROM_CURRENT_SNAPSHOT,OFFICIAL_EVENTS_PARTIAL,current_snapshot
NIFTY 500,SAFARI,,2023-09-29,2024-09-29,BACKWARD_RECONSTRUCTED_FROM_CURRENT_SNAPSHOT,OFFICIAL_EVENTS_PARTIAL,https://www.niftyindices.com/Press_Release/ind_prs23082024.pdf
NIFTY 500,SAGILITY,INE0W2G01015,2025-03-28,2026-09-07,BACKWARD_RECONSTRUCTED_FROM_CURRENT_SNAPSHOT,OFFICIAL_EVENTS_PARTIAL,current_snapshot
NIFTY 500,SAIL,INE114A01011,2021-09-30,2026-09-07,BACKWARD_RECONSTRUCTED_FROM_CURRENT_SNAPSHOT,OFFICIAL_EVENTS_PARTIAL,current_snapshot
NIFTY 500,SAILIFE,INE570L01029,2025-03-28,2026-09-07,BACKWARD_RECONSTRUCTED_FROM_CURRENT_SNAPSHOT,OFFICIAL_EVENTS_PARTIAL,current_snapshot
NIFTY 500,SAMMAANCAP,INE148I01020,2021-09-30,2026-09-07,BACKWARD_RECONSTRUCTED_FROM_CURRENT_SNAPSHOT,OFFICIAL_EVENTS_PARTIAL,current_snapshot
NIFTY 500,SANOFI,,2021-09-30,2025-03-27,BACKWARD_RECONSTRUCTED_FROM_CURRENT_SNAPSHOT,OFFICIAL_EVENTS_PARTIAL,https://www.niftyindices.com/Press_Release/ind_prs21022025.pdf
NIFTY 500,SAPPHIRE,INE806T01020,2022-03-31,2026-09-07,BACKWARD_RECONSTRUCTED_FROM_CURRENT_SNAPSHOT,OFFICIAL_EVENTS_PARTIAL,current_snapshot
NIFTY 500,SARDAEN,INE385C01021,2025-03-28,2026-09-07,BACKWARD_RECONSTRUCTED_FROM_CURRENT_SNAPSHOT,OFFICIAL_EVENTS_PARTIAL,current_snapshot
NIFTY 500,SAREGAMA,INE979A01025,2022-03-31,2022-12-29,BACKWARD_RECONSTRUCTED_FROM_CURRENT_SNAPSHOT,OFFICIAL_EVENTS_PARTIAL,https://www.niftyindices.com/Press_Release/ind_prs22122022.pdf
NIFTY 500,SAREGAMA,INE979A01025,2023-09-29,2026-09-07,BACKWARD_RECONSTRUCTED_FROM_CURRENT_SNAPSHOT,OFFICIAL_EVENTS_PARTIAL,current_snapshot
NIFTY 500,SBFC,INE423Y01016,2024-03-28,2026-09-07,BACKWARD_RECONSTRUCTED_FROM_CURRENT_SNAPSHOT,OFFICIAL_EVENTS_PARTIAL,current_snapshot
NIFTY 500,SBICARD,INE018E01016,2021-09-30,2026-09-07,BACKWARD_RECONSTRUCTED_FROM_CURRENT_SNAPSHOT,OFFICIAL_EVENTS_PARTIAL,current_snapshot
NIFTY 500,SBILIFE,INE123W01016,2021-09-30,2026-09-07,BACKWARD_RECONSTRUCTED_FROM_CURRENT_SNAPSHOT,OFFICIAL_EVENTS_PARTIAL,current_snapshot
NIFTY 500,SBIN,INE062A01020,2021-09-30,2026-09-07,BACKWARD_RECONSTRUCTED_FROM_CURRENT_SNAPSHOT,OFFICIAL_EVENTS_PARTIAL,current_snapshot
NIFTY 500,SCHAEFFLER,INE513A01022,2021-09-30,2026-09-07,BACKWARD_RECONSTRUCTED_FROM_CURRENT_SNAPSHOT,OFFICIAL_EVENTS_PARTIAL,current_snapshot
NIFTY 500,SCHNEIDER,INE839M01018,2021-09-30,2022-03-30,BACKWARD_RECONSTRUCTED_FROM_CURRENT_SNAPSHOT,OFFICIAL_EVENTS_PARTIAL,https://www.niftyindices.com/Press_Release/ind_prs24022022_1.pdf
NIFTY 500,SCHNEIDER,INE839M01018,2024-03-28,2026-09-07,BACKWARD_RECONSTRUCTED_FROM_CURRENT_SNAPSHOT,OFFICIAL_EVENTS_PARTIAL,current_snapshot
NIFTY 500,SCI,INE109A01011,2021-09-30,2022-12-29,BACKWARD_RECONSTRUCTED_FROM_CURRENT_SNAPSHOT,OFFICIAL_EVENTS_PARTIAL,https://www.niftyindices.com/Press_Release/ind_prs06122022.pdf
NIFTY 500,SCI,INE109A01011,2024-09-30,2026-09-07,BACKWARD_RECONSTRUCTED_FROM_CURRENT_SNAPSHOT,OFFICIAL_EVENTS_PARTIAL,current_snapshot
NIFTY 500,SEQUENT,,2021-09-30,2022-09-29,BACKWARD_RECONSTRUCTED_FROM_CURRENT_SNAPSHOT,OFFICIAL_EVENTS_PARTIAL,https://www.niftyindices.com/Press_Release/ind_prs01092022.pdf
NIFTY 500,SFL,,2021-09-30,2023-03-30,BACKWARD_RECONSTRUCTED_FROM_CURRENT_SNAPSHOT,OFFICIAL_EVENTS_PARTIAL,https://www.niftyindices.com/Press_Release/ind_prs17022023_1.pdf
NIFTY 500,SFL,,2023-09-29,2024-03-27,BACKWARD_RECONSTRUCTED_FROM_CURRENT_SNAPSHOT,OFFICIAL_EVENTS_PARTIAL,https://www.niftyindices.com/Press_Release/ind_prs28022024.pdf
NIFTY 500,SHARDACROP,,2021-09-30,2022-03-30,BACKWARD_RECONSTRUCTED_FROM_CURRENT_SNAPSHOT,OFFICIAL_EVENTS_PARTIAL,https://www.niftyindices.com/Press_Release/ind_prs24022022_1.pdf
NIFTY 500,SHARDACROP,,2022-09-30,2024-03-27,BACKWARD_RECONSTRUCTED_FROM_CURRENT_SNAPSHOT,OFFICIAL_EVENTS_PARTIAL,https://www.niftyindices.com/Press_Release/ind_prs28022024.pdf
NIFTY 500,SHILPAMED,,2021-09-30,2023-03-30,BACKWARD_RECONSTRUCTED_FROM_CURRENT_SNAPSHOT,OFFICIAL_EVENTS_PARTIAL,https://www.niftyindices.com/Press_Release/ind_prs17022023_1.pdf
NIFTY 500,SHOPERSTOP,,2022-09-30,2024-03-27,BACKWARD_RECONSTRUCTED_FROM_CURRENT_SNAPSHOT,OFFICIAL_EVENTS_PARTIAL,https://www.niftyindices.com/Press_Release/ind_prs28022024.pdf
NIFTY 500,SHREECEM,INE070A01015,2021-09-30,2026-09-07,BACKWARD_RECONSTRUCTED_FROM_CURRENT_SNAPSHOT,OFFICIAL_EVENTS_PARTIAL,current_snapshot
NIFTY 500,SHRIRAMCIT,,2021-09-30,2022-08-07,BACKWARD_RECONSTRUCTED_FROM_CURRENT_SNAPSHOT,OFFICIAL_EVENTS_PARTIAL,https://www.niftyindices.com/Press_Release/ind_prs11072022.pdf
NIFTY 500,SHRIRAMFIN,INE721A01047,2021-09-30,2026-09-07,BACKWARD_RECONSTRUCTED_FROM_CURRENT_SNAPSHOT,OFFICIAL_EVENTS_PARTIAL,current_snapshot
NIFTY 500,SHYAMMETL,INE810G01011,2022-03-31,2026-09-07,BACKWARD_RECONSTRUCTED_FROM_CURRENT_SNAPSHOT,OFFICIAL_EVENTS_PARTIAL,current_snapshot
NIFTY 500,SIEMENS,INE003A01024,2021-09-30,2026-09-07,BACKWARD_RECONSTRUCTED_FROM_CURRENT_SNAPSHOT,OFFICIAL_EVENTS_PARTIAL,current_snapshot
NIFTY 500,SIGNATURE,INE903U01023,2024-03-28,2026-09-07,BACKWARD_RECONSTRUCTED_FROM_CURRENT_SNAPSHOT,OFFICIAL_EVENTS_PARTIAL,current_snapshot
NIFTY 500,SIS,,2021-09-30,2023-03-30,BACKWARD_RECONSTRUCTED_FROM_CURRENT_SNAPSHOT,OFFICIAL_EVENTS_PARTIAL,https://www.niftyindices.com/Press_Release/ind_prs17022023_1.pdf
NIFTY 500,SJVN,INE002L01015,2021-09-30,2026-09-07,BACKWARD_RECONSTRUCTED_FROM_CURRENT_SNAPSHOT,OFFICIAL_EVENTS_PARTIAL,current_snapshot
NIFTY 500,SKFINDIA,,2021-09-30,2025-12-30,BACKWARD_RECONSTRUCTED_FROM_CURRENT_SNAPSHOT,OFFICIAL_EVENTS_PARTIAL,https://www.niftyindices.com/Press_Release/ind_prs11122025.pdf
NIFTY 500,SOBHA,INE671H01015,2021-09-30,2026-09-07,BACKWARD_RECONSTRUCTED_FROM_CURRENT_SNAPSHOT,OFFICIAL_EVENTS_PARTIAL,current_snapshot
NIFTY 500,SOLARA,,2021-09-30,2022-09-29,BACKWARD_RECONSTRUCTED_FROM_CURRENT_SNAPSHOT,OFFICIAL_EVENTS_PARTIAL,https://www.niftyindices.com/Press_Release/ind_prs01092022.pdf
NIFTY 500,SOLARINDS,INE343H01029,2021-09-30,2026-09-07,BACKWARD_RECONSTRUCTED_FROM_CURRENT_SNAPSHOT,OFFICIAL_EVENTS_PARTIAL,current_snapshot
NIFTY 500,SONACOMS,INE073K01018,2021-10-29,2026-09-07,BACKWARD_RECONSTRUCTED_FROM_CURRENT_SNAPSHOT,OFFICIAL_EVENTS_PARTIAL,current_snapshot
NIFTY 500,SONATSOFTW,INE269A01021,2021-09-30,2026-09-07,BACKWARD_RECONSTRUCTED_FROM_CURRENT_SNAPSHOT,OFFICIAL_EVENTS_PARTIAL,current_snapshot
NIFTY 500,SPANDANA,,2021-09-30,2022-03-30,BACKWARD_RECONSTRUCTED_FROM_CURRENT_SNAPSHOT,OFFICIAL_EVENTS_PARTIAL,https://www.niftyindices.com/Press_Release/ind_prs24022022_1.pdf
NIFTY 500,SPARC,,2021-09-30,2025-03-27,BACKWARD_RECONSTRUCTED_FROM_CURRENT_SNAPSHOT,OFFICIAL_EVENTS_PARTIAL,https://www.niftyindices.com/Press_Release/ind_prs21022025.pdf
NIFTY 500,SPICEJET,,2021-09-30,2022-09-29,BACKWARD_RECONSTRUCTED_FROM_CURRENT_SNAPSHOT,OFFICIAL_EVENTS_PARTIAL,https://www.niftyindices.com/Press_Release/ind_prs01092022.pdf
NIFTY 500,SPLPETRO,INE663A01033,2026-03-30,2026-09-07,BACKWARD_RECONSTRUCTED_FROM_CURRENT_SNAPSHOT,OFFICIAL_EVENTS_PARTIAL,current_snapshot
NIFTY 500,SRF,INE647A01010,2021-09-30,2026-09-07,BACKWARD_RECONSTRUCTED_FROM_CURRENT_SNAPSHOT,OFFICIAL_EVENTS_PARTIAL,current_snapshot
NIFTY 500,STAR,,2021-09-30,2022-09-29,BACKWARD_RECONSTRUCTED_FROM_CURRENT_SNAPSHOT,OFFICIAL_EVENTS_PARTIAL,https://www.niftyindices.com/Press_Release/ind_prs01092022.pdf
NIFTY 500,STARCEMENT,,2021-09-30,2022-03-30,BACKWARD_RECONSTRUCTED_FROM_CURRENT_SNAPSHOT,OFFICIAL_EVENTS_PARTIAL,https://www.niftyindices.com/Press_Release/ind_prs24022022_1.pdf
NIFTY 500,STARHEALTH,INE575P01011,2022-03-31,2026-09-07,BACKWARD_RECONSTRUCTED_FROM_CURRENT_SNAPSHOT,OFFICIAL_EVENTS_PARTIAL,current_snapshot
NIFTY 500,STLTECH,,2021-09-30,2024-09-29,BACKWARD_RECONSTRUCTED_FROM_CURRENT_SNAPSHOT,OFFICIAL_EVENTS_PARTIAL,https://www.niftyindices.com/Press_Release/ind_prs23082024.pdf
NIFTY 500,SUDARSCHEM,,2021-09-30,2023-03-30,BACKWARD_RECONSTRUCTED_FROM_CURRENT_SNAPSHOT,OFFICIAL_EVENTS_PARTIAL,https://www.niftyindices.com/Press_Release/ind_prs17022023_1.pdf
NIFTY 500,SUMICHEM,INE258G01013,2021-09-30,2026-09-07,BACKWARD_RECONSTRUCTED_FROM_CURRENT_SNAPSHOT,OFFICIAL_EVENTS_PARTIAL,current_snapshot
NIFTY 500,SUNDARMFIN,INE660A01013,2021-09-30,2026-09-07,BACKWARD_RECONSTRUCTED_FROM_CURRENT_SNAPSHOT,OFFICIAL_EVENTS_PARTIAL,current_snapshot
NIFTY 500,SUNDRMFAST,,2021-09-30,2025-03-27,BACKWARD_RECONSTRUCTED_FROM_CURRENT_SNAPSHOT,OFFICIAL_EVENTS_PARTIAL,https://www.niftyindices.com/Press_Release/ind_prs21022025.pdf
NIFTY 500,SUNDRMFAST,,2025-04-11,2026-03-29,BACKWARD_RECONSTRUCTED_FROM_CURRENT_SNAPSHOT,OFFICIAL_EVENTS_PARTIAL,https://www.niftyindices.com/Press_Release/ind_prs23022026.pdf
NIFTY 500,SUNPHARMA,INE044A01036,2021-09-30,2026-09-07,BACKWARD_RECONSTRUCTED_FROM_CURRENT_SNAPSHOT,OFFICIAL_EVENTS_PARTIAL,current_snapshot
NIFTY 500,SUNTECK,,2021-09-30,2024-09-29,BACKWARD_RECONSTRUCTED_FROM_CURRENT_SNAPSHOT,OFFICIAL_EVENTS_PARTIAL,https://www.niftyindices.com/Press_Release/ind_prs23082024.pdf
NIFTY 500,SUNTV,INE424H01027,2021-09-30,2026-09-07,BACKWARD_RECONSTRUCTED_FROM_CURRENT_SNAPSHOT,OFFICIAL_EVENTS_PARTIAL,current_snapshot
NIFTY 500,SUPPETRO,,2021-09-30,2022-04-06,BACKWARD_RECONSTRUCTED_FROM_CURRENT_SNAPSHOT,OFFICIAL_EVENTS_PARTIAL,https://www.niftyindices.com/Press_Release/ind_prs06042022.pdf
NIFTY 500,SUPRAJIT,,2021-09-30,2024-03-27,BACKWARD_RECONSTRUCTED_FROM_CURRENT_SNAPSHOT,OFFICIAL_EVENTS_PARTIAL,https://www.niftyindices.com/Press_Release/ind_prs28022024.pdf
NIFTY 500,SUPREMEIND,INE195A01028,2021-09-30,2026-09-07,BACKWARD_RECONSTRUCTED_FROM_CURRENT_SNAPSHOT,OFFICIAL_EVENTS_PARTIAL,current_snapshot
NIFTY 500,SUZLON,INE040H01021,2021-09-30,2026-09-07,BACKWARD_RECONSTRUCTED_FROM_CURRENT_SNAPSHOT,OFFICIAL_EVENTS_PARTIAL,current_snapshot
NIFTY 500,SWANCORP,INE665A01038,2022-09-30,2026-09-07,BACKWARD_RECONSTRUCTED_FROM_CURRENT_SNAPSHOT,OFFICIAL_EVENTS_PARTIAL,current_snapshot
NIFTY 500,SWIGGY,INE00H001014,2025-03-28,2026-09-07,BACKWARD_RECONSTRUCTED_FROM_CURRENT_SNAPSHOT,OFFICIAL_EVENTS_PARTIAL,current_snapshot
NIFTY 500,SWSOLAR,,2021-09-30,2025-09-29,BACKWARD_RECONSTRUCTED_FROM_CURRENT_SNAPSHOT,OFFICIAL_EVENTS_PARTIAL,https://www.niftyindices.com/Press_Release/ind_prs22082025.pdf
NIFTY 500,SYMPHONY,,2021-09-30,2023-03-30,BACKWARD_RECONSTRUCTED_FROM_CURRENT_SNAPSHOT,OFFICIAL_EVENTS_PARTIAL,https://www.niftyindices.com/Press_Release/ind_prs17022023_1.pdf
NIFTY 500,SYMPHONY,,2023-09-29,2024-03-27,BACKWARD_RECONSTRUCTED_FROM_CURRENT_SNAPSHOT,OFFICIAL_EVENTS_PARTIAL,https://www.niftyindices.com/Press_Release/ind_prs28022024.pdf
NIFTY 500,SYNGENE,INE398R01022,2021-09-30,2026-09-07,BACKWARD_RECONSTRUCTED_FROM_CURRENT_SNAPSHOT,OFFICIAL_EVENTS_PARTIAL,current_snapshot
NIFTY 500,SYRMA,INE0DYJ01015,2023-09-29,2026-09-07,BACKWARD_RECONSTRUCTED_FROM_CURRENT_SNAPSHOT,OFFICIAL_EVENTS_PARTIAL,current_snapshot
NIFTY 500,TANLA,,2021-09-30,2025-09-29,BACKWARD_RECONSTRUCTED_FROM_CURRENT_SNAPSHOT,OFFICIAL_EVENTS_PARTIAL,https://www.niftyindices.com/Press_Release/ind_prs22082025.pdf
NIFTY 500,TARIL,INE763I01026,2025-03-28,2026-09-07,BACKWARD_RECONSTRUCTED_FROM_CURRENT_SNAPSHOT,OFFICIAL_EVENTS_PARTIAL,current_snapshot
NIFTY 500,TASTYBITE,,2021-09-30,2022-03-30,BACKWARD_RECONSTRUCTED_FROM_CURRENT_SNAPSHOT,OFFICIAL_EVENTS_PARTIAL,https://www.niftyindices.com/Press_Release/ind_prs24022022_1.pdf
NIFTY 500,TATACAP,INE976I01016,2026-03-30,2026-09-07,BACKWARD_RECONSTRUCTED_FROM_CURRENT_SNAPSHOT,OFFICIAL_EVENTS_PARTIAL,current_snapshot
NIFTY 500,TATACHEM,INE092A01019,2021-09-30,2026-09-07,BACKWARD_RECONSTRUCTED_FROM_CURRENT_SNAPSHOT,OFFICIAL_EVENTS_PARTIAL,current_snapshot
NIFTY 500,TATACOFFEE,,2021-09-30,2023-03-30,BACKWARD_RECONSTRUCTED_FROM_CURRENT_SNAPSHOT,OFFICIAL_EVENTS_PARTIAL,https://www.niftyindices.com/Press_Release/ind_prs17022023_1.pdf
NIFTY 500,TATACOMM,INE151A01013,2021-09-30,2026-09-07,BACKWARD_RECONSTRUCTED_FROM_CURRENT_SNAPSHOT,OFFICIAL_EVENTS_PARTIAL,current_snapshot
NIFTY 500,TATACONSUM,INE192A01025,2021-09-30,2026-09-07,BACKWARD_RECONSTRUCTED_FROM_CURRENT_SNAPSHOT,OFFICIAL_EVENTS_PARTIAL,current_snapshot
NIFTY 500,TATAELXSI,INE670A01012,2021-09-30,2026-09-07,BACKWARD_RECONSTRUCTED_FROM_CURRENT_SNAPSHOT,OFFICIAL_EVENTS_PARTIAL,current_snapshot
NIFTY 500,TATAINVEST,INE672A01026,2022-03-31,2026-09-07,BACKWARD_RECONSTRUCTED_FROM_CURRENT_SNAPSHOT,OFFICIAL_EVENTS_PARTIAL,current_snapshot
NIFTY 500,TATAPOWER,INE245A01021,2021-09-30,2026-09-07,BACKWARD_RECONSTRUCTED_FROM_CURRENT_SNAPSHOT,OFFICIAL_EVENTS_PARTIAL,current_snapshot
NIFTY 500,TATASTEEL,INE081A01020,2021-09-30,2026-09-07,BACKWARD_RECONSTRUCTED_FROM_CURRENT_SNAPSHOT,OFFICIAL_EVENTS_PARTIAL,current_snapshot
NIFTY 500,TATASTLLP,,2021-09-30,2022-09-29,BACKWARD_RECONSTRUCTED_FROM_CURRENT_SNAPSHOT,OFFICIAL_EVENTS_PARTIAL,https://www.niftyindices.com/Press_Release/ind_prs01092022.pdf
NIFTY 500,TATATECH,INE142M01025,2024-03-28,2026-09-07,BACKWARD_RECONSTRUCTED_FROM_CURRENT_SNAPSHOT,OFFICIAL_EVENTS_PARTIAL,current_snapshot
NIFTY 500,TBOTEK,INE673O01025,2024-09-30,2026-09-07,BACKWARD_RECONSTRUCTED_FROM_CURRENT_SNAPSHOT,OFFICIAL_EVENTS_PARTIAL,current_snapshot
NIFTY 500,TCI,,2022-09-30,2023-09-28,BACKWARD_RECONSTRUCTED_FROM_CURRENT_SNAPSHOT,OFFICIAL_EVENTS_PARTIAL,https://www.niftyindices.com/Press_Release/ind_prs17082023.pdf
NIFTY 500,TCIEXP,,2021-09-30,2023-09-28,BACKWARD_RECONSTRUCTED_FROM_CURRENT_SNAPSHOT,OFFICIAL_EVENTS_PARTIAL,https://www.niftyindices.com/Press_Release/ind_prs17082023.pdf
NIFTY 500,TCNSBRANDS,,2021-09-30,2023-09-28,BACKWARD_RECONSTRUCTED_FROM_CURRENT_SNAPSHOT,OFFICIAL_EVENTS_PARTIAL,https://www.niftyindices.com/Press_Release/ind_prs17082023.pdf
NIFTY 500,TCS,INE467B01029,2021-09-30,2026-09-07,BACKWARD_RECONSTRUCTED_FROM_CURRENT_SNAPSHOT,OFFICIAL_EVENTS_PARTIAL,current_snapshot
NIFTY 500,TEAMLEASE,,2021-09-30,2024-03-27,BACKWARD_RECONSTRUCTED_FROM_CURRENT_SNAPSHOT,OFFICIAL_EVENTS_PARTIAL,https://www.niftyindices.com/Press_Release/ind_prs28022024.pdf
NIFTY 500,TECHM,INE669C01036,2021-09-30,2026-09-07,BACKWARD_RECONSTRUCTED_FROM_CURRENT_SNAPSHOT,OFFICIAL_EVENTS_PARTIAL,current_snapshot
NIFTY 500,TECHNOE,INE285K01026,2024-09-30,2026-09-07,BACKWARD_RECONSTRUCTED_FROM_CURRENT_SNAPSHOT,OFFICIAL_EVENTS_PARTIAL,current_snapshot
NIFTY 500,TEGA,INE011K01018,2026-03-30,2026-09-07,BACKWARD_RECONSTRUCTED_FROM_CURRENT_SNAPSHOT,OFFICIAL_EVENTS_PARTIAL,current_snapshot
NIFTY 500,TEJASNET,INE010J01012,2022-09-30,2026-09-07,BACKWARD_RECONSTRUCTED_FROM_CURRENT_SNAPSHOT,OFFICIAL_EVENTS_PARTIAL,current_snapshot
NIFTY 500,TENNIND,INE19RI01016,2026-03-30,2026-09-07,BACKWARD_RECONSTRUCTED_FROM_CURRENT_SNAPSHOT,OFFICIAL_EVENTS_PARTIAL,current_snapshot
NIFTY 500,THELEELA,INE0AQ201015,2025-09-30,2026-09-07,BACKWARD_RECONSTRUCTED_FROM_CURRENT_SNAPSHOT,OFFICIAL_EVENTS_PARTIAL,current_snapshot
NIFTY 500,THERMAX,INE152A01029,2021-09-30,2026-09-07,BACKWARD_RECONSTRUCTED_FROM_CURRENT_SNAPSHOT,OFFICIAL_EVENTS_PARTIAL,current_snapshot
NIFTY 500,THYROCARE,,2021-09-30,2023-03-30,BACKWARD_RECONSTRUCTED_FROM_CURRENT_SNAPSHOT,OFFICIAL_EVENTS_PARTIAL,https://www.niftyindices.com/Press_Release/ind_prs17022023_1.pdf
NIFTY 500,TIINDIA,INE974X01010,2021-09-30,2026-09-07,BACKWARD_RECONSTRUCTED_FROM_CURRENT_SNAPSHOT,OFFICIAL_EVENTS_PARTIAL,current_snapshot
NIFTY 500,TIMKEN,INE325A01013,2021-09-30,2026-09-07,BACKWARD_RECONSTRUCTED_FROM_CURRENT_SNAPSHOT,OFFICIAL_EVENTS_PARTIAL,current_snapshot
NIFTY 500,TITAGARH,INE615H01020,2024-03-28,2026-09-07,BACKWARD_RECONSTRUCTED_FROM_CURRENT_SNAPSHOT,OFFICIAL_EVENTS_PARTIAL,current_snapshot
NIFTY 500,TITAN,INE280A01028,2021-09-30,2026-09-07,BACKWARD_RECONSTRUCTED_FROM_CURRENT_SNAPSHOT,OFFICIAL_EVENTS_PARTIAL,current_snapshot
NIFTY 500,TMB,,2023-03-31,2023-09-28,BACKWARD_RECONSTRUCTED_FROM_CURRENT_SNAPSHOT,OFFICIAL_EVENTS_PARTIAL,https://www.niftyindices.com/Press_Release/ind_prs17082023.pdf
NIFTY 500,TMB,,2024-03-28,2024-09-29,BACKWARD_RECONSTRUCTED_FROM_CURRENT_SNAPSHOT,OFFICIAL_EVENTS_PARTIAL,https://www.niftyindices.com/Press_Release/ind_prs23082024.pdf
NIFTY 500,TMCV,INE1TAE01010,2026-03-30,2026-09-07,BACKWARD_RECONSTRUCTED_FROM_CURRENT_SNAPSHOT,OFFICIAL_EVENTS_PARTIAL,current_snapshot
NIFTY 500,TMPV,INE155A01022,2021-09-30,2026-09-07,BACKWARD_RECONSTRUCTED_FROM_CURRENT_SNAPSHOT,OFFICIAL_EVENTS_PARTIAL,current_snapshot
NIFTY 500,TORNTPHARM,INE685A01028,2021-09-30,2026-09-07,BACKWARD_RECONSTRUCTED_FROM_CURRENT_SNAPSHOT,OFFICIAL_EVENTS_PARTIAL,current_snapshot
NIFTY 500,TORNTPOWER,INE813H01021,2021-09-30,2026-09-07,BACKWARD_RECONSTRUCTED_FROM_CURRENT_SNAPSHOT,OFFICIAL_EVENTS_PARTIAL,current_snapshot
NIFTY 500,TRAVELFOOD,INE103V01028,2026-03-30,2026-09-07,BACKWARD_RECONSTRUCTED_FROM_CURRENT_SNAPSHOT,OFFICIAL_EVENTS_PARTIAL,current_snapshot
NIFTY 500,TRENT,INE849A01020,2021-09-30,2026-09-07,BACKWARD_RECONSTRUCTED_FROM_CURRENT_SNAPSHOT,OFFICIAL_EVENTS_PARTIAL,current_snapshot
NIFTY 500,TRIDENT,INE064C01022,2021-09-30,2026-09-07,BACKWARD_RECONSTRUCTED_FROM_CURRENT_SNAPSHOT,OFFICIAL_EVENTS_PARTIAL,current_snapshot
NIFTY 500,TRITURBINE,INE152M01016,2021-09-30,2026-09-07,BACKWARD_RECONSTRUCTED_FROM_CURRENT_SNAPSHOT,OFFICIAL_EVENTS_PARTIAL,current_snapshot
NIFTY 500,TRIVENI,,2022-05-31,2026-03-29,BACKWARD_RECONSTRUCTED_FROM_CURRENT_SNAPSHOT,OFFICIAL_EVENTS_PARTIAL,https://www.niftyindices.com/Press_Release/ind_prs23022026.pdf
NIFTY 500,TTKPRESTIG,,2021-09-30,2024-03-27,BACKWARD_RECONSTRUCTED_FROM_CURRENT_SNAPSHOT,OFFICIAL_EVENTS_PARTIAL,https://www.niftyindices.com/Press_Release/ind_prs28022024.pdf
NIFTY 500,TTML,INE517B01013,2021-09-30,2026-09-07,BACKWARD_RECONSTRUCTED_FROM_CURRENT_SNAPSHOT,OFFICIAL_EVENTS_PARTIAL,current_snapshot
NIFTY 500,TV18BRDCST,,2021-09-30,2024-10-15,BACKWARD_RECONSTRUCTED_FROM_CURRENT_SNAPSHOT,OFFICIAL_EVENTS_PARTIAL,https://www.niftyindices.com/Press_Release/ind_prs10102024.pdf
NIFTY 500,TVSMOTOR,INE494B01023,2021-09-30,2026-09-07,BACKWARD_RECONSTRUCTED_FROM_CURRENT_SNAPSHOT,OFFICIAL_EVENTS_PARTIAL,current_snapshot
NIFTY 500,TVSSCS,,2024-03-28,2025-03-27,BACKWARD_RECONSTRUCTED_FROM_CURRENT_SNAPSHOT,OFFICIAL_EVENTS_PARTIAL,https://www.niftyindices.com/Press_Release/ind_prs21022025.pdf
NIFTY 500,UBL,INE686F01025,2021-09-30,2026-09-07,BACKWARD_RECONSTRUCTED_FROM_CURRENT_SNAPSHOT,OFFICIAL_EVENTS_PARTIAL,current_snapshot
NIFTY 500,UCOBANK,INE691A01018,2021-09-30,2022-09-29,BACKWARD_RECONSTRUCTED_FROM_CURRENT_SNAPSHOT,OFFICIAL_EVENTS_PARTIAL,https://www.niftyindices.com/Press_Release/ind_prs01092022.pdf
NIFTY 500,UCOBANK,INE691A01018,2022-12-30,2026-09-07,BACKWARD_RECONSTRUCTED_FROM_CURRENT_SNAPSHOT,OFFICIAL_EVENTS_PARTIAL,current_snapshot
NIFTY 500,UFLEX,,2021-09-30,2023-09-28,BACKWARD_RECONSTRUCTED_FROM_CURRENT_SNAPSHOT,OFFICIAL_EVENTS_PARTIAL,https://www.niftyindices.com/Press_Release/ind_prs17082023.pdf
NIFTY 500,UJJIVAN,,2021-09-30,2022-03-30,BACKWARD_RECONSTRUCTED_FROM_CURRENT_SNAPSHOT,OFFICIAL_EVENTS_PARTIAL,https://www.niftyindices.com/Press_Release/ind_prs24022022_1.pdf
NIFTY 500,UJJIVANSFB,,2021-09-30,2022-03-30,BACKWARD_RECONSTRUCTED_FROM_CURRENT_SNAPSHOT,OFFICIAL_EVENTS_PARTIAL,https://www.niftyindices.com/Press_Release/ind_prs24022022_1.pdf
NIFTY 500,UJJIVANSFB,,2023-09-29,2025-03-27,BACKWARD_RECONSTRUCTED_FROM_CURRENT_SNAPSHOT,OFFICIAL_EVENTS_PARTIAL,https://www.niftyindices.com/Press_Release/ind_prs21022025.pdf
NIFTY 500,ULTRACEMCO,INE481G01011,2021-09-30,2026-09-07,BACKWARD_RECONSTRUCTED_FROM_CURRENT_SNAPSHOT,OFFICIAL_EVENTS_PARTIAL,current_snapshot
NIFTY 500,UNIONBANK,INE692A01016,2021-09-30,2026-09-07,BACKWARD_RECONSTRUCTED_FROM_CURRENT_SNAPSHOT,OFFICIAL_EVENTS_PARTIAL,current_snapshot
NIFTY 500,UNITDSPR,INE854D01024,2021-09-30,2026-09-07,BACKWARD_RECONSTRUCTED_FROM_CURRENT_SNAPSHOT,OFFICIAL_EVENTS_PARTIAL,current_snapshot
NIFTY 500,UNOMINDA,INE405E01023,2021-09-30,2026-09-07,BACKWARD_RECONSTRUCTED_FROM_CURRENT_SNAPSHOT,OFFICIAL_EVENTS_PARTIAL,current_snapshot
NIFTY 500,UPL,INE628A01036,2021-09-30,2026-09-07,BACKWARD_RECONSTRUCTED_FROM_CURRENT_SNAPSHOT,OFFICIAL_EVENTS_PARTIAL,current_snapshot
NIFTY 500,URBANCO,INE0CAZ01013,2026-03-30,2026-09-07,BACKWARD_RECONSTRUCTED_FROM_CURRENT_SNAPSHOT,OFFICIAL_EVENTS_PARTIAL,current_snapshot
NIFTY 500,USHAMART,INE228A01035,2023-09-29,2026-09-07,BACKWARD_RECONSTRUCTED_FROM_CURRENT_SNAPSHOT,OFFICIAL_EVENTS_PARTIAL,current_snapshot
NIFTY 500,UTIAMC,INE094J01016,2021-09-30,2026-09-07,BACKWARD_RECONSTRUCTED_FROM_CURRENT_SNAPSHOT,OFFICIAL_EVENTS_PARTIAL,current_snapshot
NIFTY 500,VAIBHAVGBL,,2021-09-30,2024-09-29,BACKWARD_RECONSTRUCTED_FROM_CURRENT_SNAPSHOT,OFFICIAL_EVENTS_PARTIAL,https://www.niftyindices.com/Press_Release/ind_prs23082024.pdf
NIFTY 500,VAKRANGEE,,2021-09-30,2022-09-29,BACKWARD_RECONSTRUCTED_FROM_CURRENT_SNAPSHOT,OFFICIAL_EVENTS_PARTIAL,https://www.niftyindices.com/Press_Release/ind_prs01092022.pdf
NIFTY 500,VALIANTORG,,2021-09-30,2022-03-30,BACKWARD_RECONSTRUCTED_FROM_CURRENT_SNAPSHOT,OFFICIAL_EVENTS_PARTIAL,https://www.niftyindices.com/Press_Release/ind_prs24022022_1.pdf
NIFTY 500,VARROC,,2021-09-30,2025-03-27,BACKWARD_RECONSTRUCTED_FROM_CURRENT_SNAPSHOT,OFFICIAL_EVENTS_PARTIAL,https://www.niftyindices.com/Press_Release/ind_prs21022025.pdf
NIFTY 500,VBL,INE200M01039,2021-09-30,2026-09-07,BACKWARD_RECONSTRUCTED_FROM_CURRENT_SNAPSHOT,OFFICIAL_EVENTS_PARTIAL,current_snapshot
NIFTY 500,VEDL,INE205A01025,2021-09-30,2026-09-07,BACKWARD_RECONSTRUCTED_FROM_CURRENT_SNAPSHOT,OFFICIAL_EVENTS_PARTIAL,current_snapshot
NIFTY 500,VENKEYS,,2021-09-30,2022-09-29,BACKWARD_RECONSTRUCTED_FROM_CURRENT_SNAPSHOT,OFFICIAL_EVENTS_PARTIAL,https://www.niftyindices.com/Press_Release/ind_prs01092022.pdf
NIFTY 500,VENTIVE,,2025-09-30,2026-03-29,BACKWARD_RECONSTRUCTED_FROM_CURRENT_SNAPSHOT,OFFICIAL_EVENTS_PARTIAL,https://www.niftyindices.com/Press_Release/ind_prs23022026.pdf
NIFTY 500,VGUARD,,2021-09-30,2024-03-27,BACKWARD_RECONSTRUCTED_FROM_CURRENT_SNAPSHOT,OFFICIAL_EVENTS_PARTIAL,https://www.niftyindices.com/Press_Release/ind_prs28022024.pdf
NIFTY 500,VGUARD,,2024-03-28,2026-03-29,BACKWARD_RECONSTRUCTED_FROM_CURRENT_SNAPSHOT,OFFICIAL_EVENTS_PARTIAL,https://www.niftyindices.com/Press_Release/ind_prs23022026.pdf
NIFTY 500,VIJAYA,INE043W01024,2022-03-31,2026-09-07,BACKWARD_RECONSTRUCTED_FROM_CURRENT_SNAPSHOT,OFFICIAL_EVENTS_PARTIAL,current_snapshot
NIFTY 500,VINATIORGA,,2021-09-30,2024-03-27,BACKWARD_RECONSTRUCTED_FROM_CURRENT_SNAPSHOT,OFFICIAL_EVENTS_PARTIAL,https://www.niftyindices.com/Press_Release/ind_prs28022024.pdf
NIFTY 500,VINATIORGA,,2024-09-30,2025-03-27,BACKWARD_RECONSTRUCTED_FROM_CURRENT_SNAPSHOT,OFFICIAL_EVENTS_PARTIAL,https://www.niftyindices.com/Press_Release/ind_prs21022025.pdf
NIFTY 500,VIPIND,,2021-09-30,2025-03-27,BACKWARD_RECONSTRUCTED_FROM_CURRENT_SNAPSHOT,OFFICIAL_EVENTS_PARTIAL,https://www.niftyindices.com/Press_Release/ind_prs21022025.pdf
NIFTY 500,VMART,,2021-09-30,2024-03-27,BACKWARD_RECONSTRUCTED_FROM_CURRENT_SNAPSHOT,OFFICIAL_EVENTS_PARTIAL,https://www.niftyindices.com/Press_Release/ind_prs28022024.pdf
NIFTY 500,VMM,INE01EA01019,2025-03-28,2026-09-07,BACKWARD_RECONSTRUCTED_FROM_CURRENT_SNAPSHOT,OFFICIAL_EVENTS_PARTIAL,current_snapshot
NIFTY 500,VOLTAS,INE226A01021,2021-09-30,2026-09-07,BACKWARD_RECONSTRUCTED_FROM_CURRENT_SNAPSHOT,OFFICIAL_EVENTS_PARTIAL,current_snapshot
NIFTY 500,VTL,INE825A01020,2021-09-30,2026-09-07,BACKWARD_RECONSTRUCTED_FROM_CURRENT_SNAPSHOT,OFFICIAL_EVENTS_PARTIAL,current_snapshot
NIFTY 500,WAAREEENER,INE377N01017,2025-03-28,2026-09-07,BACKWARD_RECONSTRUCTED_FROM_CURRENT_SNAPSHOT,OFFICIAL_EVENTS_PARTIAL,current_snapshot
NIFTY 500,WELCORP,INE191B01025,2021-09-30,2026-09-07,BACKWARD_RECONSTRUCTED_FROM_CURRENT_SNAPSHOT,OFFICIAL_EVENTS_PARTIAL,current_snapshot
NIFTY 500,WELSPUNLIV,INE192B01031,2021-09-30,2026-09-07,BACKWARD_RECONSTRUCTED_FROM_CURRENT_SNAPSHOT,OFFICIAL_EVENTS_PARTIAL,current_snapshot
NIFTY 500,WESTLIFE,,2021-09-30,2025-09-29,BACKWARD_RECONSTRUCTED_FROM_CURRENT_SNAPSHOT,OFFICIAL_EVENTS_PARTIAL,https://www.niftyindices.com/Press_Release/ind_prs22082025.pdf
NIFTY 500,WHIRLPOOL,INE716A01013,2021-09-30,2026-09-07,BACKWARD_RECONSTRUCTED_FROM_CURRENT_SNAPSHOT,OFFICIAL_EVENTS_PARTIAL,current_snapshot
NIFTY 500,WIPRO,INE075A01022,2021-09-30,2026-09-07,BACKWARD_RECONSTRUCTED_FROM_CURRENT_SNAPSHOT,OFFICIAL_EVENTS_PARTIAL,current_snapshot
NIFTY 500,WOCKPHARMA,INE049B01025,2021-09-30,2023-03-30,BACKWARD_RECONSTRUCTED_FROM_CURRENT_SNAPSHOT,OFFICIAL_EVENTS_PARTIAL,https://www.niftyindices.com/Press_Release/ind_prs17022023_1.pdf
NIFTY 500,WOCKPHARMA,INE049B01025,2025-03-28,2026-09-07,BACKWARD_RECONSTRUCTED_FROM_CURRENT_SNAPSHOT,OFFICIAL_EVENTS_PARTIAL,current_snapshot
NIFTY 500,YESBANK,INE528G01035,2021-09-30,2026-09-07,BACKWARD_RECONSTRUCTED_FROM_CURRENT_SNAPSHOT,OFFICIAL_EVENTS_PARTIAL,current_snapshot
NIFTY 500,ZEEL,INE256A01028,2021-09-30,2026-09-07,BACKWARD_RECONSTRUCTED_FROM_CURRENT_SNAPSHOT,OFFICIAL_EVENTS_PARTIAL,current_snapshot
NIFTY 500,ZENSARTECH,INE520A01027,2021-09-30,2026-09-07,BACKWARD_RECONSTRUCTED_FROM_CURRENT_SNAPSHOT,OFFICIAL_EVENTS_PARTIAL,current_snapshot
NIFTY 500,ZENTEC,INE251B01027,2025-03-28,2026-09-07,BACKWARD_RECONSTRUCTED_FROM_CURRENT_SNAPSHOT,OFFICIAL_EVENTS_PARTIAL,current_snapshot
NIFTY 500,ZFCVINDIA,INE342J01019,2021-09-30,2026-09-07,BACKWARD_RECONSTRUCTED_FROM_CURRENT_SNAPSHOT,OFFICIAL_EVENTS_PARTIAL,current_snapshot
NIFTY 500,ZYDUSLIFE,INE010B01027,2021-09-30,2026-09-07,BACKWARD_RECONSTRUCTED_FROM_CURRENT_SNAPSHOT,OFFICIAL_EVENTS_PARTIAL,current_snapshot
NIFTY 500,ZYDUSWELL,INE768C01028,2021-09-30,2024-03-27,BACKWARD_RECONSTRUCTED_FROM_CURRENT_SNAPSHOT,OFFICIAL_EVENTS_PARTIAL,https://www.niftyindices.com/Press_Release/ind_prs28022024.pdf
NIFTY 500,ZYDUSWELL,INE768C01028,2026-03-30,2026-09-07,BACKWARD_RECONSTRUCTED_FROM_CURRENT_SNAPSHOT,OFFICIAL_EVENTS_PARTIAL,current_snapshot
