trading_date,benchmark_id,index_name,open,high,low,close,source,source_reference,source_date,methodology,benchmark_context_version
2021-09-07,NIFTY_50,NIFTY 50,17401.55,17436.5,17287,17362.1,NSE_OFFICIAL_HISTORICAL_OR_INDICES_HISTORY,https://www.nseindia.com/reports-indices-historical-index-data#NIFTY_50_2021-09-07_2021-12-05.json,2021-09-06,OFFICIAL_NSE_INDEX_CLOSE_NO_FORWARD_FILL,BENCHMARK_CONTEXT_V1
2021-09-08,NIFTY_50,NIFTY 50,17375.75,17383.4,17254.2,17353.5,NSE_OFFICIAL_HISTORICAL_OR_INDICES_HISTORY,https://www.nseindia.com/reports-indices-historical-index-data#NIFTY_50_2021-09-07_2021-12-05.json,2021-09-07,OFFICIAL_NSE_INDEX_CLOSE_NO_FORWARD_FILL,BENCHMARK_CONTEXT_V1
2021-09-09,NIFTY_50,NIFTY 50,17312.85,17379.65,17302.7,17369.25,NSE_OFFICIAL_HISTORICAL_OR_INDICES_HISTORY,https://www.nseindia.com/reports-indices-historical-index-data#NIFTY_50_2021-09-07_2021-12-05.json,2021-09-08,OFFICIAL_NSE_INDEX_CLOSE_NO_FORWARD_FILL,BENCHMARK_CONTEXT_V1
2021-09-13,NIFTY_50,NIFTY 50,17363.55,17378.35,17269.15,17355.3,NSE_OFFICIAL_HISTORICAL_OR_INDICES_HISTORY,https://www.nseindia.com/reports-indices-historical-index-data#NIFTY_50_2021-09-07_2021-12-05.json,2021-09-12,OFFICIAL_NSE_INDEX_CLOSE_NO_FORWARD_FILL,BENCHMARK_CONTEXT_V1
2021-09-14,NIFTY_50,NIFTY 50,17420.35,17438.55,17367.05,17380,NSE_OFFICIAL_HISTORICAL_OR_INDICES_HISTORY,https://www.nseindia.com/reports-indices-historical-index-data#NIFTY_50_2021-09-07_2021-12-05.json,2021-09-13,OFFICIAL_NSE_INDEX_CLOSE_NO_FORWARD_FILL,BENCHMARK_CONTEXT_V1
2021-09-15,NIFTY_50,NIFTY 50,17387.65,17532.7,17386.9,17519.45,NSE_OFFICIAL_HISTORICAL_OR_INDICES_HISTORY,https://www.nseindia.com/reports-indices-historical-index-data#NIFTY_50_2021-09-07_2021-12-05.json,2021-09-14,OFFICIAL_NSE_INDEX_CLOSE_NO_FORWARD_FILL,BENCHMARK_CONTEXT_V1
2021-09-16,NIFTY_50,NIFTY 50,17539.2,17644.6,17510.45,17629.5,NSE_OFFICIAL_HISTORICAL_OR_INDICES_HISTORY,https://www.nseindia.com/reports-indices-historical-index-data#NIFTY_50_2021-09-07_2021-12-05.json,2021-09-15,OFFICIAL_NSE_INDEX_CLOSE_NO_FORWARD_FILL,BENCHMARK_CONTEXT_V1
2021-09-17,NIFTY_50,NIFTY 50,17709.65,17792.95,17537.65,17585.15,NSE_OFFICIAL_HISTORICAL_OR_INDICES_HISTORY,https://www.nseindia.com/reports-indices-historical-index-data#NIFTY_50_2021-09-07_2021-12-05.json,2021-09-16,OFFICIAL_NSE_INDEX_CLOSE_NO_FORWARD_FILL,BENCHMARK_CONTEXT_V1
2021-09-20,NIFTY_50,NIFTY 50,17443.85,17622.75,17361.8,17396.9,NSE_OFFICIAL_HISTORICAL_OR_INDICES_HISTORY,https://www.nseindia.com/reports-indices-historical-index-data#NIFTY_50_2021-09-07_2021-12-05.json,2021-09-19,OFFICIAL_NSE_INDEX_CLOSE_NO_FORWARD_FILL,BENCHMARK_CONTEXT_V1
2021-09-21,NIFTY_50,NIFTY 50,17450.5,17578.35,17326.1,17562,NSE_OFFICIAL_HISTORICAL_OR_INDICES_HISTORY,https://www.nseindia.com/reports-indices-historical-index-data#NIFTY_50_2021-09-07_2021-12-05.json,2021-09-20,OFFICIAL_NSE_INDEX_CLOSE_NO_FORWARD_FILL,BENCHMARK_CONTEXT_V1
2021-09-22,NIFTY_50,NIFTY 50,17580.9,17610.45,17524,17546.65,NSE_OFFICIAL_HISTORICAL_OR_INDICES_HISTORY,https://www.nseindia.com/reports-indices-historical-index-data#NIFTY_50_2021-09-07_2021-12-05.json,2021-09-21,OFFICIAL_NSE_INDEX_CLOSE_NO_FORWARD_FILL,BENCHMARK_CONTEXT_V1
2021-09-23,NIFTY_50,NIFTY 50,17670.85,17843.9,17646.55,17822.95,NSE_OFFICIAL_HISTORICAL_OR_INDICES_HISTORY,https://www.nseindia.com/reports-indices-historical-index-data#NIFTY_50_2021-09-07_2021-12-05.json,2021-09-22,OFFICIAL_NSE_INDEX_CLOSE_NO_FORWARD_FILL,BENCHMARK_CONTEXT_V1
2021-09-24,NIFTY_50,NIFTY 50,17897.45,17947.65,17819.4,17853.2,NSE_OFFICIAL_HISTORICAL_OR_INDICES_HISTORY,https://www.nseindia.com/reports-indices-historical-index-data#NIFTY_50_2021-09-07_2021-12-05.json,2021-09-23,OFFICIAL_NSE_INDEX_CLOSE_NO_FORWARD_FILL,BENCHMARK_CONTEXT_V1
2021-09-27,NIFTY_50,NIFTY 50,17932.2,17943.5,17802.9,17855.1,NSE_OFFICIAL_HISTORICAL_OR_INDICES_HISTORY,https://www.nseindia.com/reports-indices-historical-index-data#NIFTY_50_2021-09-07_2021-12-05.json,2021-09-26,OFFICIAL_NSE_INDEX_CLOSE_NO_FORWARD_FILL,BENCHMARK_CONTEXT_V1
2021-09-28,NIFTY_50,NIFTY 50,17906.45,17912.85,17576.1,17748.6,NSE_OFFICIAL_HISTORICAL_OR_INDICES_HISTORY,https://www.nseindia.com/reports-indices-historical-index-data#NIFTY_50_2021-09-07_2021-12-05.json,2021-09-27,OFFICIAL_NSE_INDEX_CLOSE_NO_FORWARD_FILL,BENCHMARK_CONTEXT_V1
2021-09-29,NIFTY_50,NIFTY 50,17657.95,17781.75,17608.15,17711.3,NSE_OFFICIAL_HISTORICAL_OR_INDICES_HISTORY,https://www.nseindia.com/reports-indices-historical-index-data#NIFTY_50_2021-09-07_2021-12-05.json,2021-09-28,OFFICIAL_NSE_INDEX_CLOSE_NO_FORWARD_FILL,BENCHMARK_CONTEXT_V1
2021-09-30,NIFTY_50,NIFTY 50,17718.9,17742.15,17585.35,17618.15,NSE_OFFICIAL_HISTORICAL_OR_INDICES_HISTORY,https://www.nseindia.com/reports-indices-historical-index-data#NIFTY_50_2021-09-07_2021-12-05.json,2021-09-29,OFFICIAL_NSE_INDEX_CLOSE_NO_FORWARD_FILL,BENCHMARK_CONTEXT_V1
2021-10-01,NIFTY_50,NIFTY 50,17531.9,17557.15,17452.9,17532.05,NSE_OFFICIAL_HISTORICAL_OR_INDICES_HISTORY,https://www.nseindia.com/reports-indices-historical-index-data#NIFTY_50_2021-09-07_2021-12-05.json,2021-09-30,OFFICIAL_NSE_INDEX_CLOSE_NO_FORWARD_FILL,BENCHMARK_CONTEXT_V1
2021-10-04,NIFTY_50,NIFTY 50,17615.55,17750.9,17581.35,17691.25,NSE_OFFICIAL_HISTORICAL_OR_INDICES_HISTORY,https://www.nseindia.com/reports-indices-historical-index-data#NIFTY_50_2021-09-07_2021-12-05.json,2021-10-03,OFFICIAL_NSE_INDEX_CLOSE_NO_FORWARD_FILL,BENCHMARK_CONTEXT_V1
2021-10-05,NIFTY_50,NIFTY 50,17661.35,17833.45,17640.9,17822.3,NSE_OFFICIAL_HISTORICAL_OR_INDICES_HISTORY,https://www.nseindia.com/reports-indices-historical-index-data#NIFTY_50_2021-09-07_2021-12-05.json,2021-10-04,OFFICIAL_NSE_INDEX_CLOSE_NO_FORWARD_FILL,BENCHMARK_CONTEXT_V1
2021-10-06,NIFTY_50,NIFTY 50,17861.5,17884.6,17613.15,17646,NSE_OFFICIAL_HISTORICAL_OR_INDICES_HISTORY,https://www.nseindia.com/reports-indices-historical-index-data#NIFTY_50_2021-09-07_2021-12-05.json,2021-10-05,OFFICIAL_NSE_INDEX_CLOSE_NO_FORWARD_FILL,BENCHMARK_CONTEXT_V1
2021-10-07,NIFTY_50,NIFTY 50,17810.55,17857.55,17763.8,17790.35,NSE_OFFICIAL_HISTORICAL_OR_INDICES_HISTORY,https://www.nseindia.com/reports-indices-historical-index-data#NIFTY_50_2021-09-07_2021-12-05.json,2021-10-06,OFFICIAL_NSE_INDEX_CLOSE_NO_FORWARD_FILL,BENCHMARK_CONTEXT_V1
2021-10-08,NIFTY_50,NIFTY 50,17886.85,17941.85,17840.35,17895.2,NSE_OFFICIAL_HISTORICAL_OR_INDICES_HISTORY,https://www.nseindia.com/reports-indices-historical-index-data#NIFTY_50_2021-09-07_2021-12-05.json,2021-10-07,OFFICIAL_NSE_INDEX_CLOSE_NO_FORWARD_FILL,BENCHMARK_CONTEXT_V1
2021-10-11,NIFTY_50,NIFTY 50,17867.55,18041.95,17839.1,17945.95,NSE_OFFICIAL_HISTORICAL_OR_INDICES_HISTORY,https://www.nseindia.com/reports-indices-historical-index-data#NIFTY_50_2021-09-07_2021-12-05.json,2021-10-10,OFFICIAL_NSE_INDEX_CLOSE_NO_FORWARD_FILL,BENCHMARK_CONTEXT_V1
2021-10-12,NIFTY_50,NIFTY 50,17915.8,18008.65,17864.95,17991.95,NSE_OFFICIAL_HISTORICAL_OR_INDICES_HISTORY,https://www.nseindia.com/reports-indices-historical-index-data#NIFTY_50_2021-09-07_2021-12-05.json,2021-10-11,OFFICIAL_NSE_INDEX_CLOSE_NO_FORWARD_FILL,BENCHMARK_CONTEXT_V1
2021-10-13,NIFTY_50,NIFTY 50,18097.85,18197.8,18050.75,18161.75,NSE_OFFICIAL_HISTORICAL_OR_INDICES_HISTORY,https://www.nseindia.com/reports-indices-historical-index-data#NIFTY_50_2021-09-07_2021-12-05.json,2021-10-12,OFFICIAL_NSE_INDEX_CLOSE_NO_FORWARD_FILL,BENCHMARK_CONTEXT_V1
2021-10-14,NIFTY_50,NIFTY 50,18272.85,18350.75,18248.7,18338.55,NSE_OFFICIAL_HISTORICAL_OR_INDICES_HISTORY,https://www.nseindia.com/reports-indices-historical-index-data#NIFTY_50_2021-09-07_2021-12-05.json,2021-10-13,OFFICIAL_NSE_INDEX_CLOSE_NO_FORWARD_FILL,BENCHMARK_CONTEXT_V1
2021-10-18,NIFTY_50,NIFTY 50,18500.1,18543.15,18445.3,18477.05,NSE_OFFICIAL_HISTORICAL_OR_INDICES_HISTORY,https://www.nseindia.com/reports-indices-historical-index-data#NIFTY_50_2021-09-07_2021-12-05.json,2021-10-17,OFFICIAL_NSE_INDEX_CLOSE_NO_FORWARD_FILL,BENCHMARK_CONTEXT_V1
2021-10-19,NIFTY_50,NIFTY 50,18602.35,18604.45,18377.7,18418.75,NSE_OFFICIAL_HISTORICAL_OR_INDICES_HISTORY,https://www.nseindia.com/reports-indices-historical-index-data#NIFTY_50_2021-09-07_2021-12-05.json,2021-10-18,OFFICIAL_NSE_INDEX_CLOSE_NO_FORWARD_FILL,BENCHMARK_CONTEXT_V1
2021-10-20,NIFTY_50,NIFTY 50,18439.9,18458.3,18209.35,18266.6,NSE_OFFICIAL_HISTORICAL_OR_INDICES_HISTORY,https://www.nseindia.com/reports-indices-historical-index-data#NIFTY_50_2021-09-07_2021-12-05.json,2021-10-19,OFFICIAL_NSE_INDEX_CLOSE_NO_FORWARD_FILL,BENCHMARK_CONTEXT_V1
2021-10-21,NIFTY_50,NIFTY 50,18382.7,18384.2,18048,18178.1,NSE_OFFICIAL_HISTORICAL_OR_INDICES_HISTORY,https://www.nseindia.com/reports-indices-historical-index-data#NIFTY_50_2021-09-07_2021-12-05.json,2021-10-20,OFFICIAL_NSE_INDEX_CLOSE_NO_FORWARD_FILL,BENCHMARK_CONTEXT_V1
2021-10-22,NIFTY_50,NIFTY 50,18230.7,18314.25,18034.35,18114.9,NSE_OFFICIAL_HISTORICAL_OR_INDICES_HISTORY,https://www.nseindia.com/reports-indices-historical-index-data#NIFTY_50_2021-09-07_2021-12-05.json,2021-10-21,OFFICIAL_NSE_INDEX_CLOSE_NO_FORWARD_FILL,BENCHMARK_CONTEXT_V1
2021-10-25,NIFTY_50,NIFTY 50,18229.5,18241.4,17968.5,18125.4,NSE_OFFICIAL_HISTORICAL_OR_INDICES_HISTORY,https://www.nseindia.com/reports-indices-historical-index-data#NIFTY_50_2021-09-07_2021-12-05.json,2021-10-24,OFFICIAL_NSE_INDEX_CLOSE_NO_FORWARD_FILL,BENCHMARK_CONTEXT_V1
2021-10-26,NIFTY_50,NIFTY 50,18154.5,18310.45,18099.3,18268.4,NSE_OFFICIAL_HISTORICAL_OR_INDICES_HISTORY,https://www.nseindia.com/reports-indices-historical-index-data#NIFTY_50_2021-09-07_2021-12-05.json,2021-10-25,OFFICIAL_NSE_INDEX_CLOSE_NO_FORWARD_FILL,BENCHMARK_CONTEXT_V1
2021-10-27,NIFTY_50,NIFTY 50,18295.85,18342.05,18167.9,18210.95,NSE_OFFICIAL_HISTORICAL_OR_INDICES_HISTORY,https://www.nseindia.com/reports-indices-historical-index-data#NIFTY_50_2021-09-07_2021-12-05.json,2021-10-26,OFFICIAL_NSE_INDEX_CLOSE_NO_FORWARD_FILL,BENCHMARK_CONTEXT_V1
2021-10-28,NIFTY_50,NIFTY 50,18187.65,18190.7,17799.45,17857.25,NSE_OFFICIAL_HISTORICAL_OR_INDICES_HISTORY,https://www.nseindia.com/reports-indices-historical-index-data#NIFTY_50_2021-09-07_2021-12-05.json,2021-10-27,OFFICIAL_NSE_INDEX_CLOSE_NO_FORWARD_FILL,BENCHMARK_CONTEXT_V1
2021-10-29,NIFTY_50,NIFTY 50,17833.05,17915.85,17613.1,17671.65,NSE_OFFICIAL_HISTORICAL_OR_INDICES_HISTORY,https://www.nseindia.com/reports-indices-historical-index-data#NIFTY_50_2021-09-07_2021-12-05.json,2021-10-28,OFFICIAL_NSE_INDEX_CLOSE_NO_FORWARD_FILL,BENCHMARK_CONTEXT_V1
2021-11-01,NIFTY_50,NIFTY 50,17783.15,17954.1,17697.1,17929.65,NSE_OFFICIAL_HISTORICAL_OR_INDICES_HISTORY,https://www.nseindia.com/reports-indices-historical-index-data#NIFTY_50_2021-09-07_2021-12-05.json,2021-10-31,OFFICIAL_NSE_INDEX_CLOSE_NO_FORWARD_FILL,BENCHMARK_CONTEXT_V1
2021-11-02,NIFTY_50,NIFTY 50,17970.9,18012.25,17847.6,17888.95,NSE_OFFICIAL_HISTORICAL_OR_INDICES_HISTORY,https://www.nseindia.com/reports-indices-historical-index-data#NIFTY_50_2021-09-07_2021-12-05.json,2021-11-01,OFFICIAL_NSE_INDEX_CLOSE_NO_FORWARD_FILL,BENCHMARK_CONTEXT_V1
2021-11-03,NIFTY_50,NIFTY 50,17947.95,17988.75,17757.95,17829.2,NSE_OFFICIAL_HISTORICAL_OR_INDICES_HISTORY,https://www.nseindia.com/reports-indices-historical-index-data#NIFTY_50_2021-09-07_2021-12-05.json,2021-11-02,OFFICIAL_NSE_INDEX_CLOSE_NO_FORWARD_FILL,BENCHMARK_CONTEXT_V1
2021-11-04,NIFTY_50,NIFTY 50,17935.05,17947.55,17900.6,17916.8,NSE_OFFICIAL_HISTORICAL_OR_INDICES_HISTORY,https://www.nseindia.com/reports-indices-historical-index-data#NIFTY_50_2021-09-07_2021-12-05.json,2021-11-03,OFFICIAL_NSE_INDEX_CLOSE_NO_FORWARD_FILL,BENCHMARK_CONTEXT_V1
2021-11-08,NIFTY_50,NIFTY 50,18040.2,18087.8,17836.1,18068.55,NSE_OFFICIAL_HISTORICAL_OR_INDICES_HISTORY,https://www.nseindia.com/reports-indices-historical-index-data#NIFTY_50_2021-09-07_2021-12-05.json,2021-11-07,OFFICIAL_NSE_INDEX_CLOSE_NO_FORWARD_FILL,BENCHMARK_CONTEXT_V1
2021-11-09,NIFTY_50,NIFTY 50,18084.35,18112.6,17983.05,18044.25,NSE_OFFICIAL_HISTORICAL_OR_INDICES_HISTORY,https://www.nseindia.com/reports-indices-historical-index-data#NIFTY_50_2021-09-07_2021-12-05.json,2021-11-08,OFFICIAL_NSE_INDEX_CLOSE_NO_FORWARD_FILL,BENCHMARK_CONTEXT_V1
2021-11-10,NIFTY_50,NIFTY 50,17973.45,18061.25,17915,18017.2,NSE_OFFICIAL_HISTORICAL_OR_INDICES_HISTORY,https://www.nseindia.com/reports-indices-historical-index-data#NIFTY_50_2021-09-07_2021-12-05.json,2021-11-09,OFFICIAL_NSE_INDEX_CLOSE_NO_FORWARD_FILL,BENCHMARK_CONTEXT_V1
2021-11-11,NIFTY_50,NIFTY 50,17967.45,17971.35,17798.2,17873.6,NSE_OFFICIAL_HISTORICAL_OR_INDICES_HISTORY,https://www.nseindia.com/reports-indices-historical-index-data#NIFTY_50_2021-09-07_2021-12-05.json,2021-11-10,OFFICIAL_NSE_INDEX_CLOSE_NO_FORWARD_FILL,BENCHMARK_CONTEXT_V1
2021-11-12,NIFTY_50,NIFTY 50,17977.6,18123,17905.9,18102.75,NSE_OFFICIAL_HISTORICAL_OR_INDICES_HISTORY,https://www.nseindia.com/reports-indices-historical-index-data#NIFTY_50_2021-09-07_2021-12-05.json,2021-11-11,OFFICIAL_NSE_INDEX_CLOSE_NO_FORWARD_FILL,BENCHMARK_CONTEXT_V1
2021-11-15,NIFTY_50,NIFTY 50,18140.95,18210.15,18071.3,18109.45,NSE_OFFICIAL_HISTORICAL_OR_INDICES_HISTORY,https://www.nseindia.com/reports-indices-historical-index-data#NIFTY_50_2021-09-07_2021-12-05.json,2021-11-14,OFFICIAL_NSE_INDEX_CLOSE_NO_FORWARD_FILL,BENCHMARK_CONTEXT_V1
2021-11-16,NIFTY_50,NIFTY 50,18127.05,18132.65,17958.8,17999.2,NSE_OFFICIAL_HISTORICAL_OR_INDICES_HISTORY,https://www.nseindia.com/reports-indices-historical-index-data#NIFTY_50_2021-09-07_2021-12-05.json,2021-11-15,OFFICIAL_NSE_INDEX_CLOSE_NO_FORWARD_FILL,BENCHMARK_CONTEXT_V1
2021-11-17,NIFTY_50,NIFTY 50,17939.35,18022.65,17879.25,17898.65,NSE_OFFICIAL_HISTORICAL_OR_INDICES_HISTORY,https://www.nseindia.com/reports-indices-historical-index-data#NIFTY_50_2021-09-07_2021-12-05.json,2021-11-16,OFFICIAL_NSE_INDEX_CLOSE_NO_FORWARD_FILL,BENCHMARK_CONTEXT_V1
2021-11-18,NIFTY_50,NIFTY 50,17890.55,17945.6,17688.5,17764.8,NSE_OFFICIAL_HISTORICAL_OR_INDICES_HISTORY,https://www.nseindia.com/reports-indices-historical-index-data#NIFTY_50_2021-09-07_2021-12-05.json,2021-11-17,OFFICIAL_NSE_INDEX_CLOSE_NO_FORWARD_FILL,BENCHMARK_CONTEXT_V1
2021-11-22,NIFTY_50,NIFTY 50,17796.25,17805.25,17280.45,17416.55,NSE_OFFICIAL_HISTORICAL_OR_INDICES_HISTORY,https://www.nseindia.com/reports-indices-historical-index-data#NIFTY_50_2021-09-07_2021-12-05.json,2021-11-21,OFFICIAL_NSE_INDEX_CLOSE_NO_FORWARD_FILL,BENCHMARK_CONTEXT_V1
2021-11-23,NIFTY_50,NIFTY 50,17281.75,17553.7,17216.1,17503.35,NSE_OFFICIAL_HISTORICAL_OR_INDICES_HISTORY,https://www.nseindia.com/reports-indices-historical-index-data#NIFTY_50_2021-09-07_2021-12-05.json,2021-11-22,OFFICIAL_NSE_INDEX_CLOSE_NO_FORWARD_FILL,BENCHMARK_CONTEXT_V1
2021-11-24,NIFTY_50,NIFTY 50,17550.05,17600.6,17354,17415.05,NSE_OFFICIAL_HISTORICAL_OR_INDICES_HISTORY,https://www.nseindia.com/reports-indices-historical-index-data#NIFTY_50_2021-09-07_2021-12-05.json,2021-11-23,OFFICIAL_NSE_INDEX_CLOSE_NO_FORWARD_FILL,BENCHMARK_CONTEXT_V1
2021-11-25,NIFTY_50,NIFTY 50,17417.3,17564.35,17351.7,17536.25,NSE_OFFICIAL_HISTORICAL_OR_INDICES_HISTORY,https://www.nseindia.com/reports-indices-historical-index-data#NIFTY_50_2021-09-07_2021-12-05.json,2021-11-24,OFFICIAL_NSE_INDEX_CLOSE_NO_FORWARD_FILL,BENCHMARK_CONTEXT_V1
2021-11-26,NIFTY_50,NIFTY 50,17338.75,17355.4,16985.7,17026.45,NSE_OFFICIAL_HISTORICAL_OR_INDICES_HISTORY,https://www.nseindia.com/reports-indices-historical-index-data#NIFTY_50_2021-09-07_2021-12-05.json,2021-11-25,OFFICIAL_NSE_INDEX_CLOSE_NO_FORWARD_FILL,BENCHMARK_CONTEXT_V1
2021-11-29,NIFTY_50,NIFTY 50,17055.8,17160.7,16782.4,17053.95,NSE_OFFICIAL_HISTORICAL_OR_INDICES_HISTORY,https://www.nseindia.com/reports-indices-historical-index-data#NIFTY_50_2021-09-07_2021-12-05.json,2021-11-28,OFFICIAL_NSE_INDEX_CLOSE_NO_FORWARD_FILL,BENCHMARK_CONTEXT_V1
2021-11-30,NIFTY_50,NIFTY 50,17051.15,17324.65,16931.4,16983.2,NSE_OFFICIAL_HISTORICAL_OR_INDICES_HISTORY,https://www.nseindia.com/reports-indices-historical-index-data#NIFTY_50_2021-09-07_2021-12-05.json,2021-11-29,OFFICIAL_NSE_INDEX_CLOSE_NO_FORWARD_FILL,BENCHMARK_CONTEXT_V1
2021-12-01,NIFTY_50,NIFTY 50,17104.4,17213.05,17064.25,17166.9,NSE_OFFICIAL_HISTORICAL_OR_INDICES_HISTORY,https://www.nseindia.com/reports-indices-historical-index-data#NIFTY_50_2021-09-07_2021-12-05.json,2021-11-30,OFFICIAL_NSE_INDEX_CLOSE_NO_FORWARD_FILL,BENCHMARK_CONTEXT_V1
2021-12-02,NIFTY_50,NIFTY 50,17183.2,17420.35,17149.3,17401.65,NSE_OFFICIAL_HISTORICAL_OR_INDICES_HISTORY,https://www.nseindia.com/reports-indices-historical-index-data#NIFTY_50_2021-09-07_2021-12-05.json,2021-12-01,OFFICIAL_NSE_INDEX_CLOSE_NO_FORWARD_FILL,BENCHMARK_CONTEXT_V1
2021-12-03,NIFTY_50,NIFTY 50,17424.9,17489.8,17180.8,17196.7,NSE_OFFICIAL_HISTORICAL_OR_INDICES_HISTORY,https://www.nseindia.com/reports-indices-historical-index-data#NIFTY_50_2021-09-07_2021-12-05.json,2021-12-02,OFFICIAL_NSE_INDEX_CLOSE_NO_FORWARD_FILL,BENCHMARK_CONTEXT_V1
2021-12-06,NIFTY_50,NIFTY 50,17209.05,17216.75,16891.7,16912.25,NSE_OFFICIAL_HISTORICAL_OR_INDICES_HISTORY,https://www.nseindia.com/reports-indices-historical-index-data#NIFTY_50_2021-12-06_2022-03-05.json,2021-12-05,OFFICIAL_NSE_INDEX_CLOSE_NO_FORWARD_FILL,BENCHMARK_CONTEXT_V1
2021-12-07,NIFTY_50,NIFTY 50,17044.1,17251.65,16987.75,17176.7,NSE_OFFICIAL_HISTORICAL_OR_INDICES_HISTORY,https://www.nseindia.com/reports-indices-historical-index-data#NIFTY_50_2021-12-06_2022-03-05.json,2021-12-06,OFFICIAL_NSE_INDEX_CLOSE_NO_FORWARD_FILL,BENCHMARK_CONTEXT_V1
2021-12-08,NIFTY_50,NIFTY 50,17315.25,17484.6,17308.95,17469.75,NSE_OFFICIAL_HISTORICAL_OR_INDICES_HISTORY,https://www.nseindia.com/reports-indices-historical-index-data#NIFTY_50_2021-12-06_2022-03-05.json,2021-12-07,OFFICIAL_NSE_INDEX_CLOSE_NO_FORWARD_FILL,BENCHMARK_CONTEXT_V1
2021-12-09,NIFTY_50,NIFTY 50,17524.4,17543.25,17379.6,17516.85,NSE_OFFICIAL_HISTORICAL_OR_INDICES_HISTORY,https://www.nseindia.com/reports-indices-historical-index-data#NIFTY_50_2021-12-06_2022-03-05.json,2021-12-08,OFFICIAL_NSE_INDEX_CLOSE_NO_FORWARD_FILL,BENCHMARK_CONTEXT_V1
2021-12-10,NIFTY_50,NIFTY 50,17476.05,17534.35,17405.25,17511.3,NSE_OFFICIAL_HISTORICAL_OR_INDICES_HISTORY,https://www.nseindia.com/reports-indices-historical-index-data#NIFTY_50_2021-12-06_2022-03-05.json,2021-12-09,OFFICIAL_NSE_INDEX_CLOSE_NO_FORWARD_FILL,BENCHMARK_CONTEXT_V1
2021-12-13,NIFTY_50,NIFTY 50,17619.1,17639.5,17355.95,17368.25,NSE_OFFICIAL_HISTORICAL_OR_INDICES_HISTORY,https://www.nseindia.com/reports-indices-historical-index-data#NIFTY_50_2021-12-06_2022-03-05.json,2021-12-12,OFFICIAL_NSE_INDEX_CLOSE_NO_FORWARD_FILL,BENCHMARK_CONTEXT_V1
2021-12-14,NIFTY_50,NIFTY 50,17283.2,17376.2,17225.8,17324.9,NSE_OFFICIAL_HISTORICAL_OR_INDICES_HISTORY,https://www.nseindia.com/reports-indices-historical-index-data#NIFTY_50_2021-12-06_2022-03-05.json,2021-12-13,OFFICIAL_NSE_INDEX_CLOSE_NO_FORWARD_FILL,BENCHMARK_CONTEXT_V1
2021-12-15,NIFTY_50,NIFTY 50,17323.65,17351.2,17192.2,17221.4,NSE_OFFICIAL_HISTORICAL_OR_INDICES_HISTORY,https://www.nseindia.com/reports-indices-historical-index-data#NIFTY_50_2021-12-06_2022-03-05.json,2021-12-14,OFFICIAL_NSE_INDEX_CLOSE_NO_FORWARD_FILL,BENCHMARK_CONTEXT_V1
2021-12-16,NIFTY_50,NIFTY 50,17373,17379.35,17184.95,17248.4,NSE_OFFICIAL_HISTORICAL_OR_INDICES_HISTORY,https://www.nseindia.com/reports-indices-historical-index-data#NIFTY_50_2021-12-06_2022-03-05.json,2021-12-15,OFFICIAL_NSE_INDEX_CLOSE_NO_FORWARD_FILL,BENCHMARK_CONTEXT_V1
2021-12-17,NIFTY_50,NIFTY 50,17276,17298.15,16966.45,16985.2,NSE_OFFICIAL_HISTORICAL_OR_INDICES_HISTORY,https://www.nseindia.com/reports-indices-historical-index-data#NIFTY_50_2021-12-06_2022-03-05.json,2021-12-16,OFFICIAL_NSE_INDEX_CLOSE_NO_FORWARD_FILL,BENCHMARK_CONTEXT_V1
2021-12-20,NIFTY_50,NIFTY 50,16824.25,16840.1,16410.2,16614.2,NSE_OFFICIAL_HISTORICAL_OR_INDICES_HISTORY,https://www.nseindia.com/reports-indices-historical-index-data#NIFTY_50_2021-12-06_2022-03-05.json,2021-12-19,OFFICIAL_NSE_INDEX_CLOSE_NO_FORWARD_FILL,BENCHMARK_CONTEXT_V1
2021-12-21,NIFTY_50,NIFTY 50,16773.15,16936.4,16688.25,16770.85,NSE_OFFICIAL_HISTORICAL_OR_INDICES_HISTORY,https://www.nseindia.com/reports-indices-historical-index-data#NIFTY_50_2021-12-06_2022-03-05.json,2021-12-20,OFFICIAL_NSE_INDEX_CLOSE_NO_FORWARD_FILL,BENCHMARK_CONTEXT_V1
2021-12-22,NIFTY_50,NIFTY 50,16865.55,16971,16819.5,16955.45,NSE_OFFICIAL_HISTORICAL_OR_INDICES_HISTORY,https://www.nseindia.com/reports-indices-historical-index-data#NIFTY_50_2021-12-06_2022-03-05.json,2021-12-21,OFFICIAL_NSE_INDEX_CLOSE_NO_FORWARD_FILL,BENCHMARK_CONTEXT_V1
2021-12-23,NIFTY_50,NIFTY 50,17066.8,17118.65,17015.55,17072.6,NSE_OFFICIAL_HISTORICAL_OR_INDICES_HISTORY,https://www.nseindia.com/reports-indices-historical-index-data#NIFTY_50_2021-12-06_2022-03-05.json,2021-12-22,OFFICIAL_NSE_INDEX_CLOSE_NO_FORWARD_FILL,BENCHMARK_CONTEXT_V1
2021-12-24,NIFTY_50,NIFTY 50,17149.5,17155.6,16909.6,17003.75,NSE_OFFICIAL_HISTORICAL_OR_INDICES_HISTORY,https://www.nseindia.com/reports-indices-historical-index-data#NIFTY_50_2021-12-06_2022-03-05.json,2021-12-23,OFFICIAL_NSE_INDEX_CLOSE_NO_FORWARD_FILL,BENCHMARK_CONTEXT_V1
2021-12-27,NIFTY_50,NIFTY 50,16937.75,17112.05,16833.2,17086.25,NSE_OFFICIAL_HISTORICAL_OR_INDICES_HISTORY,https://www.nseindia.com/reports-indices-historical-index-data#NIFTY_50_2021-12-06_2022-03-05.json,2021-12-26,OFFICIAL_NSE_INDEX_CLOSE_NO_FORWARD_FILL,BENCHMARK_CONTEXT_V1
2021-12-28,NIFTY_50,NIFTY 50,17177.6,17250.25,17161.15,17233.25,NSE_OFFICIAL_HISTORICAL_OR_INDICES_HISTORY,https://www.nseindia.com/reports-indices-historical-index-data#NIFTY_50_2021-12-06_2022-03-05.json,2021-12-27,OFFICIAL_NSE_INDEX_CLOSE_NO_FORWARD_FILL,BENCHMARK_CONTEXT_V1
2021-12-29,NIFTY_50,NIFTY 50,17220.1,17285.95,17176.65,17213.6,NSE_OFFICIAL_HISTORICAL_OR_INDICES_HISTORY,https://www.nseindia.com/reports-indices-historical-index-data#NIFTY_50_2021-12-06_2022-03-05.json,2021-12-28,OFFICIAL_NSE_INDEX_CLOSE_NO_FORWARD_FILL,BENCHMARK_CONTEXT_V1
2021-12-30,NIFTY_50,NIFTY 50,17201.45,17264.05,17146.35,17203.95,NSE_OFFICIAL_HISTORICAL_OR_INDICES_HISTORY,https://www.nseindia.com/reports-indices-historical-index-data#NIFTY_50_2021-12-06_2022-03-05.json,2021-12-29,OFFICIAL_NSE_INDEX_CLOSE_NO_FORWARD_FILL,BENCHMARK_CONTEXT_V1
2021-12-31,NIFTY_50,NIFTY 50,17244.5,17400.8,17238.5,17354.05,NSE_OFFICIAL_HISTORICAL_OR_INDICES_HISTORY,https://www.nseindia.com/reports-indices-historical-index-data#NIFTY_50_2021-12-06_2022-03-05.json,2021-12-30,OFFICIAL_NSE_INDEX_CLOSE_NO_FORWARD_FILL,BENCHMARK_CONTEXT_V1
2022-01-03,NIFTY_50,NIFTY 50,17387.15,17646.65,17383.3,17625.7,NSE_OFFICIAL_HISTORICAL_OR_INDICES_HISTORY,https://www.nseindia.com/reports-indices-historical-index-data#NIFTY_50_2021-12-06_2022-03-05.json,2022-01-02,OFFICIAL_NSE_INDEX_CLOSE_NO_FORWARD_FILL,BENCHMARK_CONTEXT_V1
2022-01-04,NIFTY_50,NIFTY 50,17681.4,17827.6,17593.55,17805.25,NSE_OFFICIAL_HISTORICAL_OR_INDICES_HISTORY,https://www.nseindia.com/reports-indices-historical-index-data#NIFTY_50_2021-12-06_2022-03-05.json,2022-01-03,OFFICIAL_NSE_INDEX_CLOSE_NO_FORWARD_FILL,BENCHMARK_CONTEXT_V1
2022-01-05,NIFTY_50,NIFTY 50,17820.1,17944.7,17748.85,17925.25,NSE_OFFICIAL_HISTORICAL_OR_INDICES_HISTORY,https://www.nseindia.com/reports-indices-historical-index-data#NIFTY_50_2021-12-06_2022-03-05.json,2022-01-04,OFFICIAL_NSE_INDEX_CLOSE_NO_FORWARD_FILL,BENCHMARK_CONTEXT_V1
2022-01-06,NIFTY_50,NIFTY 50,17768.5,17797.95,17655.55,17745.9,NSE_OFFICIAL_HISTORICAL_OR_INDICES_HISTORY,https://www.nseindia.com/reports-indices-historical-index-data#NIFTY_50_2021-12-06_2022-03-05.json,2022-01-05,OFFICIAL_NSE_INDEX_CLOSE_NO_FORWARD_FILL,BENCHMARK_CONTEXT_V1
2022-01-07,NIFTY_50,NIFTY 50,17797.6,17905,17704.55,17812.7,NSE_OFFICIAL_HISTORICAL_OR_INDICES_HISTORY,https://www.nseindia.com/reports-indices-historical-index-data#NIFTY_50_2021-12-06_2022-03-05.json,2022-01-06,OFFICIAL_NSE_INDEX_CLOSE_NO_FORWARD_FILL,BENCHMARK_CONTEXT_V1
2022-01-10,NIFTY_50,NIFTY 50,17913.3,18017.45,17879.15,18003.3,NSE_OFFICIAL_HISTORICAL_OR_INDICES_HISTORY,https://www.nseindia.com/reports-indices-historical-index-data#NIFTY_50_2021-12-06_2022-03-05.json,2022-01-09,OFFICIAL_NSE_INDEX_CLOSE_NO_FORWARD_FILL,BENCHMARK_CONTEXT_V1
2022-01-11,NIFTY_50,NIFTY 50,17997.75,18081.25,17964.4,18055.75,NSE_OFFICIAL_HISTORICAL_OR_INDICES_HISTORY,https://www.nseindia.com/reports-indices-historical-index-data#NIFTY_50_2021-12-06_2022-03-05.json,2022-01-10,OFFICIAL_NSE_INDEX_CLOSE_NO_FORWARD_FILL,BENCHMARK_CONTEXT_V1
2022-01-12,NIFTY_50,NIFTY 50,18170.4,18227.95,18128.8,18212.35,NSE_OFFICIAL_HISTORICAL_OR_INDICES_HISTORY,https://www.nseindia.com/reports-indices-historical-index-data#NIFTY_50_2021-12-06_2022-03-05.json,2022-01-11,OFFICIAL_NSE_INDEX_CLOSE_NO_FORWARD_FILL,BENCHMARK_CONTEXT_V1
2022-01-13,NIFTY_50,NIFTY 50,18257,18272.25,18163.8,18257.8,NSE_OFFICIAL_HISTORICAL_OR_INDICES_HISTORY,https://www.nseindia.com/reports-indices-historical-index-data#NIFTY_50_2021-12-06_2022-03-05.json,2022-01-12,OFFICIAL_NSE_INDEX_CLOSE_NO_FORWARD_FILL,BENCHMARK_CONTEXT_V1
2022-01-14,NIFTY_50,NIFTY 50,18185,18286.95,18119.65,18255.75,NSE_OFFICIAL_HISTORICAL_OR_INDICES_HISTORY,https://www.nseindia.com/reports-indices-historical-index-data#NIFTY_50_2021-12-06_2022-03-05.json,2022-01-13,OFFICIAL_NSE_INDEX_CLOSE_NO_FORWARD_FILL,BENCHMARK_CONTEXT_V1
2022-01-17,NIFTY_50,NIFTY 50,18235.65,18321.55,18228.75,18308.1,NSE_OFFICIAL_HISTORICAL_OR_INDICES_HISTORY,https://www.nseindia.com/reports-indices-historical-index-data#NIFTY_50_2021-12-06_2022-03-05.json,2022-01-16,OFFICIAL_NSE_INDEX_CLOSE_NO_FORWARD_FILL,BENCHMARK_CONTEXT_V1
2022-01-18,NIFTY_50,NIFTY 50,18337.2,18350.95,18085.9,18113.05,NSE_OFFICIAL_HISTORICAL_OR_INDICES_HISTORY,https://www.nseindia.com/reports-indices-historical-index-data#NIFTY_50_2021-12-06_2022-03-05.json,2022-01-17,OFFICIAL_NSE_INDEX_CLOSE_NO_FORWARD_FILL,BENCHMARK_CONTEXT_V1
2022-01-19,NIFTY_50,NIFTY 50,18129.2,18129.2,17884.9,17938.4,NSE_OFFICIAL_HISTORICAL_OR_INDICES_HISTORY,https://www.nseindia.com/reports-indices-historical-index-data#NIFTY_50_2021-12-06_2022-03-05.json,2022-01-18,OFFICIAL_NSE_INDEX_CLOSE_NO_FORWARD_FILL,BENCHMARK_CONTEXT_V1
2022-01-20,NIFTY_50,NIFTY 50,17921,17943.7,17648.45,17757,NSE_OFFICIAL_HISTORICAL_OR_INDICES_HISTORY,https://www.nseindia.com/reports-indices-historical-index-data#NIFTY_50_2021-12-06_2022-03-05.json,2022-01-19,OFFICIAL_NSE_INDEX_CLOSE_NO_FORWARD_FILL,BENCHMARK_CONTEXT_V1
2022-01-21,NIFTY_50,NIFTY 50,17613.7,17707.6,17485.85,17617.15,NSE_OFFICIAL_HISTORICAL_OR_INDICES_HISTORY,https://www.nseindia.com/reports-indices-historical-index-data#NIFTY_50_2021-12-06_2022-03-05.json,2022-01-20,OFFICIAL_NSE_INDEX_CLOSE_NO_FORWARD_FILL,BENCHMARK_CONTEXT_V1
2022-01-24,NIFTY_50,NIFTY 50,17575.15,17599.4,16997.85,17149.1,NSE_OFFICIAL_HISTORICAL_OR_INDICES_HISTORY,https://www.nseindia.com/reports-indices-historical-index-data#NIFTY_50_2021-12-06_2022-03-05.json,2022-01-23,OFFICIAL_NSE_INDEX_CLOSE_NO_FORWARD_FILL,BENCHMARK_CONTEXT_V1
2022-01-25,NIFTY_50,NIFTY 50,17001.55,17309.15,16836.8,17277.95,NSE_OFFICIAL_HISTORICAL_OR_INDICES_HISTORY,https://www.nseindia.com/reports-indices-historical-index-data#NIFTY_50_2021-12-06_2022-03-05.json,2022-01-24,OFFICIAL_NSE_INDEX_CLOSE_NO_FORWARD_FILL,BENCHMARK_CONTEXT_V1
2022-01-27,NIFTY_50,NIFTY 50,17062,17182.5,16866.75,17110.15,NSE_OFFICIAL_HISTORICAL_OR_INDICES_HISTORY,https://www.nseindia.com/reports-indices-historical-index-data#NIFTY_50_2021-12-06_2022-03-05.json,2022-01-26,OFFICIAL_NSE_INDEX_CLOSE_NO_FORWARD_FILL,BENCHMARK_CONTEXT_V1
2022-01-28,NIFTY_50,NIFTY 50,17208.3,17373.5,17077.1,17101.95,NSE_OFFICIAL_HISTORICAL_OR_INDICES_HISTORY,https://www.nseindia.com/reports-indices-historical-index-data#NIFTY_50_2021-12-06_2022-03-05.json,2022-01-27,OFFICIAL_NSE_INDEX_CLOSE_NO_FORWARD_FILL,BENCHMARK_CONTEXT_V1
2022-01-31,NIFTY_50,NIFTY 50,17301.05,17410,17264.15,17339.85,NSE_OFFICIAL_HISTORICAL_OR_INDICES_HISTORY,https://www.nseindia.com/reports-indices-historical-index-data#NIFTY_50_2021-12-06_2022-03-05.json,2022-01-30,OFFICIAL_NSE_INDEX_CLOSE_NO_FORWARD_FILL,BENCHMARK_CONTEXT_V1
2022-02-01,NIFTY_50,NIFTY 50,17529.45,17622.4,17244.55,17576.85,NSE_OFFICIAL_HISTORICAL_OR_INDICES_HISTORY,https://www.nseindia.com/reports-indices-historical-index-data#NIFTY_50_2021-12-06_2022-03-05.json,2022-01-31,OFFICIAL_NSE_INDEX_CLOSE_NO_FORWARD_FILL,BENCHMARK_CONTEXT_V1
2022-02-02,NIFTY_50,NIFTY 50,17706.2,17794.6,17674.8,17780,NSE_OFFICIAL_HISTORICAL_OR_INDICES_HISTORY,https://www.nseindia.com/reports-indices-historical-index-data#NIFTY_50_2021-12-06_2022-03-05.json,2022-02-01,OFFICIAL_NSE_INDEX_CLOSE_NO_FORWARD_FILL,BENCHMARK_CONTEXT_V1
2022-02-03,NIFTY_50,NIFTY 50,17767.75,17781.15,17511.15,17560.2,NSE_OFFICIAL_HISTORICAL_OR_INDICES_HISTORY,https://www.nseindia.com/reports-indices-historical-index-data#NIFTY_50_2021-12-06_2022-03-05.json,2022-02-02,OFFICIAL_NSE_INDEX_CLOSE_NO_FORWARD_FILL,BENCHMARK_CONTEXT_V1
2022-02-04,NIFTY_50,NIFTY 50,17590.2,17617.8,17462.55,17516.3,NSE_OFFICIAL_HISTORICAL_OR_INDICES_HISTORY,https://www.nseindia.com/reports-indices-historical-index-data#NIFTY_50_2021-12-06_2022-03-05.json,2022-02-03,OFFICIAL_NSE_INDEX_CLOSE_NO_FORWARD_FILL,BENCHMARK_CONTEXT_V1
2022-02-07,NIFTY_50,NIFTY 50,17456.3,17536.75,17119.4,17213.6,NSE_OFFICIAL_HISTORICAL_OR_INDICES_HISTORY,https://www.nseindia.com/reports-indices-historical-index-data#NIFTY_50_2021-12-06_2022-03-05.json,2022-02-06,OFFICIAL_NSE_INDEX_CLOSE_NO_FORWARD_FILL,BENCHMARK_CONTEXT_V1
2022-02-08,NIFTY_50,NIFTY 50,17279.85,17306.45,17043.65,17266.75,NSE_OFFICIAL_HISTORICAL_OR_INDICES_HISTORY,https://www.nseindia.com/reports-indices-historical-index-data#NIFTY_50_2021-12-06_2022-03-05.json,2022-02-07,OFFICIAL_NSE_INDEX_CLOSE_NO_FORWARD_FILL,BENCHMARK_CONTEXT_V1
2022-02-09,NIFTY_50,NIFTY 50,17370.1,17477.15,17339,17463.8,NSE_OFFICIAL_HISTORICAL_OR_INDICES_HISTORY,https://www.nseindia.com/reports-indices-historical-index-data#NIFTY_50_2021-12-06_2022-03-05.json,2022-02-08,OFFICIAL_NSE_INDEX_CLOSE_NO_FORWARD_FILL,BENCHMARK_CONTEXT_V1
2022-02-10,NIFTY_50,NIFTY 50,17554.1,17639.45,17427.15,17605.85,NSE_OFFICIAL_HISTORICAL_OR_INDICES_HISTORY,https://www.nseindia.com/reports-indices-historical-index-data#NIFTY_50_2021-12-06_2022-03-05.json,2022-02-09,OFFICIAL_NSE_INDEX_CLOSE_NO_FORWARD_FILL,BENCHMARK_CONTEXT_V1
2022-02-11,NIFTY_50,NIFTY 50,17451,17454.75,17303,17374.75,NSE_OFFICIAL_HISTORICAL_OR_INDICES_HISTORY,https://www.nseindia.com/reports-indices-historical-index-data#NIFTY_50_2021-12-06_2022-03-05.json,2022-02-10,OFFICIAL_NSE_INDEX_CLOSE_NO_FORWARD_FILL,BENCHMARK_CONTEXT_V1
2022-02-14,NIFTY_50,NIFTY 50,17076.15,17099.5,16809.65,16842.8,NSE_OFFICIAL_HISTORICAL_OR_INDICES_HISTORY,https://www.nseindia.com/reports-indices-historical-index-data#NIFTY_50_2021-12-06_2022-03-05.json,2022-02-13,OFFICIAL_NSE_INDEX_CLOSE_NO_FORWARD_FILL,BENCHMARK_CONTEXT_V1
2022-02-15,NIFTY_50,NIFTY 50,16933.25,17375,16839.25,17352.45,NSE_OFFICIAL_HISTORICAL_OR_INDICES_HISTORY,https://www.nseindia.com/reports-indices-historical-index-data#NIFTY_50_2021-12-06_2022-03-05.json,2022-02-14,OFFICIAL_NSE_INDEX_CLOSE_NO_FORWARD_FILL,BENCHMARK_CONTEXT_V1
2022-02-16,NIFTY_50,NIFTY 50,17408.45,17490.6,17257.7,17322.2,NSE_OFFICIAL_HISTORICAL_OR_INDICES_HISTORY,https://www.nseindia.com/reports-indices-historical-index-data#NIFTY_50_2021-12-06_2022-03-05.json,2022-02-15,OFFICIAL_NSE_INDEX_CLOSE_NO_FORWARD_FILL,BENCHMARK_CONTEXT_V1
2022-02-17,NIFTY_50,NIFTY 50,17396.55,17442.9,17235.85,17304.6,NSE_OFFICIAL_HISTORICAL_OR_INDICES_HISTORY,https://www.nseindia.com/reports-indices-historical-index-data#NIFTY_50_2021-12-06_2022-03-05.json,2022-02-16,OFFICIAL_NSE_INDEX_CLOSE_NO_FORWARD_FILL,BENCHMARK_CONTEXT_V1
2022-02-18,NIFTY_50,NIFTY 50,17236.05,17380.8,17219.2,17276.3,NSE_OFFICIAL_HISTORICAL_OR_INDICES_HISTORY,https://www.nseindia.com/reports-indices-historical-index-data#NIFTY_50_2021-12-06_2022-03-05.json,2022-02-17,OFFICIAL_NSE_INDEX_CLOSE_NO_FORWARD_FILL,BENCHMARK_CONTEXT_V1
2022-02-21,NIFTY_50,NIFTY 50,17192.25,17351.05,17070.7,17206.65,NSE_OFFICIAL_HISTORICAL_OR_INDICES_HISTORY,https://www.nseindia.com/reports-indices-historical-index-data#NIFTY_50_2021-12-06_2022-03-05.json,2022-02-20,OFFICIAL_NSE_INDEX_CLOSE_NO_FORWARD_FILL,BENCHMARK_CONTEXT_V1
2022-02-22,NIFTY_50,NIFTY 50,16847.95,17148.55,16843.8,17092.2,NSE_OFFICIAL_HISTORICAL_OR_INDICES_HISTORY,https://www.nseindia.com/reports-indices-historical-index-data#NIFTY_50_2021-12-06_2022-03-05.json,2022-02-21,OFFICIAL_NSE_INDEX_CLOSE_NO_FORWARD_FILL,BENCHMARK_CONTEXT_V1
2022-02-23,NIFTY_50,NIFTY 50,17194.5,17220.7,17027.85,17063.25,NSE_OFFICIAL_HISTORICAL_OR_INDICES_HISTORY,https://www.nseindia.com/reports-indices-historical-index-data#NIFTY_50_2021-12-06_2022-03-05.json,2022-02-22,OFFICIAL_NSE_INDEX_CLOSE_NO_FORWARD_FILL,BENCHMARK_CONTEXT_V1
2022-02-24,NIFTY_50,NIFTY 50,16548.9,16705.25,16203.25,16247.95,NSE_OFFICIAL_HISTORICAL_OR_INDICES_HISTORY,https://www.nseindia.com/reports-indices-historical-index-data#NIFTY_50_2021-12-06_2022-03-05.json,2022-02-23,OFFICIAL_NSE_INDEX_CLOSE_NO_FORWARD_FILL,BENCHMARK_CONTEXT_V1
2022-02-25,NIFTY_50,NIFTY 50,16515.65,16748.8,16478.3,16658.4,NSE_OFFICIAL_HISTORICAL_OR_INDICES_HISTORY,https://www.nseindia.com/reports-indices-historical-index-data#NIFTY_50_2021-12-06_2022-03-05.json,2022-02-24,OFFICIAL_NSE_INDEX_CLOSE_NO_FORWARD_FILL,BENCHMARK_CONTEXT_V1
2022-02-28,NIFTY_50,NIFTY 50,16481.6,16815.9,16356.3,16793.9,NSE_OFFICIAL_HISTORICAL_OR_INDICES_HISTORY,https://www.nseindia.com/reports-indices-historical-index-data#NIFTY_50_2021-12-06_2022-03-05.json,2022-02-27,OFFICIAL_NSE_INDEX_CLOSE_NO_FORWARD_FILL,BENCHMARK_CONTEXT_V1
2022-03-02,NIFTY_50,NIFTY 50,16593.1,16678.5,16478.65,16605.95,NSE_OFFICIAL_HISTORICAL_OR_INDICES_HISTORY,https://www.nseindia.com/reports-indices-historical-index-data#NIFTY_50_2021-12-06_2022-03-05.json,2022-03-01,OFFICIAL_NSE_INDEX_CLOSE_NO_FORWARD_FILL,BENCHMARK_CONTEXT_V1
2022-03-03,NIFTY_50,NIFTY 50,16723.2,16768.95,16442.95,16498.05,NSE_OFFICIAL_HISTORICAL_OR_INDICES_HISTORY,https://www.nseindia.com/reports-indices-historical-index-data#NIFTY_50_2021-12-06_2022-03-05.json,2022-03-02,OFFICIAL_NSE_INDEX_CLOSE_NO_FORWARD_FILL,BENCHMARK_CONTEXT_V1
2022-03-04,NIFTY_50,NIFTY 50,16339.45,16456,16133.8,16245.35,NSE_OFFICIAL_HISTORICAL_OR_INDICES_HISTORY,https://www.nseindia.com/reports-indices-historical-index-data#NIFTY_50_2021-12-06_2022-03-05.json,2022-03-03,OFFICIAL_NSE_INDEX_CLOSE_NO_FORWARD_FILL,BENCHMARK_CONTEXT_V1
2022-03-07,NIFTY_50,NIFTY 50,15867.95,15944.6,15711.45,15863.15,NSE_OFFICIAL_HISTORICAL_OR_INDICES_HISTORY,https://www.nseindia.com/reports-indices-historical-index-data#NIFTY_50_2022-03-06_2022-06-03.json,2022-03-06,OFFICIAL_NSE_INDEX_CLOSE_NO_FORWARD_FILL,BENCHMARK_CONTEXT_V1
2022-03-08,NIFTY_50,NIFTY 50,15747.75,16028.75,15671.45,16013.45,NSE_OFFICIAL_HISTORICAL_OR_INDICES_HISTORY,https://www.nseindia.com/reports-indices-historical-index-data#NIFTY_50_2022-03-06_2022-06-03.json,2022-03-07,OFFICIAL_NSE_INDEX_CLOSE_NO_FORWARD_FILL,BENCHMARK_CONTEXT_V1
2022-03-09,NIFTY_50,NIFTY 50,16078,16418.05,15990,16345.35,NSE_OFFICIAL_HISTORICAL_OR_INDICES_HISTORY,https://www.nseindia.com/reports-indices-historical-index-data#NIFTY_50_2022-03-06_2022-06-03.json,2022-03-08,OFFICIAL_NSE_INDEX_CLOSE_NO_FORWARD_FILL,BENCHMARK_CONTEXT_V1
2022-03-10,NIFTY_50,NIFTY 50,16757.1,16757.3,16447.9,16594.9,NSE_OFFICIAL_HISTORICAL_OR_INDICES_HISTORY,https://www.nseindia.com/reports-indices-historical-index-data#NIFTY_50_2022-03-06_2022-06-03.json,2022-03-09,OFFICIAL_NSE_INDEX_CLOSE_NO_FORWARD_FILL,BENCHMARK_CONTEXT_V1
2022-03-11,NIFTY_50,NIFTY 50,16528.8,16694.4,16470.9,16630.45,NSE_OFFICIAL_HISTORICAL_OR_INDICES_HISTORY,https://www.nseindia.com/reports-indices-historical-index-data#NIFTY_50_2022-03-06_2022-06-03.json,2022-03-10,OFFICIAL_NSE_INDEX_CLOSE_NO_FORWARD_FILL,BENCHMARK_CONTEXT_V1
2022-03-14,NIFTY_50,NIFTY 50,16633.7,16887.95,16606.5,16871.3,NSE_OFFICIAL_HISTORICAL_OR_INDICES_HISTORY,https://www.nseindia.com/reports-indices-historical-index-data#NIFTY_50_2022-03-06_2022-06-03.json,2022-03-13,OFFICIAL_NSE_INDEX_CLOSE_NO_FORWARD_FILL,BENCHMARK_CONTEXT_V1
2022-03-15,NIFTY_50,NIFTY 50,16900.65,16927.75,16555,16663,NSE_OFFICIAL_HISTORICAL_OR_INDICES_HISTORY,https://www.nseindia.com/reports-indices-historical-index-data#NIFTY_50_2022-03-06_2022-06-03.json,2022-03-14,OFFICIAL_NSE_INDEX_CLOSE_NO_FORWARD_FILL,BENCHMARK_CONTEXT_V1
2022-03-16,NIFTY_50,NIFTY 50,16876.65,16987.9,16837.85,16975.35,NSE_OFFICIAL_HISTORICAL_OR_INDICES_HISTORY,https://www.nseindia.com/reports-indices-historical-index-data#NIFTY_50_2022-03-06_2022-06-03.json,2022-03-15,OFFICIAL_NSE_INDEX_CLOSE_NO_FORWARD_FILL,BENCHMARK_CONTEXT_V1
2022-03-17,NIFTY_50,NIFTY 50,17202.9,17344.6,17175.75,17287.05,NSE_OFFICIAL_HISTORICAL_OR_INDICES_HISTORY,https://www.nseindia.com/reports-indices-historical-index-data#NIFTY_50_2022-03-06_2022-06-03.json,2022-03-16,OFFICIAL_NSE_INDEX_CLOSE_NO_FORWARD_FILL,BENCHMARK_CONTEXT_V1
2022-03-21,NIFTY_50,NIFTY 50,17329.5,17353.35,17096.4,17117.6,NSE_OFFICIAL_HISTORICAL_OR_INDICES_HISTORY,https://www.nseindia.com/reports-indices-historical-index-data#NIFTY_50_2022-03-06_2022-06-03.json,2022-03-20,OFFICIAL_NSE_INDEX_CLOSE_NO_FORWARD_FILL,BENCHMARK_CONTEXT_V1
2022-03-22,NIFTY_50,NIFTY 50,17120.4,17334.4,17006.3,17315.5,NSE_OFFICIAL_HISTORICAL_OR_INDICES_HISTORY,https://www.nseindia.com/reports-indices-historical-index-data#NIFTY_50_2022-03-06_2022-06-03.json,2022-03-21,OFFICIAL_NSE_INDEX_CLOSE_NO_FORWARD_FILL,BENCHMARK_CONTEXT_V1
2022-03-23,NIFTY_50,NIFTY 50,17405.05,17442.4,17199.6,17245.65,NSE_OFFICIAL_HISTORICAL_OR_INDICES_HISTORY,https://www.nseindia.com/reports-indices-historical-index-data#NIFTY_50_2022-03-06_2022-06-03.json,2022-03-22,OFFICIAL_NSE_INDEX_CLOSE_NO_FORWARD_FILL,BENCHMARK_CONTEXT_V1
2022-03-24,NIFTY_50,NIFTY 50,17094.95,17291.75,17091.15,17222.75,NSE_OFFICIAL_HISTORICAL_OR_INDICES_HISTORY,https://www.nseindia.com/reports-indices-historical-index-data#NIFTY_50_2022-03-06_2022-06-03.json,2022-03-23,OFFICIAL_NSE_INDEX_CLOSE_NO_FORWARD_FILL,BENCHMARK_CONTEXT_V1
2022-03-25,NIFTY_50,NIFTY 50,17289,17294.9,17076.55,17153,NSE_OFFICIAL_HISTORICAL_OR_INDICES_HISTORY,https://www.nseindia.com/reports-indices-historical-index-data#NIFTY_50_2022-03-06_2022-06-03.json,2022-03-24,OFFICIAL_NSE_INDEX_CLOSE_NO_FORWARD_FILL,BENCHMARK_CONTEXT_V1
2022-03-28,NIFTY_50,NIFTY 50,17181.85,17235.1,17003.9,17222,NSE_OFFICIAL_HISTORICAL_OR_INDICES_HISTORY,https://www.nseindia.com/reports-indices-historical-index-data#NIFTY_50_2022-03-06_2022-06-03.json,2022-03-27,OFFICIAL_NSE_INDEX_CLOSE_NO_FORWARD_FILL,BENCHMARK_CONTEXT_V1
2022-03-29,NIFTY_50,NIFTY 50,17297.2,17343.65,17235.7,17325.3,NSE_OFFICIAL_HISTORICAL_OR_INDICES_HISTORY,https://www.nseindia.com/reports-indices-historical-index-data#NIFTY_50_2022-03-06_2022-06-03.json,2022-03-28,OFFICIAL_NSE_INDEX_CLOSE_NO_FORWARD_FILL,BENCHMARK_CONTEXT_V1
2022-03-30,NIFTY_50,NIFTY 50,17468.15,17522.5,17387.2,17498.25,NSE_OFFICIAL_HISTORICAL_OR_INDICES_HISTORY,https://www.nseindia.com/reports-indices-historical-index-data#NIFTY_50_2022-03-06_2022-06-03.json,2022-03-29,OFFICIAL_NSE_INDEX_CLOSE_NO_FORWARD_FILL,BENCHMARK_CONTEXT_V1
2022-03-31,NIFTY_50,NIFTY 50,17519.2,17559.8,17435.2,17464.75,NSE_OFFICIAL_HISTORICAL_OR_INDICES_HISTORY,https://www.nseindia.com/reports-indices-historical-index-data#NIFTY_50_2022-03-06_2022-06-03.json,2022-03-30,OFFICIAL_NSE_INDEX_CLOSE_NO_FORWARD_FILL,BENCHMARK_CONTEXT_V1
2022-04-01,NIFTY_50,NIFTY 50,17436.9,17703.7,17422.7,17670.45,NSE_OFFICIAL_HISTORICAL_OR_INDICES_HISTORY,https://www.nseindia.com/reports-indices-historical-index-data#NIFTY_50_2022-03-06_2022-06-03.json,2022-03-31,OFFICIAL_NSE_INDEX_CLOSE_NO_FORWARD_FILL,BENCHMARK_CONTEXT_V1
2022-04-04,NIFTY_50,NIFTY 50,17809.1,18114.65,17791.4,18053.4,NSE_OFFICIAL_HISTORICAL_OR_INDICES_HISTORY,https://www.nseindia.com/reports-indices-historical-index-data#NIFTY_50_2022-03-06_2022-06-03.json,2022-04-03,OFFICIAL_NSE_INDEX_CLOSE_NO_FORWARD_FILL,BENCHMARK_CONTEXT_V1
2022-04-05,NIFTY_50,NIFTY 50,18080.6,18095.45,17921.55,17957.4,NSE_OFFICIAL_HISTORICAL_OR_INDICES_HISTORY,https://www.nseindia.com/reports-indices-historical-index-data#NIFTY_50_2022-03-06_2022-06-03.json,2022-04-04,OFFICIAL_NSE_INDEX_CLOSE_NO_FORWARD_FILL,BENCHMARK_CONTEXT_V1
2022-04-06,NIFTY_50,NIFTY 50,17842.75,17901,17779.85,17807.65,NSE_OFFICIAL_HISTORICAL_OR_INDICES_HISTORY,https://www.nseindia.com/reports-indices-historical-index-data#NIFTY_50_2022-03-06_2022-06-03.json,2022-04-05,OFFICIAL_NSE_INDEX_CLOSE_NO_FORWARD_FILL,BENCHMARK_CONTEXT_V1
2022-04-07,NIFTY_50,NIFTY 50,17723.3,17787.5,17623.7,17639.55,NSE_OFFICIAL_HISTORICAL_OR_INDICES_HISTORY,https://www.nseindia.com/reports-indices-historical-index-data#NIFTY_50_2022-03-06_2022-06-03.json,2022-04-06,OFFICIAL_NSE_INDEX_CLOSE_NO_FORWARD_FILL,BENCHMARK_CONTEXT_V1
2022-04-08,NIFTY_50,NIFTY 50,17698.15,17842.75,17600.55,17784.35,NSE_OFFICIAL_HISTORICAL_OR_INDICES_HISTORY,https://www.nseindia.com/reports-indices-historical-index-data#NIFTY_50_2022-03-06_2022-06-03.json,2022-04-07,OFFICIAL_NSE_INDEX_CLOSE_NO_FORWARD_FILL,BENCHMARK_CONTEXT_V1
2022-04-11,NIFTY_50,NIFTY 50,17740.9,17779.05,17650.95,17674.95,NSE_OFFICIAL_HISTORICAL_OR_INDICES_HISTORY,https://www.nseindia.com/reports-indices-historical-index-data#NIFTY_50_2022-03-06_2022-06-03.json,2022-04-10,OFFICIAL_NSE_INDEX_CLOSE_NO_FORWARD_FILL,BENCHMARK_CONTEXT_V1
2022-04-12,NIFTY_50,NIFTY 50,17584.85,17595.3,17442.35,17530.3,NSE_OFFICIAL_HISTORICAL_OR_INDICES_HISTORY,https://www.nseindia.com/reports-indices-historical-index-data#NIFTY_50_2022-03-06_2022-06-03.json,2022-04-11,OFFICIAL_NSE_INDEX_CLOSE_NO_FORWARD_FILL,BENCHMARK_CONTEXT_V1
2022-04-13,NIFTY_50,NIFTY 50,17599.9,17663.65,17457.4,17475.65,NSE_OFFICIAL_HISTORICAL_OR_INDICES_HISTORY,https://www.nseindia.com/reports-indices-historical-index-data#NIFTY_50_2022-03-06_2022-06-03.json,2022-04-12,OFFICIAL_NSE_INDEX_CLOSE_NO_FORWARD_FILL,BENCHMARK_CONTEXT_V1
2022-04-18,NIFTY_50,NIFTY 50,17183.45,17237.75,17067.85,17173.65,NSE_OFFICIAL_HISTORICAL_OR_INDICES_HISTORY,https://www.nseindia.com/reports-indices-historical-index-data#NIFTY_50_2022-03-06_2022-06-03.json,2022-04-17,OFFICIAL_NSE_INDEX_CLOSE_NO_FORWARD_FILL,BENCHMARK_CONTEXT_V1
2022-04-19,NIFTY_50,NIFTY 50,17258.95,17275.65,16824.7,16958.65,NSE_OFFICIAL_HISTORICAL_OR_INDICES_HISTORY,https://www.nseindia.com/reports-indices-historical-index-data#NIFTY_50_2022-03-06_2022-06-03.json,2022-04-18,OFFICIAL_NSE_INDEX_CLOSE_NO_FORWARD_FILL,BENCHMARK_CONTEXT_V1
2022-04-20,NIFTY_50,NIFTY 50,17045.25,17186.9,16978.95,17136.55,NSE_OFFICIAL_HISTORICAL_OR_INDICES_HISTORY,https://www.nseindia.com/reports-indices-historical-index-data#NIFTY_50_2022-03-06_2022-06-03.json,2022-04-19,OFFICIAL_NSE_INDEX_CLOSE_NO_FORWARD_FILL,BENCHMARK_CONTEXT_V1
2022-04-21,NIFTY_50,NIFTY 50,17234.6,17414.7,17215.5,17392.6,NSE_OFFICIAL_HISTORICAL_OR_INDICES_HISTORY,https://www.nseindia.com/reports-indices-historical-index-data#NIFTY_50_2022-03-06_2022-06-03.json,2022-04-20,OFFICIAL_NSE_INDEX_CLOSE_NO_FORWARD_FILL,BENCHMARK_CONTEXT_V1
2022-04-22,NIFTY_50,NIFTY 50,17242.75,17315.3,17149.2,17171.95,NSE_OFFICIAL_HISTORICAL_OR_INDICES_HISTORY,https://www.nseindia.com/reports-indices-historical-index-data#NIFTY_50_2022-03-06_2022-06-03.json,2022-04-21,OFFICIAL_NSE_INDEX_CLOSE_NO_FORWARD_FILL,BENCHMARK_CONTEXT_V1
2022-04-25,NIFTY_50,NIFTY 50,17009.05,17054.3,16888.7,16953.95,NSE_OFFICIAL_HISTORICAL_OR_INDICES_HISTORY,https://www.nseindia.com/reports-indices-historical-index-data#NIFTY_50_2022-03-06_2022-06-03.json,2022-04-24,OFFICIAL_NSE_INDEX_CLOSE_NO_FORWARD_FILL,BENCHMARK_CONTEXT_V1
2022-04-26,NIFTY_50,NIFTY 50,17121.3,17223.85,17064.45,17200.8,NSE_OFFICIAL_HISTORICAL_OR_INDICES_HISTORY,https://www.nseindia.com/reports-indices-historical-index-data#NIFTY_50_2022-03-06_2022-06-03.json,2022-04-25,OFFICIAL_NSE_INDEX_CLOSE_NO_FORWARD_FILL,BENCHMARK_CONTEXT_V1
2022-04-27,NIFTY_50,NIFTY 50,17073.35,17110.7,16958.45,17038.4,NSE_OFFICIAL_HISTORICAL_OR_INDICES_HISTORY,https://www.nseindia.com/reports-indices-historical-index-data#NIFTY_50_2022-03-06_2022-06-03.json,2022-04-26,OFFICIAL_NSE_INDEX_CLOSE_NO_FORWARD_FILL,BENCHMARK_CONTEXT_V1
2022-04-28,NIFTY_50,NIFTY 50,17189.5,17322.5,17071.05,17245.05,NSE_OFFICIAL_HISTORICAL_OR_INDICES_HISTORY,https://www.nseindia.com/reports-indices-historical-index-data#NIFTY_50_2022-03-06_2022-06-03.json,2022-04-27,OFFICIAL_NSE_INDEX_CLOSE_NO_FORWARD_FILL,BENCHMARK_CONTEXT_V1
2022-04-29,NIFTY_50,NIFTY 50,17329.25,17377.65,17053.25,17102.55,NSE_OFFICIAL_HISTORICAL_OR_INDICES_HISTORY,https://www.nseindia.com/reports-indices-historical-index-data#NIFTY_50_2022-03-06_2022-06-03.json,2022-04-28,OFFICIAL_NSE_INDEX_CLOSE_NO_FORWARD_FILL,BENCHMARK_CONTEXT_V1
2022-05-02,NIFTY_50,NIFTY 50,16924.45,17092.25,16917.25,17069.1,NSE_OFFICIAL_HISTORICAL_OR_INDICES_HISTORY,https://www.nseindia.com/reports-indices-historical-index-data#NIFTY_50_2022-03-06_2022-06-03.json,2022-05-01,OFFICIAL_NSE_INDEX_CLOSE_NO_FORWARD_FILL,BENCHMARK_CONTEXT_V1
2022-05-04,NIFTY_50,NIFTY 50,17096.6,17132.85,16623.95,16677.6,NSE_OFFICIAL_HISTORICAL_OR_INDICES_HISTORY,https://www.nseindia.com/reports-indices-historical-index-data#NIFTY_50_2022-03-06_2022-06-03.json,2022-05-03,OFFICIAL_NSE_INDEX_CLOSE_NO_FORWARD_FILL,BENCHMARK_CONTEXT_V1
2022-05-05,NIFTY_50,NIFTY 50,16854.75,16945.7,16651.85,16682.65,NSE_OFFICIAL_HISTORICAL_OR_INDICES_HISTORY,https://www.nseindia.com/reports-indices-historical-index-data#NIFTY_50_2022-03-06_2022-06-03.json,2022-05-04,OFFICIAL_NSE_INDEX_CLOSE_NO_FORWARD_FILL,BENCHMARK_CONTEXT_V1
2022-05-06,NIFTY_50,NIFTY 50,16415.55,16484.2,16340.9,16411.25,NSE_OFFICIAL_HISTORICAL_OR_INDICES_HISTORY,https://www.nseindia.com/reports-indices-historical-index-data#NIFTY_50_2022-03-06_2022-06-03.json,2022-05-05,OFFICIAL_NSE_INDEX_CLOSE_NO_FORWARD_FILL,BENCHMARK_CONTEXT_V1
2022-05-09,NIFTY_50,NIFTY 50,16227.7,16403.7,16142.1,16301.85,NSE_OFFICIAL_HISTORICAL_OR_INDICES_HISTORY,https://www.nseindia.com/reports-indices-historical-index-data#NIFTY_50_2022-03-06_2022-06-03.json,2022-05-08,OFFICIAL_NSE_INDEX_CLOSE_NO_FORWARD_FILL,BENCHMARK_CONTEXT_V1
2022-05-10,NIFTY_50,NIFTY 50,16248.9,16404.55,16197.3,16240.05,NSE_OFFICIAL_HISTORICAL_OR_INDICES_HISTORY,https://www.nseindia.com/reports-indices-historical-index-data#NIFTY_50_2022-03-06_2022-06-03.json,2022-05-09,OFFICIAL_NSE_INDEX_CLOSE_NO_FORWARD_FILL,BENCHMARK_CONTEXT_V1
2022-05-11,NIFTY_50,NIFTY 50,16270.05,16318.75,15992.6,16167.1,NSE_OFFICIAL_HISTORICAL_OR_INDICES_HISTORY,https://www.nseindia.com/reports-indices-historical-index-data#NIFTY_50_2022-03-06_2022-06-03.json,2022-05-10,OFFICIAL_NSE_INDEX_CLOSE_NO_FORWARD_FILL,BENCHMARK_CONTEXT_V1
2022-05-12,NIFTY_50,NIFTY 50,16021.1,16041.95,15735.75,15808,NSE_OFFICIAL_HISTORICAL_OR_INDICES_HISTORY,https://www.nseindia.com/reports-indices-historical-index-data#NIFTY_50_2022-03-06_2022-06-03.json,2022-05-11,OFFICIAL_NSE_INDEX_CLOSE_NO_FORWARD_FILL,BENCHMARK_CONTEXT_V1
2022-05-13,NIFTY_50,NIFTY 50,15977,16083.6,15740.85,15782.15,NSE_OFFICIAL_HISTORICAL_OR_INDICES_HISTORY,https://www.nseindia.com/reports-indices-historical-index-data#NIFTY_50_2022-03-06_2022-06-03.json,2022-05-12,OFFICIAL_NSE_INDEX_CLOSE_NO_FORWARD_FILL,BENCHMARK_CONTEXT_V1
2022-05-16,NIFTY_50,NIFTY 50,15845.1,15977.95,15739.65,15842.3,NSE_OFFICIAL_HISTORICAL_OR_INDICES_HISTORY,https://www.nseindia.com/reports-indices-historical-index-data#NIFTY_50_2022-03-06_2022-06-03.json,2022-05-15,OFFICIAL_NSE_INDEX_CLOSE_NO_FORWARD_FILL,BENCHMARK_CONTEXT_V1
2022-05-17,NIFTY_50,NIFTY 50,15912.6,16284.25,15900.8,16259.3,NSE_OFFICIAL_HISTORICAL_OR_INDICES_HISTORY,https://www.nseindia.com/reports-indices-historical-index-data#NIFTY_50_2022-03-06_2022-06-03.json,2022-05-16,OFFICIAL_NSE_INDEX_CLOSE_NO_FORWARD_FILL,BENCHMARK_CONTEXT_V1
2022-05-18,NIFTY_50,NIFTY 50,16318.15,16399.8,16211.2,16240.3,NSE_OFFICIAL_HISTORICAL_OR_INDICES_HISTORY,https://www.nseindia.com/reports-indices-historical-index-data#NIFTY_50_2022-03-06_2022-06-03.json,2022-05-17,OFFICIAL_NSE_INDEX_CLOSE_NO_FORWARD_FILL,BENCHMARK_CONTEXT_V1
2022-05-19,NIFTY_50,NIFTY 50,15917.4,15984.75,15775.2,15809.4,NSE_OFFICIAL_HISTORICAL_OR_INDICES_HISTORY,https://www.nseindia.com/reports-indices-historical-index-data#NIFTY_50_2022-03-06_2022-06-03.json,2022-05-18,OFFICIAL_NSE_INDEX_CLOSE_NO_FORWARD_FILL,BENCHMARK_CONTEXT_V1
2022-05-20,NIFTY_50,NIFTY 50,16043.8,16283.05,16003.85,16266.15,NSE_OFFICIAL_HISTORICAL_OR_INDICES_HISTORY,https://www.nseindia.com/reports-indices-historical-index-data#NIFTY_50_2022-03-06_2022-06-03.json,2022-05-19,OFFICIAL_NSE_INDEX_CLOSE_NO_FORWARD_FILL,BENCHMARK_CONTEXT_V1
2022-05-23,NIFTY_50,NIFTY 50,16290.95,16414.7,16185.75,16214.7,NSE_OFFICIAL_HISTORICAL_OR_INDICES_HISTORY,https://www.nseindia.com/reports-indices-historical-index-data#NIFTY_50_2022-03-06_2022-06-03.json,2022-05-22,OFFICIAL_NSE_INDEX_CLOSE_NO_FORWARD_FILL,BENCHMARK_CONTEXT_V1
2022-05-24,NIFTY_50,NIFTY 50,16225.55,16262.8,16078.6,16125.15,NSE_OFFICIAL_HISTORICAL_OR_INDICES_HISTORY,https://www.nseindia.com/reports-indices-historical-index-data#NIFTY_50_2022-03-06_2022-06-03.json,2022-05-23,OFFICIAL_NSE_INDEX_CLOSE_NO_FORWARD_FILL,BENCHMARK_CONTEXT_V1
2022-05-25,NIFTY_50,NIFTY 50,16196.35,16223.35,16006.95,16025.8,NSE_OFFICIAL_HISTORICAL_OR_INDICES_HISTORY,https://www.nseindia.com/reports-indices-historical-index-data#NIFTY_50_2022-03-06_2022-06-03.json,2022-05-24,OFFICIAL_NSE_INDEX_CLOSE_NO_FORWARD_FILL,BENCHMARK_CONTEXT_V1
2022-05-26,NIFTY_50,NIFTY 50,16105,16204.45,15903.7,16170.15,NSE_OFFICIAL_HISTORICAL_OR_INDICES_HISTORY,https://www.nseindia.com/reports-indices-historical-index-data#NIFTY_50_2022-03-06_2022-06-03.json,2022-05-25,OFFICIAL_NSE_INDEX_CLOSE_NO_FORWARD_FILL,BENCHMARK_CONTEXT_V1
2022-05-27,NIFTY_50,NIFTY 50,16296.6,16370.6,16221.95,16352.45,NSE_OFFICIAL_HISTORICAL_OR_INDICES_HISTORY,https://www.nseindia.com/reports-indices-historical-index-data#NIFTY_50_2022-03-06_2022-06-03.json,2022-05-26,OFFICIAL_NSE_INDEX_CLOSE_NO_FORWARD_FILL,BENCHMARK_CONTEXT_V1
2022-05-30,NIFTY_50,NIFTY 50,16527.9,16695.5,16506.15,16661.4,NSE_OFFICIAL_HISTORICAL_OR_INDICES_HISTORY,https://www.nseindia.com/reports-indices-historical-index-data#NIFTY_50_2022-03-06_2022-06-03.json,2022-05-29,OFFICIAL_NSE_INDEX_CLOSE_NO_FORWARD_FILL,BENCHMARK_CONTEXT_V1
2022-05-31,NIFTY_50,NIFTY 50,16578.45,16690.75,16521.9,16584.55,NSE_OFFICIAL_HISTORICAL_OR_INDICES_HISTORY,https://www.nseindia.com/reports-indices-historical-index-data#NIFTY_50_2022-03-06_2022-06-03.json,2022-05-30,OFFICIAL_NSE_INDEX_CLOSE_NO_FORWARD_FILL,BENCHMARK_CONTEXT_V1
2022-06-01,NIFTY_50,NIFTY 50,16594.4,16649.2,16438.85,16522.75,NSE_OFFICIAL_HISTORICAL_OR_INDICES_HISTORY,https://www.nseindia.com/reports-indices-historical-index-data#NIFTY_50_2022-03-06_2022-06-03.json,2022-05-31,OFFICIAL_NSE_INDEX_CLOSE_NO_FORWARD_FILL,BENCHMARK_CONTEXT_V1
2022-06-02,NIFTY_50,NIFTY 50,16481.65,16646.4,16443.05,16628,NSE_OFFICIAL_HISTORICAL_OR_INDICES_HISTORY,https://www.nseindia.com/reports-indices-historical-index-data#NIFTY_50_2022-03-06_2022-06-03.json,2022-06-01,OFFICIAL_NSE_INDEX_CLOSE_NO_FORWARD_FILL,BENCHMARK_CONTEXT_V1
2022-06-03,NIFTY_50,NIFTY 50,16761.65,16793.85,16567.9,16584.3,NSE_OFFICIAL_HISTORICAL_OR_INDICES_HISTORY,https://www.nseindia.com/reports-indices-historical-index-data#NIFTY_50_2022-03-06_2022-06-03.json,2022-06-02,OFFICIAL_NSE_INDEX_CLOSE_NO_FORWARD_FILL,BENCHMARK_CONTEXT_V1
2022-06-06,NIFTY_50,NIFTY 50,16530.7,16610.95,16444.55,16569.55,NSE_OFFICIAL_HISTORICAL_OR_INDICES_HISTORY,https://www.nseindia.com/reports-indices-historical-index-data#NIFTY_50_2022-06-04_2022-09-01.json,2022-06-05,OFFICIAL_NSE_INDEX_CLOSE_NO_FORWARD_FILL,BENCHMARK_CONTEXT_V1
2022-06-07,NIFTY_50,NIFTY 50,16469.6,16487.25,16347.1,16416.35,NSE_OFFICIAL_HISTORICAL_OR_INDICES_HISTORY,https://www.nseindia.com/reports-indices-historical-index-data#NIFTY_50_2022-06-04_2022-09-01.json,2022-06-06,OFFICIAL_NSE_INDEX_CLOSE_NO_FORWARD_FILL,BENCHMARK_CONTEXT_V1
2022-06-08,NIFTY_50,NIFTY 50,16474.95,16514.3,16293.35,16356.25,NSE_OFFICIAL_HISTORICAL_OR_INDICES_HISTORY,https://www.nseindia.com/reports-indices-historical-index-data#NIFTY_50_2022-06-04_2022-09-01.json,2022-06-07,OFFICIAL_NSE_INDEX_CLOSE_NO_FORWARD_FILL,BENCHMARK_CONTEXT_V1
2022-06-09,NIFTY_50,NIFTY 50,16263.85,16492.8,16243.85,16478.1,NSE_OFFICIAL_HISTORICAL_OR_INDICES_HISTORY,https://www.nseindia.com/reports-indices-historical-index-data#NIFTY_50_2022-06-04_2022-09-01.json,2022-06-08,OFFICIAL_NSE_INDEX_CLOSE_NO_FORWARD_FILL,BENCHMARK_CONTEXT_V1
2022-06-10,NIFTY_50,NIFTY 50,16283.95,16324.7,16172.6,16201.8,NSE_OFFICIAL_HISTORICAL_OR_INDICES_HISTORY,https://www.nseindia.com/reports-indices-historical-index-data#NIFTY_50_2022-06-04_2022-09-01.json,2022-06-09,OFFICIAL_NSE_INDEX_CLOSE_NO_FORWARD_FILL,BENCHMARK_CONTEXT_V1
2022-06-13,NIFTY_50,NIFTY 50,15877.55,15886.15,15684,15774.4,NSE_OFFICIAL_HISTORICAL_OR_INDICES_HISTORY,https://www.nseindia.com/reports-indices-historical-index-data#NIFTY_50_2022-06-04_2022-09-01.json,2022-06-12,OFFICIAL_NSE_INDEX_CLOSE_NO_FORWARD_FILL,BENCHMARK_CONTEXT_V1
2022-06-14,NIFTY_50,NIFTY 50,15674.25,15858,15659.45,15732.1,NSE_OFFICIAL_HISTORICAL_OR_INDICES_HISTORY,https://www.nseindia.com/reports-indices-historical-index-data#NIFTY_50_2022-06-04_2022-09-01.json,2022-06-13,OFFICIAL_NSE_INDEX_CLOSE_NO_FORWARD_FILL,BENCHMARK_CONTEXT_V1
2022-06-15,NIFTY_50,NIFTY 50,15729.25,15783.65,15678.9,15692.15,NSE_OFFICIAL_HISTORICAL_OR_INDICES_HISTORY,https://www.nseindia.com/reports-indices-historical-index-data#NIFTY_50_2022-06-04_2022-09-01.json,2022-06-14,OFFICIAL_NSE_INDEX_CLOSE_NO_FORWARD_FILL,BENCHMARK_CONTEXT_V1
2022-06-16,NIFTY_50,NIFTY 50,15832.25,15863.15,15335.1,15360.6,NSE_OFFICIAL_HISTORICAL_OR_INDICES_HISTORY,https://www.nseindia.com/reports-indices-historical-index-data#NIFTY_50_2022-06-04_2022-09-01.json,2022-06-15,OFFICIAL_NSE_INDEX_CLOSE_NO_FORWARD_FILL,BENCHMARK_CONTEXT_V1
2022-06-17,NIFTY_50,NIFTY 50,15272.65,15400.4,15183.4,15293.5,NSE_OFFICIAL_HISTORICAL_OR_INDICES_HISTORY,https://www.nseindia.com/reports-indices-historical-index-data#NIFTY_50_2022-06-04_2022-09-01.json,2022-06-16,OFFICIAL_NSE_INDEX_CLOSE_NO_FORWARD_FILL,BENCHMARK_CONTEXT_V1
2022-06-20,NIFTY_50,NIFTY 50,15334.5,15382.5,15191.1,15350.15,NSE_OFFICIAL_HISTORICAL_OR_INDICES_HISTORY,https://www.nseindia.com/reports-indices-historical-index-data#NIFTY_50_2022-06-04_2022-09-01.json,2022-06-19,OFFICIAL_NSE_INDEX_CLOSE_NO_FORWARD_FILL,BENCHMARK_CONTEXT_V1
2022-06-21,NIFTY_50,NIFTY 50,15455.95,15707.25,15419.85,15638.8,NSE_OFFICIAL_HISTORICAL_OR_INDICES_HISTORY,https://www.nseindia.com/reports-indices-historical-index-data#NIFTY_50_2022-06-04_2022-09-01.json,2022-06-20,OFFICIAL_NSE_INDEX_CLOSE_NO_FORWARD_FILL,BENCHMARK_CONTEXT_V1
2022-06-22,NIFTY_50,NIFTY 50,15545.65,15565.4,15385.95,15413.3,NSE_OFFICIAL_HISTORICAL_OR_INDICES_HISTORY,https://www.nseindia.com/reports-indices-historical-index-data#NIFTY_50_2022-06-04_2022-09-01.json,2022-06-21,OFFICIAL_NSE_INDEX_CLOSE_NO_FORWARD_FILL,BENCHMARK_CONTEXT_V1
2022-06-23,NIFTY_50,NIFTY 50,15451.55,15628.45,15367.5,15556.65,NSE_OFFICIAL_HISTORICAL_OR_INDICES_HISTORY,https://www.nseindia.com/reports-indices-historical-index-data#NIFTY_50_2022-06-04_2022-09-01.json,2022-06-22,OFFICIAL_NSE_INDEX_CLOSE_NO_FORWARD_FILL,BENCHMARK_CONTEXT_V1
2022-06-24,NIFTY_50,NIFTY 50,15657.4,15749.25,15619.45,15699.25,NSE_OFFICIAL_HISTORICAL_OR_INDICES_HISTORY,https://www.nseindia.com/reports-indices-historical-index-data#NIFTY_50_2022-06-04_2022-09-01.json,2022-06-23,OFFICIAL_NSE_INDEX_CLOSE_NO_FORWARD_FILL,BENCHMARK_CONTEXT_V1
2022-06-27,NIFTY_50,NIFTY 50,15926.2,15927.45,15815.5,15832.05,NSE_OFFICIAL_HISTORICAL_OR_INDICES_HISTORY,https://www.nseindia.com/reports-indices-historical-index-data#NIFTY_50_2022-06-04_2022-09-01.json,2022-06-26,OFFICIAL_NSE_INDEX_CLOSE_NO_FORWARD_FILL,BENCHMARK_CONTEXT_V1
2022-06-28,NIFTY_50,NIFTY 50,15757.45,15892.1,15710.15,15850.2,NSE_OFFICIAL_HISTORICAL_OR_INDICES_HISTORY,https://www.nseindia.com/reports-indices-historical-index-data#NIFTY_50_2022-06-04_2022-09-01.json,2022-06-27,OFFICIAL_NSE_INDEX_CLOSE_NO_FORWARD_FILL,BENCHMARK_CONTEXT_V1
2022-06-29,NIFTY_50,NIFTY 50,15701.7,15861.6,15687.8,15799.1,NSE_OFFICIAL_HISTORICAL_OR_INDICES_HISTORY,https://www.nseindia.com/reports-indices-historical-index-data#NIFTY_50_2022-06-04_2022-09-01.json,2022-06-28,OFFICIAL_NSE_INDEX_CLOSE_NO_FORWARD_FILL,BENCHMARK_CONTEXT_V1
2022-06-30,NIFTY_50,NIFTY 50,15774.5,15890,15728.85,15780.25,NSE_OFFICIAL_HISTORICAL_OR_INDICES_HISTORY,https://www.nseindia.com/reports-indices-historical-index-data#NIFTY_50_2022-06-04_2022-09-01.json,2022-06-29,OFFICIAL_NSE_INDEX_CLOSE_NO_FORWARD_FILL,BENCHMARK_CONTEXT_V1
2022-07-01,NIFTY_50,NIFTY 50,15703.7,15793.95,15511.05,15752.05,NSE_OFFICIAL_HISTORICAL_OR_INDICES_HISTORY,https://www.nseindia.com/reports-indices-historical-index-data#NIFTY_50_2022-06-04_2022-09-01.json,2022-06-30,OFFICIAL_NSE_INDEX_CLOSE_NO_FORWARD_FILL,BENCHMARK_CONTEXT_V1
2022-07-04,NIFTY_50,NIFTY 50,15710.5,15852.35,15661.8,15835.35,NSE_OFFICIAL_HISTORICAL_OR_INDICES_HISTORY,https://www.nseindia.com/reports-indices-historical-index-data#NIFTY_50_2022-06-04_2022-09-01.json,2022-07-03,OFFICIAL_NSE_INDEX_CLOSE_NO_FORWARD_FILL,BENCHMARK_CONTEXT_V1
2022-07-05,NIFTY_50,NIFTY 50,15909.15,16025.75,15785.45,15810.85,NSE_OFFICIAL_HISTORICAL_OR_INDICES_HISTORY,https://www.nseindia.com/reports-indices-historical-index-data#NIFTY_50_2022-06-04_2022-09-01.json,2022-07-04,OFFICIAL_NSE_INDEX_CLOSE_NO_FORWARD_FILL,BENCHMARK_CONTEXT_V1
2022-07-06,NIFTY_50,NIFTY 50,15818.2,16011.35,15800.9,15989.8,NSE_OFFICIAL_HISTORICAL_OR_INDICES_HISTORY,https://www.nseindia.com/reports-indices-historical-index-data#NIFTY_50_2022-06-04_2022-09-01.json,2022-07-05,OFFICIAL_NSE_INDEX_CLOSE_NO_FORWARD_FILL,BENCHMARK_CONTEXT_V1
2022-07-07,NIFTY_50,NIFTY 50,16113.75,16150.5,16045.95,16132.9,NSE_OFFICIAL_HISTORICAL_OR_INDICES_HISTORY,https://www.nseindia.com/reports-indices-historical-index-data#NIFTY_50_2022-06-04_2022-09-01.json,2022-07-06,OFFICIAL_NSE_INDEX_CLOSE_NO_FORWARD_FILL,BENCHMARK_CONTEXT_V1
2022-07-08,NIFTY_50,NIFTY 50,16273.65,16275.5,16157.9,16220.6,NSE_OFFICIAL_HISTORICAL_OR_INDICES_HISTORY,https://www.nseindia.com/reports-indices-historical-index-data#NIFTY_50_2022-06-04_2022-09-01.json,2022-07-07,OFFICIAL_NSE_INDEX_CLOSE_NO_FORWARD_FILL,BENCHMARK_CONTEXT_V1
2022-07-11,NIFTY_50,NIFTY 50,16136.15,16248.55,16115.5,16216,NSE_OFFICIAL_HISTORICAL_OR_INDICES_HISTORY,https://www.nseindia.com/reports-indices-historical-index-data#NIFTY_50_2022-06-04_2022-09-01.json,2022-07-10,OFFICIAL_NSE_INDEX_CLOSE_NO_FORWARD_FILL,BENCHMARK_CONTEXT_V1
2022-07-12,NIFTY_50,NIFTY 50,16126.2,16158.75,16031.15,16058.3,NSE_OFFICIAL_HISTORICAL_OR_INDICES_HISTORY,https://www.nseindia.com/reports-indices-historical-index-data#NIFTY_50_2022-06-04_2022-09-01.json,2022-07-11,OFFICIAL_NSE_INDEX_CLOSE_NO_FORWARD_FILL,BENCHMARK_CONTEXT_V1
2022-07-13,NIFTY_50,NIFTY 50,16128.2,16140,15950.15,15966.65,NSE_OFFICIAL_HISTORICAL_OR_INDICES_HISTORY,https://www.nseindia.com/reports-indices-historical-index-data#NIFTY_50_2022-06-04_2022-09-01.json,2022-07-12,OFFICIAL_NSE_INDEX_CLOSE_NO_FORWARD_FILL,BENCHMARK_CONTEXT_V1
2022-07-14,NIFTY_50,NIFTY 50,16018.85,16070.85,15858.2,15938.65,NSE_OFFICIAL_HISTORICAL_OR_INDICES_HISTORY,https://www.nseindia.com/reports-indices-historical-index-data#NIFTY_50_2022-06-04_2022-09-01.json,2022-07-13,OFFICIAL_NSE_INDEX_CLOSE_NO_FORWARD_FILL,BENCHMARK_CONTEXT_V1
2022-07-15,NIFTY_50,NIFTY 50,16010.8,16066.95,15927.3,16049.2,NSE_OFFICIAL_HISTORICAL_OR_INDICES_HISTORY,https://www.nseindia.com/reports-indices-historical-index-data#NIFTY_50_2022-06-04_2022-09-01.json,2022-07-14,OFFICIAL_NSE_INDEX_CLOSE_NO_FORWARD_FILL,BENCHMARK_CONTEXT_V1
2022-07-18,NIFTY_50,NIFTY 50,16151.4,16287.95,16142.2,16278.5,NSE_OFFICIAL_HISTORICAL_OR_INDICES_HISTORY,https://www.nseindia.com/reports-indices-historical-index-data#NIFTY_50_2022-06-04_2022-09-01.json,2022-07-17,OFFICIAL_NSE_INDEX_CLOSE_NO_FORWARD_FILL,BENCHMARK_CONTEXT_V1
2022-07-19,NIFTY_50,NIFTY 50,16187.05,16359.5,16187.05,16340.55,NSE_OFFICIAL_HISTORICAL_OR_INDICES_HISTORY,https://www.nseindia.com/reports-indices-historical-index-data#NIFTY_50_2022-06-04_2022-09-01.json,2022-07-18,OFFICIAL_NSE_INDEX_CLOSE_NO_FORWARD_FILL,BENCHMARK_CONTEXT_V1
2022-07-20,NIFTY_50,NIFTY 50,16562.8,16588,16490.95,16520.85,NSE_OFFICIAL_HISTORICAL_OR_INDICES_HISTORY,https://www.nseindia.com/reports-indices-historical-index-data#NIFTY_50_2022-06-04_2022-09-01.json,2022-07-19,OFFICIAL_NSE_INDEX_CLOSE_NO_FORWARD_FILL,BENCHMARK_CONTEXT_V1
2022-07-21,NIFTY_50,NIFTY 50,16523.55,16626.95,16483.9,16605.25,NSE_OFFICIAL_HISTORICAL_OR_INDICES_HISTORY,https://www.nseindia.com/reports-indices-historical-index-data#NIFTY_50_2022-06-04_2022-09-01.json,2022-07-20,OFFICIAL_NSE_INDEX_CLOSE_NO_FORWARD_FILL,BENCHMARK_CONTEXT_V1
2022-07-22,NIFTY_50,NIFTY 50,16661.25,16752.25,16610.9,16719.45,NSE_OFFICIAL_HISTORICAL_OR_INDICES_HISTORY,https://www.nseindia.com/reports-indices-historical-index-data#NIFTY_50_2022-06-04_2022-09-01.json,2022-07-21,OFFICIAL_NSE_INDEX_CLOSE_NO_FORWARD_FILL,BENCHMARK_CONTEXT_V1
2022-07-25,NIFTY_50,NIFTY 50,16662.55,16706.05,16564.25,16631,NSE_OFFICIAL_HISTORICAL_OR_INDICES_HISTORY,https://www.nseindia.com/reports-indices-historical-index-data#NIFTY_50_2022-06-04_2022-09-01.json,2022-07-24,OFFICIAL_NSE_INDEX_CLOSE_NO_FORWARD_FILL,BENCHMARK_CONTEXT_V1
2022-07-26,NIFTY_50,NIFTY 50,16632.9,16636.1,16463.3,16483.85,NSE_OFFICIAL_HISTORICAL_OR_INDICES_HISTORY,https://www.nseindia.com/reports-indices-historical-index-data#NIFTY_50_2022-06-04_2022-09-01.json,2022-07-25,OFFICIAL_NSE_INDEX_CLOSE_NO_FORWARD_FILL,BENCHMARK_CONTEXT_V1
2022-07-27,NIFTY_50,NIFTY 50,16475.35,16653.45,16438.75,16641.8,NSE_OFFICIAL_HISTORICAL_OR_INDICES_HISTORY,https://www.nseindia.com/reports-indices-historical-index-data#NIFTY_50_2022-06-04_2022-09-01.json,2022-07-26,OFFICIAL_NSE_INDEX_CLOSE_NO_FORWARD_FILL,BENCHMARK_CONTEXT_V1
2022-07-28,NIFTY_50,NIFTY 50,16774.85,16947.65,16746.25,16929.6,NSE_OFFICIAL_HISTORICAL_OR_INDICES_HISTORY,https://www.nseindia.com/reports-indices-historical-index-data#NIFTY_50_2022-06-04_2022-09-01.json,2022-07-27,OFFICIAL_NSE_INDEX_CLOSE_NO_FORWARD_FILL,BENCHMARK_CONTEXT_V1
2022-07-29,NIFTY_50,NIFTY 50,17079.5,17172.8,17018.15,17158.25,NSE_OFFICIAL_HISTORICAL_OR_INDICES_HISTORY,https://www.nseindia.com/reports-indices-historical-index-data#NIFTY_50_2022-06-04_2022-09-01.json,2022-07-28,OFFICIAL_NSE_INDEX_CLOSE_NO_FORWARD_FILL,BENCHMARK_CONTEXT_V1
2022-08-01,NIFTY_50,NIFTY 50,17243.2,17356.25,17154.8,17340.05,NSE_OFFICIAL_HISTORICAL_OR_INDICES_HISTORY,https://www.nseindia.com/reports-indices-historical-index-data#NIFTY_50_2022-06-04_2022-09-01.json,2022-07-31,OFFICIAL_NSE_INDEX_CLOSE_NO_FORWARD_FILL,BENCHMARK_CONTEXT_V1
2022-08-02,NIFTY_50,NIFTY 50,17310.15,17390.15,17215.85,17345.45,NSE_OFFICIAL_HISTORICAL_OR_INDICES_HISTORY,https://www.nseindia.com/reports-indices-historical-index-data#NIFTY_50_2022-06-04_2022-09-01.json,2022-08-01,OFFICIAL_NSE_INDEX_CLOSE_NO_FORWARD_FILL,BENCHMARK_CONTEXT_V1
2022-08-03,NIFTY_50,NIFTY 50,17349.25,17407.5,17225.85,17388.15,NSE_OFFICIAL_HISTORICAL_OR_INDICES_HISTORY,https://www.nseindia.com/reports-indices-historical-index-data#NIFTY_50_2022-06-04_2022-09-01.json,2022-08-02,OFFICIAL_NSE_INDEX_CLOSE_NO_FORWARD_FILL,BENCHMARK_CONTEXT_V1
2022-08-04,NIFTY_50,NIFTY 50,17463.1,17490.7,17161.25,17382,NSE_OFFICIAL_HISTORICAL_OR_INDICES_HISTORY,https://www.nseindia.com/reports-indices-historical-index-data#NIFTY_50_2022-06-04_2022-09-01.json,2022-08-03,OFFICIAL_NSE_INDEX_CLOSE_NO_FORWARD_FILL,BENCHMARK_CONTEXT_V1
2022-08-05,NIFTY_50,NIFTY 50,17423.65,17474.4,17348.75,17397.5,NSE_OFFICIAL_HISTORICAL_OR_INDICES_HISTORY,https://www.nseindia.com/reports-indices-historical-index-data#NIFTY_50_2022-06-04_2022-09-01.json,2022-08-04,OFFICIAL_NSE_INDEX_CLOSE_NO_FORWARD_FILL,BENCHMARK_CONTEXT_V1
2022-08-08,NIFTY_50,NIFTY 50,17401.5,17548.8,17359.75,17525.1,NSE_OFFICIAL_HISTORICAL_OR_INDICES_HISTORY,https://www.nseindia.com/reports-indices-historical-index-data#NIFTY_50_2022-06-04_2022-09-01.json,2022-08-07,OFFICIAL_NSE_INDEX_CLOSE_NO_FORWARD_FILL,BENCHMARK_CONTEXT_V1
2022-08-10,NIFTY_50,NIFTY 50,17566.1,17566.1,17442.8,17534.75,NSE_OFFICIAL_HISTORICAL_OR_INDICES_HISTORY,https://www.nseindia.com/reports-indices-historical-index-data#NIFTY_50_2022-06-04_2022-09-01.json,2022-08-09,OFFICIAL_NSE_INDEX_CLOSE_NO_FORWARD_FILL,BENCHMARK_CONTEXT_V1
2022-08-11,NIFTY_50,NIFTY 50,17711.65,17719.3,17631.95,17659,NSE_OFFICIAL_HISTORICAL_OR_INDICES_HISTORY,https://www.nseindia.com/reports-indices-historical-index-data#NIFTY_50_2022-06-04_2022-09-01.json,2022-08-10,OFFICIAL_NSE_INDEX_CLOSE_NO_FORWARD_FILL,BENCHMARK_CONTEXT_V1
2022-08-12,NIFTY_50,NIFTY 50,17659.65,17724.65,17597.85,17698.15,NSE_OFFICIAL_HISTORICAL_OR_INDICES_HISTORY,https://www.nseindia.com/reports-indices-historical-index-data#NIFTY_50_2022-06-04_2022-09-01.json,2022-08-11,OFFICIAL_NSE_INDEX_CLOSE_NO_FORWARD_FILL,BENCHMARK_CONTEXT_V1
2022-08-16,NIFTY_50,NIFTY 50,17797.2,17839.1,17764.05,17825.25,NSE_OFFICIAL_HISTORICAL_OR_INDICES_HISTORY,https://www.nseindia.com/reports-indices-historical-index-data#NIFTY_50_2022-06-04_2022-09-01.json,2022-08-15,OFFICIAL_NSE_INDEX_CLOSE_NO_FORWARD_FILL,BENCHMARK_CONTEXT_V1
2022-08-17,NIFTY_50,NIFTY 50,17868.15,17965.95,17833.35,17944.25,NSE_OFFICIAL_HISTORICAL_OR_INDICES_HISTORY,https://www.nseindia.com/reports-indices-historical-index-data#NIFTY_50_2022-06-04_2022-09-01.json,2022-08-16,OFFICIAL_NSE_INDEX_CLOSE_NO_FORWARD_FILL,BENCHMARK_CONTEXT_V1
2022-08-18,NIFTY_50,NIFTY 50,17898.65,17968.45,17852.05,17956.5,NSE_OFFICIAL_HISTORICAL_OR_INDICES_HISTORY,https://www.nseindia.com/reports-indices-historical-index-data#NIFTY_50_2022-06-04_2022-09-01.json,2022-08-17,OFFICIAL_NSE_INDEX_CLOSE_NO_FORWARD_FILL,BENCHMARK_CONTEXT_V1
2022-08-19,NIFTY_50,NIFTY 50,17966.55,17992.2,17710.75,17758.45,NSE_OFFICIAL_HISTORICAL_OR_INDICES_HISTORY,https://www.nseindia.com/reports-indices-historical-index-data#NIFTY_50_2022-06-04_2022-09-01.json,2022-08-18,OFFICIAL_NSE_INDEX_CLOSE_NO_FORWARD_FILL,BENCHMARK_CONTEXT_V1
2022-08-22,NIFTY_50,NIFTY 50,17682.9,17690.05,17467.35,17490.7,NSE_OFFICIAL_HISTORICAL_OR_INDICES_HISTORY,https://www.nseindia.com/reports-indices-historical-index-data#NIFTY_50_2022-06-04_2022-09-01.json,2022-08-21,OFFICIAL_NSE_INDEX_CLOSE_NO_FORWARD_FILL,BENCHMARK_CONTEXT_V1
2022-08-23,NIFTY_50,NIFTY 50,17357.35,17625.55,17345.2,17577.5,NSE_OFFICIAL_HISTORICAL_OR_INDICES_HISTORY,https://www.nseindia.com/reports-indices-historical-index-data#NIFTY_50_2022-06-04_2022-09-01.json,2022-08-22,OFFICIAL_NSE_INDEX_CLOSE_NO_FORWARD_FILL,BENCHMARK_CONTEXT_V1
2022-08-24,NIFTY_50,NIFTY 50,17525.45,17623.65,17499.25,17604.95,NSE_OFFICIAL_HISTORICAL_OR_INDICES_HISTORY,https://www.nseindia.com/reports-indices-historical-index-data#NIFTY_50_2022-06-04_2022-09-01.json,2022-08-23,OFFICIAL_NSE_INDEX_CLOSE_NO_FORWARD_FILL,BENCHMARK_CONTEXT_V1
2022-08-25,NIFTY_50,NIFTY 50,17679,17726.5,17487.45,17522.45,NSE_OFFICIAL_HISTORICAL_OR_INDICES_HISTORY,https://www.nseindia.com/reports-indices-historical-index-data#NIFTY_50_2022-06-04_2022-09-01.json,2022-08-24,OFFICIAL_NSE_INDEX_CLOSE_NO_FORWARD_FILL,BENCHMARK_CONTEXT_V1
2022-08-26,NIFTY_50,NIFTY 50,17619.3,17685.85,17519.35,17558.9,NSE_OFFICIAL_HISTORICAL_OR_INDICES_HISTORY,https://www.nseindia.com/reports-indices-historical-index-data#NIFTY_50_2022-06-04_2022-09-01.json,2022-08-25,OFFICIAL_NSE_INDEX_CLOSE_NO_FORWARD_FILL,BENCHMARK_CONTEXT_V1
2022-08-29,NIFTY_50,NIFTY 50,17188.65,17380.15,17166.2,17312.9,NSE_OFFICIAL_HISTORICAL_OR_INDICES_HISTORY,https://www.nseindia.com/reports-indices-historical-index-data#NIFTY_50_2022-06-04_2022-09-01.json,2022-08-28,OFFICIAL_NSE_INDEX_CLOSE_NO_FORWARD_FILL,BENCHMARK_CONTEXT_V1
2022-08-30,NIFTY_50,NIFTY 50,17414.95,17777.65,17401.5,17759.3,NSE_OFFICIAL_HISTORICAL_OR_INDICES_HISTORY,https://www.nseindia.com/reports-indices-historical-index-data#NIFTY_50_2022-06-04_2022-09-01.json,2022-08-29,OFFICIAL_NSE_INDEX_CLOSE_NO_FORWARD_FILL,BENCHMARK_CONTEXT_V1
2022-09-01,NIFTY_50,NIFTY 50,17485.7,17695.6,17468.45,17542.8,NSE_OFFICIAL_HISTORICAL_OR_INDICES_HISTORY,https://www.nseindia.com/reports-indices-historical-index-data#NIFTY_50_2022-06-04_2022-09-01.json,2022-08-31,OFFICIAL_NSE_INDEX_CLOSE_NO_FORWARD_FILL,BENCHMARK_CONTEXT_V1
2022-09-02,NIFTY_50,NIFTY 50,17598.4,17643.85,17476.45,17539.45,NSE_OFFICIAL_HISTORICAL_OR_INDICES_HISTORY,https://www.nseindia.com/reports-indices-historical-index-data#NIFTY_50_2022-09-02_2022-11-30.json,2022-09-01,OFFICIAL_NSE_INDEX_CLOSE_NO_FORWARD_FILL,BENCHMARK_CONTEXT_V1
2022-09-05,NIFTY_50,NIFTY 50,17546.45,17683.15,17540.35,17665.8,NSE_OFFICIAL_HISTORICAL_OR_INDICES_HISTORY,https://www.nseindia.com/reports-indices-historical-index-data#NIFTY_50_2022-09-02_2022-11-30.json,2022-09-04,OFFICIAL_NSE_INDEX_CLOSE_NO_FORWARD_FILL,BENCHMARK_CONTEXT_V1
2022-09-06,NIFTY_50,NIFTY 50,17695.7,17764.65,17587.65,17655.6,NSE_OFFICIAL_HISTORICAL_OR_INDICES_HISTORY,https://www.nseindia.com/reports-indices-historical-index-data#NIFTY_50_2022-09-02_2022-11-30.json,2022-09-05,OFFICIAL_NSE_INDEX_CLOSE_NO_FORWARD_FILL,BENCHMARK_CONTEXT_V1
2022-09-07,NIFTY_50,NIFTY 50,17519.4,17650.75,17484.3,17624.4,NSE_OFFICIAL_HISTORICAL_OR_INDICES_HISTORY,https://www.nseindia.com/reports-indices-historical-index-data#NIFTY_50_2022-09-02_2022-11-30.json,2022-09-06,OFFICIAL_NSE_INDEX_CLOSE_NO_FORWARD_FILL,BENCHMARK_CONTEXT_V1
2022-09-08,NIFTY_50,NIFTY 50,17748.15,17807.65,17691.95,17798.75,NSE_OFFICIAL_HISTORICAL_OR_INDICES_HISTORY,https://www.nseindia.com/reports-indices-historical-index-data#NIFTY_50_2022-09-02_2022-11-30.json,2022-09-07,OFFICIAL_NSE_INDEX_CLOSE_NO_FORWARD_FILL,BENCHMARK_CONTEXT_V1
2022-09-09,NIFTY_50,NIFTY 50,17923.35,17925.95,17786,17833.35,NSE_OFFICIAL_HISTORICAL_OR_INDICES_HISTORY,https://www.nseindia.com/reports-indices-historical-index-data#NIFTY_50_2022-09-02_2022-11-30.json,2022-09-08,OFFICIAL_NSE_INDEX_CLOSE_NO_FORWARD_FILL,BENCHMARK_CONTEXT_V1
2022-09-12,NIFTY_50,NIFTY 50,17890.85,17980.55,17889.15,17936.35,NSE_OFFICIAL_HISTORICAL_OR_INDICES_HISTORY,https://www.nseindia.com/reports-indices-historical-index-data#NIFTY_50_2022-09-02_2022-11-30.json,2022-09-11,OFFICIAL_NSE_INDEX_CLOSE_NO_FORWARD_FILL,BENCHMARK_CONTEXT_V1
2022-09-13,NIFTY_50,NIFTY 50,18044.45,18088.3,18015.45,18070.05,NSE_OFFICIAL_HISTORICAL_OR_INDICES_HISTORY,https://www.nseindia.com/reports-indices-historical-index-data#NIFTY_50_2022-09-02_2022-11-30.json,2022-09-12,OFFICIAL_NSE_INDEX_CLOSE_NO_FORWARD_FILL,BENCHMARK_CONTEXT_V1
2022-09-14,NIFTY_50,NIFTY 50,17771.15,18091.55,17771.15,18003.75,NSE_OFFICIAL_HISTORICAL_OR_INDICES_HISTORY,https://www.nseindia.com/reports-indices-historical-index-data#NIFTY_50_2022-09-02_2022-11-30.json,2022-09-13,OFFICIAL_NSE_INDEX_CLOSE_NO_FORWARD_FILL,BENCHMARK_CONTEXT_V1
2022-09-15,NIFTY_50,NIFTY 50,18046.35,18096.15,17861.5,17877.4,NSE_OFFICIAL_HISTORICAL_OR_INDICES_HISTORY,https://www.nseindia.com/reports-indices-historical-index-data#NIFTY_50_2022-09-02_2022-11-30.json,2022-09-14,OFFICIAL_NSE_INDEX_CLOSE_NO_FORWARD_FILL,BENCHMARK_CONTEXT_V1
2022-09-16,NIFTY_50,NIFTY 50,17796.8,17820.05,17497.25,17530.85,NSE_OFFICIAL_HISTORICAL_OR_INDICES_HISTORY,https://www.nseindia.com/reports-indices-historical-index-data#NIFTY_50_2022-09-02_2022-11-30.json,2022-09-15,OFFICIAL_NSE_INDEX_CLOSE_NO_FORWARD_FILL,BENCHMARK_CONTEXT_V1
2022-09-19,NIFTY_50,NIFTY 50,17540.65,17667.2,17429.7,17622.25,NSE_OFFICIAL_HISTORICAL_OR_INDICES_HISTORY,https://www.nseindia.com/reports-indices-historical-index-data#NIFTY_50_2022-09-02_2022-11-30.json,2022-09-18,OFFICIAL_NSE_INDEX_CLOSE_NO_FORWARD_FILL,BENCHMARK_CONTEXT_V1
2022-09-20,NIFTY_50,NIFTY 50,17770.4,17919.3,17744.4,17816.25,NSE_OFFICIAL_HISTORICAL_OR_INDICES_HISTORY,https://www.nseindia.com/reports-indices-historical-index-data#NIFTY_50_2022-09-02_2022-11-30.json,2022-09-19,OFFICIAL_NSE_INDEX_CLOSE_NO_FORWARD_FILL,BENCHMARK_CONTEXT_V1
2022-09-21,NIFTY_50,NIFTY 50,17766.35,17838.7,17663.6,17718.35,NSE_OFFICIAL_HISTORICAL_OR_INDICES_HISTORY,https://www.nseindia.com/reports-indices-historical-index-data#NIFTY_50_2022-09-02_2022-11-30.json,2022-09-20,OFFICIAL_NSE_INDEX_CLOSE_NO_FORWARD_FILL,BENCHMARK_CONTEXT_V1
2022-09-22,NIFTY_50,NIFTY 50,17609.65,17722.75,17532.45,17629.8,NSE_OFFICIAL_HISTORICAL_OR_INDICES_HISTORY,https://www.nseindia.com/reports-indices-historical-index-data#NIFTY_50_2022-09-02_2022-11-30.json,2022-09-21,OFFICIAL_NSE_INDEX_CLOSE_NO_FORWARD_FILL,BENCHMARK_CONTEXT_V1
2022-09-23,NIFTY_50,NIFTY 50,17593.85,17642.15,17291.65,17327.35,NSE_OFFICIAL_HISTORICAL_OR_INDICES_HISTORY,https://www.nseindia.com/reports-indices-historical-index-data#NIFTY_50_2022-09-02_2022-11-30.json,2022-09-22,OFFICIAL_NSE_INDEX_CLOSE_NO_FORWARD_FILL,BENCHMARK_CONTEXT_V1
2022-09-26,NIFTY_50,NIFTY 50,17156.3,17196.4,16978.3,17016.3,NSE_OFFICIAL_HISTORICAL_OR_INDICES_HISTORY,https://www.nseindia.com/reports-indices-historical-index-data#NIFTY_50_2022-09-02_2022-11-30.json,2022-09-25,OFFICIAL_NSE_INDEX_CLOSE_NO_FORWARD_FILL,BENCHMARK_CONTEXT_V1
2022-09-27,NIFTY_50,NIFTY 50,17110.9,17176.45,16942.35,17007.4,NSE_OFFICIAL_HISTORICAL_OR_INDICES_HISTORY,https://www.nseindia.com/reports-indices-historical-index-data#NIFTY_50_2022-09-02_2022-11-30.json,2022-09-26,OFFICIAL_NSE_INDEX_CLOSE_NO_FORWARD_FILL,BENCHMARK_CONTEXT_V1
2022-09-28,NIFTY_50,NIFTY 50,16870.55,17037.6,16820.4,16858.6,NSE_OFFICIAL_HISTORICAL_OR_INDICES_HISTORY,https://www.nseindia.com/reports-indices-historical-index-data#NIFTY_50_2022-09-02_2022-11-30.json,2022-09-27,OFFICIAL_NSE_INDEX_CLOSE_NO_FORWARD_FILL,BENCHMARK_CONTEXT_V1
2022-09-29,NIFTY_50,NIFTY 50,16993.6,17026.05,16788.6,16818.1,NSE_OFFICIAL_HISTORICAL_OR_INDICES_HISTORY,https://www.nseindia.com/reports-indices-historical-index-data#NIFTY_50_2022-09-02_2022-11-30.json,2022-09-28,OFFICIAL_NSE_INDEX_CLOSE_NO_FORWARD_FILL,BENCHMARK_CONTEXT_V1
2022-09-30,NIFTY_50,NIFTY 50,16798.05,17187.1,16747.7,17094.35,NSE_OFFICIAL_HISTORICAL_OR_INDICES_HISTORY,https://www.nseindia.com/reports-indices-historical-index-data#NIFTY_50_2022-09-02_2022-11-30.json,2022-09-29,OFFICIAL_NSE_INDEX_CLOSE_NO_FORWARD_FILL,BENCHMARK_CONTEXT_V1
2022-10-03,NIFTY_50,NIFTY 50,17102.1,17114.65,16855.55,16887.35,NSE_OFFICIAL_HISTORICAL_OR_INDICES_HISTORY,https://www.nseindia.com/reports-indices-historical-index-data#NIFTY_50_2022-09-02_2022-11-30.json,2022-10-02,OFFICIAL_NSE_INDEX_CLOSE_NO_FORWARD_FILL,BENCHMARK_CONTEXT_V1
2022-10-04,NIFTY_50,NIFTY 50,17147.45,17287.3,17117.3,17274.3,NSE_OFFICIAL_HISTORICAL_OR_INDICES_HISTORY,https://www.nseindia.com/reports-indices-historical-index-data#NIFTY_50_2022-09-02_2022-11-30.json,2022-10-03,OFFICIAL_NSE_INDEX_CLOSE_NO_FORWARD_FILL,BENCHMARK_CONTEXT_V1
2022-10-06,NIFTY_50,NIFTY 50,17379.25,17428.8,17315.65,17331.8,NSE_OFFICIAL_HISTORICAL_OR_INDICES_HISTORY,https://www.nseindia.com/reports-indices-historical-index-data#NIFTY_50_2022-09-02_2022-11-30.json,2022-10-05,OFFICIAL_NSE_INDEX_CLOSE_NO_FORWARD_FILL,BENCHMARK_CONTEXT_V1
2022-10-07,NIFTY_50,NIFTY 50,17287.2,17337.35,17216.95,17314.65,NSE_OFFICIAL_HISTORICAL_OR_INDICES_HISTORY,https://www.nseindia.com/reports-indices-historical-index-data#NIFTY_50_2022-09-02_2022-11-30.json,2022-10-06,OFFICIAL_NSE_INDEX_CLOSE_NO_FORWARD_FILL,BENCHMARK_CONTEXT_V1
2022-10-10,NIFTY_50,NIFTY 50,17094.35,17280.15,17064.7,17241,NSE_OFFICIAL_HISTORICAL_OR_INDICES_HISTORY,https://www.nseindia.com/reports-indices-historical-index-data#NIFTY_50_2022-09-02_2022-11-30.json,2022-10-09,OFFICIAL_NSE_INDEX_CLOSE_NO_FORWARD_FILL,BENCHMARK_CONTEXT_V1
2022-10-11,NIFTY_50,NIFTY 50,17256.05,17261.8,16950.3,16983.55,NSE_OFFICIAL_HISTORICAL_OR_INDICES_HISTORY,https://www.nseindia.com/reports-indices-historical-index-data#NIFTY_50_2022-09-02_2022-11-30.json,2022-10-10,OFFICIAL_NSE_INDEX_CLOSE_NO_FORWARD_FILL,BENCHMARK_CONTEXT_V1
2022-10-12,NIFTY_50,NIFTY 50,17025.55,17142.35,16960.05,17123.6,NSE_OFFICIAL_HISTORICAL_OR_INDICES_HISTORY,https://www.nseindia.com/reports-indices-historical-index-data#NIFTY_50_2022-09-02_2022-11-30.json,2022-10-11,OFFICIAL_NSE_INDEX_CLOSE_NO_FORWARD_FILL,BENCHMARK_CONTEXT_V1
2022-10-13,NIFTY_50,NIFTY 50,17087.35,17112.35,16956.95,17014.35,NSE_OFFICIAL_HISTORICAL_OR_INDICES_HISTORY,https://www.nseindia.com/reports-indices-historical-index-data#NIFTY_50_2022-09-02_2022-11-30.json,2022-10-12,OFFICIAL_NSE_INDEX_CLOSE_NO_FORWARD_FILL,BENCHMARK_CONTEXT_V1
2022-10-14,NIFTY_50,NIFTY 50,17322.3,17348.55,17169.75,17185.7,NSE_OFFICIAL_HISTORICAL_OR_INDICES_HISTORY,https://www.nseindia.com/reports-indices-historical-index-data#NIFTY_50_2022-09-02_2022-11-30.json,2022-10-13,OFFICIAL_NSE_INDEX_CLOSE_NO_FORWARD_FILL,BENCHMARK_CONTEXT_V1
2022-10-17,NIFTY_50,NIFTY 50,17144.8,17328.55,17098.55,17311.8,NSE_OFFICIAL_HISTORICAL_OR_INDICES_HISTORY,https://www.nseindia.com/reports-indices-historical-index-data#NIFTY_50_2022-09-02_2022-11-30.json,2022-10-16,OFFICIAL_NSE_INDEX_CLOSE_NO_FORWARD_FILL,BENCHMARK_CONTEXT_V1
2022-10-18,NIFTY_50,NIFTY 50,17438.75,17527.8,17434.05,17486.95,NSE_OFFICIAL_HISTORICAL_OR_INDICES_HISTORY,https://www.nseindia.com/reports-indices-historical-index-data#NIFTY_50_2022-09-02_2022-11-30.json,2022-10-17,OFFICIAL_NSE_INDEX_CLOSE_NO_FORWARD_FILL,BENCHMARK_CONTEXT_V1
2022-10-19,NIFTY_50,NIFTY 50,17568.15,17607.6,17472.85,17512.25,NSE_OFFICIAL_HISTORICAL_OR_INDICES_HISTORY,https://www.nseindia.com/reports-indices-historical-index-data#NIFTY_50_2022-09-02_2022-11-30.json,2022-10-18,OFFICIAL_NSE_INDEX_CLOSE_NO_FORWARD_FILL,BENCHMARK_CONTEXT_V1
2022-10-20,NIFTY_50,NIFTY 50,17423.1,17584.15,17421,17563.95,NSE_OFFICIAL_HISTORICAL_OR_INDICES_HISTORY,https://www.nseindia.com/reports-indices-historical-index-data#NIFTY_50_2022-09-02_2022-11-30.json,2022-10-19,OFFICIAL_NSE_INDEX_CLOSE_NO_FORWARD_FILL,BENCHMARK_CONTEXT_V1
2022-10-21,NIFTY_50,NIFTY 50,17622.85,17670.15,17520.75,17576.3,NSE_OFFICIAL_HISTORICAL_OR_INDICES_HISTORY,https://www.nseindia.com/reports-indices-historical-index-data#NIFTY_50_2022-09-02_2022-11-30.json,2022-10-20,OFFICIAL_NSE_INDEX_CLOSE_NO_FORWARD_FILL,BENCHMARK_CONTEXT_V1
2022-10-24,NIFTY_50,NIFTY 50,17736.35,17777.55,17707.4,17730.75,NSE_OFFICIAL_HISTORICAL_OR_INDICES_HISTORY,https://www.nseindia.com/reports-indices-historical-index-data#NIFTY_50_2022-09-02_2022-11-30.json,2022-10-23,OFFICIAL_NSE_INDEX_CLOSE_NO_FORWARD_FILL,BENCHMARK_CONTEXT_V1
2022-10-25,NIFTY_50,NIFTY 50,17808.3,17811.5,17637,17656.35,NSE_OFFICIAL_HISTORICAL_OR_INDICES_HISTORY,https://www.nseindia.com/reports-indices-historical-index-data#NIFTY_50_2022-09-02_2022-11-30.json,2022-10-24,OFFICIAL_NSE_INDEX_CLOSE_NO_FORWARD_FILL,BENCHMARK_CONTEXT_V1
2022-10-27,NIFTY_50,NIFTY 50,17771.4,17783.9,17654.5,17736.95,NSE_OFFICIAL_HISTORICAL_OR_INDICES_HISTORY,https://www.nseindia.com/reports-indices-historical-index-data#NIFTY_50_2022-09-02_2022-11-30.json,2022-10-26,OFFICIAL_NSE_INDEX_CLOSE_NO_FORWARD_FILL,BENCHMARK_CONTEXT_V1
2022-10-28,NIFTY_50,NIFTY 50,17756.4,17838.9,17723.7,17786.8,NSE_OFFICIAL_HISTORICAL_OR_INDICES_HISTORY,https://www.nseindia.com/reports-indices-historical-index-data#NIFTY_50_2022-09-02_2022-11-30.json,2022-10-27,OFFICIAL_NSE_INDEX_CLOSE_NO_FORWARD_FILL,BENCHMARK_CONTEXT_V1
2022-10-31,NIFTY_50,NIFTY 50,17910.2,18022.8,17899.9,18012.2,NSE_OFFICIAL_HISTORICAL_OR_INDICES_HISTORY,https://www.nseindia.com/reports-indices-historical-index-data#NIFTY_50_2022-09-02_2022-11-30.json,2022-10-30,OFFICIAL_NSE_INDEX_CLOSE_NO_FORWARD_FILL,BENCHMARK_CONTEXT_V1
2022-11-01,NIFTY_50,NIFTY 50,18130.7,18175.8,18060.15,18145.4,NSE_OFFICIAL_HISTORICAL_OR_INDICES_HISTORY,https://www.nseindia.com/reports-indices-historical-index-data#NIFTY_50_2022-09-02_2022-11-30.json,2022-10-31,OFFICIAL_NSE_INDEX_CLOSE_NO_FORWARD_FILL,BENCHMARK_CONTEXT_V1
2022-11-02,NIFTY_50,NIFTY 50,18177.9,18178.75,18048.65,18082.85,NSE_OFFICIAL_HISTORICAL_OR_INDICES_HISTORY,https://www.nseindia.com/reports-indices-historical-index-data#NIFTY_50_2022-09-02_2022-11-30.json,2022-11-01,OFFICIAL_NSE_INDEX_CLOSE_NO_FORWARD_FILL,BENCHMARK_CONTEXT_V1
2022-11-03,NIFTY_50,NIFTY 50,17968.35,18106.3,17959.2,18052.7,NSE_OFFICIAL_HISTORICAL_OR_INDICES_HISTORY,https://www.nseindia.com/reports-indices-historical-index-data#NIFTY_50_2022-09-02_2022-11-30.json,2022-11-02,OFFICIAL_NSE_INDEX_CLOSE_NO_FORWARD_FILL,BENCHMARK_CONTEXT_V1
2022-11-04,NIFTY_50,NIFTY 50,18053.4,18135.1,18017.15,18117.15,NSE_OFFICIAL_HISTORICAL_OR_INDICES_HISTORY,https://www.nseindia.com/reports-indices-historical-index-data#NIFTY_50_2022-09-02_2022-11-30.json,2022-11-03,OFFICIAL_NSE_INDEX_CLOSE_NO_FORWARD_FILL,BENCHMARK_CONTEXT_V1
2022-11-07,NIFTY_50,NIFTY 50,18211.75,18255.5,18064.75,18202.8,NSE_OFFICIAL_HISTORICAL_OR_INDICES_HISTORY,https://www.nseindia.com/reports-indices-historical-index-data#NIFTY_50_2022-09-02_2022-11-30.json,2022-11-06,OFFICIAL_NSE_INDEX_CLOSE_NO_FORWARD_FILL,BENCHMARK_CONTEXT_V1
2022-11-09,NIFTY_50,NIFTY 50,18288.25,18296.4,18117.5,18157,NSE_OFFICIAL_HISTORICAL_OR_INDICES_HISTORY,https://www.nseindia.com/reports-indices-historical-index-data#NIFTY_50_2022-09-02_2022-11-30.json,2022-11-08,OFFICIAL_NSE_INDEX_CLOSE_NO_FORWARD_FILL,BENCHMARK_CONTEXT_V1
2022-11-10,NIFTY_50,NIFTY 50,18044.35,18103.1,17969.4,18028.2,NSE_OFFICIAL_HISTORICAL_OR_INDICES_HISTORY,https://www.nseindia.com/reports-indices-historical-index-data#NIFTY_50_2022-09-02_2022-11-30.json,2022-11-09,OFFICIAL_NSE_INDEX_CLOSE_NO_FORWARD_FILL,BENCHMARK_CONTEXT_V1
2022-11-11,NIFTY_50,NIFTY 50,18272.35,18362.3,18259.35,18349.7,NSE_OFFICIAL_HISTORICAL_OR_INDICES_HISTORY,https://www.nseindia.com/reports-indices-historical-index-data#NIFTY_50_2022-09-02_2022-11-30.json,2022-11-10,OFFICIAL_NSE_INDEX_CLOSE_NO_FORWARD_FILL,BENCHMARK_CONTEXT_V1
2022-11-14,NIFTY_50,NIFTY 50,18376.4,18399.45,18311.4,18329.15,NSE_OFFICIAL_HISTORICAL_OR_INDICES_HISTORY,https://www.nseindia.com/reports-indices-historical-index-data#NIFTY_50_2022-09-02_2022-11-30.json,2022-11-13,OFFICIAL_NSE_INDEX_CLOSE_NO_FORWARD_FILL,BENCHMARK_CONTEXT_V1
2022-11-15,NIFTY_50,NIFTY 50,18362.75,18427.95,18282,18403.4,NSE_OFFICIAL_HISTORICAL_OR_INDICES_HISTORY,https://www.nseindia.com/reports-indices-historical-index-data#NIFTY_50_2022-09-02_2022-11-30.json,2022-11-14,OFFICIAL_NSE_INDEX_CLOSE_NO_FORWARD_FILL,BENCHMARK_CONTEXT_V1
2022-11-16,NIFTY_50,NIFTY 50,18398.25,18442.15,18344.15,18409.65,NSE_OFFICIAL_HISTORICAL_OR_INDICES_HISTORY,https://www.nseindia.com/reports-indices-historical-index-data#NIFTY_50_2022-09-02_2022-11-30.json,2022-11-15,OFFICIAL_NSE_INDEX_CLOSE_NO_FORWARD_FILL,BENCHMARK_CONTEXT_V1
2022-11-17,NIFTY_50,NIFTY 50,18358.7,18417.6,18312.95,18343.9,NSE_OFFICIAL_HISTORICAL_OR_INDICES_HISTORY,https://www.nseindia.com/reports-indices-historical-index-data#NIFTY_50_2022-09-02_2022-11-30.json,2022-11-16,OFFICIAL_NSE_INDEX_CLOSE_NO_FORWARD_FILL,BENCHMARK_CONTEXT_V1
2022-11-18,NIFTY_50,NIFTY 50,18382.95,18394.6,18209.8,18307.65,NSE_OFFICIAL_HISTORICAL_OR_INDICES_HISTORY,https://www.nseindia.com/reports-indices-historical-index-data#NIFTY_50_2022-09-02_2022-11-30.json,2022-11-17,OFFICIAL_NSE_INDEX_CLOSE_NO_FORWARD_FILL,BENCHMARK_CONTEXT_V1
2022-11-21,NIFTY_50,NIFTY 50,18246.4,18262.3,18133.35,18159.95,NSE_OFFICIAL_HISTORICAL_OR_INDICES_HISTORY,https://www.nseindia.com/reports-indices-historical-index-data#NIFTY_50_2022-09-02_2022-11-30.json,2022-11-20,OFFICIAL_NSE_INDEX_CLOSE_NO_FORWARD_FILL,BENCHMARK_CONTEXT_V1
2022-11-22,NIFTY_50,NIFTY 50,18179.15,18261.85,18137.7,18244.2,NSE_OFFICIAL_HISTORICAL_OR_INDICES_HISTORY,https://www.nseindia.com/reports-indices-historical-index-data#NIFTY_50_2022-09-02_2022-11-30.json,2022-11-21,OFFICIAL_NSE_INDEX_CLOSE_NO_FORWARD_FILL,BENCHMARK_CONTEXT_V1
2022-11-23,NIFTY_50,NIFTY 50,18325.2,18325.4,18246,18267.25,NSE_OFFICIAL_HISTORICAL_OR_INDICES_HISTORY,https://www.nseindia.com/reports-indices-historical-index-data#NIFTY_50_2022-09-02_2022-11-30.json,2022-11-22,OFFICIAL_NSE_INDEX_CLOSE_NO_FORWARD_FILL,BENCHMARK_CONTEXT_V1
2022-11-24,NIFTY_50,NIFTY 50,18326.1,18529.7,18294.25,18484.1,NSE_OFFICIAL_HISTORICAL_OR_INDICES_HISTORY,https://www.nseindia.com/reports-indices-historical-index-data#NIFTY_50_2022-09-02_2022-11-30.json,2022-11-23,OFFICIAL_NSE_INDEX_CLOSE_NO_FORWARD_FILL,BENCHMARK_CONTEXT_V1
2022-11-25,NIFTY_50,NIFTY 50,18528.45,18534.9,18445.1,18512.75,NSE_OFFICIAL_HISTORICAL_OR_INDICES_HISTORY,https://www.nseindia.com/reports-indices-historical-index-data#NIFTY_50_2022-09-02_2022-11-30.json,2022-11-24,OFFICIAL_NSE_INDEX_CLOSE_NO_FORWARD_FILL,BENCHMARK_CONTEXT_V1
2022-11-28,NIFTY_50,NIFTY 50,18430.55,18614.25,18365.6,18562.75,NSE_OFFICIAL_HISTORICAL_OR_INDICES_HISTORY,https://www.nseindia.com/reports-indices-historical-index-data#NIFTY_50_2022-09-02_2022-11-30.json,2022-11-27,OFFICIAL_NSE_INDEX_CLOSE_NO_FORWARD_FILL,BENCHMARK_CONTEXT_V1
2022-11-29,NIFTY_50,NIFTY 50,18552.45,18678.1,18552.15,18618.05,NSE_OFFICIAL_HISTORICAL_OR_INDICES_HISTORY,https://www.nseindia.com/reports-indices-historical-index-data#NIFTY_50_2022-09-02_2022-11-30.json,2022-11-28,OFFICIAL_NSE_INDEX_CLOSE_NO_FORWARD_FILL,BENCHMARK_CONTEXT_V1
2022-11-30,NIFTY_50,NIFTY 50,18625.7,18816.05,18616.55,18758.35,NSE_OFFICIAL_HISTORICAL_OR_INDICES_HISTORY,https://www.nseindia.com/reports-indices-historical-index-data#NIFTY_50_2022-09-02_2022-11-30.json,2022-11-29,OFFICIAL_NSE_INDEX_CLOSE_NO_FORWARD_FILL,BENCHMARK_CONTEXT_V1
2022-12-01,NIFTY_50,NIFTY 50,18871.95,18887.6,18778.2,18812.5,NSE_OFFICIAL_HISTORICAL_OR_INDICES_HISTORY,https://www.nseindia.com/reports-indices-historical-index-data#NIFTY_50_2022-12-01_2023-02-28.json,2022-11-30,OFFICIAL_NSE_INDEX_CLOSE_NO_FORWARD_FILL,BENCHMARK_CONTEXT_V1
2022-12-02,NIFTY_50,NIFTY 50,18752.4,18781.95,18639.2,18696.1,NSE_OFFICIAL_HISTORICAL_OR_INDICES_HISTORY,https://www.nseindia.com/reports-indices-historical-index-data#NIFTY_50_2022-12-01_2023-02-28.json,2022-12-01,OFFICIAL_NSE_INDEX_CLOSE_NO_FORWARD_FILL,BENCHMARK_CONTEXT_V1
2022-12-05,NIFTY_50,NIFTY 50,18719.55,18728.6,18591.35,18701.05,NSE_OFFICIAL_HISTORICAL_OR_INDICES_HISTORY,https://www.nseindia.com/reports-indices-historical-index-data#NIFTY_50_2022-12-01_2023-02-28.json,2022-12-04,OFFICIAL_NSE_INDEX_CLOSE_NO_FORWARD_FILL,BENCHMARK_CONTEXT_V1
2022-12-06,NIFTY_50,NIFTY 50,18600.65,18654.9,18577.9,18642.75,NSE_OFFICIAL_HISTORICAL_OR_INDICES_HISTORY,https://www.nseindia.com/reports-indices-historical-index-data#NIFTY_50_2022-12-01_2023-02-28.json,2022-12-05,OFFICIAL_NSE_INDEX_CLOSE_NO_FORWARD_FILL,BENCHMARK_CONTEXT_V1
2022-12-07,NIFTY_50,NIFTY 50,18638.85,18668.3,18528.4,18560.5,NSE_OFFICIAL_HISTORICAL_OR_INDICES_HISTORY,https://www.nseindia.com/reports-indices-historical-index-data#NIFTY_50_2022-12-01_2023-02-28.json,2022-12-06,OFFICIAL_NSE_INDEX_CLOSE_NO_FORWARD_FILL,BENCHMARK_CONTEXT_V1
2022-12-08,NIFTY_50,NIFTY 50,18570.85,18625,18536.95,18609.35,NSE_OFFICIAL_HISTORICAL_OR_INDICES_HISTORY,https://www.nseindia.com/reports-indices-historical-index-data#NIFTY_50_2022-12-01_2023-02-28.json,2022-12-07,OFFICIAL_NSE_INDEX_CLOSE_NO_FORWARD_FILL,BENCHMARK_CONTEXT_V1
2022-12-09,NIFTY_50,NIFTY 50,18662.4,18664.7,18410.1,18496.6,NSE_OFFICIAL_HISTORICAL_OR_INDICES_HISTORY,https://www.nseindia.com/reports-indices-historical-index-data#NIFTY_50_2022-12-01_2023-02-28.json,2022-12-08,OFFICIAL_NSE_INDEX_CLOSE_NO_FORWARD_FILL,BENCHMARK_CONTEXT_V1
2022-12-12,NIFTY_50,NIFTY 50,18402.15,18521.55,18345.7,18497.15,NSE_OFFICIAL_HISTORICAL_OR_INDICES_HISTORY,https://www.nseindia.com/reports-indices-historical-index-data#NIFTY_50_2022-12-01_2023-02-28.json,2022-12-11,OFFICIAL_NSE_INDEX_CLOSE_NO_FORWARD_FILL,BENCHMARK_CONTEXT_V1
2022-12-13,NIFTY_50,NIFTY 50,18524.4,18617.25,18490.2,18608,NSE_OFFICIAL_HISTORICAL_OR_INDICES_HISTORY,https://www.nseindia.com/reports-indices-historical-index-data#NIFTY_50_2022-12-01_2023-02-28.json,2022-12-12,OFFICIAL_NSE_INDEX_CLOSE_NO_FORWARD_FILL,BENCHMARK_CONTEXT_V1
2022-12-14,NIFTY_50,NIFTY 50,18671.25,18696.1,18632.9,18660.3,NSE_OFFICIAL_HISTORICAL_OR_INDICES_HISTORY,https://www.nseindia.com/reports-indices-historical-index-data#NIFTY_50_2022-12-01_2023-02-28.json,2022-12-13,OFFICIAL_NSE_INDEX_CLOSE_NO_FORWARD_FILL,BENCHMARK_CONTEXT_V1
2022-12-15,NIFTY_50,NIFTY 50,18614.4,18652.9,18387.7,18414.9,NSE_OFFICIAL_HISTORICAL_OR_INDICES_HISTORY,https://www.nseindia.com/reports-indices-historical-index-data#NIFTY_50_2022-12-01_2023-02-28.json,2022-12-14,OFFICIAL_NSE_INDEX_CLOSE_NO_FORWARD_FILL,BENCHMARK_CONTEXT_V1
2022-12-16,NIFTY_50,NIFTY 50,18319.1,18440.95,18255.15,18269,NSE_OFFICIAL_HISTORICAL_OR_INDICES_HISTORY,https://www.nseindia.com/reports-indices-historical-index-data#NIFTY_50_2022-12-01_2023-02-28.json,2022-12-15,OFFICIAL_NSE_INDEX_CLOSE_NO_FORWARD_FILL,BENCHMARK_CONTEXT_V1
2022-12-19,NIFTY_50,NIFTY 50,18288.1,18431.65,18244.55,18420.45,NSE_OFFICIAL_HISTORICAL_OR_INDICES_HISTORY,https://www.nseindia.com/reports-indices-historical-index-data#NIFTY_50_2022-12-01_2023-02-28.json,2022-12-18,OFFICIAL_NSE_INDEX_CLOSE_NO_FORWARD_FILL,BENCHMARK_CONTEXT_V1
2022-12-20,NIFTY_50,NIFTY 50,18340.3,18404.9,18202.65,18385.3,NSE_OFFICIAL_HISTORICAL_OR_INDICES_HISTORY,https://www.nseindia.com/reports-indices-historical-index-data#NIFTY_50_2022-12-01_2023-02-28.json,2022-12-19,OFFICIAL_NSE_INDEX_CLOSE_NO_FORWARD_FILL,BENCHMARK_CONTEXT_V1
2022-12-21,NIFTY_50,NIFTY 50,18435.15,18473.35,18162.75,18199.1,NSE_OFFICIAL_HISTORICAL_OR_INDICES_HISTORY,https://www.nseindia.com/reports-indices-historical-index-data#NIFTY_50_2022-12-01_2023-02-28.json,2022-12-20,OFFICIAL_NSE_INDEX_CLOSE_NO_FORWARD_FILL,BENCHMARK_CONTEXT_V1
2022-12-22,NIFTY_50,NIFTY 50,18288.8,18318.75,18068.6,18127.35,NSE_OFFICIAL_HISTORICAL_OR_INDICES_HISTORY,https://www.nseindia.com/reports-indices-historical-index-data#NIFTY_50_2022-12-01_2023-02-28.json,2022-12-21,OFFICIAL_NSE_INDEX_CLOSE_NO_FORWARD_FILL,BENCHMARK_CONTEXT_V1
2022-12-23,NIFTY_50,NIFTY 50,17977.65,18050.45,17779.5,17806.8,NSE_OFFICIAL_HISTORICAL_OR_INDICES_HISTORY,https://www.nseindia.com/reports-indices-historical-index-data#NIFTY_50_2022-12-01_2023-02-28.json,2022-12-22,OFFICIAL_NSE_INDEX_CLOSE_NO_FORWARD_FILL,BENCHMARK_CONTEXT_V1
2022-12-26,NIFTY_50,NIFTY 50,17830.4,18084.1,17774.25,18014.6,NSE_OFFICIAL_HISTORICAL_OR_INDICES_HISTORY,https://www.nseindia.com/reports-indices-historical-index-data#NIFTY_50_2022-12-01_2023-02-28.json,2022-12-25,OFFICIAL_NSE_INDEX_CLOSE_NO_FORWARD_FILL,BENCHMARK_CONTEXT_V1
2022-12-27,NIFTY_50,NIFTY 50,18089.8,18149.25,17967.45,18132.3,NSE_OFFICIAL_HISTORICAL_OR_INDICES_HISTORY,https://www.nseindia.com/reports-indices-historical-index-data#NIFTY_50_2022-12-01_2023-02-28.json,2022-12-26,OFFICIAL_NSE_INDEX_CLOSE_NO_FORWARD_FILL,BENCHMARK_CONTEXT_V1
2022-12-28,NIFTY_50,NIFTY 50,18084.75,18173.1,18068.35,18122.5,NSE_OFFICIAL_HISTORICAL_OR_INDICES_HISTORY,https://www.nseindia.com/reports-indices-historical-index-data#NIFTY_50_2022-12-01_2023-02-28.json,2022-12-27,OFFICIAL_NSE_INDEX_CLOSE_NO_FORWARD_FILL,BENCHMARK_CONTEXT_V1
2022-12-29,NIFTY_50,NIFTY 50,18045.7,18229.7,17992.8,18191,NSE_OFFICIAL_HISTORICAL_OR_INDICES_HISTORY,https://www.nseindia.com/reports-indices-historical-index-data#NIFTY_50_2022-12-01_2023-02-28.json,2022-12-28,OFFICIAL_NSE_INDEX_CLOSE_NO_FORWARD_FILL,BENCHMARK_CONTEXT_V1
2022-12-30,NIFTY_50,NIFTY 50,18259.1,18265.25,18080.3,18105.3,NSE_OFFICIAL_HISTORICAL_OR_INDICES_HISTORY,https://www.nseindia.com/reports-indices-historical-index-data#NIFTY_50_2022-12-01_2023-02-28.json,2022-12-29,OFFICIAL_NSE_INDEX_CLOSE_NO_FORWARD_FILL,BENCHMARK_CONTEXT_V1
2023-01-02,NIFTY_50,NIFTY 50,18131.7,18215.15,18086.5,18197.45,NSE_OFFICIAL_HISTORICAL_OR_INDICES_HISTORY,https://www.nseindia.com/reports-indices-historical-index-data#NIFTY_50_2022-12-01_2023-02-28.json,2023-01-01,OFFICIAL_NSE_INDEX_CLOSE_NO_FORWARD_FILL,BENCHMARK_CONTEXT_V1
2023-01-03,NIFTY_50,NIFTY 50,18163.2,18251.95,18149.8,18232.55,NSE_OFFICIAL_HISTORICAL_OR_INDICES_HISTORY,https://www.nseindia.com/reports-indices-historical-index-data#NIFTY_50_2022-12-01_2023-02-28.json,2023-01-02,OFFICIAL_NSE_INDEX_CLOSE_NO_FORWARD_FILL,BENCHMARK_CONTEXT_V1
2023-01-04,NIFTY_50,NIFTY 50,18230.65,18243,18020.6,18042.95,NSE_OFFICIAL_HISTORICAL_OR_INDICES_HISTORY,https://www.nseindia.com/reports-indices-historical-index-data#NIFTY_50_2022-12-01_2023-02-28.json,2023-01-03,OFFICIAL_NSE_INDEX_CLOSE_NO_FORWARD_FILL,BENCHMARK_CONTEXT_V1
2023-01-05,NIFTY_50,NIFTY 50,18101.95,18120.3,17892.6,17992.15,NSE_OFFICIAL_HISTORICAL_OR_INDICES_HISTORY,https://www.nseindia.com/reports-indices-historical-index-data#NIFTY_50_2022-12-01_2023-02-28.json,2023-01-04,OFFICIAL_NSE_INDEX_CLOSE_NO_FORWARD_FILL,BENCHMARK_CONTEXT_V1
2023-01-06,NIFTY_50,NIFTY 50,18008.05,18047.4,17795.55,17859.45,NSE_OFFICIAL_HISTORICAL_OR_INDICES_HISTORY,https://www.nseindia.com/reports-indices-historical-index-data#NIFTY_50_2022-12-01_2023-02-28.json,2023-01-05,OFFICIAL_NSE_INDEX_CLOSE_NO_FORWARD_FILL,BENCHMARK_CONTEXT_V1
2023-01-09,NIFTY_50,NIFTY 50,17952.55,18141.4,17936.15,18101.2,NSE_OFFICIAL_HISTORICAL_OR_INDICES_HISTORY,https://www.nseindia.com/reports-indices-historical-index-data#NIFTY_50_2022-12-01_2023-02-28.json,2023-01-08,OFFICIAL_NSE_INDEX_CLOSE_NO_FORWARD_FILL,BENCHMARK_CONTEXT_V1
2023-01-10,NIFTY_50,NIFTY 50,18121.3,18127.6,17856,17914.15,NSE_OFFICIAL_HISTORICAL_OR_INDICES_HISTORY,https://www.nseindia.com/reports-indices-historical-index-data#NIFTY_50_2022-12-01_2023-02-28.json,2023-01-09,OFFICIAL_NSE_INDEX_CLOSE_NO_FORWARD_FILL,BENCHMARK_CONTEXT_V1
2023-01-11,NIFTY_50,NIFTY 50,17924.25,17976.35,17824.35,17895.7,NSE_OFFICIAL_HISTORICAL_OR_INDICES_HISTORY,https://www.nseindia.com/reports-indices-historical-index-data#NIFTY_50_2022-12-01_2023-02-28.json,2023-01-10,OFFICIAL_NSE_INDEX_CLOSE_NO_FORWARD_FILL,BENCHMARK_CONTEXT_V1
2023-01-12,NIFTY_50,NIFTY 50,17920.85,17945.8,17761.65,17858.2,NSE_OFFICIAL_HISTORICAL_OR_INDICES_HISTORY,https://www.nseindia.com/reports-indices-historical-index-data#NIFTY_50_2022-12-01_2023-02-28.json,2023-01-11,OFFICIAL_NSE_INDEX_CLOSE_NO_FORWARD_FILL,BENCHMARK_CONTEXT_V1
2023-01-13,NIFTY_50,NIFTY 50,17867.5,17999.35,17774.25,17956.6,NSE_OFFICIAL_HISTORICAL_OR_INDICES_HISTORY,https://www.nseindia.com/reports-indices-historical-index-data#NIFTY_50_2022-12-01_2023-02-28.json,2023-01-12,OFFICIAL_NSE_INDEX_CLOSE_NO_FORWARD_FILL,BENCHMARK_CONTEXT_V1
2023-01-16,NIFTY_50,NIFTY 50,18033.15,18049.65,17853.65,17894.85,NSE_OFFICIAL_HISTORICAL_OR_INDICES_HISTORY,https://www.nseindia.com/reports-indices-historical-index-data#NIFTY_50_2022-12-01_2023-02-28.json,2023-01-15,OFFICIAL_NSE_INDEX_CLOSE_NO_FORWARD_FILL,BENCHMARK_CONTEXT_V1
2023-01-17,NIFTY_50,NIFTY 50,17922.8,18072.05,17886.95,18053.3,NSE_OFFICIAL_HISTORICAL_OR_INDICES_HISTORY,https://www.nseindia.com/reports-indices-historical-index-data#NIFTY_50_2022-12-01_2023-02-28.json,2023-01-16,OFFICIAL_NSE_INDEX_CLOSE_NO_FORWARD_FILL,BENCHMARK_CONTEXT_V1
2023-01-18,NIFTY_50,NIFTY 50,18074.3,18183.75,18032.45,18165.35,NSE_OFFICIAL_HISTORICAL_OR_INDICES_HISTORY,https://www.nseindia.com/reports-indices-historical-index-data#NIFTY_50_2022-12-01_2023-02-28.json,2023-01-17,OFFICIAL_NSE_INDEX_CLOSE_NO_FORWARD_FILL,BENCHMARK_CONTEXT_V1
2023-01-19,NIFTY_50,NIFTY 50,18119.8,18155.2,18063.75,18107.85,NSE_OFFICIAL_HISTORICAL_OR_INDICES_HISTORY,https://www.nseindia.com/reports-indices-historical-index-data#NIFTY_50_2022-12-01_2023-02-28.json,2023-01-18,OFFICIAL_NSE_INDEX_CLOSE_NO_FORWARD_FILL,BENCHMARK_CONTEXT_V1
2023-01-20,NIFTY_50,NIFTY 50,18115.6,18145.45,18016.2,18027.65,NSE_OFFICIAL_HISTORICAL_OR_INDICES_HISTORY,https://www.nseindia.com/reports-indices-historical-index-data#NIFTY_50_2022-12-01_2023-02-28.json,2023-01-19,OFFICIAL_NSE_INDEX_CLOSE_NO_FORWARD_FILL,BENCHMARK_CONTEXT_V1
2023-01-23,NIFTY_50,NIFTY 50,18118.45,18162.6,18063.45,18118.55,NSE_OFFICIAL_HISTORICAL_OR_INDICES_HISTORY,https://www.nseindia.com/reports-indices-historical-index-data#NIFTY_50_2022-12-01_2023-02-28.json,2023-01-22,OFFICIAL_NSE_INDEX_CLOSE_NO_FORWARD_FILL,BENCHMARK_CONTEXT_V1
2023-01-24,NIFTY_50,NIFTY 50,18183.95,18201.25,18078.65,18118.3,NSE_OFFICIAL_HISTORICAL_OR_INDICES_HISTORY,https://www.nseindia.com/reports-indices-historical-index-data#NIFTY_50_2022-12-01_2023-02-28.json,2023-01-23,OFFICIAL_NSE_INDEX_CLOSE_NO_FORWARD_FILL,BENCHMARK_CONTEXT_V1
2023-01-25,NIFTY_50,NIFTY 50,18093.35,18100.6,17846.15,17891.95,NSE_OFFICIAL_HISTORICAL_OR_INDICES_HISTORY,https://www.nseindia.com/reports-indices-historical-index-data#NIFTY_50_2022-12-01_2023-02-28.json,2023-01-24,OFFICIAL_NSE_INDEX_CLOSE_NO_FORWARD_FILL,BENCHMARK_CONTEXT_V1
2023-01-27,NIFTY_50,NIFTY 50,17877.2,17884.75,17493.55,17604.35,NSE_OFFICIAL_HISTORICAL_OR_INDICES_HISTORY,https://www.nseindia.com/reports-indices-historical-index-data#NIFTY_50_2022-12-01_2023-02-28.json,2023-01-26,OFFICIAL_NSE_INDEX_CLOSE_NO_FORWARD_FILL,BENCHMARK_CONTEXT_V1
2023-01-30,NIFTY_50,NIFTY 50,17541.95,17709.15,17405.55,17648.95,NSE_OFFICIAL_HISTORICAL_OR_INDICES_HISTORY,https://www.nseindia.com/reports-indices-historical-index-data#NIFTY_50_2022-12-01_2023-02-28.json,2023-01-29,OFFICIAL_NSE_INDEX_CLOSE_NO_FORWARD_FILL,BENCHMARK_CONTEXT_V1
2023-01-31,NIFTY_50,NIFTY 50,17731.45,17735.7,17537.55,17662.15,NSE_OFFICIAL_HISTORICAL_OR_INDICES_HISTORY,https://www.nseindia.com/reports-indices-historical-index-data#NIFTY_50_2022-12-01_2023-02-28.json,2023-01-30,OFFICIAL_NSE_INDEX_CLOSE_NO_FORWARD_FILL,BENCHMARK_CONTEXT_V1
2023-02-01,NIFTY_50,NIFTY 50,17811.6,17972.2,17353.4,17616.3,NSE_OFFICIAL_HISTORICAL_OR_INDICES_HISTORY,https://www.nseindia.com/reports-indices-historical-index-data#NIFTY_50_2022-12-01_2023-02-28.json,2023-01-31,OFFICIAL_NSE_INDEX_CLOSE_NO_FORWARD_FILL,BENCHMARK_CONTEXT_V1
2023-02-02,NIFTY_50,NIFTY 50,17517.1,17653.9,17445.95,17610.4,NSE_OFFICIAL_HISTORICAL_OR_INDICES_HISTORY,https://www.nseindia.com/reports-indices-historical-index-data#NIFTY_50_2022-12-01_2023-02-28.json,2023-02-01,OFFICIAL_NSE_INDEX_CLOSE_NO_FORWARD_FILL,BENCHMARK_CONTEXT_V1
2023-02-03,NIFTY_50,NIFTY 50,17721.75,17870.3,17584.2,17854.05,NSE_OFFICIAL_HISTORICAL_OR_INDICES_HISTORY,https://www.nseindia.com/reports-indices-historical-index-data#NIFTY_50_2022-12-01_2023-02-28.json,2023-02-02,OFFICIAL_NSE_INDEX_CLOSE_NO_FORWARD_FILL,BENCHMARK_CONTEXT_V1
2023-02-06,NIFTY_50,NIFTY 50,17818.55,17823.7,17698.35,17764.6,NSE_OFFICIAL_HISTORICAL_OR_INDICES_HISTORY,https://www.nseindia.com/reports-indices-historical-index-data#NIFTY_50_2022-12-01_2023-02-28.json,2023-02-05,OFFICIAL_NSE_INDEX_CLOSE_NO_FORWARD_FILL,BENCHMARK_CONTEXT_V1
2023-02-07,NIFTY_50,NIFTY 50,17790.1,17811.15,17652.55,17721.5,NSE_OFFICIAL_HISTORICAL_OR_INDICES_HISTORY,https://www.nseindia.com/reports-indices-historical-index-data#NIFTY_50_2022-12-01_2023-02-28.json,2023-02-06,OFFICIAL_NSE_INDEX_CLOSE_NO_FORWARD_FILL,BENCHMARK_CONTEXT_V1
2023-02-08,NIFTY_50,NIFTY 50,17750.3,17898.7,17744.15,17871.7,NSE_OFFICIAL_HISTORICAL_OR_INDICES_HISTORY,https://www.nseindia.com/reports-indices-historical-index-data#NIFTY_50_2022-12-01_2023-02-28.json,2023-02-07,OFFICIAL_NSE_INDEX_CLOSE_NO_FORWARD_FILL,BENCHMARK_CONTEXT_V1
2023-02-09,NIFTY_50,NIFTY 50,17885.5,17916.9,17779.8,17893.45,NSE_OFFICIAL_HISTORICAL_OR_INDICES_HISTORY,https://www.nseindia.com/reports-indices-historical-index-data#NIFTY_50_2022-12-01_2023-02-28.json,2023-02-08,OFFICIAL_NSE_INDEX_CLOSE_NO_FORWARD_FILL,BENCHMARK_CONTEXT_V1
2023-02-10,NIFTY_50,NIFTY 50,17847.55,17876.95,17801,17856.5,NSE_OFFICIAL_HISTORICAL_OR_INDICES_HISTORY,https://www.nseindia.com/reports-indices-historical-index-data#NIFTY_50_2022-12-01_2023-02-28.json,2023-02-09,OFFICIAL_NSE_INDEX_CLOSE_NO_FORWARD_FILL,BENCHMARK_CONTEXT_V1
2023-02-13,NIFTY_50,NIFTY 50,17859.1,17880.7,17719.75,17770.9,NSE_OFFICIAL_HISTORICAL_OR_INDICES_HISTORY,https://www.nseindia.com/reports-indices-historical-index-data#NIFTY_50_2022-12-01_2023-02-28.json,2023-02-12,OFFICIAL_NSE_INDEX_CLOSE_NO_FORWARD_FILL,BENCHMARK_CONTEXT_V1
2023-02-14,NIFTY_50,NIFTY 50,17840.35,17954.55,17800.05,17929.85,NSE_OFFICIAL_HISTORICAL_OR_INDICES_HISTORY,https://www.nseindia.com/reports-indices-historical-index-data#NIFTY_50_2022-12-01_2023-02-28.json,2023-02-13,OFFICIAL_NSE_INDEX_CLOSE_NO_FORWARD_FILL,BENCHMARK_CONTEXT_V1
2023-02-15,NIFTY_50,NIFTY 50,17896.6,18034.1,17853.8,18015.85,NSE_OFFICIAL_HISTORICAL_OR_INDICES_HISTORY,https://www.nseindia.com/reports-indices-historical-index-data#NIFTY_50_2022-12-01_2023-02-28.json,2023-02-14,OFFICIAL_NSE_INDEX_CLOSE_NO_FORWARD_FILL,BENCHMARK_CONTEXT_V1
2023-02-16,NIFTY_50,NIFTY 50,18094.75,18134.75,18000.65,18035.85,NSE_OFFICIAL_HISTORICAL_OR_INDICES_HISTORY,https://www.nseindia.com/reports-indices-historical-index-data#NIFTY_50_2022-12-01_2023-02-28.json,2023-02-15,OFFICIAL_NSE_INDEX_CLOSE_NO_FORWARD_FILL,BENCHMARK_CONTEXT_V1
2023-02-17,NIFTY_50,NIFTY 50,17974.85,18034.25,17884.6,17944.2,NSE_OFFICIAL_HISTORICAL_OR_INDICES_HISTORY,https://www.nseindia.com/reports-indices-historical-index-data#NIFTY_50_2022-12-01_2023-02-28.json,2023-02-16,OFFICIAL_NSE_INDEX_CLOSE_NO_FORWARD_FILL,BENCHMARK_CONTEXT_V1
2023-02-20,NIFTY_50,NIFTY 50,17965.55,18004.35,17818.4,17844.6,NSE_OFFICIAL_HISTORICAL_OR_INDICES_HISTORY,https://www.nseindia.com/reports-indices-historical-index-data#NIFTY_50_2022-12-01_2023-02-28.json,2023-02-19,OFFICIAL_NSE_INDEX_CLOSE_NO_FORWARD_FILL,BENCHMARK_CONTEXT_V1
2023-02-21,NIFTY_50,NIFTY 50,17905.8,17924.9,17800.3,17826.7,NSE_OFFICIAL_HISTORICAL_OR_INDICES_HISTORY,https://www.nseindia.com/reports-indices-historical-index-data#NIFTY_50_2022-12-01_2023-02-28.json,2023-02-20,OFFICIAL_NSE_INDEX_CLOSE_NO_FORWARD_FILL,BENCHMARK_CONTEXT_V1
2023-02-22,NIFTY_50,NIFTY 50,17755.35,17772.5,17529.45,17554.3,NSE_OFFICIAL_HISTORICAL_OR_INDICES_HISTORY,https://www.nseindia.com/reports-indices-historical-index-data#NIFTY_50_2022-12-01_2023-02-28.json,2023-02-21,OFFICIAL_NSE_INDEX_CLOSE_NO_FORWARD_FILL,BENCHMARK_CONTEXT_V1
2023-02-23,NIFTY_50,NIFTY 50,17574.65,17620.05,17455.4,17511.25,NSE_OFFICIAL_HISTORICAL_OR_INDICES_HISTORY,https://www.nseindia.com/reports-indices-historical-index-data#NIFTY_50_2022-12-01_2023-02-28.json,2023-02-22,OFFICIAL_NSE_INDEX_CLOSE_NO_FORWARD_FILL,BENCHMARK_CONTEXT_V1
2023-02-24,NIFTY_50,NIFTY 50,17591.35,17599.75,17421.8,17465.8,NSE_OFFICIAL_HISTORICAL_OR_INDICES_HISTORY,https://www.nseindia.com/reports-indices-historical-index-data#NIFTY_50_2022-12-01_2023-02-28.json,2023-02-23,OFFICIAL_NSE_INDEX_CLOSE_NO_FORWARD_FILL,BENCHMARK_CONTEXT_V1
2023-02-27,NIFTY_50,NIFTY 50,17428.6,17451.6,17299,17392.7,NSE_OFFICIAL_HISTORICAL_OR_INDICES_HISTORY,https://www.nseindia.com/reports-indices-historical-index-data#NIFTY_50_2022-12-01_2023-02-28.json,2023-02-26,OFFICIAL_NSE_INDEX_CLOSE_NO_FORWARD_FILL,BENCHMARK_CONTEXT_V1
2023-02-28,NIFTY_50,NIFTY 50,17383.25,17440.45,17255.2,17303.95,NSE_OFFICIAL_HISTORICAL_OR_INDICES_HISTORY,https://www.nseindia.com/reports-indices-historical-index-data#NIFTY_50_2022-12-01_2023-02-28.json,2023-02-27,OFFICIAL_NSE_INDEX_CLOSE_NO_FORWARD_FILL,BENCHMARK_CONTEXT_V1
2023-03-01,NIFTY_50,NIFTY 50,17360.1,17467.75,17345.25,17450.9,NSE_OFFICIAL_HISTORICAL_OR_INDICES_HISTORY,https://www.nseindia.com/reports-indices-historical-index-data#NIFTY_50_2023-03-01_2023-05-29.json,2023-02-28,OFFICIAL_NSE_INDEX_CLOSE_NO_FORWARD_FILL,BENCHMARK_CONTEXT_V1
2023-03-02,NIFTY_50,NIFTY 50,17421.5,17445.8,17306,17321.9,NSE_OFFICIAL_HISTORICAL_OR_INDICES_HISTORY,https://www.nseindia.com/reports-indices-historical-index-data#NIFTY_50_2023-03-01_2023-05-29.json,2023-03-01,OFFICIAL_NSE_INDEX_CLOSE_NO_FORWARD_FILL,BENCHMARK_CONTEXT_V1
2023-03-03,NIFTY_50,NIFTY 50,17451.25,17644.75,17427.7,17594.35,NSE_OFFICIAL_HISTORICAL_OR_INDICES_HISTORY,https://www.nseindia.com/reports-indices-historical-index-data#NIFTY_50_2023-03-01_2023-05-29.json,2023-03-02,OFFICIAL_NSE_INDEX_CLOSE_NO_FORWARD_FILL,BENCHMARK_CONTEXT_V1
2023-03-06,NIFTY_50,NIFTY 50,17680.35,17799.95,17671.95,17711.45,NSE_OFFICIAL_HISTORICAL_OR_INDICES_HISTORY,https://www.nseindia.com/reports-indices-historical-index-data#NIFTY_50_2023-03-01_2023-05-29.json,2023-03-05,OFFICIAL_NSE_INDEX_CLOSE_NO_FORWARD_FILL,BENCHMARK_CONTEXT_V1
2023-03-08,NIFTY_50,NIFTY 50,17665.75,17766.5,17602.25,17754.4,NSE_OFFICIAL_HISTORICAL_OR_INDICES_HISTORY,https://www.nseindia.com/reports-indices-historical-index-data#NIFTY_50_2023-03-01_2023-05-29.json,2023-03-07,OFFICIAL_NSE_INDEX_CLOSE_NO_FORWARD_FILL,BENCHMARK_CONTEXT_V1
2023-03-09,NIFTY_50,NIFTY 50,17772.05,17772.35,17573.6,17589.6,NSE_OFFICIAL_HISTORICAL_OR_INDICES_HISTORY,https://www.nseindia.com/reports-indices-historical-index-data#NIFTY_50_2023-03-01_2023-05-29.json,2023-03-08,OFFICIAL_NSE_INDEX_CLOSE_NO_FORWARD_FILL,BENCHMARK_CONTEXT_V1
2023-03-10,NIFTY_50,NIFTY 50,17443.8,17451.5,17324.35,17412.9,NSE_OFFICIAL_HISTORICAL_OR_INDICES_HISTORY,https://www.nseindia.com/reports-indices-historical-index-data#NIFTY_50_2023-03-01_2023-05-29.json,2023-03-09,OFFICIAL_NSE_INDEX_CLOSE_NO_FORWARD_FILL,BENCHMARK_CONTEXT_V1
2023-03-13,NIFTY_50,NIFTY 50,17421.9,17529.9,17113.45,17154.3,NSE_OFFICIAL_HISTORICAL_OR_INDICES_HISTORY,https://www.nseindia.com/reports-indices-historical-index-data#NIFTY_50_2023-03-01_2023-05-29.json,2023-03-12,OFFICIAL_NSE_INDEX_CLOSE_NO_FORWARD_FILL,BENCHMARK_CONTEXT_V1
2023-03-14,NIFTY_50,NIFTY 50,17160.55,17224.65,16987.1,17043.3,NSE_OFFICIAL_HISTORICAL_OR_INDICES_HISTORY,https://www.nseindia.com/reports-indices-historical-index-data#NIFTY_50_2023-03-01_2023-05-29.json,2023-03-13,OFFICIAL_NSE_INDEX_CLOSE_NO_FORWARD_FILL,BENCHMARK_CONTEXT_V1
2023-03-15,NIFTY_50,NIFTY 50,17166.45,17211.35,16938.9,16972.15,NSE_OFFICIAL_HISTORICAL_OR_INDICES_HISTORY,https://www.nseindia.com/reports-indices-historical-index-data#NIFTY_50_2023-03-01_2023-05-29.json,2023-03-14,OFFICIAL_NSE_INDEX_CLOSE_NO_FORWARD_FILL,BENCHMARK_CONTEXT_V1
2023-03-16,NIFTY_50,NIFTY 50,16994.65,17062.45,16850.15,16985.6,NSE_OFFICIAL_HISTORICAL_OR_INDICES_HISTORY,https://www.nseindia.com/reports-indices-historical-index-data#NIFTY_50_2023-03-01_2023-05-29.json,2023-03-15,OFFICIAL_NSE_INDEX_CLOSE_NO_FORWARD_FILL,BENCHMARK_CONTEXT_V1
2023-03-17,NIFTY_50,NIFTY 50,17111.8,17145.8,16958.15,17100.05,NSE_OFFICIAL_HISTORICAL_OR_INDICES_HISTORY,https://www.nseindia.com/reports-indices-historical-index-data#NIFTY_50_2023-03-01_2023-05-29.json,2023-03-16,OFFICIAL_NSE_INDEX_CLOSE_NO_FORWARD_FILL,BENCHMARK_CONTEXT_V1
2023-03-20,NIFTY_50,NIFTY 50,17066.6,17066.6,16828.35,16988.4,NSE_OFFICIAL_HISTORICAL_OR_INDICES_HISTORY,https://www.nseindia.com/reports-indices-historical-index-data#NIFTY_50_2023-03-01_2023-05-29.json,2023-03-19,OFFICIAL_NSE_INDEX_CLOSE_NO_FORWARD_FILL,BENCHMARK_CONTEXT_V1
2023-03-21,NIFTY_50,NIFTY 50,17060.4,17127.7,17016,17107.5,NSE_OFFICIAL_HISTORICAL_OR_INDICES_HISTORY,https://www.nseindia.com/reports-indices-historical-index-data#NIFTY_50_2023-03-01_2023-05-29.json,2023-03-20,OFFICIAL_NSE_INDEX_CLOSE_NO_FORWARD_FILL,BENCHMARK_CONTEXT_V1
2023-03-22,NIFTY_50,NIFTY 50,17177.45,17207.25,17107.85,17151.9,NSE_OFFICIAL_HISTORICAL_OR_INDICES_HISTORY,https://www.nseindia.com/reports-indices-historical-index-data#NIFTY_50_2023-03-01_2023-05-29.json,2023-03-21,OFFICIAL_NSE_INDEX_CLOSE_NO_FORWARD_FILL,BENCHMARK_CONTEXT_V1
2023-03-23,NIFTY_50,NIFTY 50,17097.4,17205.4,17045.3,17076.9,NSE_OFFICIAL_HISTORICAL_OR_INDICES_HISTORY,https://www.nseindia.com/reports-indices-historical-index-data#NIFTY_50_2023-03-01_2023-05-29.json,2023-03-22,OFFICIAL_NSE_INDEX_CLOSE_NO_FORWARD_FILL,BENCHMARK_CONTEXT_V1
2023-03-24,NIFTY_50,NIFTY 50,17076.2,17109.45,16917.35,16945.05,NSE_OFFICIAL_HISTORICAL_OR_INDICES_HISTORY,https://www.nseindia.com/reports-indices-historical-index-data#NIFTY_50_2023-03-01_2023-05-29.json,2023-03-23,OFFICIAL_NSE_INDEX_CLOSE_NO_FORWARD_FILL,BENCHMARK_CONTEXT_V1
2023-03-27,NIFTY_50,NIFTY 50,16984.3,17091,16918.55,16985.7,NSE_OFFICIAL_HISTORICAL_OR_INDICES_HISTORY,https://www.nseindia.com/reports-indices-historical-index-data#NIFTY_50_2023-03-01_2023-05-29.json,2023-03-26,OFFICIAL_NSE_INDEX_CLOSE_NO_FORWARD_FILL,BENCHMARK_CONTEXT_V1
2023-03-28,NIFTY_50,NIFTY 50,17031.75,17061.75,16913.75,16951.7,NSE_OFFICIAL_HISTORICAL_OR_INDICES_HISTORY,https://www.nseindia.com/reports-indices-historical-index-data#NIFTY_50_2023-03-01_2023-05-29.json,2023-03-27,OFFICIAL_NSE_INDEX_CLOSE_NO_FORWARD_FILL,BENCHMARK_CONTEXT_V1
2023-03-29,NIFTY_50,NIFTY 50,16977.3,17126.15,16940.6,17080.7,NSE_OFFICIAL_HISTORICAL_OR_INDICES_HISTORY,https://www.nseindia.com/reports-indices-historical-index-data#NIFTY_50_2023-03-01_2023-05-29.json,2023-03-28,OFFICIAL_NSE_INDEX_CLOSE_NO_FORWARD_FILL,BENCHMARK_CONTEXT_V1
2023-03-31,NIFTY_50,NIFTY 50,17210.35,17381.6,17204.65,17359.75,NSE_OFFICIAL_HISTORICAL_OR_INDICES_HISTORY,https://www.nseindia.com/reports-indices-historical-index-data#NIFTY_50_2023-03-01_2023-05-29.json,2023-03-30,OFFICIAL_NSE_INDEX_CLOSE_NO_FORWARD_FILL,BENCHMARK_CONTEXT_V1
2023-04-03,NIFTY_50,NIFTY 50,17427.95,17428.05,17312.75,17398.05,NSE_OFFICIAL_HISTORICAL_OR_INDICES_HISTORY,https://www.nseindia.com/reports-indices-historical-index-data#NIFTY_50_2023-03-01_2023-05-29.json,2023-04-02,OFFICIAL_NSE_INDEX_CLOSE_NO_FORWARD_FILL,BENCHMARK_CONTEXT_V1
2023-04-05,NIFTY_50,NIFTY 50,17422.3,17570.55,17402.7,17557.05,NSE_OFFICIAL_HISTORICAL_OR_INDICES_HISTORY,https://www.nseindia.com/reports-indices-historical-index-data#NIFTY_50_2023-03-01_2023-05-29.json,2023-04-04,OFFICIAL_NSE_INDEX_CLOSE_NO_FORWARD_FILL,BENCHMARK_CONTEXT_V1
2023-04-06,NIFTY_50,NIFTY 50,17533.85,17638.7,17502.85,17599.15,NSE_OFFICIAL_HISTORICAL_OR_INDICES_HISTORY,https://www.nseindia.com/reports-indices-historical-index-data#NIFTY_50_2023-03-01_2023-05-29.json,2023-04-05,OFFICIAL_NSE_INDEX_CLOSE_NO_FORWARD_FILL,BENCHMARK_CONTEXT_V1
2023-04-10,NIFTY_50,NIFTY 50,17634.9,17694.1,17597.95,17624.05,NSE_OFFICIAL_HISTORICAL_OR_INDICES_HISTORY,https://www.nseindia.com/reports-indices-historical-index-data#NIFTY_50_2023-03-01_2023-05-29.json,2023-04-09,OFFICIAL_NSE_INDEX_CLOSE_NO_FORWARD_FILL,BENCHMARK_CONTEXT_V1
2023-04-11,NIFTY_50,NIFTY 50,17704.8,17748.75,17655.15,17722.3,NSE_OFFICIAL_HISTORICAL_OR_INDICES_HISTORY,https://www.nseindia.com/reports-indices-historical-index-data#NIFTY_50_2023-03-01_2023-05-29.json,2023-04-10,OFFICIAL_NSE_INDEX_CLOSE_NO_FORWARD_FILL,BENCHMARK_CONTEXT_V1
2023-04-12,NIFTY_50,NIFTY 50,17759.55,17825.75,17717.25,17812.4,NSE_OFFICIAL_HISTORICAL_OR_INDICES_HISTORY,https://www.nseindia.com/reports-indices-historical-index-data#NIFTY_50_2023-03-01_2023-05-29.json,2023-04-11,OFFICIAL_NSE_INDEX_CLOSE_NO_FORWARD_FILL,BENCHMARK_CONTEXT_V1
2023-04-13,NIFTY_50,NIFTY 50,17807.3,17842.15,17729.65,17828,NSE_OFFICIAL_HISTORICAL_OR_INDICES_HISTORY,https://www.nseindia.com/reports-indices-historical-index-data#NIFTY_50_2023-03-01_2023-05-29.json,2023-04-12,OFFICIAL_NSE_INDEX_CLOSE_NO_FORWARD_FILL,BENCHMARK_CONTEXT_V1
2023-04-17,NIFTY_50,NIFTY 50,17863,17863,17574.05,17706.85,NSE_OFFICIAL_HISTORICAL_OR_INDICES_HISTORY,https://www.nseindia.com/reports-indices-historical-index-data#NIFTY_50_2023-03-01_2023-05-29.json,2023-04-16,OFFICIAL_NSE_INDEX_CLOSE_NO_FORWARD_FILL,BENCHMARK_CONTEXT_V1
2023-04-18,NIFTY_50,NIFTY 50,17766.6,17766.6,17610.2,17660.15,NSE_OFFICIAL_HISTORICAL_OR_INDICES_HISTORY,https://www.nseindia.com/reports-indices-historical-index-data#NIFTY_50_2023-03-01_2023-05-29.json,2023-04-17,OFFICIAL_NSE_INDEX_CLOSE_NO_FORWARD_FILL,BENCHMARK_CONTEXT_V1
2023-04-19,NIFTY_50,NIFTY 50,17653.35,17666.15,17579.85,17618.75,NSE_OFFICIAL_HISTORICAL_OR_INDICES_HISTORY,https://www.nseindia.com/reports-indices-historical-index-data#NIFTY_50_2023-03-01_2023-05-29.json,2023-04-18,OFFICIAL_NSE_INDEX_CLOSE_NO_FORWARD_FILL,BENCHMARK_CONTEXT_V1
2023-04-20,NIFTY_50,NIFTY 50,17638.6,17684.45,17584.35,17624.45,NSE_OFFICIAL_HISTORICAL_OR_INDICES_HISTORY,https://www.nseindia.com/reports-indices-historical-index-data#NIFTY_50_2023-03-01_2023-05-29.json,2023-04-19,OFFICIAL_NSE_INDEX_CLOSE_NO_FORWARD_FILL,BENCHMARK_CONTEXT_V1
2023-04-21,NIFTY_50,NIFTY 50,17639.75,17663.2,17553.95,17624.05,NSE_OFFICIAL_HISTORICAL_OR_INDICES_HISTORY,https://www.nseindia.com/reports-indices-historical-index-data#NIFTY_50_2023-03-01_2023-05-29.json,2023-04-20,OFFICIAL_NSE_INDEX_CLOSE_NO_FORWARD_FILL,BENCHMARK_CONTEXT_V1
2023-04-24,NIFTY_50,NIFTY 50,17707.55,17754.5,17612.5,17743.4,NSE_OFFICIAL_HISTORICAL_OR_INDICES_HISTORY,https://www.nseindia.com/reports-indices-historical-index-data#NIFTY_50_2023-03-01_2023-05-29.json,2023-04-23,OFFICIAL_NSE_INDEX_CLOSE_NO_FORWARD_FILL,BENCHMARK_CONTEXT_V1
2023-04-25,NIFTY_50,NIFTY 50,17761.55,17807.45,17716.85,17769.25,NSE_OFFICIAL_HISTORICAL_OR_INDICES_HISTORY,https://www.nseindia.com/reports-indices-historical-index-data#NIFTY_50_2023-03-01_2023-05-29.json,2023-04-24,OFFICIAL_NSE_INDEX_CLOSE_NO_FORWARD_FILL,BENCHMARK_CONTEXT_V1
2023-04-26,NIFTY_50,NIFTY 50,17767.3,17827.75,17711.2,17813.6,NSE_OFFICIAL_HISTORICAL_OR_INDICES_HISTORY,https://www.nseindia.com/reports-indices-historical-index-data#NIFTY_50_2023-03-01_2023-05-29.json,2023-04-25,OFFICIAL_NSE_INDEX_CLOSE_NO_FORWARD_FILL,BENCHMARK_CONTEXT_V1
2023-04-27,NIFTY_50,NIFTY 50,17813.1,17931.6,17797.9,17915.05,NSE_OFFICIAL_HISTORICAL_OR_INDICES_HISTORY,https://www.nseindia.com/reports-indices-historical-index-data#NIFTY_50_2023-03-01_2023-05-29.json,2023-04-26,OFFICIAL_NSE_INDEX_CLOSE_NO_FORWARD_FILL,BENCHMARK_CONTEXT_V1
2023-04-28,NIFTY_50,NIFTY 50,17950.4,18089.15,17885.3,18065,NSE_OFFICIAL_HISTORICAL_OR_INDICES_HISTORY,https://www.nseindia.com/reports-indices-historical-index-data#NIFTY_50_2023-03-01_2023-05-29.json,2023-04-27,OFFICIAL_NSE_INDEX_CLOSE_NO_FORWARD_FILL,BENCHMARK_CONTEXT_V1
2023-05-02,NIFTY_50,NIFTY 50,18124.8,18180.25,18101.75,18147.65,NSE_OFFICIAL_HISTORICAL_OR_INDICES_HISTORY,https://www.nseindia.com/reports-indices-historical-index-data#NIFTY_50_2023-03-01_2023-05-29.json,2023-05-01,OFFICIAL_NSE_INDEX_CLOSE_NO_FORWARD_FILL,BENCHMARK_CONTEXT_V1
2023-05-03,NIFTY_50,NIFTY 50,18113.8,18116.35,18042.4,18089.85,NSE_OFFICIAL_HISTORICAL_OR_INDICES_HISTORY,https://www.nseindia.com/reports-indices-historical-index-data#NIFTY_50_2023-03-01_2023-05-29.json,2023-05-02,OFFICIAL_NSE_INDEX_CLOSE_NO_FORWARD_FILL,BENCHMARK_CONTEXT_V1
2023-05-04,NIFTY_50,NIFTY 50,18081,18267.45,18066.7,18255.8,NSE_OFFICIAL_HISTORICAL_OR_INDICES_HISTORY,https://www.nseindia.com/reports-indices-historical-index-data#NIFTY_50_2023-03-01_2023-05-29.json,2023-05-03,OFFICIAL_NSE_INDEX_CLOSE_NO_FORWARD_FILL,BENCHMARK_CONTEXT_V1
2023-05-05,NIFTY_50,NIFTY 50,18117.3,18216.95,18055.45,18069,NSE_OFFICIAL_HISTORICAL_OR_INDICES_HISTORY,https://www.nseindia.com/reports-indices-historical-index-data#NIFTY_50_2023-03-01_2023-05-29.json,2023-05-04,OFFICIAL_NSE_INDEX_CLOSE_NO_FORWARD_FILL,BENCHMARK_CONTEXT_V1
2023-05-08,NIFTY_50,NIFTY 50,18120.6,18286.95,18100.3,18264.4,NSE_OFFICIAL_HISTORICAL_OR_INDICES_HISTORY,https://www.nseindia.com/reports-indices-historical-index-data#NIFTY_50_2023-03-01_2023-05-29.json,2023-05-07,OFFICIAL_NSE_INDEX_CLOSE_NO_FORWARD_FILL,BENCHMARK_CONTEXT_V1
2023-05-09,NIFTY_50,NIFTY 50,18303.4,18344.2,18229.65,18265.95,NSE_OFFICIAL_HISTORICAL_OR_INDICES_HISTORY,https://www.nseindia.com/reports-indices-historical-index-data#NIFTY_50_2023-03-01_2023-05-29.json,2023-05-08,OFFICIAL_NSE_INDEX_CLOSE_NO_FORWARD_FILL,BENCHMARK_CONTEXT_V1
2023-05-10,NIFTY_50,NIFTY 50,18313.6,18326.75,18211.95,18315.1,NSE_OFFICIAL_HISTORICAL_OR_INDICES_HISTORY,https://www.nseindia.com/reports-indices-historical-index-data#NIFTY_50_2023-03-01_2023-05-29.json,2023-05-09,OFFICIAL_NSE_INDEX_CLOSE_NO_FORWARD_FILL,BENCHMARK_CONTEXT_V1
2023-05-11,NIFTY_50,NIFTY 50,18357.8,18389.7,18270.4,18297,NSE_OFFICIAL_HISTORICAL_OR_INDICES_HISTORY,https://www.nseindia.com/reports-indices-historical-index-data#NIFTY_50_2023-03-01_2023-05-29.json,2023-05-10,OFFICIAL_NSE_INDEX_CLOSE_NO_FORWARD_FILL,BENCHMARK_CONTEXT_V1
2023-05-12,NIFTY_50,NIFTY 50,18273.75,18342.75,18194.55,18314.8,NSE_OFFICIAL_HISTORICAL_OR_INDICES_HISTORY,https://www.nseindia.com/reports-indices-historical-index-data#NIFTY_50_2023-03-01_2023-05-29.json,2023-05-11,OFFICIAL_NSE_INDEX_CLOSE_NO_FORWARD_FILL,BENCHMARK_CONTEXT_V1
2023-05-15,NIFTY_50,NIFTY 50,18339.3,18458.9,18287.9,18398.85,NSE_OFFICIAL_HISTORICAL_OR_INDICES_HISTORY,https://www.nseindia.com/reports-indices-historical-index-data#NIFTY_50_2023-03-01_2023-05-29.json,2023-05-14,OFFICIAL_NSE_INDEX_CLOSE_NO_FORWARD_FILL,BENCHMARK_CONTEXT_V1
2023-05-16,NIFTY_50,NIFTY 50,18432.35,18432.35,18264.35,18286.5,NSE_OFFICIAL_HISTORICAL_OR_INDICES_HISTORY,https://www.nseindia.com/reports-indices-historical-index-data#NIFTY_50_2023-03-01_2023-05-29.json,2023-05-15,OFFICIAL_NSE_INDEX_CLOSE_NO_FORWARD_FILL,BENCHMARK_CONTEXT_V1
2023-05-17,NIFTY_50,NIFTY 50,18300.45,18309,18115.35,18181.75,NSE_OFFICIAL_HISTORICAL_OR_INDICES_HISTORY,https://www.nseindia.com/reports-indices-historical-index-data#NIFTY_50_2023-03-01_2023-05-29.json,2023-05-16,OFFICIAL_NSE_INDEX_CLOSE_NO_FORWARD_FILL,BENCHMARK_CONTEXT_V1
2023-05-18,NIFTY_50,NIFTY 50,18287.5,18297.2,18104.85,18129.95,NSE_OFFICIAL_HISTORICAL_OR_INDICES_HISTORY,https://www.nseindia.com/reports-indices-historical-index-data#NIFTY_50_2023-03-01_2023-05-29.json,2023-05-17,OFFICIAL_NSE_INDEX_CLOSE_NO_FORWARD_FILL,BENCHMARK_CONTEXT_V1
2023-05-19,NIFTY_50,NIFTY 50,18186.15,18218.1,18060.4,18203.4,NSE_OFFICIAL_HISTORICAL_OR_INDICES_HISTORY,https://www.nseindia.com/reports-indices-historical-index-data#NIFTY_50_2023-03-01_2023-05-29.json,2023-05-18,OFFICIAL_NSE_INDEX_CLOSE_NO_FORWARD_FILL,BENCHMARK_CONTEXT_V1
2023-05-22,NIFTY_50,NIFTY 50,18201.1,18335.25,18178.85,18314.4,NSE_OFFICIAL_HISTORICAL_OR_INDICES_HISTORY,https://www.nseindia.com/reports-indices-historical-index-data#NIFTY_50_2023-03-01_2023-05-29.json,2023-05-21,OFFICIAL_NSE_INDEX_CLOSE_NO_FORWARD_FILL,BENCHMARK_CONTEXT_V1
2023-05-23,NIFTY_50,NIFTY 50,18362.9,18419.75,18324.2,18348,NSE_OFFICIAL_HISTORICAL_OR_INDICES_HISTORY,https://www.nseindia.com/reports-indices-historical-index-data#NIFTY_50_2023-03-01_2023-05-29.json,2023-05-22,OFFICIAL_NSE_INDEX_CLOSE_NO_FORWARD_FILL,BENCHMARK_CONTEXT_V1
2023-05-24,NIFTY_50,NIFTY 50,18294.8,18392.6,18262.95,18285.4,NSE_OFFICIAL_HISTORICAL_OR_INDICES_HISTORY,https://www.nseindia.com/reports-indices-historical-index-data#NIFTY_50_2023-03-01_2023-05-29.json,2023-05-23,OFFICIAL_NSE_INDEX_CLOSE_NO_FORWARD_FILL,BENCHMARK_CONTEXT_V1
2023-05-25,NIFTY_50,NIFTY 50,18268.9,18338.1,18202.4,18321.15,NSE_OFFICIAL_HISTORICAL_OR_INDICES_HISTORY,https://www.nseindia.com/reports-indices-historical-index-data#NIFTY_50_2023-03-01_2023-05-29.json,2023-05-24,OFFICIAL_NSE_INDEX_CLOSE_NO_FORWARD_FILL,BENCHMARK_CONTEXT_V1
2023-05-26,NIFTY_50,NIFTY 50,18368.35,18508.55,18333.15,18499.35,NSE_OFFICIAL_HISTORICAL_OR_INDICES_HISTORY,https://www.nseindia.com/reports-indices-historical-index-data#NIFTY_50_2023-03-01_2023-05-29.json,2023-05-25,OFFICIAL_NSE_INDEX_CLOSE_NO_FORWARD_FILL,BENCHMARK_CONTEXT_V1
2023-05-29,NIFTY_50,NIFTY 50,18619.15,18641.2,18581.25,18598.65,NSE_OFFICIAL_HISTORICAL_OR_INDICES_HISTORY,https://www.nseindia.com/reports-indices-historical-index-data#NIFTY_50_2023-03-01_2023-05-29.json,2023-05-28,OFFICIAL_NSE_INDEX_CLOSE_NO_FORWARD_FILL,BENCHMARK_CONTEXT_V1
2023-05-30,NIFTY_50,NIFTY 50,18606.65,18662.45,18575.5,18633.85,NSE_OFFICIAL_HISTORICAL_OR_INDICES_HISTORY,https://www.nseindia.com/reports-indices-historical-index-data#NIFTY_50_2023-05-30_2023-08-27.json,2023-05-29,OFFICIAL_NSE_INDEX_CLOSE_NO_FORWARD_FILL,BENCHMARK_CONTEXT_V1
2023-05-31,NIFTY_50,NIFTY 50,18594.2,18603.9,18483.85,18534.4,NSE_OFFICIAL_HISTORICAL_OR_INDICES_HISTORY,https://www.nseindia.com/reports-indices-historical-index-data#NIFTY_50_2023-05-30_2023-08-27.json,2023-05-30,OFFICIAL_NSE_INDEX_CLOSE_NO_FORWARD_FILL,BENCHMARK_CONTEXT_V1
2023-06-01,NIFTY_50,NIFTY 50,18579.4,18580.3,18464.55,18487.75,NSE_OFFICIAL_HISTORICAL_OR_INDICES_HISTORY,https://www.nseindia.com/reports-indices-historical-index-data#NIFTY_50_2023-05-30_2023-08-27.json,2023-05-31,OFFICIAL_NSE_INDEX_CLOSE_NO_FORWARD_FILL,BENCHMARK_CONTEXT_V1
2023-06-02,NIFTY_50,NIFTY 50,18550.85,18573.7,18478.4,18534.1,NSE_OFFICIAL_HISTORICAL_OR_INDICES_HISTORY,https://www.nseindia.com/reports-indices-historical-index-data#NIFTY_50_2023-05-30_2023-08-27.json,2023-06-01,OFFICIAL_NSE_INDEX_CLOSE_NO_FORWARD_FILL,BENCHMARK_CONTEXT_V1
2023-06-05,NIFTY_50,NIFTY 50,18612,18640.15,18582.8,18593.85,NSE_OFFICIAL_HISTORICAL_OR_INDICES_HISTORY,https://www.nseindia.com/reports-indices-historical-index-data#NIFTY_50_2023-05-30_2023-08-27.json,2023-06-04,OFFICIAL_NSE_INDEX_CLOSE_NO_FORWARD_FILL,BENCHMARK_CONTEXT_V1
2023-06-06,NIFTY_50,NIFTY 50,18600.8,18622.75,18531.6,18599,NSE_OFFICIAL_HISTORICAL_OR_INDICES_HISTORY,https://www.nseindia.com/reports-indices-historical-index-data#NIFTY_50_2023-05-30_2023-08-27.json,2023-06-05,OFFICIAL_NSE_INDEX_CLOSE_NO_FORWARD_FILL,BENCHMARK_CONTEXT_V1
2023-06-07,NIFTY_50,NIFTY 50,18665.6,18738.95,18636,18726.4,NSE_OFFICIAL_HISTORICAL_OR_INDICES_HISTORY,https://www.nseindia.com/reports-indices-historical-index-data#NIFTY_50_2023-05-30_2023-08-27.json,2023-06-06,OFFICIAL_NSE_INDEX_CLOSE_NO_FORWARD_FILL,BENCHMARK_CONTEXT_V1
2023-06-08,NIFTY_50,NIFTY 50,18725.35,18777.9,18615.6,18634.55,NSE_OFFICIAL_HISTORICAL_OR_INDICES_HISTORY,https://www.nseindia.com/reports-indices-historical-index-data#NIFTY_50_2023-05-30_2023-08-27.json,2023-06-07,OFFICIAL_NSE_INDEX_CLOSE_NO_FORWARD_FILL,BENCHMARK_CONTEXT_V1
2023-06-09,NIFTY_50,NIFTY 50,18655.9,18676.65,18555.4,18563.4,NSE_OFFICIAL_HISTORICAL_OR_INDICES_HISTORY,https://www.nseindia.com/reports-indices-historical-index-data#NIFTY_50_2023-05-30_2023-08-27.json,2023-06-08,OFFICIAL_NSE_INDEX_CLOSE_NO_FORWARD_FILL,BENCHMARK_CONTEXT_V1
2023-06-12,NIFTY_50,NIFTY 50,18595.05,18633.6,18559.75,18601.5,NSE_OFFICIAL_HISTORICAL_OR_INDICES_HISTORY,https://www.nseindia.com/reports-indices-historical-index-data#NIFTY_50_2023-05-30_2023-08-27.json,2023-06-11,OFFICIAL_NSE_INDEX_CLOSE_NO_FORWARD_FILL,BENCHMARK_CONTEXT_V1
2023-06-13,NIFTY_50,NIFTY 50,18631.8,18728.9,18631.8,18716.15,NSE_OFFICIAL_HISTORICAL_OR_INDICES_HISTORY,https://www.nseindia.com/reports-indices-historical-index-data#NIFTY_50_2023-05-30_2023-08-27.json,2023-06-12,OFFICIAL_NSE_INDEX_CLOSE_NO_FORWARD_FILL,BENCHMARK_CONTEXT_V1
2023-06-14,NIFTY_50,NIFTY 50,18744.6,18769.7,18690,18755.9,NSE_OFFICIAL_HISTORICAL_OR_INDICES_HISTORY,https://www.nseindia.com/reports-indices-historical-index-data#NIFTY_50_2023-05-30_2023-08-27.json,2023-06-13,OFFICIAL_NSE_INDEX_CLOSE_NO_FORWARD_FILL,BENCHMARK_CONTEXT_V1
2023-06-15,NIFTY_50,NIFTY 50,18774.45,18794.1,18669.05,18688.1,NSE_OFFICIAL_HISTORICAL_OR_INDICES_HISTORY,https://www.nseindia.com/reports-indices-historical-index-data#NIFTY_50_2023-05-30_2023-08-27.json,2023-06-14,OFFICIAL_NSE_INDEX_CLOSE_NO_FORWARD_FILL,BENCHMARK_CONTEXT_V1
2023-06-16,NIFTY_50,NIFTY 50,18723.3,18864.7,18710.5,18826,NSE_OFFICIAL_HISTORICAL_OR_INDICES_HISTORY,https://www.nseindia.com/reports-indices-historical-index-data#NIFTY_50_2023-05-30_2023-08-27.json,2023-06-15,OFFICIAL_NSE_INDEX_CLOSE_NO_FORWARD_FILL,BENCHMARK_CONTEXT_V1
2023-06-19,NIFTY_50,NIFTY 50,18873.3,18881.45,18719.15,18755.45,NSE_OFFICIAL_HISTORICAL_OR_INDICES_HISTORY,https://www.nseindia.com/reports-indices-historical-index-data#NIFTY_50_2023-05-30_2023-08-27.json,2023-06-18,OFFICIAL_NSE_INDEX_CLOSE_NO_FORWARD_FILL,BENCHMARK_CONTEXT_V1
2023-06-20,NIFTY_50,NIFTY 50,18752.35,18839.7,18660.65,18816.7,NSE_OFFICIAL_HISTORICAL_OR_INDICES_HISTORY,https://www.nseindia.com/reports-indices-historical-index-data#NIFTY_50_2023-05-30_2023-08-27.json,2023-06-19,OFFICIAL_NSE_INDEX_CLOSE_NO_FORWARD_FILL,BENCHMARK_CONTEXT_V1
2023-06-21,NIFTY_50,NIFTY 50,18849.4,18875.9,18794.85,18856.85,NSE_OFFICIAL_HISTORICAL_OR_INDICES_HISTORY,https://www.nseindia.com/reports-indices-historical-index-data#NIFTY_50_2023-05-30_2023-08-27.json,2023-06-20,OFFICIAL_NSE_INDEX_CLOSE_NO_FORWARD_FILL,BENCHMARK_CONTEXT_V1
2023-06-22,NIFTY_50,NIFTY 50,18853.6,18886.6,18759.5,18771.25,NSE_OFFICIAL_HISTORICAL_OR_INDICES_HISTORY,https://www.nseindia.com/reports-indices-historical-index-data#NIFTY_50_2023-05-30_2023-08-27.json,2023-06-21,OFFICIAL_NSE_INDEX_CLOSE_NO_FORWARD_FILL,BENCHMARK_CONTEXT_V1
2023-06-23,NIFTY_50,NIFTY 50,18741.85,18756.4,18647.1,18665.5,NSE_OFFICIAL_HISTORICAL_OR_INDICES_HISTORY,https://www.nseindia.com/reports-indices-historical-index-data#NIFTY_50_2023-05-30_2023-08-27.json,2023-06-22,OFFICIAL_NSE_INDEX_CLOSE_NO_FORWARD_FILL,BENCHMARK_CONTEXT_V1
2023-06-26,NIFTY_50,NIFTY 50,18682.35,18722.05,18646.7,18691.2,NSE_OFFICIAL_HISTORICAL_OR_INDICES_HISTORY,https://www.nseindia.com/reports-indices-historical-index-data#NIFTY_50_2023-05-30_2023-08-27.json,2023-06-25,OFFICIAL_NSE_INDEX_CLOSE_NO_FORWARD_FILL,BENCHMARK_CONTEXT_V1
2023-06-27,NIFTY_50,NIFTY 50,18748.55,18829.25,18714.25,18817.4,NSE_OFFICIAL_HISTORICAL_OR_INDICES_HISTORY,https://www.nseindia.com/reports-indices-historical-index-data#NIFTY_50_2023-05-30_2023-08-27.json,2023-06-26,OFFICIAL_NSE_INDEX_CLOSE_NO_FORWARD_FILL,BENCHMARK_CONTEXT_V1
2023-06-28,NIFTY_50,NIFTY 50,18908.15,19011.25,18861.35,18972.1,NSE_OFFICIAL_HISTORICAL_OR_INDICES_HISTORY,https://www.nseindia.com/reports-indices-historical-index-data#NIFTY_50_2023-05-30_2023-08-27.json,2023-06-27,OFFICIAL_NSE_INDEX_CLOSE_NO_FORWARD_FILL,BENCHMARK_CONTEXT_V1
2023-06-30,NIFTY_50,NIFTY 50,19076.85,19201.7,19024.6,19189.05,NSE_OFFICIAL_HISTORICAL_OR_INDICES_HISTORY,https://www.nseindia.com/reports-indices-historical-index-data#NIFTY_50_2023-05-30_2023-08-27.json,2023-06-29,OFFICIAL_NSE_INDEX_CLOSE_NO_FORWARD_FILL,BENCHMARK_CONTEXT_V1
2023-07-03,NIFTY_50,NIFTY 50,19246.5,19345.1,19234.4,19322.55,NSE_OFFICIAL_HISTORICAL_OR_INDICES_HISTORY,https://www.nseindia.com/reports-indices-historical-index-data#NIFTY_50_2023-05-30_2023-08-27.json,2023-07-02,OFFICIAL_NSE_INDEX_CLOSE_NO_FORWARD_FILL,BENCHMARK_CONTEXT_V1
2023-07-04,NIFTY_50,NIFTY 50,19406.6,19434.15,19300,19389,NSE_OFFICIAL_HISTORICAL_OR_INDICES_HISTORY,https://www.nseindia.com/reports-indices-historical-index-data#NIFTY_50_2023-05-30_2023-08-27.json,2023-07-03,OFFICIAL_NSE_INDEX_CLOSE_NO_FORWARD_FILL,BENCHMARK_CONTEXT_V1
2023-07-05,NIFTY_50,NIFTY 50,19405.95,19421.6,19339.6,19398.5,NSE_OFFICIAL_HISTORICAL_OR_INDICES_HISTORY,https://www.nseindia.com/reports-indices-historical-index-data#NIFTY_50_2023-05-30_2023-08-27.json,2023-07-04,OFFICIAL_NSE_INDEX_CLOSE_NO_FORWARD_FILL,BENCHMARK_CONTEXT_V1
2023-07-06,NIFTY_50,NIFTY 50,19385.7,19512.2,19373,19497.3,NSE_OFFICIAL_HISTORICAL_OR_INDICES_HISTORY,https://www.nseindia.com/reports-indices-historical-index-data#NIFTY_50_2023-05-30_2023-08-27.json,2023-07-05,OFFICIAL_NSE_INDEX_CLOSE_NO_FORWARD_FILL,BENCHMARK_CONTEXT_V1
2023-07-07,NIFTY_50,NIFTY 50,19422.8,19523.6,19303.6,19331.8,NSE_OFFICIAL_HISTORICAL_OR_INDICES_HISTORY,https://www.nseindia.com/reports-indices-historical-index-data#NIFTY_50_2023-05-30_2023-08-27.json,2023-07-06,OFFICIAL_NSE_INDEX_CLOSE_NO_FORWARD_FILL,BENCHMARK_CONTEXT_V1
2023-07-10,NIFTY_50,NIFTY 50,19400.35,19435.85,19327.1,19355.9,NSE_OFFICIAL_HISTORICAL_OR_INDICES_HISTORY,https://www.nseindia.com/reports-indices-historical-index-data#NIFTY_50_2023-05-30_2023-08-27.json,2023-07-09,OFFICIAL_NSE_INDEX_CLOSE_NO_FORWARD_FILL,BENCHMARK_CONTEXT_V1
2023-07-11,NIFTY_50,NIFTY 50,19427.1,19515.1,19406.45,19439.4,NSE_OFFICIAL_HISTORICAL_OR_INDICES_HISTORY,https://www.nseindia.com/reports-indices-historical-index-data#NIFTY_50_2023-05-30_2023-08-27.json,2023-07-10,OFFICIAL_NSE_INDEX_CLOSE_NO_FORWARD_FILL,BENCHMARK_CONTEXT_V1
2023-07-12,NIFTY_50,NIFTY 50,19497.45,19507.7,19361.75,19384.3,NSE_OFFICIAL_HISTORICAL_OR_INDICES_HISTORY,https://www.nseindia.com/reports-indices-historical-index-data#NIFTY_50_2023-05-30_2023-08-27.json,2023-07-11,OFFICIAL_NSE_INDEX_CLOSE_NO_FORWARD_FILL,BENCHMARK_CONTEXT_V1
2023-07-13,NIFTY_50,NIFTY 50,19495.2,19567,19385.8,19413.75,NSE_OFFICIAL_HISTORICAL_OR_INDICES_HISTORY,https://www.nseindia.com/reports-indices-historical-index-data#NIFTY_50_2023-05-30_2023-08-27.json,2023-07-12,OFFICIAL_NSE_INDEX_CLOSE_NO_FORWARD_FILL,BENCHMARK_CONTEXT_V1
2023-07-14,NIFTY_50,NIFTY 50,19493.45,19595.35,19433.5,19564.5,NSE_OFFICIAL_HISTORICAL_OR_INDICES_HISTORY,https://www.nseindia.com/reports-indices-historical-index-data#NIFTY_50_2023-05-30_2023-08-27.json,2023-07-13,OFFICIAL_NSE_INDEX_CLOSE_NO_FORWARD_FILL,BENCHMARK_CONTEXT_V1
2023-07-17,NIFTY_50,NIFTY 50,19612.15,19731.85,19562.95,19711.45,NSE_OFFICIAL_HISTORICAL_OR_INDICES_HISTORY,https://www.nseindia.com/reports-indices-historical-index-data#NIFTY_50_2023-05-30_2023-08-27.json,2023-07-16,OFFICIAL_NSE_INDEX_CLOSE_NO_FORWARD_FILL,BENCHMARK_CONTEXT_V1
2023-07-18,NIFTY_50,NIFTY 50,19787.5,19819.45,19690.2,19749.25,NSE_OFFICIAL_HISTORICAL_OR_INDICES_HISTORY,https://www.nseindia.com/reports-indices-historical-index-data#NIFTY_50_2023-05-30_2023-08-27.json,2023-07-17,OFFICIAL_NSE_INDEX_CLOSE_NO_FORWARD_FILL,BENCHMARK_CONTEXT_V1
2023-07-19,NIFTY_50,NIFTY 50,19802.95,19851.7,19727.45,19833.15,NSE_OFFICIAL_HISTORICAL_OR_INDICES_HISTORY,https://www.nseindia.com/reports-indices-historical-index-data#NIFTY_50_2023-05-30_2023-08-27.json,2023-07-18,OFFICIAL_NSE_INDEX_CLOSE_NO_FORWARD_FILL,BENCHMARK_CONTEXT_V1
2023-07-20,NIFTY_50,NIFTY 50,19831.7,19991.85,19758.4,19979.15,NSE_OFFICIAL_HISTORICAL_OR_INDICES_HISTORY,https://www.nseindia.com/reports-indices-historical-index-data#NIFTY_50_2023-05-30_2023-08-27.json,2023-07-19,OFFICIAL_NSE_INDEX_CLOSE_NO_FORWARD_FILL,BENCHMARK_CONTEXT_V1
2023-07-21,NIFTY_50,NIFTY 50,19800.45,19887.4,19700,19745,NSE_OFFICIAL_HISTORICAL_OR_INDICES_HISTORY,https://www.nseindia.com/reports-indices-historical-index-data#NIFTY_50_2023-05-30_2023-08-27.json,2023-07-20,OFFICIAL_NSE_INDEX_CLOSE_NO_FORWARD_FILL,BENCHMARK_CONTEXT_V1
2023-07-24,NIFTY_50,NIFTY 50,19748.45,19782.75,19658.3,19672.35,NSE_OFFICIAL_HISTORICAL_OR_INDICES_HISTORY,https://www.nseindia.com/reports-indices-historical-index-data#NIFTY_50_2023-05-30_2023-08-27.json,2023-07-23,OFFICIAL_NSE_INDEX_CLOSE_NO_FORWARD_FILL,BENCHMARK_CONTEXT_V1
2023-07-25,NIFTY_50,NIFTY 50,19729.35,19729.35,19615.95,19680.6,NSE_OFFICIAL_HISTORICAL_OR_INDICES_HISTORY,https://www.nseindia.com/reports-indices-historical-index-data#NIFTY_50_2023-05-30_2023-08-27.json,2023-07-24,OFFICIAL_NSE_INDEX_CLOSE_NO_FORWARD_FILL,BENCHMARK_CONTEXT_V1
2023-07-26,NIFTY_50,NIFTY 50,19733.35,19825.6,19716.7,19778.3,NSE_OFFICIAL_HISTORICAL_OR_INDICES_HISTORY,https://www.nseindia.com/reports-indices-historical-index-data#NIFTY_50_2023-05-30_2023-08-27.json,2023-07-25,OFFICIAL_NSE_INDEX_CLOSE_NO_FORWARD_FILL,BENCHMARK_CONTEXT_V1
2023-07-27,NIFTY_50,NIFTY 50,19850.9,19867.55,19603.55,19659.9,NSE_OFFICIAL_HISTORICAL_OR_INDICES_HISTORY,https://www.nseindia.com/reports-indices-historical-index-data#NIFTY_50_2023-05-30_2023-08-27.json,2023-07-26,OFFICIAL_NSE_INDEX_CLOSE_NO_FORWARD_FILL,BENCHMARK_CONTEXT_V1
2023-07-28,NIFTY_50,NIFTY 50,19659.75,19695.9,19563.1,19646.05,NSE_OFFICIAL_HISTORICAL_OR_INDICES_HISTORY,https://www.nseindia.com/reports-indices-historical-index-data#NIFTY_50_2023-05-30_2023-08-27.json,2023-07-27,OFFICIAL_NSE_INDEX_CLOSE_NO_FORWARD_FILL,BENCHMARK_CONTEXT_V1
2023-07-31,NIFTY_50,NIFTY 50,19666.35,19772.75,19597.6,19753.8,NSE_OFFICIAL_HISTORICAL_OR_INDICES_HISTORY,https://www.nseindia.com/reports-indices-historical-index-data#NIFTY_50_2023-05-30_2023-08-27.json,2023-07-30,OFFICIAL_NSE_INDEX_CLOSE_NO_FORWARD_FILL,BENCHMARK_CONTEXT_V1
2023-08-01,NIFTY_50,NIFTY 50,19784,19795.6,19704.6,19733.55,NSE_OFFICIAL_HISTORICAL_OR_INDICES_HISTORY,https://www.nseindia.com/reports-indices-historical-index-data#NIFTY_50_2023-05-30_2023-08-27.json,2023-07-31,OFFICIAL_NSE_INDEX_CLOSE_NO_FORWARD_FILL,BENCHMARK_CONTEXT_V1
2023-08-02,NIFTY_50,NIFTY 50,19655.4,19678.25,19423.55,19526.55,NSE_OFFICIAL_HISTORICAL_OR_INDICES_HISTORY,https://www.nseindia.com/reports-indices-historical-index-data#NIFTY_50_2023-05-30_2023-08-27.json,2023-08-01,OFFICIAL_NSE_INDEX_CLOSE_NO_FORWARD_FILL,BENCHMARK_CONTEXT_V1
2023-08-03,NIFTY_50,NIFTY 50,19463.75,19537.65,19296.45,19381.65,NSE_OFFICIAL_HISTORICAL_OR_INDICES_HISTORY,https://www.nseindia.com/reports-indices-historical-index-data#NIFTY_50_2023-05-30_2023-08-27.json,2023-08-02,OFFICIAL_NSE_INDEX_CLOSE_NO_FORWARD_FILL,BENCHMARK_CONTEXT_V1
2023-08-04,NIFTY_50,NIFTY 50,19462.8,19538.85,19436.45,19517,NSE_OFFICIAL_HISTORICAL_OR_INDICES_HISTORY,https://www.nseindia.com/reports-indices-historical-index-data#NIFTY_50_2023-05-30_2023-08-27.json,2023-08-03,OFFICIAL_NSE_INDEX_CLOSE_NO_FORWARD_FILL,BENCHMARK_CONTEXT_V1
2023-08-07,NIFTY_50,NIFTY 50,19576.85,19620.45,19524.8,19597.3,NSE_OFFICIAL_HISTORICAL_OR_INDICES_HISTORY,https://www.nseindia.com/reports-indices-historical-index-data#NIFTY_50_2023-05-30_2023-08-27.json,2023-08-06,OFFICIAL_NSE_INDEX_CLOSE_NO_FORWARD_FILL,BENCHMARK_CONTEXT_V1
2023-08-08,NIFTY_50,NIFTY 50,19627.2,19634.4,19533.1,19570.85,NSE_OFFICIAL_HISTORICAL_OR_INDICES_HISTORY,https://www.nseindia.com/reports-indices-historical-index-data#NIFTY_50_2023-05-30_2023-08-27.json,2023-08-07,OFFICIAL_NSE_INDEX_CLOSE_NO_FORWARD_FILL,BENCHMARK_CONTEXT_V1
2023-08-09,NIFTY_50,NIFTY 50,19578.8,19645.5,19467.5,19632.55,NSE_OFFICIAL_HISTORICAL_OR_INDICES_HISTORY,https://www.nseindia.com/reports-indices-historical-index-data#NIFTY_50_2023-05-30_2023-08-27.json,2023-08-08,OFFICIAL_NSE_INDEX_CLOSE_NO_FORWARD_FILL,BENCHMARK_CONTEXT_V1
2023-08-10,NIFTY_50,NIFTY 50,19605.55,19623.6,19495.4,19543.1,NSE_OFFICIAL_HISTORICAL_OR_INDICES_HISTORY,https://www.nseindia.com/reports-indices-historical-index-data#NIFTY_50_2023-05-30_2023-08-27.json,2023-08-09,OFFICIAL_NSE_INDEX_CLOSE_NO_FORWARD_FILL,BENCHMARK_CONTEXT_V1
2023-08-11,NIFTY_50,NIFTY 50,19554.25,19557.75,19412.75,19428.3,NSE_OFFICIAL_HISTORICAL_OR_INDICES_HISTORY,https://www.nseindia.com/reports-indices-historical-index-data#NIFTY_50_2023-05-30_2023-08-27.json,2023-08-10,OFFICIAL_NSE_INDEX_CLOSE_NO_FORWARD_FILL,BENCHMARK_CONTEXT_V1
2023-08-14,NIFTY_50,NIFTY 50,19383.95,19465.85,19257.9,19434.55,NSE_OFFICIAL_HISTORICAL_OR_INDICES_HISTORY,https://www.nseindia.com/reports-indices-historical-index-data#NIFTY_50_2023-05-30_2023-08-27.json,2023-08-13,OFFICIAL_NSE_INDEX_CLOSE_NO_FORWARD_FILL,BENCHMARK_CONTEXT_V1
2023-08-16,NIFTY_50,NIFTY 50,19369,19482.75,19317.2,19465,NSE_OFFICIAL_HISTORICAL_OR_INDICES_HISTORY,https://www.nseindia.com/reports-indices-historical-index-data#NIFTY_50_2023-05-30_2023-08-27.json,2023-08-15,OFFICIAL_NSE_INDEX_CLOSE_NO_FORWARD_FILL,BENCHMARK_CONTEXT_V1
2023-08-17,NIFTY_50,NIFTY 50,19450.55,19461.55,19326.25,19365.25,NSE_OFFICIAL_HISTORICAL_OR_INDICES_HISTORY,https://www.nseindia.com/reports-indices-historical-index-data#NIFTY_50_2023-05-30_2023-08-27.json,2023-08-16,OFFICIAL_NSE_INDEX_CLOSE_NO_FORWARD_FILL,BENCHMARK_CONTEXT_V1
2023-08-18,NIFTY_50,NIFTY 50,19301.75,19373.8,19253.6,19310.15,NSE_OFFICIAL_HISTORICAL_OR_INDICES_HISTORY,https://www.nseindia.com/reports-indices-historical-index-data#NIFTY_50_2023-05-30_2023-08-27.json,2023-08-17,OFFICIAL_NSE_INDEX_CLOSE_NO_FORWARD_FILL,BENCHMARK_CONTEXT_V1
2023-08-21,NIFTY_50,NIFTY 50,19320.65,19425.95,19296.3,19393.6,NSE_OFFICIAL_HISTORICAL_OR_INDICES_HISTORY,https://www.nseindia.com/reports-indices-historical-index-data#NIFTY_50_2023-05-30_2023-08-27.json,2023-08-20,OFFICIAL_NSE_INDEX_CLOSE_NO_FORWARD_FILL,BENCHMARK_CONTEXT_V1
2023-08-22,NIFTY_50,NIFTY 50,19417.1,19443.5,19381.3,19396.45,NSE_OFFICIAL_HISTORICAL_OR_INDICES_HISTORY,https://www.nseindia.com/reports-indices-historical-index-data#NIFTY_50_2023-05-30_2023-08-27.json,2023-08-21,OFFICIAL_NSE_INDEX_CLOSE_NO_FORWARD_FILL,BENCHMARK_CONTEXT_V1
2023-08-23,NIFTY_50,NIFTY 50,19439.2,19472.05,19366.6,19444,NSE_OFFICIAL_HISTORICAL_OR_INDICES_HISTORY,https://www.nseindia.com/reports-indices-historical-index-data#NIFTY_50_2023-05-30_2023-08-27.json,2023-08-22,OFFICIAL_NSE_INDEX_CLOSE_NO_FORWARD_FILL,BENCHMARK_CONTEXT_V1
2023-08-24,NIFTY_50,NIFTY 50,19535.15,19584.45,19369,19386.7,NSE_OFFICIAL_HISTORICAL_OR_INDICES_HISTORY,https://www.nseindia.com/reports-indices-historical-index-data#NIFTY_50_2023-05-30_2023-08-27.json,2023-08-23,OFFICIAL_NSE_INDEX_CLOSE_NO_FORWARD_FILL,BENCHMARK_CONTEXT_V1
2023-08-25,NIFTY_50,NIFTY 50,19297.4,19339.55,19229.7,19265.8,NSE_OFFICIAL_HISTORICAL_OR_INDICES_HISTORY,https://www.nseindia.com/reports-indices-historical-index-data#NIFTY_50_2023-05-30_2023-08-27.json,2023-08-24,OFFICIAL_NSE_INDEX_CLOSE_NO_FORWARD_FILL,BENCHMARK_CONTEXT_V1
2023-08-28,NIFTY_50,NIFTY 50,19298.35,19366.85,19249.7,19306.05,NSE_OFFICIAL_HISTORICAL_OR_INDICES_HISTORY,https://www.nseindia.com/reports-indices-historical-index-data#NIFTY_50_2023-08-28_2023-11-25.json,2023-08-27,OFFICIAL_NSE_INDEX_CLOSE_NO_FORWARD_FILL,BENCHMARK_CONTEXT_V1
2023-08-29,NIFTY_50,NIFTY 50,19374.85,19377.9,19309.1,19342.65,NSE_OFFICIAL_HISTORICAL_OR_INDICES_HISTORY,https://www.nseindia.com/reports-indices-historical-index-data#NIFTY_50_2023-08-28_2023-11-25.json,2023-08-28,OFFICIAL_NSE_INDEX_CLOSE_NO_FORWARD_FILL,BENCHMARK_CONTEXT_V1
2023-08-30,NIFTY_50,NIFTY 50,19433.45,19452.8,19334.75,19347.45,NSE_OFFICIAL_HISTORICAL_OR_INDICES_HISTORY,https://www.nseindia.com/reports-indices-historical-index-data#NIFTY_50_2023-08-28_2023-11-25.json,2023-08-29,OFFICIAL_NSE_INDEX_CLOSE_NO_FORWARD_FILL,BENCHMARK_CONTEXT_V1
2023-08-31,NIFTY_50,NIFTY 50,19375.55,19388.2,19223.65,19253.8,NSE_OFFICIAL_HISTORICAL_OR_INDICES_HISTORY,https://www.nseindia.com/reports-indices-historical-index-data#NIFTY_50_2023-08-28_2023-11-25.json,2023-08-30,OFFICIAL_NSE_INDEX_CLOSE_NO_FORWARD_FILL,BENCHMARK_CONTEXT_V1
2023-09-01,NIFTY_50,NIFTY 50,19258.15,19458.55,19255.7,19435.3,NSE_OFFICIAL_HISTORICAL_OR_INDICES_HISTORY,https://www.nseindia.com/reports-indices-historical-index-data#NIFTY_50_2023-08-28_2023-11-25.json,2023-08-31,OFFICIAL_NSE_INDEX_CLOSE_NO_FORWARD_FILL,BENCHMARK_CONTEXT_V1
2023-09-04,NIFTY_50,NIFTY 50,19525.05,19545.15,19432.85,19528.8,NSE_OFFICIAL_HISTORICAL_OR_INDICES_HISTORY,https://www.nseindia.com/reports-indices-historical-index-data#NIFTY_50_2023-08-28_2023-11-25.json,2023-09-03,OFFICIAL_NSE_INDEX_CLOSE_NO_FORWARD_FILL,BENCHMARK_CONTEXT_V1
2023-09-05,NIFTY_50,NIFTY 50,19564.65,19587.05,19525.75,19574.9,NSE_OFFICIAL_HISTORICAL_OR_INDICES_HISTORY,https://www.nseindia.com/reports-indices-historical-index-data#NIFTY_50_2023-08-28_2023-11-25.json,2023-09-04,OFFICIAL_NSE_INDEX_CLOSE_NO_FORWARD_FILL,BENCHMARK_CONTEXT_V1
2023-09-06,NIFTY_50,NIFTY 50,19581.2,19636.45,19491.5,19611.05,NSE_OFFICIAL_HISTORICAL_OR_INDICES_HISTORY,https://www.nseindia.com/reports-indices-historical-index-data#NIFTY_50_2023-08-28_2023-11-25.json,2023-09-05,OFFICIAL_NSE_INDEX_CLOSE_NO_FORWARD_FILL,BENCHMARK_CONTEXT_V1
2023-09-07,NIFTY_50,NIFTY 50,19598.65,19737,19550.05,19727.05,NSE_OFFICIAL_HISTORICAL_OR_INDICES_HISTORY,https://www.nseindia.com/reports-indices-historical-index-data#NIFTY_50_2023-08-28_2023-11-25.json,2023-09-06,OFFICIAL_NSE_INDEX_CLOSE_NO_FORWARD_FILL,BENCHMARK_CONTEXT_V1
2023-09-08,NIFTY_50,NIFTY 50,19774.8,19867.15,19727.05,19819.95,NSE_OFFICIAL_HISTORICAL_OR_INDICES_HISTORY,https://www.nseindia.com/reports-indices-historical-index-data#NIFTY_50_2023-08-28_2023-11-25.json,2023-09-07,OFFICIAL_NSE_INDEX_CLOSE_NO_FORWARD_FILL,BENCHMARK_CONTEXT_V1
2023-09-11,NIFTY_50,NIFTY 50,19890,20008.15,19865.35,19996.35,NSE_OFFICIAL_HISTORICAL_OR_INDICES_HISTORY,https://www.nseindia.com/reports-indices-historical-index-data#NIFTY_50_2023-08-28_2023-11-25.json,2023-09-10,OFFICIAL_NSE_INDEX_CLOSE_NO_FORWARD_FILL,BENCHMARK_CONTEXT_V1
2023-09-12,NIFTY_50,NIFTY 50,20110.15,20110.35,19914.65,19993.2,NSE_OFFICIAL_HISTORICAL_OR_INDICES_HISTORY,https://www.nseindia.com/reports-indices-historical-index-data#NIFTY_50_2023-08-28_2023-11-25.json,2023-09-11,OFFICIAL_NSE_INDEX_CLOSE_NO_FORWARD_FILL,BENCHMARK_CONTEXT_V1
2023-09-13,NIFTY_50,NIFTY 50,19989.5,20096.9,19944.1,20070,NSE_OFFICIAL_HISTORICAL_OR_INDICES_HISTORY,https://www.nseindia.com/reports-indices-historical-index-data#NIFTY_50_2023-08-28_2023-11-25.json,2023-09-12,OFFICIAL_NSE_INDEX_CLOSE_NO_FORWARD_FILL,BENCHMARK_CONTEXT_V1
2023-09-14,NIFTY_50,NIFTY 50,20127.95,20167.65,20043.45,20103.1,NSE_OFFICIAL_HISTORICAL_OR_INDICES_HISTORY,https://www.nseindia.com/reports-indices-historical-index-data#NIFTY_50_2023-08-28_2023-11-25.json,2023-09-13,OFFICIAL_NSE_INDEX_CLOSE_NO_FORWARD_FILL,BENCHMARK_CONTEXT_V1
2023-09-15,NIFTY_50,NIFTY 50,20156.45,20222.45,20129.7,20192.35,NSE_OFFICIAL_HISTORICAL_OR_INDICES_HISTORY,https://www.nseindia.com/reports-indices-historical-index-data#NIFTY_50_2023-08-28_2023-11-25.json,2023-09-14,OFFICIAL_NSE_INDEX_CLOSE_NO_FORWARD_FILL,BENCHMARK_CONTEXT_V1
2023-09-18,NIFTY_50,NIFTY 50,20155.95,20195.35,20115.7,20133.3,NSE_OFFICIAL_HISTORICAL_OR_INDICES_HISTORY,https://www.nseindia.com/reports-indices-historical-index-data#NIFTY_50_2023-08-28_2023-11-25.json,2023-09-17,OFFICIAL_NSE_INDEX_CLOSE_NO_FORWARD_FILL,BENCHMARK_CONTEXT_V1
2023-09-20,NIFTY_50,NIFTY 50,19980.75,20050.65,19878.85,19901.4,NSE_OFFICIAL_HISTORICAL_OR_INDICES_HISTORY,https://www.nseindia.com/reports-indices-historical-index-data#NIFTY_50_2023-08-28_2023-11-25.json,2023-09-19,OFFICIAL_NSE_INDEX_CLOSE_NO_FORWARD_FILL,BENCHMARK_CONTEXT_V1
2023-09-21,NIFTY_50,NIFTY 50,19840.55,19848.75,19709.95,19742.35,NSE_OFFICIAL_HISTORICAL_OR_INDICES_HISTORY,https://www.nseindia.com/reports-indices-historical-index-data#NIFTY_50_2023-08-28_2023-11-25.json,2023-09-20,OFFICIAL_NSE_INDEX_CLOSE_NO_FORWARD_FILL,BENCHMARK_CONTEXT_V1
2023-09-22,NIFTY_50,NIFTY 50,19744.85,19798.65,19657.5,19674.25,NSE_OFFICIAL_HISTORICAL_OR_INDICES_HISTORY,https://www.nseindia.com/reports-indices-historical-index-data#NIFTY_50_2023-08-28_2023-11-25.json,2023-09-21,OFFICIAL_NSE_INDEX_CLOSE_NO_FORWARD_FILL,BENCHMARK_CONTEXT_V1
2023-09-25,NIFTY_50,NIFTY 50,19678.2,19734.15,19601.55,19674.55,NSE_OFFICIAL_HISTORICAL_OR_INDICES_HISTORY,https://www.nseindia.com/reports-indices-historical-index-data#NIFTY_50_2023-08-28_2023-11-25.json,2023-09-24,OFFICIAL_NSE_INDEX_CLOSE_NO_FORWARD_FILL,BENCHMARK_CONTEXT_V1
2023-09-26,NIFTY_50,NIFTY 50,19682.8,19699.35,19637.45,19664.7,NSE_OFFICIAL_HISTORICAL_OR_INDICES_HISTORY,https://www.nseindia.com/reports-indices-historical-index-data#NIFTY_50_2023-08-28_2023-11-25.json,2023-09-25,OFFICIAL_NSE_INDEX_CLOSE_NO_FORWARD_FILL,BENCHMARK_CONTEXT_V1
2023-09-27,NIFTY_50,NIFTY 50,19637.05,19730.7,19554,19716.45,NSE_OFFICIAL_HISTORICAL_OR_INDICES_HISTORY,https://www.nseindia.com/reports-indices-historical-index-data#NIFTY_50_2023-08-28_2023-11-25.json,2023-09-26,OFFICIAL_NSE_INDEX_CLOSE_NO_FORWARD_FILL,BENCHMARK_CONTEXT_V1
2023-09-28,NIFTY_50,NIFTY 50,19761.8,19766.65,19492.1,19523.55,NSE_OFFICIAL_HISTORICAL_OR_INDICES_HISTORY,https://www.nseindia.com/reports-indices-historical-index-data#NIFTY_50_2023-08-28_2023-11-25.json,2023-09-27,OFFICIAL_NSE_INDEX_CLOSE_NO_FORWARD_FILL,BENCHMARK_CONTEXT_V1
2023-09-29,NIFTY_50,NIFTY 50,19581.2,19726.25,19551.05,19638.3,NSE_OFFICIAL_HISTORICAL_OR_INDICES_HISTORY,https://www.nseindia.com/reports-indices-historical-index-data#NIFTY_50_2023-08-28_2023-11-25.json,2023-09-28,OFFICIAL_NSE_INDEX_CLOSE_NO_FORWARD_FILL,BENCHMARK_CONTEXT_V1
2023-10-03,NIFTY_50,NIFTY 50,19622.4,19623.2,19479.65,19528.75,NSE_OFFICIAL_HISTORICAL_OR_INDICES_HISTORY,https://www.nseindia.com/reports-indices-historical-index-data#NIFTY_50_2023-08-28_2023-11-25.json,2023-10-02,OFFICIAL_NSE_INDEX_CLOSE_NO_FORWARD_FILL,BENCHMARK_CONTEXT_V1
2023-10-04,NIFTY_50,NIFTY 50,19446.3,19457.8,19333.6,19436.1,NSE_OFFICIAL_HISTORICAL_OR_INDICES_HISTORY,https://www.nseindia.com/reports-indices-historical-index-data#NIFTY_50_2023-08-28_2023-11-25.json,2023-10-03,OFFICIAL_NSE_INDEX_CLOSE_NO_FORWARD_FILL,BENCHMARK_CONTEXT_V1
2023-10-05,NIFTY_50,NIFTY 50,19521.85,19576.95,19487.3,19545.75,NSE_OFFICIAL_HISTORICAL_OR_INDICES_HISTORY,https://www.nseindia.com/reports-indices-historical-index-data#NIFTY_50_2023-08-28_2023-11-25.json,2023-10-04,OFFICIAL_NSE_INDEX_CLOSE_NO_FORWARD_FILL,BENCHMARK_CONTEXT_V1
2023-10-06,NIFTY_50,NIFTY 50,19621.2,19675.75,19589.4,19653.5,NSE_OFFICIAL_HISTORICAL_OR_INDICES_HISTORY,https://www.nseindia.com/reports-indices-historical-index-data#NIFTY_50_2023-08-28_2023-11-25.json,2023-10-05,OFFICIAL_NSE_INDEX_CLOSE_NO_FORWARD_FILL,BENCHMARK_CONTEXT_V1
2023-10-09,NIFTY_50,NIFTY 50,19539.45,19588.95,19480.5,19512.35,NSE_OFFICIAL_HISTORICAL_OR_INDICES_HISTORY,https://www.nseindia.com/reports-indices-historical-index-data#NIFTY_50_2023-08-28_2023-11-25.json,2023-10-08,OFFICIAL_NSE_INDEX_CLOSE_NO_FORWARD_FILL,BENCHMARK_CONTEXT_V1
2023-10-10,NIFTY_50,NIFTY 50,19565.6,19717.8,19565.45,19689.85,NSE_OFFICIAL_HISTORICAL_OR_INDICES_HISTORY,https://www.nseindia.com/reports-indices-historical-index-data#NIFTY_50_2023-08-28_2023-11-25.json,2023-10-09,OFFICIAL_NSE_INDEX_CLOSE_NO_FORWARD_FILL,BENCHMARK_CONTEXT_V1
2023-10-11,NIFTY_50,NIFTY 50,19767,19839.2,19756.95,19811.35,NSE_OFFICIAL_HISTORICAL_OR_INDICES_HISTORY,https://www.nseindia.com/reports-indices-historical-index-data#NIFTY_50_2023-08-28_2023-11-25.json,2023-10-10,OFFICIAL_NSE_INDEX_CLOSE_NO_FORWARD_FILL,BENCHMARK_CONTEXT_V1
2023-10-12,NIFTY_50,NIFTY 50,19822.7,19843.3,19772.65,19794,NSE_OFFICIAL_HISTORICAL_OR_INDICES_HISTORY,https://www.nseindia.com/reports-indices-historical-index-data#NIFTY_50_2023-08-28_2023-11-25.json,2023-10-11,OFFICIAL_NSE_INDEX_CLOSE_NO_FORWARD_FILL,BENCHMARK_CONTEXT_V1
2023-10-13,NIFTY_50,NIFTY 50,19654.55,19805.4,19635.3,19751.05,NSE_OFFICIAL_HISTORICAL_OR_INDICES_HISTORY,https://www.nseindia.com/reports-indices-historical-index-data#NIFTY_50_2023-08-28_2023-11-25.json,2023-10-12,OFFICIAL_NSE_INDEX_CLOSE_NO_FORWARD_FILL,BENCHMARK_CONTEXT_V1
2023-10-16,NIFTY_50,NIFTY 50,19737.25,19781.3,19691.85,19731.75,NSE_OFFICIAL_HISTORICAL_OR_INDICES_HISTORY,https://www.nseindia.com/reports-indices-historical-index-data#NIFTY_50_2023-08-28_2023-11-25.json,2023-10-15,OFFICIAL_NSE_INDEX_CLOSE_NO_FORWARD_FILL,BENCHMARK_CONTEXT_V1
2023-10-17,NIFTY_50,NIFTY 50,19843.2,19849.75,19775.65,19811.5,NSE_OFFICIAL_HISTORICAL_OR_INDICES_HISTORY,https://www.nseindia.com/reports-indices-historical-index-data#NIFTY_50_2023-08-28_2023-11-25.json,2023-10-16,OFFICIAL_NSE_INDEX_CLOSE_NO_FORWARD_FILL,BENCHMARK_CONTEXT_V1
2023-10-18,NIFTY_50,NIFTY 50,19820.45,19840.95,19659.95,19671.1,NSE_OFFICIAL_HISTORICAL_OR_INDICES_HISTORY,https://www.nseindia.com/reports-indices-historical-index-data#NIFTY_50_2023-08-28_2023-11-25.json,2023-10-17,OFFICIAL_NSE_INDEX_CLOSE_NO_FORWARD_FILL,BENCHMARK_CONTEXT_V1
2023-10-19,NIFTY_50,NIFTY 50,19545.2,19681.8,19512.35,19624.7,NSE_OFFICIAL_HISTORICAL_OR_INDICES_HISTORY,https://www.nseindia.com/reports-indices-historical-index-data#NIFTY_50_2023-08-28_2023-11-25.json,2023-10-18,OFFICIAL_NSE_INDEX_CLOSE_NO_FORWARD_FILL,BENCHMARK_CONTEXT_V1
2023-10-20,NIFTY_50,NIFTY 50,19542.15,19593.8,19518.7,19542.65,NSE_OFFICIAL_HISTORICAL_OR_INDICES_HISTORY,https://www.nseindia.com/reports-indices-historical-index-data#NIFTY_50_2023-08-28_2023-11-25.json,2023-10-19,OFFICIAL_NSE_INDEX_CLOSE_NO_FORWARD_FILL,BENCHMARK_CONTEXT_V1
2023-10-23,NIFTY_50,NIFTY 50,19521.6,19556.85,19257.85,19281.75,NSE_OFFICIAL_HISTORICAL_OR_INDICES_HISTORY,https://www.nseindia.com/reports-indices-historical-index-data#NIFTY_50_2023-08-28_2023-11-25.json,2023-10-22,OFFICIAL_NSE_INDEX_CLOSE_NO_FORWARD_FILL,BENCHMARK_CONTEXT_V1
2023-10-25,NIFTY_50,NIFTY 50,19286.45,19347.3,19074.15,19122.15,NSE_OFFICIAL_HISTORICAL_OR_INDICES_HISTORY,https://www.nseindia.com/reports-indices-historical-index-data#NIFTY_50_2023-08-28_2023-11-25.json,2023-10-24,OFFICIAL_NSE_INDEX_CLOSE_NO_FORWARD_FILL,BENCHMARK_CONTEXT_V1
2023-10-26,NIFTY_50,NIFTY 50,19027.25,19041.7,18837.85,18857.25,NSE_OFFICIAL_HISTORICAL_OR_INDICES_HISTORY,https://www.nseindia.com/reports-indices-historical-index-data#NIFTY_50_2023-08-28_2023-11-25.json,2023-10-25,OFFICIAL_NSE_INDEX_CLOSE_NO_FORWARD_FILL,BENCHMARK_CONTEXT_V1
2023-10-27,NIFTY_50,NIFTY 50,18928.75,19076.15,18926.65,19047.25,NSE_OFFICIAL_HISTORICAL_OR_INDICES_HISTORY,https://www.nseindia.com/reports-indices-historical-index-data#NIFTY_50_2023-08-28_2023-11-25.json,2023-10-26,OFFICIAL_NSE_INDEX_CLOSE_NO_FORWARD_FILL,BENCHMARK_CONTEXT_V1
2023-10-30,NIFTY_50,NIFTY 50,19053.4,19158.5,18940,19140.9,NSE_OFFICIAL_HISTORICAL_OR_INDICES_HISTORY,https://www.nseindia.com/reports-indices-historical-index-data#NIFTY_50_2023-08-28_2023-11-25.json,2023-10-29,OFFICIAL_NSE_INDEX_CLOSE_NO_FORWARD_FILL,BENCHMARK_CONTEXT_V1
2023-10-31,NIFTY_50,NIFTY 50,19232.95,19233.7,19056.45,19079.6,NSE_OFFICIAL_HISTORICAL_OR_INDICES_HISTORY,https://www.nseindia.com/reports-indices-historical-index-data#NIFTY_50_2023-08-28_2023-11-25.json,2023-10-30,OFFICIAL_NSE_INDEX_CLOSE_NO_FORWARD_FILL,BENCHMARK_CONTEXT_V1
2023-11-01,NIFTY_50,NIFTY 50,19064.05,19096.05,18973.7,18989.15,NSE_OFFICIAL_HISTORICAL_OR_INDICES_HISTORY,https://www.nseindia.com/reports-indices-historical-index-data#NIFTY_50_2023-08-28_2023-11-25.json,2023-10-31,OFFICIAL_NSE_INDEX_CLOSE_NO_FORWARD_FILL,BENCHMARK_CONTEXT_V1
2023-11-02,NIFTY_50,NIFTY 50,19120,19175.25,19064.15,19133.25,NSE_OFFICIAL_HISTORICAL_OR_INDICES_HISTORY,https://www.nseindia.com/reports-indices-historical-index-data#NIFTY_50_2023-08-28_2023-11-25.json,2023-11-01,OFFICIAL_NSE_INDEX_CLOSE_NO_FORWARD_FILL,BENCHMARK_CONTEXT_V1
2023-11-03,NIFTY_50,NIFTY 50,19241,19276.25,19210.9,19230.6,NSE_OFFICIAL_HISTORICAL_OR_INDICES_HISTORY,https://www.nseindia.com/reports-indices-historical-index-data#NIFTY_50_2023-08-28_2023-11-25.json,2023-11-02,OFFICIAL_NSE_INDEX_CLOSE_NO_FORWARD_FILL,BENCHMARK_CONTEXT_V1
2023-11-06,NIFTY_50,NIFTY 50,19345.85,19423,19309.7,19411.75,NSE_OFFICIAL_HISTORICAL_OR_INDICES_HISTORY,https://www.nseindia.com/reports-indices-historical-index-data#NIFTY_50_2023-08-28_2023-11-25.json,2023-11-05,OFFICIAL_NSE_INDEX_CLOSE_NO_FORWARD_FILL,BENCHMARK_CONTEXT_V1
2023-11-07,NIFTY_50,NIFTY 50,19404.05,19423.5,19329.1,19406.7,NSE_OFFICIAL_HISTORICAL_OR_INDICES_HISTORY,https://www.nseindia.com/reports-indices-historical-index-data#NIFTY_50_2023-08-28_2023-11-25.json,2023-11-06,OFFICIAL_NSE_INDEX_CLOSE_NO_FORWARD_FILL,BENCHMARK_CONTEXT_V1
2023-11-08,NIFTY_50,NIFTY 50,19449.6,19464.4,19401.5,19443.5,NSE_OFFICIAL_HISTORICAL_OR_INDICES_HISTORY,https://www.nseindia.com/reports-indices-historical-index-data#NIFTY_50_2023-08-28_2023-11-25.json,2023-11-07,OFFICIAL_NSE_INDEX_CLOSE_NO_FORWARD_FILL,BENCHMARK_CONTEXT_V1
2023-11-09,NIFTY_50,NIFTY 50,19457.4,19463.9,19378.35,19395.3,NSE_OFFICIAL_HISTORICAL_OR_INDICES_HISTORY,https://www.nseindia.com/reports-indices-historical-index-data#NIFTY_50_2023-08-28_2023-11-25.json,2023-11-08,OFFICIAL_NSE_INDEX_CLOSE_NO_FORWARD_FILL,BENCHMARK_CONTEXT_V1
2023-11-10,NIFTY_50,NIFTY 50,19351.85,19451.3,19329.45,19425.35,NSE_OFFICIAL_HISTORICAL_OR_INDICES_HISTORY,https://www.nseindia.com/reports-indices-historical-index-data#NIFTY_50_2023-08-28_2023-11-25.json,2023-11-09,OFFICIAL_NSE_INDEX_CLOSE_NO_FORWARD_FILL,BENCHMARK_CONTEXT_V1
2023-11-12,NIFTY_50,NIFTY 50,19547.25,19547.25,19510.25,19525.55,NSE_OFFICIAL_HISTORICAL_OR_INDICES_HISTORY,https://www.nseindia.com/reports-indices-historical-index-data#NIFTY_50_2023-08-28_2023-11-25.json,2023-11-11,OFFICIAL_NSE_INDEX_CLOSE_NO_FORWARD_FILL,BENCHMARK_CONTEXT_V1
2023-11-13,NIFTY_50,NIFTY 50,19486.75,19494.4,19414.75,19443.55,NSE_OFFICIAL_HISTORICAL_OR_INDICES_HISTORY,https://www.nseindia.com/reports-indices-historical-index-data#NIFTY_50_2023-08-28_2023-11-25.json,2023-11-12,OFFICIAL_NSE_INDEX_CLOSE_NO_FORWARD_FILL,BENCHMARK_CONTEXT_V1
2023-11-15,NIFTY_50,NIFTY 50,19651.4,19693.2,19579.65,19675.45,NSE_OFFICIAL_HISTORICAL_OR_INDICES_HISTORY,https://www.nseindia.com/reports-indices-historical-index-data#NIFTY_50_2023-08-28_2023-11-25.json,2023-11-14,OFFICIAL_NSE_INDEX_CLOSE_NO_FORWARD_FILL,BENCHMARK_CONTEXT_V1
2023-11-16,NIFTY_50,NIFTY 50,19674.7,19875.25,19627,19765.2,NSE_OFFICIAL_HISTORICAL_OR_INDICES_HISTORY,https://www.nseindia.com/reports-indices-historical-index-data#NIFTY_50_2023-08-28_2023-11-25.json,2023-11-15,OFFICIAL_NSE_INDEX_CLOSE_NO_FORWARD_FILL,BENCHMARK_CONTEXT_V1
2023-11-17,NIFTY_50,NIFTY 50,19674.75,19806,19667.45,19731.8,NSE_OFFICIAL_HISTORICAL_OR_INDICES_HISTORY,https://www.nseindia.com/reports-indices-historical-index-data#NIFTY_50_2023-08-28_2023-11-25.json,2023-11-16,OFFICIAL_NSE_INDEX_CLOSE_NO_FORWARD_FILL,BENCHMARK_CONTEXT_V1
2023-11-20,NIFTY_50,NIFTY 50,19731.15,19756.45,19670.5,19694,NSE_OFFICIAL_HISTORICAL_OR_INDICES_HISTORY,https://www.nseindia.com/reports-indices-historical-index-data#NIFTY_50_2023-08-28_2023-11-25.json,2023-11-19,OFFICIAL_NSE_INDEX_CLOSE_NO_FORWARD_FILL,BENCHMARK_CONTEXT_V1
2023-11-21,NIFTY_50,NIFTY 50,19770.9,19829.1,19754.05,19783.4,NSE_OFFICIAL_HISTORICAL_OR_INDICES_HISTORY,https://www.nseindia.com/reports-indices-historical-index-data#NIFTY_50_2023-08-28_2023-11-25.json,2023-11-20,OFFICIAL_NSE_INDEX_CLOSE_NO_FORWARD_FILL,BENCHMARK_CONTEXT_V1
2023-11-22,NIFTY_50,NIFTY 50,19784,19825.55,19703.85,19811.85,NSE_OFFICIAL_HISTORICAL_OR_INDICES_HISTORY,https://www.nseindia.com/reports-indices-historical-index-data#NIFTY_50_2023-08-28_2023-11-25.json,2023-11-21,OFFICIAL_NSE_INDEX_CLOSE_NO_FORWARD_FILL,BENCHMARK_CONTEXT_V1
2023-11-23,NIFTY_50,NIFTY 50,19828.45,19875.15,19786.75,19802,NSE_OFFICIAL_HISTORICAL_OR_INDICES_HISTORY,https://www.nseindia.com/reports-indices-historical-index-data#NIFTY_50_2023-08-28_2023-11-25.json,2023-11-22,OFFICIAL_NSE_INDEX_CLOSE_NO_FORWARD_FILL,BENCHMARK_CONTEXT_V1
2023-11-24,NIFTY_50,NIFTY 50,19809.6,19832.85,19768.85,19794.7,NSE_OFFICIAL_HISTORICAL_OR_INDICES_HISTORY,https://www.nseindia.com/reports-indices-historical-index-data#NIFTY_50_2023-08-28_2023-11-25.json,2023-11-23,OFFICIAL_NSE_INDEX_CLOSE_NO_FORWARD_FILL,BENCHMARK_CONTEXT_V1
2023-11-28,NIFTY_50,NIFTY 50,19844.65,19916.85,19800,19889.7,NSE_OFFICIAL_HISTORICAL_OR_INDICES_HISTORY,https://www.nseindia.com/reports-indices-historical-index-data#NIFTY_50_2023-11-26_2024-02-23.json,2023-11-27,OFFICIAL_NSE_INDEX_CLOSE_NO_FORWARD_FILL,BENCHMARK_CONTEXT_V1
2023-11-29,NIFTY_50,NIFTY 50,19976.55,20104.65,19956.3,20096.6,NSE_OFFICIAL_HISTORICAL_OR_INDICES_HISTORY,https://www.nseindia.com/reports-indices-historical-index-data#NIFTY_50_2023-11-26_2024-02-23.json,2023-11-28,OFFICIAL_NSE_INDEX_CLOSE_NO_FORWARD_FILL,BENCHMARK_CONTEXT_V1
2023-11-30,NIFTY_50,NIFTY 50,20108.5,20158.7,20015.85,20133.15,NSE_OFFICIAL_HISTORICAL_OR_INDICES_HISTORY,https://www.nseindia.com/reports-indices-historical-index-data#NIFTY_50_2023-11-26_2024-02-23.json,2023-11-29,OFFICIAL_NSE_INDEX_CLOSE_NO_FORWARD_FILL,BENCHMARK_CONTEXT_V1
2023-12-01,NIFTY_50,NIFTY 50,20194.1,20291.55,20183.7,20267.9,NSE_OFFICIAL_HISTORICAL_OR_INDICES_HISTORY,https://www.nseindia.com/reports-indices-historical-index-data#NIFTY_50_2023-11-26_2024-02-23.json,2023-11-30,OFFICIAL_NSE_INDEX_CLOSE_NO_FORWARD_FILL,BENCHMARK_CONTEXT_V1
2023-12-04,NIFTY_50,NIFTY 50,20601.95,20702.65,20507.75,20686.8,NSE_OFFICIAL_HISTORICAL_OR_INDICES_HISTORY,https://www.nseindia.com/reports-indices-historical-index-data#NIFTY_50_2023-11-26_2024-02-23.json,2023-12-03,OFFICIAL_NSE_INDEX_CLOSE_NO_FORWARD_FILL,BENCHMARK_CONTEXT_V1
2023-12-05,NIFTY_50,NIFTY 50,20808.9,20864.05,20711.15,20855.1,NSE_OFFICIAL_HISTORICAL_OR_INDICES_HISTORY,https://www.nseindia.com/reports-indices-historical-index-data#NIFTY_50_2023-11-26_2024-02-23.json,2023-12-04,OFFICIAL_NSE_INDEX_CLOSE_NO_FORWARD_FILL,BENCHMARK_CONTEXT_V1
2023-12-06,NIFTY_50,NIFTY 50,20950.75,20961.95,20852.15,20937.7,NSE_OFFICIAL_HISTORICAL_OR_INDICES_HISTORY,https://www.nseindia.com/reports-indices-historical-index-data#NIFTY_50_2023-11-26_2024-02-23.json,2023-12-05,OFFICIAL_NSE_INDEX_CLOSE_NO_FORWARD_FILL,BENCHMARK_CONTEXT_V1
2023-12-07,NIFTY_50,NIFTY 50,20932.4,20941.25,20850.8,20901.15,NSE_OFFICIAL_HISTORICAL_OR_INDICES_HISTORY,https://www.nseindia.com/reports-indices-historical-index-data#NIFTY_50_2023-11-26_2024-02-23.json,2023-12-06,OFFICIAL_NSE_INDEX_CLOSE_NO_FORWARD_FILL,BENCHMARK_CONTEXT_V1
2023-12-08,NIFTY_50,NIFTY 50,20934.1,21006.1,20862.7,20969.4,NSE_OFFICIAL_HISTORICAL_OR_INDICES_HISTORY,https://www.nseindia.com/reports-indices-historical-index-data#NIFTY_50_2023-11-26_2024-02-23.json,2023-12-07,OFFICIAL_NSE_INDEX_CLOSE_NO_FORWARD_FILL,BENCHMARK_CONTEXT_V1
2023-12-11,NIFTY_50,NIFTY 50,20965.3,21026.1,20923.7,20997.1,NSE_OFFICIAL_HISTORICAL_OR_INDICES_HISTORY,https://www.nseindia.com/reports-indices-historical-index-data#NIFTY_50_2023-11-26_2024-02-23.json,2023-12-10,OFFICIAL_NSE_INDEX_CLOSE_NO_FORWARD_FILL,BENCHMARK_CONTEXT_V1
2023-12-12,NIFTY_50,NIFTY 50,21018.55,21037.9,20867.15,20906.4,NSE_OFFICIAL_HISTORICAL_OR_INDICES_HISTORY,https://www.nseindia.com/reports-indices-historical-index-data#NIFTY_50_2023-11-26_2024-02-23.json,2023-12-11,OFFICIAL_NSE_INDEX_CLOSE_NO_FORWARD_FILL,BENCHMARK_CONTEXT_V1
2023-12-13,NIFTY_50,NIFTY 50,20929.75,20950,20769.5,20926.35,NSE_OFFICIAL_HISTORICAL_OR_INDICES_HISTORY,https://www.nseindia.com/reports-indices-historical-index-data#NIFTY_50_2023-11-26_2024-02-23.json,2023-12-12,OFFICIAL_NSE_INDEX_CLOSE_NO_FORWARD_FILL,BENCHMARK_CONTEXT_V1
2023-12-14,NIFTY_50,NIFTY 50,21110.4,21210.9,21074.45,21182.7,NSE_OFFICIAL_HISTORICAL_OR_INDICES_HISTORY,https://www.nseindia.com/reports-indices-historical-index-data#NIFTY_50_2023-11-26_2024-02-23.json,2023-12-13,OFFICIAL_NSE_INDEX_CLOSE_NO_FORWARD_FILL,BENCHMARK_CONTEXT_V1
2023-12-15,NIFTY_50,NIFTY 50,21287.45,21492.3,21235.3,21456.65,NSE_OFFICIAL_HISTORICAL_OR_INDICES_HISTORY,https://www.nseindia.com/reports-indices-historical-index-data#NIFTY_50_2023-11-26_2024-02-23.json,2023-12-14,OFFICIAL_NSE_INDEX_CLOSE_NO_FORWARD_FILL,BENCHMARK_CONTEXT_V1
2023-12-18,NIFTY_50,NIFTY 50,21434.8,21482.8,21365.35,21418.65,NSE_OFFICIAL_HISTORICAL_OR_INDICES_HISTORY,https://www.nseindia.com/reports-indices-historical-index-data#NIFTY_50_2023-11-26_2024-02-23.json,2023-12-17,OFFICIAL_NSE_INDEX_CLOSE_NO_FORWARD_FILL,BENCHMARK_CONTEXT_V1
2023-12-19,NIFTY_50,NIFTY 50,21477.65,21505.05,21337.75,21453.1,NSE_OFFICIAL_HISTORICAL_OR_INDICES_HISTORY,https://www.nseindia.com/reports-indices-historical-index-data#NIFTY_50_2023-11-26_2024-02-23.json,2023-12-18,OFFICIAL_NSE_INDEX_CLOSE_NO_FORWARD_FILL,BENCHMARK_CONTEXT_V1
2023-12-20,NIFTY_50,NIFTY 50,21543.5,21593,21087.35,21150.15,NSE_OFFICIAL_HISTORICAL_OR_INDICES_HISTORY,https://www.nseindia.com/reports-indices-historical-index-data#NIFTY_50_2023-11-26_2024-02-23.json,2023-12-19,OFFICIAL_NSE_INDEX_CLOSE_NO_FORWARD_FILL,BENCHMARK_CONTEXT_V1
2023-12-21,NIFTY_50,NIFTY 50,21033.95,21288.35,20976.8,21255.05,NSE_OFFICIAL_HISTORICAL_OR_INDICES_HISTORY,https://www.nseindia.com/reports-indices-historical-index-data#NIFTY_50_2023-11-26_2024-02-23.json,2023-12-20,OFFICIAL_NSE_INDEX_CLOSE_NO_FORWARD_FILL,BENCHMARK_CONTEXT_V1
2023-12-22,NIFTY_50,NIFTY 50,21295.85,21390.5,21232.45,21349.4,NSE_OFFICIAL_HISTORICAL_OR_INDICES_HISTORY,https://www.nseindia.com/reports-indices-historical-index-data#NIFTY_50_2023-11-26_2024-02-23.json,2023-12-21,OFFICIAL_NSE_INDEX_CLOSE_NO_FORWARD_FILL,BENCHMARK_CONTEXT_V1
2023-12-26,NIFTY_50,NIFTY 50,21365.2,21477.15,21329.45,21441.35,NSE_OFFICIAL_HISTORICAL_OR_INDICES_HISTORY,https://www.nseindia.com/reports-indices-historical-index-data#NIFTY_50_2023-11-26_2024-02-23.json,2023-12-25,OFFICIAL_NSE_INDEX_CLOSE_NO_FORWARD_FILL,BENCHMARK_CONTEXT_V1
2023-12-27,NIFTY_50,NIFTY 50,21497.65,21675.75,21495.8,21654.75,NSE_OFFICIAL_HISTORICAL_OR_INDICES_HISTORY,https://www.nseindia.com/reports-indices-historical-index-data#NIFTY_50_2023-11-26_2024-02-23.json,2023-12-26,OFFICIAL_NSE_INDEX_CLOSE_NO_FORWARD_FILL,BENCHMARK_CONTEXT_V1
2023-12-28,NIFTY_50,NIFTY 50,21715,21801.45,21678,21778.7,NSE_OFFICIAL_HISTORICAL_OR_INDICES_HISTORY,https://www.nseindia.com/reports-indices-historical-index-data#NIFTY_50_2023-11-26_2024-02-23.json,2023-12-27,OFFICIAL_NSE_INDEX_CLOSE_NO_FORWARD_FILL,BENCHMARK_CONTEXT_V1
2023-12-29,NIFTY_50,NIFTY 50,21737.65,21770.3,21676.9,21731.4,NSE_OFFICIAL_HISTORICAL_OR_INDICES_HISTORY,https://www.nseindia.com/reports-indices-historical-index-data#NIFTY_50_2023-11-26_2024-02-23.json,2023-12-28,OFFICIAL_NSE_INDEX_CLOSE_NO_FORWARD_FILL,BENCHMARK_CONTEXT_V1
2024-01-01,NIFTY_50,NIFTY 50,21727.75,21834.35,21680.85,21741.9,NSE_OFFICIAL_HISTORICAL_OR_INDICES_HISTORY,https://www.nseindia.com/reports-indices-historical-index-data#NIFTY_50_2023-11-26_2024-02-23.json,2023-12-31,OFFICIAL_NSE_INDEX_CLOSE_NO_FORWARD_FILL,BENCHMARK_CONTEXT_V1
2024-01-02,NIFTY_50,NIFTY 50,21751.35,21755.6,21555.65,21665.8,NSE_OFFICIAL_HISTORICAL_OR_INDICES_HISTORY,https://www.nseindia.com/reports-indices-historical-index-data#NIFTY_50_2023-11-26_2024-02-23.json,2024-01-01,OFFICIAL_NSE_INDEX_CLOSE_NO_FORWARD_FILL,BENCHMARK_CONTEXT_V1
2024-01-03,NIFTY_50,NIFTY 50,21661.1,21677,21500.35,21517.35,NSE_OFFICIAL_HISTORICAL_OR_INDICES_HISTORY,https://www.nseindia.com/reports-indices-historical-index-data#NIFTY_50_2023-11-26_2024-02-23.json,2024-01-02,OFFICIAL_NSE_INDEX_CLOSE_NO_FORWARD_FILL,BENCHMARK_CONTEXT_V1
2024-01-04,NIFTY_50,NIFTY 50,21605.8,21685.65,21564.55,21658.6,NSE_OFFICIAL_HISTORICAL_OR_INDICES_HISTORY,https://www.nseindia.com/reports-indices-historical-index-data#NIFTY_50_2023-11-26_2024-02-23.json,2024-01-03,OFFICIAL_NSE_INDEX_CLOSE_NO_FORWARD_FILL,BENCHMARK_CONTEXT_V1
2024-01-05,NIFTY_50,NIFTY 50,21705.75,21749.6,21629.2,21710.8,NSE_OFFICIAL_HISTORICAL_OR_INDICES_HISTORY,https://www.nseindia.com/reports-indices-historical-index-data#NIFTY_50_2023-11-26_2024-02-23.json,2024-01-04,OFFICIAL_NSE_INDEX_CLOSE_NO_FORWARD_FILL,BENCHMARK_CONTEXT_V1
2024-01-08,NIFTY_50,NIFTY 50,21747.6,21763.95,21492.9,21513,NSE_OFFICIAL_HISTORICAL_OR_INDICES_HISTORY,https://www.nseindia.com/reports-indices-historical-index-data#NIFTY_50_2023-11-26_2024-02-23.json,2024-01-07,OFFICIAL_NSE_INDEX_CLOSE_NO_FORWARD_FILL,BENCHMARK_CONTEXT_V1
2024-01-09,NIFTY_50,NIFTY 50,21653.6,21724.45,21517.85,21544.85,NSE_OFFICIAL_HISTORICAL_OR_INDICES_HISTORY,https://www.nseindia.com/reports-indices-historical-index-data#NIFTY_50_2023-11-26_2024-02-23.json,2024-01-08,OFFICIAL_NSE_INDEX_CLOSE_NO_FORWARD_FILL,BENCHMARK_CONTEXT_V1
2024-01-10,NIFTY_50,NIFTY 50,21529.3,21641.85,21448.65,21618.7,NSE_OFFICIAL_HISTORICAL_OR_INDICES_HISTORY,https://www.nseindia.com/reports-indices-historical-index-data#NIFTY_50_2023-11-26_2024-02-23.json,2024-01-09,OFFICIAL_NSE_INDEX_CLOSE_NO_FORWARD_FILL,BENCHMARK_CONTEXT_V1
2024-01-11,NIFTY_50,NIFTY 50,21688,21726.5,21593.75,21647.2,NSE_OFFICIAL_HISTORICAL_OR_INDICES_HISTORY,https://www.nseindia.com/reports-indices-historical-index-data#NIFTY_50_2023-11-26_2024-02-23.json,2024-01-10,OFFICIAL_NSE_INDEX_CLOSE_NO_FORWARD_FILL,BENCHMARK_CONTEXT_V1
2024-01-12,NIFTY_50,NIFTY 50,21773.55,21928.25,21715.15,21894.55,NSE_OFFICIAL_HISTORICAL_OR_INDICES_HISTORY,https://www.nseindia.com/reports-indices-historical-index-data#NIFTY_50_2023-11-26_2024-02-23.json,2024-01-11,OFFICIAL_NSE_INDEX_CLOSE_NO_FORWARD_FILL,BENCHMARK_CONTEXT_V1
2024-01-15,NIFTY_50,NIFTY 50,22053.15,22115.55,21963.55,22097.45,NSE_OFFICIAL_HISTORICAL_OR_INDICES_HISTORY,https://www.nseindia.com/reports-indices-historical-index-data#NIFTY_50_2023-11-26_2024-02-23.json,2024-01-14,OFFICIAL_NSE_INDEX_CLOSE_NO_FORWARD_FILL,BENCHMARK_CONTEXT_V1
2024-01-16,NIFTY_50,NIFTY 50,22080.5,22124.15,21969.8,22032.3,NSE_OFFICIAL_HISTORICAL_OR_INDICES_HISTORY,https://www.nseindia.com/reports-indices-historical-index-data#NIFTY_50_2023-11-26_2024-02-23.json,2024-01-15,OFFICIAL_NSE_INDEX_CLOSE_NO_FORWARD_FILL,BENCHMARK_CONTEXT_V1
2024-01-17,NIFTY_50,NIFTY 50,21647.25,21851.5,21550.45,21571.95,NSE_OFFICIAL_HISTORICAL_OR_INDICES_HISTORY,https://www.nseindia.com/reports-indices-historical-index-data#NIFTY_50_2023-11-26_2024-02-23.json,2024-01-16,OFFICIAL_NSE_INDEX_CLOSE_NO_FORWARD_FILL,BENCHMARK_CONTEXT_V1
2024-01-18,NIFTY_50,NIFTY 50,21414.2,21539.4,21285.55,21462.25,NSE_OFFICIAL_HISTORICAL_OR_INDICES_HISTORY,https://www.nseindia.com/reports-indices-historical-index-data#NIFTY_50_2023-11-26_2024-02-23.json,2024-01-17,OFFICIAL_NSE_INDEX_CLOSE_NO_FORWARD_FILL,BENCHMARK_CONTEXT_V1
2024-01-19,NIFTY_50,NIFTY 50,21615.2,21670.6,21575,21622.4,NSE_OFFICIAL_HISTORICAL_OR_INDICES_HISTORY,https://www.nseindia.com/reports-indices-historical-index-data#NIFTY_50_2023-11-26_2024-02-23.json,2024-01-18,OFFICIAL_NSE_INDEX_CLOSE_NO_FORWARD_FILL,BENCHMARK_CONTEXT_V1
2024-01-20,NIFTY_50,NIFTY 50,21706.15,21720.3,21541.8,21571.8,NSE_OFFICIAL_HISTORICAL_OR_INDICES_HISTORY,https://www.nseindia.com/reports-indices-historical-index-data#NIFTY_50_2023-11-26_2024-02-23.json,2024-01-19,OFFICIAL_NSE_INDEX_CLOSE_NO_FORWARD_FILL,BENCHMARK_CONTEXT_V1
2024-01-23,NIFTY_50,NIFTY 50,21716.7,21750.25,21192.6,21238.8,NSE_OFFICIAL_HISTORICAL_OR_INDICES_HISTORY,https://www.nseindia.com/reports-indices-historical-index-data#NIFTY_50_2023-11-26_2024-02-23.json,2024-01-22,OFFICIAL_NSE_INDEX_CLOSE_NO_FORWARD_FILL,BENCHMARK_CONTEXT_V1
2024-01-24,NIFTY_50,NIFTY 50,21185.25,21482.35,21137.2,21453.95,NSE_OFFICIAL_HISTORICAL_OR_INDICES_HISTORY,https://www.nseindia.com/reports-indices-historical-index-data#NIFTY_50_2023-11-26_2024-02-23.json,2024-01-23,OFFICIAL_NSE_INDEX_CLOSE_NO_FORWARD_FILL,BENCHMARK_CONTEXT_V1
2024-01-25,NIFTY_50,NIFTY 50,21454.6,21459,21247.05,21352.6,NSE_OFFICIAL_HISTORICAL_OR_INDICES_HISTORY,https://www.nseindia.com/reports-indices-historical-index-data#NIFTY_50_2023-11-26_2024-02-23.json,2024-01-24,OFFICIAL_NSE_INDEX_CLOSE_NO_FORWARD_FILL,BENCHMARK_CONTEXT_V1
2024-01-29,NIFTY_50,NIFTY 50,21433.1,21763.25,21429.6,21737.6,NSE_OFFICIAL_HISTORICAL_OR_INDICES_HISTORY,https://www.nseindia.com/reports-indices-historical-index-data#NIFTY_50_2023-11-26_2024-02-23.json,2024-01-28,OFFICIAL_NSE_INDEX_CLOSE_NO_FORWARD_FILL,BENCHMARK_CONTEXT_V1
2024-01-30,NIFTY_50,NIFTY 50,21775.75,21813.05,21501.8,21522.1,NSE_OFFICIAL_HISTORICAL_OR_INDICES_HISTORY,https://www.nseindia.com/reports-indices-historical-index-data#NIFTY_50_2023-11-26_2024-02-23.json,2024-01-29,OFFICIAL_NSE_INDEX_CLOSE_NO_FORWARD_FILL,BENCHMARK_CONTEXT_V1
2024-01-31,NIFTY_50,NIFTY 50,21487.25,21741.35,21448.85,21725.7,NSE_OFFICIAL_HISTORICAL_OR_INDICES_HISTORY,https://www.nseindia.com/reports-indices-historical-index-data#NIFTY_50_2023-11-26_2024-02-23.json,2024-01-30,OFFICIAL_NSE_INDEX_CLOSE_NO_FORWARD_FILL,BENCHMARK_CONTEXT_V1
2024-02-01,NIFTY_50,NIFTY 50,21780.65,21832.95,21658.75,21697.45,NSE_OFFICIAL_HISTORICAL_OR_INDICES_HISTORY,https://www.nseindia.com/reports-indices-historical-index-data#NIFTY_50_2023-11-26_2024-02-23.json,2024-01-31,OFFICIAL_NSE_INDEX_CLOSE_NO_FORWARD_FILL,BENCHMARK_CONTEXT_V1
2024-02-02,NIFTY_50,NIFTY 50,21812.75,22126.8,21805.55,21853.8,NSE_OFFICIAL_HISTORICAL_OR_INDICES_HISTORY,https://www.nseindia.com/reports-indices-historical-index-data#NIFTY_50_2023-11-26_2024-02-23.json,2024-02-01,OFFICIAL_NSE_INDEX_CLOSE_NO_FORWARD_FILL,BENCHMARK_CONTEXT_V1
2024-02-05,NIFTY_50,NIFTY 50,21921.05,21964.3,21726.95,21771.7,NSE_OFFICIAL_HISTORICAL_OR_INDICES_HISTORY,https://www.nseindia.com/reports-indices-historical-index-data#NIFTY_50_2023-11-26_2024-02-23.json,2024-02-04,OFFICIAL_NSE_INDEX_CLOSE_NO_FORWARD_FILL,BENCHMARK_CONTEXT_V1
2024-02-06,NIFTY_50,NIFTY 50,21825.2,21951.4,21737.55,21929.4,NSE_OFFICIAL_HISTORICAL_OR_INDICES_HISTORY,https://www.nseindia.com/reports-indices-historical-index-data#NIFTY_50_2023-11-26_2024-02-23.json,2024-02-05,OFFICIAL_NSE_INDEX_CLOSE_NO_FORWARD_FILL,BENCHMARK_CONTEXT_V1
2024-02-07,NIFTY_50,NIFTY 50,22045.05,22053.3,21860.15,21930.5,NSE_OFFICIAL_HISTORICAL_OR_INDICES_HISTORY,https://www.nseindia.com/reports-indices-historical-index-data#NIFTY_50_2023-11-26_2024-02-23.json,2024-02-06,OFFICIAL_NSE_INDEX_CLOSE_NO_FORWARD_FILL,BENCHMARK_CONTEXT_V1
2024-02-08,NIFTY_50,NIFTY 50,22009.65,22011.05,21665.3,21717.95,NSE_OFFICIAL_HISTORICAL_OR_INDICES_HISTORY,https://www.nseindia.com/reports-indices-historical-index-data#NIFTY_50_2023-11-26_2024-02-23.json,2024-02-07,OFFICIAL_NSE_INDEX_CLOSE_NO_FORWARD_FILL,BENCHMARK_CONTEXT_V1
2024-02-09,NIFTY_50,NIFTY 50,21727,21804.45,21629.9,21782.5,NSE_OFFICIAL_HISTORICAL_OR_INDICES_HISTORY,https://www.nseindia.com/reports-indices-historical-index-data#NIFTY_50_2023-11-26_2024-02-23.json,2024-02-08,OFFICIAL_NSE_INDEX_CLOSE_NO_FORWARD_FILL,BENCHMARK_CONTEXT_V1
2024-02-12,NIFTY_50,NIFTY 50,21800.8,21831.7,21574.75,21616.05,NSE_OFFICIAL_HISTORICAL_OR_INDICES_HISTORY,https://www.nseindia.com/reports-indices-historical-index-data#NIFTY_50_2023-11-26_2024-02-23.json,2024-02-11,OFFICIAL_NSE_INDEX_CLOSE_NO_FORWARD_FILL,BENCHMARK_CONTEXT_V1
2024-02-13,NIFTY_50,NIFTY 50,21664.3,21766.8,21543.35,21743.25,NSE_OFFICIAL_HISTORICAL_OR_INDICES_HISTORY,https://www.nseindia.com/reports-indices-historical-index-data#NIFTY_50_2023-11-26_2024-02-23.json,2024-02-12,OFFICIAL_NSE_INDEX_CLOSE_NO_FORWARD_FILL,BENCHMARK_CONTEXT_V1
2024-02-14,NIFTY_50,NIFTY 50,21578.15,21870.85,21530.2,21840.05,NSE_OFFICIAL_HISTORICAL_OR_INDICES_HISTORY,https://www.nseindia.com/reports-indices-historical-index-data#NIFTY_50_2023-11-26_2024-02-23.json,2024-02-13,OFFICIAL_NSE_INDEX_CLOSE_NO_FORWARD_FILL,BENCHMARK_CONTEXT_V1
2024-02-15,NIFTY_50,NIFTY 50,21906.55,21953.85,21794.8,21910.75,NSE_OFFICIAL_HISTORICAL_OR_INDICES_HISTORY,https://www.nseindia.com/reports-indices-historical-index-data#NIFTY_50_2023-11-26_2024-02-23.json,2024-02-14,OFFICIAL_NSE_INDEX_CLOSE_NO_FORWARD_FILL,BENCHMARK_CONTEXT_V1
2024-02-16,NIFTY_50,NIFTY 50,22020.3,22068.65,21968.95,22040.7,NSE_OFFICIAL_HISTORICAL_OR_INDICES_HISTORY,https://www.nseindia.com/reports-indices-historical-index-data#NIFTY_50_2023-11-26_2024-02-23.json,2024-02-15,OFFICIAL_NSE_INDEX_CLOSE_NO_FORWARD_FILL,BENCHMARK_CONTEXT_V1
2024-02-19,NIFTY_50,NIFTY 50,22103.45,22186.65,22021.05,22122.25,NSE_OFFICIAL_HISTORICAL_OR_INDICES_HISTORY,https://www.nseindia.com/reports-indices-historical-index-data#NIFTY_50_2023-11-26_2024-02-23.json,2024-02-18,OFFICIAL_NSE_INDEX_CLOSE_NO_FORWARD_FILL,BENCHMARK_CONTEXT_V1
2024-02-20,NIFTY_50,NIFTY 50,22099.2,22215.6,22045.85,22196.95,NSE_OFFICIAL_HISTORICAL_OR_INDICES_HISTORY,https://www.nseindia.com/reports-indices-historical-index-data#NIFTY_50_2023-11-26_2024-02-23.json,2024-02-19,OFFICIAL_NSE_INDEX_CLOSE_NO_FORWARD_FILL,BENCHMARK_CONTEXT_V1
2024-02-21,NIFTY_50,NIFTY 50,22248.85,22249.4,21997.95,22055.05,NSE_OFFICIAL_HISTORICAL_OR_INDICES_HISTORY,https://www.nseindia.com/reports-indices-historical-index-data#NIFTY_50_2023-11-26_2024-02-23.json,2024-02-20,OFFICIAL_NSE_INDEX_CLOSE_NO_FORWARD_FILL,BENCHMARK_CONTEXT_V1
2024-02-22,NIFTY_50,NIFTY 50,22081.55,22252.5,21875.25,22217.45,NSE_OFFICIAL_HISTORICAL_OR_INDICES_HISTORY,https://www.nseindia.com/reports-indices-historical-index-data#NIFTY_50_2023-11-26_2024-02-23.json,2024-02-21,OFFICIAL_NSE_INDEX_CLOSE_NO_FORWARD_FILL,BENCHMARK_CONTEXT_V1
2024-02-23,NIFTY_50,NIFTY 50,22290,22297.5,22186.1,22212.7,NSE_OFFICIAL_HISTORICAL_OR_INDICES_HISTORY,https://www.nseindia.com/reports-indices-historical-index-data#NIFTY_50_2023-11-26_2024-02-23.json,2024-02-22,OFFICIAL_NSE_INDEX_CLOSE_NO_FORWARD_FILL,BENCHMARK_CONTEXT_V1
2024-02-26,NIFTY_50,NIFTY 50,22169.2,22202.15,22075.15,22122.05,NSE_OFFICIAL_HISTORICAL_OR_INDICES_HISTORY,https://www.nseindia.com/reports-indices-historical-index-data#NIFTY_50_2024-02-24_2024-05-23.json,2024-02-25,OFFICIAL_NSE_INDEX_CLOSE_NO_FORWARD_FILL,BENCHMARK_CONTEXT_V1
2024-02-27,NIFTY_50,NIFTY 50,22090.2,22218.25,22085.65,22198.35,NSE_OFFICIAL_HISTORICAL_OR_INDICES_HISTORY,https://www.nseindia.com/reports-indices-historical-index-data#NIFTY_50_2024-02-24_2024-05-23.json,2024-02-26,OFFICIAL_NSE_INDEX_CLOSE_NO_FORWARD_FILL,BENCHMARK_CONTEXT_V1
2024-02-28,NIFTY_50,NIFTY 50,22214.1,22229.15,21915.85,21951.15,NSE_OFFICIAL_HISTORICAL_OR_INDICES_HISTORY,https://www.nseindia.com/reports-indices-historical-index-data#NIFTY_50_2024-02-24_2024-05-23.json,2024-02-27,OFFICIAL_NSE_INDEX_CLOSE_NO_FORWARD_FILL,BENCHMARK_CONTEXT_V1
2024-02-29,NIFTY_50,NIFTY 50,21935.2,22060.55,21860.65,21982.8,NSE_OFFICIAL_HISTORICAL_OR_INDICES_HISTORY,https://www.nseindia.com/reports-indices-historical-index-data#NIFTY_50_2024-02-24_2024-05-23.json,2024-02-28,OFFICIAL_NSE_INDEX_CLOSE_NO_FORWARD_FILL,BENCHMARK_CONTEXT_V1
2024-03-01,NIFTY_50,NIFTY 50,22048.3,22353.3,22047.75,22338.75,NSE_OFFICIAL_HISTORICAL_OR_INDICES_HISTORY,https://www.nseindia.com/reports-indices-historical-index-data#NIFTY_50_2024-02-24_2024-05-23.json,2024-02-29,OFFICIAL_NSE_INDEX_CLOSE_NO_FORWARD_FILL,BENCHMARK_CONTEXT_V1
2024-03-04,NIFTY_50,NIFTY 50,22403.5,22440.9,22358.3,22405.6,NSE_OFFICIAL_HISTORICAL_OR_INDICES_HISTORY,https://www.nseindia.com/reports-indices-historical-index-data#NIFTY_50_2024-02-24_2024-05-23.json,2024-03-03,OFFICIAL_NSE_INDEX_CLOSE_NO_FORWARD_FILL,BENCHMARK_CONTEXT_V1
2024-03-05,NIFTY_50,NIFTY 50,22371.25,22416.9,22269.15,22356.3,NSE_OFFICIAL_HISTORICAL_OR_INDICES_HISTORY,https://www.nseindia.com/reports-indices-historical-index-data#NIFTY_50_2024-02-24_2024-05-23.json,2024-03-04,OFFICIAL_NSE_INDEX_CLOSE_NO_FORWARD_FILL,BENCHMARK_CONTEXT_V1
2024-03-06,NIFTY_50,NIFTY 50,22327.5,22497.2,22224.35,22474.05,NSE_OFFICIAL_HISTORICAL_OR_INDICES_HISTORY,https://www.nseindia.com/reports-indices-historical-index-data#NIFTY_50_2024-02-24_2024-05-23.json,2024-03-05,OFFICIAL_NSE_INDEX_CLOSE_NO_FORWARD_FILL,BENCHMARK_CONTEXT_V1
2024-03-07,NIFTY_50,NIFTY 50,22505.3,22525.65,22430,22493.55,NSE_OFFICIAL_HISTORICAL_OR_INDICES_HISTORY,https://www.nseindia.com/reports-indices-historical-index-data#NIFTY_50_2024-02-24_2024-05-23.json,2024-03-06,OFFICIAL_NSE_INDEX_CLOSE_NO_FORWARD_FILL,BENCHMARK_CONTEXT_V1
2024-03-11,NIFTY_50,NIFTY 50,22517.5,22526.6,22307.25,22332.65,NSE_OFFICIAL_HISTORICAL_OR_INDICES_HISTORY,https://www.nseindia.com/reports-indices-historical-index-data#NIFTY_50_2024-02-24_2024-05-23.json,2024-03-10,OFFICIAL_NSE_INDEX_CLOSE_NO_FORWARD_FILL,BENCHMARK_CONTEXT_V1
2024-03-12,NIFTY_50,NIFTY 50,22334.45,22452.55,22256,22335.7,NSE_OFFICIAL_HISTORICAL_OR_INDICES_HISTORY,https://www.nseindia.com/reports-indices-historical-index-data#NIFTY_50_2024-02-24_2024-05-23.json,2024-03-11,OFFICIAL_NSE_INDEX_CLOSE_NO_FORWARD_FILL,BENCHMARK_CONTEXT_V1
2024-03-13,NIFTY_50,NIFTY 50,22432.2,22446.75,21905.65,21997.7,NSE_OFFICIAL_HISTORICAL_OR_INDICES_HISTORY,https://www.nseindia.com/reports-indices-historical-index-data#NIFTY_50_2024-02-24_2024-05-23.json,2024-03-12,OFFICIAL_NSE_INDEX_CLOSE_NO_FORWARD_FILL,BENCHMARK_CONTEXT_V1
2024-03-14,NIFTY_50,NIFTY 50,21982.55,22204.6,21917.5,22146.65,NSE_OFFICIAL_HISTORICAL_OR_INDICES_HISTORY,https://www.nseindia.com/reports-indices-historical-index-data#NIFTY_50_2024-02-24_2024-05-23.json,2024-03-13,OFFICIAL_NSE_INDEX_CLOSE_NO_FORWARD_FILL,BENCHMARK_CONTEXT_V1
2024-03-15,NIFTY_50,NIFTY 50,22064.85,22120.9,21931.7,22023.35,NSE_OFFICIAL_HISTORICAL_OR_INDICES_HISTORY,https://www.nseindia.com/reports-indices-historical-index-data#NIFTY_50_2024-02-24_2024-05-23.json,2024-03-14,OFFICIAL_NSE_INDEX_CLOSE_NO_FORWARD_FILL,BENCHMARK_CONTEXT_V1
2024-03-18,NIFTY_50,NIFTY 50,21990.1,22123.7,21916.55,22055.7,NSE_OFFICIAL_HISTORICAL_OR_INDICES_HISTORY,https://www.nseindia.com/reports-indices-historical-index-data#NIFTY_50_2024-02-24_2024-05-23.json,2024-03-17,OFFICIAL_NSE_INDEX_CLOSE_NO_FORWARD_FILL,BENCHMARK_CONTEXT_V1
2024-03-19,NIFTY_50,NIFTY 50,21946.45,21978.3,21793.1,21817.45,NSE_OFFICIAL_HISTORICAL_OR_INDICES_HISTORY,https://www.nseindia.com/reports-indices-historical-index-data#NIFTY_50_2024-02-24_2024-05-23.json,2024-03-18,OFFICIAL_NSE_INDEX_CLOSE_NO_FORWARD_FILL,BENCHMARK_CONTEXT_V1
2024-03-20,NIFTY_50,NIFTY 50,21843.9,21930.9,21710.2,21839.1,NSE_OFFICIAL_HISTORICAL_OR_INDICES_HISTORY,https://www.nseindia.com/reports-indices-historical-index-data#NIFTY_50_2024-02-24_2024-05-23.json,2024-03-19,OFFICIAL_NSE_INDEX_CLOSE_NO_FORWARD_FILL,BENCHMARK_CONTEXT_V1
2024-03-21,NIFTY_50,NIFTY 50,21989.9,22080.95,21941.3,22011.95,NSE_OFFICIAL_HISTORICAL_OR_INDICES_HISTORY,https://www.nseindia.com/reports-indices-historical-index-data#NIFTY_50_2024-02-24_2024-05-23.json,2024-03-20,OFFICIAL_NSE_INDEX_CLOSE_NO_FORWARD_FILL,BENCHMARK_CONTEXT_V1
2024-03-22,NIFTY_50,NIFTY 50,21932.2,22180.7,21883.3,22096.75,NSE_OFFICIAL_HISTORICAL_OR_INDICES_HISTORY,https://www.nseindia.com/reports-indices-historical-index-data#NIFTY_50_2024-02-24_2024-05-23.json,2024-03-21,OFFICIAL_NSE_INDEX_CLOSE_NO_FORWARD_FILL,BENCHMARK_CONTEXT_V1
2024-03-26,NIFTY_50,NIFTY 50,21947.9,22073.2,21947.55,22004.7,NSE_OFFICIAL_HISTORICAL_OR_INDICES_HISTORY,https://www.nseindia.com/reports-indices-historical-index-data#NIFTY_50_2024-02-24_2024-05-23.json,2024-03-25,OFFICIAL_NSE_INDEX_CLOSE_NO_FORWARD_FILL,BENCHMARK_CONTEXT_V1
2024-03-27,NIFTY_50,NIFTY 50,22053.95,22193.6,22052.85,22123.65,NSE_OFFICIAL_HISTORICAL_OR_INDICES_HISTORY,https://www.nseindia.com/reports-indices-historical-index-data#NIFTY_50_2024-02-24_2024-05-23.json,2024-03-26,OFFICIAL_NSE_INDEX_CLOSE_NO_FORWARD_FILL,BENCHMARK_CONTEXT_V1
2024-03-28,NIFTY_50,NIFTY 50,22163.6,22516,22163.6,22326.9,NSE_OFFICIAL_HISTORICAL_OR_INDICES_HISTORY,https://www.nseindia.com/reports-indices-historical-index-data#NIFTY_50_2024-02-24_2024-05-23.json,2024-03-27,OFFICIAL_NSE_INDEX_CLOSE_NO_FORWARD_FILL,BENCHMARK_CONTEXT_V1
2024-04-01,NIFTY_50,NIFTY 50,22455,22529.95,22427.75,22462,NSE_OFFICIAL_HISTORICAL_OR_INDICES_HISTORY,https://www.nseindia.com/reports-indices-historical-index-data#NIFTY_50_2024-02-24_2024-05-23.json,2024-03-31,OFFICIAL_NSE_INDEX_CLOSE_NO_FORWARD_FILL,BENCHMARK_CONTEXT_V1
2024-04-02,NIFTY_50,NIFTY 50,22458.8,22497.6,22388.15,22453.3,NSE_OFFICIAL_HISTORICAL_OR_INDICES_HISTORY,https://www.nseindia.com/reports-indices-historical-index-data#NIFTY_50_2024-02-24_2024-05-23.json,2024-04-01,OFFICIAL_NSE_INDEX_CLOSE_NO_FORWARD_FILL,BENCHMARK_CONTEXT_V1
2024-04-03,NIFTY_50,NIFTY 50,22385.7,22521.1,22346.5,22434.65,NSE_OFFICIAL_HISTORICAL_OR_INDICES_HISTORY,https://www.nseindia.com/reports-indices-historical-index-data#NIFTY_50_2024-02-24_2024-05-23.json,2024-04-02,OFFICIAL_NSE_INDEX_CLOSE_NO_FORWARD_FILL,BENCHMARK_CONTEXT_V1
2024-04-04,NIFTY_50,NIFTY 50,22592.1,22619,22303.8,22514.65,NSE_OFFICIAL_HISTORICAL_OR_INDICES_HISTORY,https://www.nseindia.com/reports-indices-historical-index-data#NIFTY_50_2024-02-24_2024-05-23.json,2024-04-03,OFFICIAL_NSE_INDEX_CLOSE_NO_FORWARD_FILL,BENCHMARK_CONTEXT_V1
2024-04-05,NIFTY_50,NIFTY 50,22486.4,22537.6,22427.6,22513.7,NSE_OFFICIAL_HISTORICAL_OR_INDICES_HISTORY,https://www.nseindia.com/reports-indices-historical-index-data#NIFTY_50_2024-02-24_2024-05-23.json,2024-04-04,OFFICIAL_NSE_INDEX_CLOSE_NO_FORWARD_FILL,BENCHMARK_CONTEXT_V1
2024-04-08,NIFTY_50,NIFTY 50,22578.35,22697.3,22550.35,22666.3,NSE_OFFICIAL_HISTORICAL_OR_INDICES_HISTORY,https://www.nseindia.com/reports-indices-historical-index-data#NIFTY_50_2024-02-24_2024-05-23.json,2024-04-07,OFFICIAL_NSE_INDEX_CLOSE_NO_FORWARD_FILL,BENCHMARK_CONTEXT_V1
2024-04-09,NIFTY_50,NIFTY 50,22765.1,22768.4,22612.25,22642.75,NSE_OFFICIAL_HISTORICAL_OR_INDICES_HISTORY,https://www.nseindia.com/reports-indices-historical-index-data#NIFTY_50_2024-02-24_2024-05-23.json,2024-04-08,OFFICIAL_NSE_INDEX_CLOSE_NO_FORWARD_FILL,BENCHMARK_CONTEXT_V1
2024-04-10,NIFTY_50,NIFTY 50,22720.25,22775.7,22673.7,22753.8,NSE_OFFICIAL_HISTORICAL_OR_INDICES_HISTORY,https://www.nseindia.com/reports-indices-historical-index-data#NIFTY_50_2024-02-24_2024-05-23.json,2024-04-09,OFFICIAL_NSE_INDEX_CLOSE_NO_FORWARD_FILL,BENCHMARK_CONTEXT_V1
2024-04-12,NIFTY_50,NIFTY 50,22677.4,22726.45,22503.75,22519.4,NSE_OFFICIAL_HISTORICAL_OR_INDICES_HISTORY,https://www.nseindia.com/reports-indices-historical-index-data#NIFTY_50_2024-02-24_2024-05-23.json,2024-04-11,OFFICIAL_NSE_INDEX_CLOSE_NO_FORWARD_FILL,BENCHMARK_CONTEXT_V1
2024-04-15,NIFTY_50,NIFTY 50,22339.05,22427.45,22259.55,22272.5,NSE_OFFICIAL_HISTORICAL_OR_INDICES_HISTORY,https://www.nseindia.com/reports-indices-historical-index-data#NIFTY_50_2024-02-24_2024-05-23.json,2024-04-14,OFFICIAL_NSE_INDEX_CLOSE_NO_FORWARD_FILL,BENCHMARK_CONTEXT_V1
2024-04-16,NIFTY_50,NIFTY 50,22125.3,22213.75,22079.45,22147.9,NSE_OFFICIAL_HISTORICAL_OR_INDICES_HISTORY,https://www.nseindia.com/reports-indices-historical-index-data#NIFTY_50_2024-02-24_2024-05-23.json,2024-04-15,OFFICIAL_NSE_INDEX_CLOSE_NO_FORWARD_FILL,BENCHMARK_CONTEXT_V1
2024-04-18,NIFTY_50,NIFTY 50,22212.35,22326.5,21961.7,21995.85,NSE_OFFICIAL_HISTORICAL_OR_INDICES_HISTORY,https://www.nseindia.com/reports-indices-historical-index-data#NIFTY_50_2024-02-24_2024-05-23.json,2024-04-17,OFFICIAL_NSE_INDEX_CLOSE_NO_FORWARD_FILL,BENCHMARK_CONTEXT_V1
2024-04-19,NIFTY_50,NIFTY 50,21861.5,22179.55,21777.65,22147,NSE_OFFICIAL_HISTORICAL_OR_INDICES_HISTORY,https://www.nseindia.com/reports-indices-historical-index-data#NIFTY_50_2024-02-24_2024-05-23.json,2024-04-18,OFFICIAL_NSE_INDEX_CLOSE_NO_FORWARD_FILL,BENCHMARK_CONTEXT_V1
2024-04-22,NIFTY_50,NIFTY 50,22336.9,22375.65,22198.15,22336.4,NSE_OFFICIAL_HISTORICAL_OR_INDICES_HISTORY,https://www.nseindia.com/reports-indices-historical-index-data#NIFTY_50_2024-02-24_2024-05-23.json,2024-04-21,OFFICIAL_NSE_INDEX_CLOSE_NO_FORWARD_FILL,BENCHMARK_CONTEXT_V1
2024-04-23,NIFTY_50,NIFTY 50,22447.05,22447.55,22349.45,22368,NSE_OFFICIAL_HISTORICAL_OR_INDICES_HISTORY,https://www.nseindia.com/reports-indices-historical-index-data#NIFTY_50_2024-02-24_2024-05-23.json,2024-04-22,OFFICIAL_NSE_INDEX_CLOSE_NO_FORWARD_FILL,BENCHMARK_CONTEXT_V1
2024-04-24,NIFTY_50,NIFTY 50,22421.55,22476.45,22384,22402.4,NSE_OFFICIAL_HISTORICAL_OR_INDICES_HISTORY,https://www.nseindia.com/reports-indices-historical-index-data#NIFTY_50_2024-02-24_2024-05-23.json,2024-04-23,OFFICIAL_NSE_INDEX_CLOSE_NO_FORWARD_FILL,BENCHMARK_CONTEXT_V1
2024-04-25,NIFTY_50,NIFTY 50,22316.9,22625.95,22305.25,22570.35,NSE_OFFICIAL_HISTORICAL_OR_INDICES_HISTORY,https://www.nseindia.com/reports-indices-historical-index-data#NIFTY_50_2024-02-24_2024-05-23.json,2024-04-24,OFFICIAL_NSE_INDEX_CLOSE_NO_FORWARD_FILL,BENCHMARK_CONTEXT_V1
2024-04-26,NIFTY_50,NIFTY 50,22620.4,22620.4,22385.55,22419.95,NSE_OFFICIAL_HISTORICAL_OR_INDICES_HISTORY,https://www.nseindia.com/reports-indices-historical-index-data#NIFTY_50_2024-02-24_2024-05-23.json,2024-04-25,OFFICIAL_NSE_INDEX_CLOSE_NO_FORWARD_FILL,BENCHMARK_CONTEXT_V1
2024-04-29,NIFTY_50,NIFTY 50,22475.55,22655.8,22441.9,22643.4,NSE_OFFICIAL_HISTORICAL_OR_INDICES_HISTORY,https://www.nseindia.com/reports-indices-historical-index-data#NIFTY_50_2024-02-24_2024-05-23.json,2024-04-28,OFFICIAL_NSE_INDEX_CLOSE_NO_FORWARD_FILL,BENCHMARK_CONTEXT_V1
2024-04-30,NIFTY_50,NIFTY 50,22679.65,22783.35,22568.4,22604.85,NSE_OFFICIAL_HISTORICAL_OR_INDICES_HISTORY,https://www.nseindia.com/reports-indices-historical-index-data#NIFTY_50_2024-02-24_2024-05-23.json,2024-04-29,OFFICIAL_NSE_INDEX_CLOSE_NO_FORWARD_FILL,BENCHMARK_CONTEXT_V1
2024-05-02,NIFTY_50,NIFTY 50,22567.85,22710.5,22567.85,22648.2,NSE_OFFICIAL_HISTORICAL_OR_INDICES_HISTORY,https://www.nseindia.com/reports-indices-historical-index-data#NIFTY_50_2024-02-24_2024-05-23.json,2024-05-01,OFFICIAL_NSE_INDEX_CLOSE_NO_FORWARD_FILL,BENCHMARK_CONTEXT_V1
2024-05-03,NIFTY_50,NIFTY 50,22766.35,22794.7,22348.05,22475.85,NSE_OFFICIAL_HISTORICAL_OR_INDICES_HISTORY,https://www.nseindia.com/reports-indices-historical-index-data#NIFTY_50_2024-02-24_2024-05-23.json,2024-05-02,OFFICIAL_NSE_INDEX_CLOSE_NO_FORWARD_FILL,BENCHMARK_CONTEXT_V1
2024-05-06,NIFTY_50,NIFTY 50,22561.6,22588.8,22409.45,22442.7,NSE_OFFICIAL_HISTORICAL_OR_INDICES_HISTORY,https://www.nseindia.com/reports-indices-historical-index-data#NIFTY_50_2024-02-24_2024-05-23.json,2024-05-05,OFFICIAL_NSE_INDEX_CLOSE_NO_FORWARD_FILL,BENCHMARK_CONTEXT_V1
2024-05-07,NIFTY_50,NIFTY 50,22489.75,22499.05,22232.05,22302.5,NSE_OFFICIAL_HISTORICAL_OR_INDICES_HISTORY,https://www.nseindia.com/reports-indices-historical-index-data#NIFTY_50_2024-02-24_2024-05-23.json,2024-05-06,OFFICIAL_NSE_INDEX_CLOSE_NO_FORWARD_FILL,BENCHMARK_CONTEXT_V1
2024-05-08,NIFTY_50,NIFTY 50,22231.2,22368.65,22185.2,22302.5,NSE_OFFICIAL_HISTORICAL_OR_INDICES_HISTORY,https://www.nseindia.com/reports-indices-historical-index-data#NIFTY_50_2024-02-24_2024-05-23.json,2024-05-07,OFFICIAL_NSE_INDEX_CLOSE_NO_FORWARD_FILL,BENCHMARK_CONTEXT_V1
2024-05-09,NIFTY_50,NIFTY 50,22224.8,22307.75,21932.4,21957.5,NSE_OFFICIAL_HISTORICAL_OR_INDICES_HISTORY,https://www.nseindia.com/reports-indices-historical-index-data#NIFTY_50_2024-02-24_2024-05-23.json,2024-05-08,OFFICIAL_NSE_INDEX_CLOSE_NO_FORWARD_FILL,BENCHMARK_CONTEXT_V1
2024-05-10,NIFTY_50,NIFTY 50,21990.95,22131.3,21950.3,22055.2,NSE_OFFICIAL_HISTORICAL_OR_INDICES_HISTORY,https://www.nseindia.com/reports-indices-historical-index-data#NIFTY_50_2024-02-24_2024-05-23.json,2024-05-09,OFFICIAL_NSE_INDEX_CLOSE_NO_FORWARD_FILL,BENCHMARK_CONTEXT_V1
2024-05-13,NIFTY_50,NIFTY 50,22027.95,22131.65,21821.05,22104.05,NSE_OFFICIAL_HISTORICAL_OR_INDICES_HISTORY,https://www.nseindia.com/reports-indices-historical-index-data#NIFTY_50_2024-02-24_2024-05-23.json,2024-05-12,OFFICIAL_NSE_INDEX_CLOSE_NO_FORWARD_FILL,BENCHMARK_CONTEXT_V1
2024-05-14,NIFTY_50,NIFTY 50,22112.9,22270.05,22081.25,22217.85,NSE_OFFICIAL_HISTORICAL_OR_INDICES_HISTORY,https://www.nseindia.com/reports-indices-historical-index-data#NIFTY_50_2024-02-24_2024-05-23.json,2024-05-13,OFFICIAL_NSE_INDEX_CLOSE_NO_FORWARD_FILL,BENCHMARK_CONTEXT_V1
2024-05-15,NIFTY_50,NIFTY 50,22255.6,22297.55,22151.75,22200.55,NSE_OFFICIAL_HISTORICAL_OR_INDICES_HISTORY,https://www.nseindia.com/reports-indices-historical-index-data#NIFTY_50_2024-02-24_2024-05-23.json,2024-05-14,OFFICIAL_NSE_INDEX_CLOSE_NO_FORWARD_FILL,BENCHMARK_CONTEXT_V1
2024-05-16,NIFTY_50,NIFTY 50,22319.2,22432.25,22054.55,22403.85,NSE_OFFICIAL_HISTORICAL_OR_INDICES_HISTORY,https://www.nseindia.com/reports-indices-historical-index-data#NIFTY_50_2024-02-24_2024-05-23.json,2024-05-15,OFFICIAL_NSE_INDEX_CLOSE_NO_FORWARD_FILL,BENCHMARK_CONTEXT_V1
2024-05-17,NIFTY_50,NIFTY 50,22415.25,22502.15,22345.65,22466.1,NSE_OFFICIAL_HISTORICAL_OR_INDICES_HISTORY,https://www.nseindia.com/reports-indices-historical-index-data#NIFTY_50_2024-02-24_2024-05-23.json,2024-05-16,OFFICIAL_NSE_INDEX_CLOSE_NO_FORWARD_FILL,BENCHMARK_CONTEXT_V1
2024-05-18,NIFTY_50,NIFTY 50,22512.85,22520.25,22470.05,22502,NSE_OFFICIAL_HISTORICAL_OR_INDICES_HISTORY,https://www.nseindia.com/reports-indices-historical-index-data#NIFTY_50_2024-02-24_2024-05-23.json,2024-05-17,OFFICIAL_NSE_INDEX_CLOSE_NO_FORWARD_FILL,BENCHMARK_CONTEXT_V1
2024-05-21,NIFTY_50,NIFTY 50,22404.55,22591.1,22404.55,22529.05,NSE_OFFICIAL_HISTORICAL_OR_INDICES_HISTORY,https://www.nseindia.com/reports-indices-historical-index-data#NIFTY_50_2024-02-24_2024-05-23.json,2024-05-20,OFFICIAL_NSE_INDEX_CLOSE_NO_FORWARD_FILL,BENCHMARK_CONTEXT_V1
2024-05-22,NIFTY_50,NIFTY 50,22576.6,22629.5,22483.15,22597.8,NSE_OFFICIAL_HISTORICAL_OR_INDICES_HISTORY,https://www.nseindia.com/reports-indices-historical-index-data#NIFTY_50_2024-02-24_2024-05-23.json,2024-05-21,OFFICIAL_NSE_INDEX_CLOSE_NO_FORWARD_FILL,BENCHMARK_CONTEXT_V1
2024-05-23,NIFTY_50,NIFTY 50,22614.1,22993.6,22577.45,22967.65,NSE_OFFICIAL_HISTORICAL_OR_INDICES_HISTORY,https://www.nseindia.com/reports-indices-historical-index-data#NIFTY_50_2024-02-24_2024-05-23.json,2024-05-22,OFFICIAL_NSE_INDEX_CLOSE_NO_FORWARD_FILL,BENCHMARK_CONTEXT_V1
2024-05-24,NIFTY_50,NIFTY 50,22930.75,23026.4,22908,22957.1,NSE_OFFICIAL_HISTORICAL_OR_INDICES_HISTORY,https://www.nseindia.com/reports-indices-historical-index-data#NIFTY_50_2024-05-24_2024-08-21.json,2024-05-23,OFFICIAL_NSE_INDEX_CLOSE_NO_FORWARD_FILL,BENCHMARK_CONTEXT_V1
2024-05-27,NIFTY_50,NIFTY 50,23038.95,23110.8,22871.2,22932.45,NSE_OFFICIAL_HISTORICAL_OR_INDICES_HISTORY,https://www.nseindia.com/reports-indices-historical-index-data#NIFTY_50_2024-05-24_2024-08-21.json,2024-05-26,OFFICIAL_NSE_INDEX_CLOSE_NO_FORWARD_FILL,BENCHMARK_CONTEXT_V1
2024-05-28,NIFTY_50,NIFTY 50,22977.15,22998.55,22858.5,22888.15,NSE_OFFICIAL_HISTORICAL_OR_INDICES_HISTORY,https://www.nseindia.com/reports-indices-historical-index-data#NIFTY_50_2024-05-24_2024-08-21.json,2024-05-27,OFFICIAL_NSE_INDEX_CLOSE_NO_FORWARD_FILL,BENCHMARK_CONTEXT_V1
2024-05-29,NIFTY_50,NIFTY 50,22762.75,22825.5,22685.45,22704.7,NSE_OFFICIAL_HISTORICAL_OR_INDICES_HISTORY,https://www.nseindia.com/reports-indices-historical-index-data#NIFTY_50_2024-05-24_2024-08-21.json,2024-05-28,OFFICIAL_NSE_INDEX_CLOSE_NO_FORWARD_FILL,BENCHMARK_CONTEXT_V1
2024-05-30,NIFTY_50,NIFTY 50,22617.45,22705.75,22417,22488.65,NSE_OFFICIAL_HISTORICAL_OR_INDICES_HISTORY,https://www.nseindia.com/reports-indices-historical-index-data#NIFTY_50_2024-05-24_2024-08-21.json,2024-05-29,OFFICIAL_NSE_INDEX_CLOSE_NO_FORWARD_FILL,BENCHMARK_CONTEXT_V1
2024-05-31,NIFTY_50,NIFTY 50,22568.1,22653.75,22465.1,22530.7,NSE_OFFICIAL_HISTORICAL_OR_INDICES_HISTORY,https://www.nseindia.com/reports-indices-historical-index-data#NIFTY_50_2024-05-24_2024-08-21.json,2024-05-30,OFFICIAL_NSE_INDEX_CLOSE_NO_FORWARD_FILL,BENCHMARK_CONTEXT_V1
2024-06-03,NIFTY_50,NIFTY 50,23337.9,23338.7,23062.3,23263.9,NSE_OFFICIAL_HISTORICAL_OR_INDICES_HISTORY,https://www.nseindia.com/reports-indices-historical-index-data#NIFTY_50_2024-05-24_2024-08-21.json,2024-06-02,OFFICIAL_NSE_INDEX_CLOSE_NO_FORWARD_FILL,BENCHMARK_CONTEXT_V1
2024-06-04,NIFTY_50,NIFTY 50,23179.5,23179.5,21281.45,21884.5,NSE_OFFICIAL_HISTORICAL_OR_INDICES_HISTORY,https://www.nseindia.com/reports-indices-historical-index-data#NIFTY_50_2024-05-24_2024-08-21.json,2024-06-03,OFFICIAL_NSE_INDEX_CLOSE_NO_FORWARD_FILL,BENCHMARK_CONTEXT_V1
2024-06-05,NIFTY_50,NIFTY 50,22128.35,22670.4,21791.95,22620.35,NSE_OFFICIAL_HISTORICAL_OR_INDICES_HISTORY,https://www.nseindia.com/reports-indices-historical-index-data#NIFTY_50_2024-05-24_2024-08-21.json,2024-06-04,OFFICIAL_NSE_INDEX_CLOSE_NO_FORWARD_FILL,BENCHMARK_CONTEXT_V1
2024-06-06,NIFTY_50,NIFTY 50,22798.6,22910.15,22642.6,22821.4,NSE_OFFICIAL_HISTORICAL_OR_INDICES_HISTORY,https://www.nseindia.com/reports-indices-historical-index-data#NIFTY_50_2024-05-24_2024-08-21.json,2024-06-05,OFFICIAL_NSE_INDEX_CLOSE_NO_FORWARD_FILL,BENCHMARK_CONTEXT_V1
2024-06-07,NIFTY_50,NIFTY 50,22821.85,23320.2,22789.05,23290.15,NSE_OFFICIAL_HISTORICAL_OR_INDICES_HISTORY,https://www.nseindia.com/reports-indices-historical-index-data#NIFTY_50_2024-05-24_2024-08-21.json,2024-06-06,OFFICIAL_NSE_INDEX_CLOSE_NO_FORWARD_FILL,BENCHMARK_CONTEXT_V1
2024-06-10,NIFTY_50,NIFTY 50,23319.15,23411.9,23227.15,23259.2,NSE_OFFICIAL_HISTORICAL_OR_INDICES_HISTORY,https://www.nseindia.com/reports-indices-historical-index-data#NIFTY_50_2024-05-24_2024-08-21.json,2024-06-09,OFFICIAL_NSE_INDEX_CLOSE_NO_FORWARD_FILL,BENCHMARK_CONTEXT_V1
2024-06-11,NIFTY_50,NIFTY 50,23283.75,23389.45,23206.65,23264.85,NSE_OFFICIAL_HISTORICAL_OR_INDICES_HISTORY,https://www.nseindia.com/reports-indices-historical-index-data#NIFTY_50_2024-05-24_2024-08-21.json,2024-06-10,OFFICIAL_NSE_INDEX_CLOSE_NO_FORWARD_FILL,BENCHMARK_CONTEXT_V1
2024-06-12,NIFTY_50,NIFTY 50,23344.45,23441.95,23295.95,23322.95,NSE_OFFICIAL_HISTORICAL_OR_INDICES_HISTORY,https://www.nseindia.com/reports-indices-historical-index-data#NIFTY_50_2024-05-24_2024-08-21.json,2024-06-11,OFFICIAL_NSE_INDEX_CLOSE_NO_FORWARD_FILL,BENCHMARK_CONTEXT_V1
2024-06-13,NIFTY_50,NIFTY 50,23480.95,23481.05,23353.9,23398.9,NSE_OFFICIAL_HISTORICAL_OR_INDICES_HISTORY,https://www.nseindia.com/reports-indices-historical-index-data#NIFTY_50_2024-05-24_2024-08-21.json,2024-06-12,OFFICIAL_NSE_INDEX_CLOSE_NO_FORWARD_FILL,BENCHMARK_CONTEXT_V1
2024-06-14,NIFTY_50,NIFTY 50,23464.95,23490.4,23334.25,23465.6,NSE_OFFICIAL_HISTORICAL_OR_INDICES_HISTORY,https://www.nseindia.com/reports-indices-historical-index-data#NIFTY_50_2024-05-24_2024-08-21.json,2024-06-13,OFFICIAL_NSE_INDEX_CLOSE_NO_FORWARD_FILL,BENCHMARK_CONTEXT_V1
2024-06-18,NIFTY_50,NIFTY 50,23570.8,23579.05,23499.7,23557.9,NSE_OFFICIAL_HISTORICAL_OR_INDICES_HISTORY,https://www.nseindia.com/reports-indices-historical-index-data#NIFTY_50_2024-05-24_2024-08-21.json,2024-06-17,OFFICIAL_NSE_INDEX_CLOSE_NO_FORWARD_FILL,BENCHMARK_CONTEXT_V1
2024-06-19,NIFTY_50,NIFTY 50,23629.85,23664,23412.9,23516,NSE_OFFICIAL_HISTORICAL_OR_INDICES_HISTORY,https://www.nseindia.com/reports-indices-historical-index-data#NIFTY_50_2024-05-24_2024-08-21.json,2024-06-18,OFFICIAL_NSE_INDEX_CLOSE_NO_FORWARD_FILL,BENCHMARK_CONTEXT_V1
2024-06-20,NIFTY_50,NIFTY 50,23586.15,23624,23442.6,23567,NSE_OFFICIAL_HISTORICAL_OR_INDICES_HISTORY,https://www.nseindia.com/reports-indices-historical-index-data#NIFTY_50_2024-05-24_2024-08-21.json,2024-06-19,OFFICIAL_NSE_INDEX_CLOSE_NO_FORWARD_FILL,BENCHMARK_CONTEXT_V1
2024-06-21,NIFTY_50,NIFTY 50,23661.15,23667.1,23398.2,23501.1,NSE_OFFICIAL_HISTORICAL_OR_INDICES_HISTORY,https://www.nseindia.com/reports-indices-historical-index-data#NIFTY_50_2024-05-24_2024-08-21.json,2024-06-20,OFFICIAL_NSE_INDEX_CLOSE_NO_FORWARD_FILL,BENCHMARK_CONTEXT_V1
2024-06-24,NIFTY_50,NIFTY 50,23382.3,23558.1,23350,23537.85,NSE_OFFICIAL_HISTORICAL_OR_INDICES_HISTORY,https://www.nseindia.com/reports-indices-historical-index-data#NIFTY_50_2024-05-24_2024-08-21.json,2024-06-23,OFFICIAL_NSE_INDEX_CLOSE_NO_FORWARD_FILL,BENCHMARK_CONTEXT_V1
2024-06-25,NIFTY_50,NIFTY 50,23577.1,23754.15,23562.05,23721.3,NSE_OFFICIAL_HISTORICAL_OR_INDICES_HISTORY,https://www.nseindia.com/reports-indices-historical-index-data#NIFTY_50_2024-05-24_2024-08-21.json,2024-06-24,OFFICIAL_NSE_INDEX_CLOSE_NO_FORWARD_FILL,BENCHMARK_CONTEXT_V1
2024-06-26,NIFTY_50,NIFTY 50,23723.1,23889.9,23670.45,23868.8,NSE_OFFICIAL_HISTORICAL_OR_INDICES_HISTORY,https://www.nseindia.com/reports-indices-historical-index-data#NIFTY_50_2024-05-24_2024-08-21.json,2024-06-25,OFFICIAL_NSE_INDEX_CLOSE_NO_FORWARD_FILL,BENCHMARK_CONTEXT_V1
2024-06-27,NIFTY_50,NIFTY 50,23881.55,24087.45,23805.4,24044.5,NSE_OFFICIAL_HISTORICAL_OR_INDICES_HISTORY,https://www.nseindia.com/reports-indices-historical-index-data#NIFTY_50_2024-05-24_2024-08-21.json,2024-06-26,OFFICIAL_NSE_INDEX_CLOSE_NO_FORWARD_FILL,BENCHMARK_CONTEXT_V1
2024-06-28,NIFTY_50,NIFTY 50,24085.9,24174,23985.8,24010.6,NSE_OFFICIAL_HISTORICAL_OR_INDICES_HISTORY,https://www.nseindia.com/reports-indices-historical-index-data#NIFTY_50_2024-05-24_2024-08-21.json,2024-06-27,OFFICIAL_NSE_INDEX_CLOSE_NO_FORWARD_FILL,BENCHMARK_CONTEXT_V1
2024-07-01,NIFTY_50,NIFTY 50,23992.95,24164,23992.7,24141.95,NSE_OFFICIAL_HISTORICAL_OR_INDICES_HISTORY,https://www.nseindia.com/reports-indices-historical-index-data#NIFTY_50_2024-05-24_2024-08-21.json,2024-06-30,OFFICIAL_NSE_INDEX_CLOSE_NO_FORWARD_FILL,BENCHMARK_CONTEXT_V1
2024-07-02,NIFTY_50,NIFTY 50,24228.75,24236.35,24056.4,24123.85,NSE_OFFICIAL_HISTORICAL_OR_INDICES_HISTORY,https://www.nseindia.com/reports-indices-historical-index-data#NIFTY_50_2024-05-24_2024-08-21.json,2024-07-01,OFFICIAL_NSE_INDEX_CLOSE_NO_FORWARD_FILL,BENCHMARK_CONTEXT_V1
2024-07-03,NIFTY_50,NIFTY 50,24291.75,24309.15,24207.1,24286.5,NSE_OFFICIAL_HISTORICAL_OR_INDICES_HISTORY,https://www.nseindia.com/reports-indices-historical-index-data#NIFTY_50_2024-05-24_2024-08-21.json,2024-07-02,OFFICIAL_NSE_INDEX_CLOSE_NO_FORWARD_FILL,BENCHMARK_CONTEXT_V1
2024-07-04,NIFTY_50,NIFTY 50,24369.95,24401,24281,24302.15,NSE_OFFICIAL_HISTORICAL_OR_INDICES_HISTORY,https://www.nseindia.com/reports-indices-historical-index-data#NIFTY_50_2024-05-24_2024-08-21.json,2024-07-03,OFFICIAL_NSE_INDEX_CLOSE_NO_FORWARD_FILL,BENCHMARK_CONTEXT_V1
2024-07-05,NIFTY_50,NIFTY 50,24213.35,24363,24168.85,24323.85,NSE_OFFICIAL_HISTORICAL_OR_INDICES_HISTORY,https://www.nseindia.com/reports-indices-historical-index-data#NIFTY_50_2024-05-24_2024-08-21.json,2024-07-04,OFFICIAL_NSE_INDEX_CLOSE_NO_FORWARD_FILL,BENCHMARK_CONTEXT_V1
2024-07-08,NIFTY_50,NIFTY 50,24329.45,24344.6,24240.55,24320.55,NSE_OFFICIAL_HISTORICAL_OR_INDICES_HISTORY,https://www.nseindia.com/reports-indices-historical-index-data#NIFTY_50_2024-05-24_2024-08-21.json,2024-07-07,OFFICIAL_NSE_INDEX_CLOSE_NO_FORWARD_FILL,BENCHMARK_CONTEXT_V1
2024-07-09,NIFTY_50,NIFTY 50,24351,24443.6,24331.9,24433.2,NSE_OFFICIAL_HISTORICAL_OR_INDICES_HISTORY,https://www.nseindia.com/reports-indices-historical-index-data#NIFTY_50_2024-05-24_2024-08-21.json,2024-07-08,OFFICIAL_NSE_INDEX_CLOSE_NO_FORWARD_FILL,BENCHMARK_CONTEXT_V1
2024-07-10,NIFTY_50,NIFTY 50,24459.85,24461.05,24141.8,24324.45,NSE_OFFICIAL_HISTORICAL_OR_INDICES_HISTORY,https://www.nseindia.com/reports-indices-historical-index-data#NIFTY_50_2024-05-24_2024-08-21.json,2024-07-09,OFFICIAL_NSE_INDEX_CLOSE_NO_FORWARD_FILL,BENCHMARK_CONTEXT_V1
2024-07-11,NIFTY_50,NIFTY 50,24396.55,24402.65,24193.75,24315.95,NSE_OFFICIAL_HISTORICAL_OR_INDICES_HISTORY,https://www.nseindia.com/reports-indices-historical-index-data#NIFTY_50_2024-05-24_2024-08-21.json,2024-07-10,OFFICIAL_NSE_INDEX_CLOSE_NO_FORWARD_FILL,BENCHMARK_CONTEXT_V1
2024-07-12,NIFTY_50,NIFTY 50,24387.95,24592.2,24331.15,24502.15,NSE_OFFICIAL_HISTORICAL_OR_INDICES_HISTORY,https://www.nseindia.com/reports-indices-historical-index-data#NIFTY_50_2024-05-24_2024-08-21.json,2024-07-11,OFFICIAL_NSE_INDEX_CLOSE_NO_FORWARD_FILL,BENCHMARK_CONTEXT_V1
2024-07-15,NIFTY_50,NIFTY 50,24587.6,24635.05,24522.75,24586.7,NSE_OFFICIAL_HISTORICAL_OR_INDICES_HISTORY,https://www.nseindia.com/reports-indices-historical-index-data#NIFTY_50_2024-05-24_2024-08-21.json,2024-07-14,OFFICIAL_NSE_INDEX_CLOSE_NO_FORWARD_FILL,BENCHMARK_CONTEXT_V1
2024-07-16,NIFTY_50,NIFTY 50,24615.9,24661.25,24587.65,24613,NSE_OFFICIAL_HISTORICAL_OR_INDICES_HISTORY,https://www.nseindia.com/reports-indices-historical-index-data#NIFTY_50_2024-05-24_2024-08-21.json,2024-07-15,OFFICIAL_NSE_INDEX_CLOSE_NO_FORWARD_FILL,BENCHMARK_CONTEXT_V1
2024-07-18,NIFTY_50,NIFTY 50,24543.8,24837.75,24504.45,24800.85,NSE_OFFICIAL_HISTORICAL_OR_INDICES_HISTORY,https://www.nseindia.com/reports-indices-historical-index-data#NIFTY_50_2024-05-24_2024-08-21.json,2024-07-17,OFFICIAL_NSE_INDEX_CLOSE_NO_FORWARD_FILL,BENCHMARK_CONTEXT_V1
2024-07-19,NIFTY_50,NIFTY 50,24853.8,24854.8,24508.15,24530.9,NSE_OFFICIAL_HISTORICAL_OR_INDICES_HISTORY,https://www.nseindia.com/reports-indices-historical-index-data#NIFTY_50_2024-05-24_2024-08-21.json,2024-07-18,OFFICIAL_NSE_INDEX_CLOSE_NO_FORWARD_FILL,BENCHMARK_CONTEXT_V1
2024-07-22,NIFTY_50,NIFTY 50,24445.75,24595.2,24362.3,24509.25,NSE_OFFICIAL_HISTORICAL_OR_INDICES_HISTORY,https://www.nseindia.com/reports-indices-historical-index-data#NIFTY_50_2024-05-24_2024-08-21.json,2024-07-21,OFFICIAL_NSE_INDEX_CLOSE_NO_FORWARD_FILL,BENCHMARK_CONTEXT_V1
2024-07-23,NIFTY_50,NIFTY 50,24568.9,24582.55,24074.2,24479.05,NSE_OFFICIAL_HISTORICAL_OR_INDICES_HISTORY,https://www.nseindia.com/reports-indices-historical-index-data#NIFTY_50_2024-05-24_2024-08-21.json,2024-07-22,OFFICIAL_NSE_INDEX_CLOSE_NO_FORWARD_FILL,BENCHMARK_CONTEXT_V1
2024-07-24,NIFTY_50,NIFTY 50,24444.95,24504.25,24307.25,24413.5,NSE_OFFICIAL_HISTORICAL_OR_INDICES_HISTORY,https://www.nseindia.com/reports-indices-historical-index-data#NIFTY_50_2024-05-24_2024-08-21.json,2024-07-23,OFFICIAL_NSE_INDEX_CLOSE_NO_FORWARD_FILL,BENCHMARK_CONTEXT_V1
2024-07-25,NIFTY_50,NIFTY 50,24230.95,24426.15,24210.8,24406.1,NSE_OFFICIAL_HISTORICAL_OR_INDICES_HISTORY,https://www.nseindia.com/reports-indices-historical-index-data#NIFTY_50_2024-05-24_2024-08-21.json,2024-07-24,OFFICIAL_NSE_INDEX_CLOSE_NO_FORWARD_FILL,BENCHMARK_CONTEXT_V1
2024-07-26,NIFTY_50,NIFTY 50,24423.35,24861.15,24410.9,24834.85,NSE_OFFICIAL_HISTORICAL_OR_INDICES_HISTORY,https://www.nseindia.com/reports-indices-historical-index-data#NIFTY_50_2024-05-24_2024-08-21.json,2024-07-25,OFFICIAL_NSE_INDEX_CLOSE_NO_FORWARD_FILL,BENCHMARK_CONTEXT_V1
2024-07-29,NIFTY_50,NIFTY 50,24943.3,24999.75,24774.6,24836.1,NSE_OFFICIAL_HISTORICAL_OR_INDICES_HISTORY,https://www.nseindia.com/reports-indices-historical-index-data#NIFTY_50_2024-05-24_2024-08-21.json,2024-07-28,OFFICIAL_NSE_INDEX_CLOSE_NO_FORWARD_FILL,BENCHMARK_CONTEXT_V1
2024-07-30,NIFTY_50,NIFTY 50,24839.4,24971.75,24798.65,24857.3,NSE_OFFICIAL_HISTORICAL_OR_INDICES_HISTORY,https://www.nseindia.com/reports-indices-historical-index-data#NIFTY_50_2024-05-24_2024-08-21.json,2024-07-29,OFFICIAL_NSE_INDEX_CLOSE_NO_FORWARD_FILL,BENCHMARK_CONTEXT_V1
2024-07-31,NIFTY_50,NIFTY 50,24886.7,24984.6,24856.5,24951.15,NSE_OFFICIAL_HISTORICAL_OR_INDICES_HISTORY,https://www.nseindia.com/reports-indices-historical-index-data#NIFTY_50_2024-05-24_2024-08-21.json,2024-07-30,OFFICIAL_NSE_INDEX_CLOSE_NO_FORWARD_FILL,BENCHMARK_CONTEXT_V1
2024-08-01,NIFTY_50,NIFTY 50,25030.95,25078.3,24956.4,25010.9,NSE_OFFICIAL_HISTORICAL_OR_INDICES_HISTORY,https://www.nseindia.com/reports-indices-historical-index-data#NIFTY_50_2024-05-24_2024-08-21.json,2024-07-31,OFFICIAL_NSE_INDEX_CLOSE_NO_FORWARD_FILL,BENCHMARK_CONTEXT_V1
2024-08-02,NIFTY_50,NIFTY 50,24789,24851.9,24686.85,24717.7,NSE_OFFICIAL_HISTORICAL_OR_INDICES_HISTORY,https://www.nseindia.com/reports-indices-historical-index-data#NIFTY_50_2024-05-24_2024-08-21.json,2024-08-01,OFFICIAL_NSE_INDEX_CLOSE_NO_FORWARD_FILL,BENCHMARK_CONTEXT_V1
2024-08-05,NIFTY_50,NIFTY 50,24302.85,24350.05,23893.7,24055.6,NSE_OFFICIAL_HISTORICAL_OR_INDICES_HISTORY,https://www.nseindia.com/reports-indices-historical-index-data#NIFTY_50_2024-05-24_2024-08-21.json,2024-08-04,OFFICIAL_NSE_INDEX_CLOSE_NO_FORWARD_FILL,BENCHMARK_CONTEXT_V1
2024-08-06,NIFTY_50,NIFTY 50,24189.85,24382.6,23960.4,23992.55,NSE_OFFICIAL_HISTORICAL_OR_INDICES_HISTORY,https://www.nseindia.com/reports-indices-historical-index-data#NIFTY_50_2024-05-24_2024-08-21.json,2024-08-05,OFFICIAL_NSE_INDEX_CLOSE_NO_FORWARD_FILL,BENCHMARK_CONTEXT_V1
2024-08-07,NIFTY_50,NIFTY 50,24289.4,24337.7,24184.9,24297.5,NSE_OFFICIAL_HISTORICAL_OR_INDICES_HISTORY,https://www.nseindia.com/reports-indices-historical-index-data#NIFTY_50_2024-05-24_2024-08-21.json,2024-08-06,OFFICIAL_NSE_INDEX_CLOSE_NO_FORWARD_FILL,BENCHMARK_CONTEXT_V1
2024-08-08,NIFTY_50,NIFTY 50,24248.55,24340.5,24079.7,24117,NSE_OFFICIAL_HISTORICAL_OR_INDICES_HISTORY,https://www.nseindia.com/reports-indices-historical-index-data#NIFTY_50_2024-05-24_2024-08-21.json,2024-08-07,OFFICIAL_NSE_INDEX_CLOSE_NO_FORWARD_FILL,BENCHMARK_CONTEXT_V1
2024-08-09,NIFTY_50,NIFTY 50,24386.85,24419.75,24311.2,24367.5,NSE_OFFICIAL_HISTORICAL_OR_INDICES_HISTORY,https://www.nseindia.com/reports-indices-historical-index-data#NIFTY_50_2024-05-24_2024-08-21.json,2024-08-08,OFFICIAL_NSE_INDEX_CLOSE_NO_FORWARD_FILL,BENCHMARK_CONTEXT_V1
2024-08-12,NIFTY_50,NIFTY 50,24320.05,24472.8,24212.1,24347,NSE_OFFICIAL_HISTORICAL_OR_INDICES_HISTORY,https://www.nseindia.com/reports-indices-historical-index-data#NIFTY_50_2024-05-24_2024-08-21.json,2024-08-11,OFFICIAL_NSE_INDEX_CLOSE_NO_FORWARD_FILL,BENCHMARK_CONTEXT_V1
2024-08-13,NIFTY_50,NIFTY 50,24342.35,24359.95,24116.5,24139,NSE_OFFICIAL_HISTORICAL_OR_INDICES_HISTORY,https://www.nseindia.com/reports-indices-historical-index-data#NIFTY_50_2024-05-24_2024-08-21.json,2024-08-12,OFFICIAL_NSE_INDEX_CLOSE_NO_FORWARD_FILL,BENCHMARK_CONTEXT_V1
2024-08-14,NIFTY_50,NIFTY 50,24184.4,24196.5,24099.7,24143.75,NSE_OFFICIAL_HISTORICAL_OR_INDICES_HISTORY,https://www.nseindia.com/reports-indices-historical-index-data#NIFTY_50_2024-05-24_2024-08-21.json,2024-08-13,OFFICIAL_NSE_INDEX_CLOSE_NO_FORWARD_FILL,BENCHMARK_CONTEXT_V1
2024-08-16,NIFTY_50,NIFTY 50,24334.85,24563.9,24204.5,24541.15,NSE_OFFICIAL_HISTORICAL_OR_INDICES_HISTORY,https://www.nseindia.com/reports-indices-historical-index-data#NIFTY_50_2024-05-24_2024-08-21.json,2024-08-15,OFFICIAL_NSE_INDEX_CLOSE_NO_FORWARD_FILL,BENCHMARK_CONTEXT_V1
2024-08-19,NIFTY_50,NIFTY 50,24636.35,24638.8,24522.95,24572.65,NSE_OFFICIAL_HISTORICAL_OR_INDICES_HISTORY,https://www.nseindia.com/reports-indices-historical-index-data#NIFTY_50_2024-05-24_2024-08-21.json,2024-08-18,OFFICIAL_NSE_INDEX_CLOSE_NO_FORWARD_FILL,BENCHMARK_CONTEXT_V1
2024-08-20,NIFTY_50,NIFTY 50,24648.9,24734.3,24607.2,24698.85,NSE_OFFICIAL_HISTORICAL_OR_INDICES_HISTORY,https://www.nseindia.com/reports-indices-historical-index-data#NIFTY_50_2024-05-24_2024-08-21.json,2024-08-19,OFFICIAL_NSE_INDEX_CLOSE_NO_FORWARD_FILL,BENCHMARK_CONTEXT_V1
2024-08-21,NIFTY_50,NIFTY 50,24680.55,24787.95,24654.5,24770.2,NSE_OFFICIAL_HISTORICAL_OR_INDICES_HISTORY,https://www.nseindia.com/reports-indices-historical-index-data#NIFTY_50_2024-05-24_2024-08-21.json,2024-08-20,OFFICIAL_NSE_INDEX_CLOSE_NO_FORWARD_FILL,BENCHMARK_CONTEXT_V1
2024-08-22,NIFTY_50,NIFTY 50,24863.4,24867.35,24784.45,24811.5,NSE_OFFICIAL_HISTORICAL_OR_INDICES_HISTORY,https://www.nseindia.com/reports-indices-historical-index-data#NIFTY_50_2024-08-22_2024-11-19.json,2024-08-21,OFFICIAL_NSE_INDEX_CLOSE_NO_FORWARD_FILL,BENCHMARK_CONTEXT_V1
2024-08-23,NIFTY_50,NIFTY 50,24845.4,24858.4,24771.65,24823.15,NSE_OFFICIAL_HISTORICAL_OR_INDICES_HISTORY,https://www.nseindia.com/reports-indices-historical-index-data#NIFTY_50_2024-08-22_2024-11-19.json,2024-08-22,OFFICIAL_NSE_INDEX_CLOSE_NO_FORWARD_FILL,BENCHMARK_CONTEXT_V1
2024-08-26,NIFTY_50,NIFTY 50,24906.1,25043.8,24874.7,25010.6,NSE_OFFICIAL_HISTORICAL_OR_INDICES_HISTORY,https://www.nseindia.com/reports-indices-historical-index-data#NIFTY_50_2024-08-22_2024-11-19.json,2024-08-25,OFFICIAL_NSE_INDEX_CLOSE_NO_FORWARD_FILL,BENCHMARK_CONTEXT_V1
2024-08-27,NIFTY_50,NIFTY 50,25024.8,25073.1,24973.65,25017.75,NSE_OFFICIAL_HISTORICAL_OR_INDICES_HISTORY,https://www.nseindia.com/reports-indices-historical-index-data#NIFTY_50_2024-08-22_2024-11-19.json,2024-08-26,OFFICIAL_NSE_INDEX_CLOSE_NO_FORWARD_FILL,BENCHMARK_CONTEXT_V1
2024-08-28,NIFTY_50,NIFTY 50,25030.8,25129.6,24964.65,25052.35,NSE_OFFICIAL_HISTORICAL_OR_INDICES_HISTORY,https://www.nseindia.com/reports-indices-historical-index-data#NIFTY_50_2024-08-22_2024-11-19.json,2024-08-27,OFFICIAL_NSE_INDEX_CLOSE_NO_FORWARD_FILL,BENCHMARK_CONTEXT_V1
2024-08-29,NIFTY_50,NIFTY 50,25035.3,25192.9,24998.5,25151.95,NSE_OFFICIAL_HISTORICAL_OR_INDICES_HISTORY,https://www.nseindia.com/reports-indices-historical-index-data#NIFTY_50_2024-08-22_2024-11-19.json,2024-08-28,OFFICIAL_NSE_INDEX_CLOSE_NO_FORWARD_FILL,BENCHMARK_CONTEXT_V1
2024-08-30,NIFTY_50,NIFTY 50,25249.7,25268.35,25199.4,25235.9,NSE_OFFICIAL_HISTORICAL_OR_INDICES_HISTORY,https://www.nseindia.com/reports-indices-historical-index-data#NIFTY_50_2024-08-22_2024-11-19.json,2024-08-29,OFFICIAL_NSE_INDEX_CLOSE_NO_FORWARD_FILL,BENCHMARK_CONTEXT_V1
2024-09-02,NIFTY_50,NIFTY 50,25333.6,25333.65,25235.5,25278.7,NSE_OFFICIAL_HISTORICAL_OR_INDICES_HISTORY,https://www.nseindia.com/reports-indices-historical-index-data#NIFTY_50_2024-08-22_2024-11-19.json,2024-09-01,OFFICIAL_NSE_INDEX_CLOSE_NO_FORWARD_FILL,BENCHMARK_CONTEXT_V1
2024-09-03,NIFTY_50,NIFTY 50,25313.4,25321.7,25235.8,25279.85,NSE_OFFICIAL_HISTORICAL_OR_INDICES_HISTORY,https://www.nseindia.com/reports-indices-historical-index-data#NIFTY_50_2024-08-22_2024-11-19.json,2024-09-02,OFFICIAL_NSE_INDEX_CLOSE_NO_FORWARD_FILL,BENCHMARK_CONTEXT_V1
2024-09-04,NIFTY_50,NIFTY 50,25089.95,25216,25083.8,25198.7,NSE_OFFICIAL_HISTORICAL_OR_INDICES_HISTORY,https://www.nseindia.com/reports-indices-historical-index-data#NIFTY_50_2024-08-22_2024-11-19.json,2024-09-03,OFFICIAL_NSE_INDEX_CLOSE_NO_FORWARD_FILL,BENCHMARK_CONTEXT_V1
2024-09-05,NIFTY_50,NIFTY 50,25250.5,25275.45,25127.75,25145.1,NSE_OFFICIAL_HISTORICAL_OR_INDICES_HISTORY,https://www.nseindia.com/reports-indices-historical-index-data#NIFTY_50_2024-08-22_2024-11-19.json,2024-09-04,OFFICIAL_NSE_INDEX_CLOSE_NO_FORWARD_FILL,BENCHMARK_CONTEXT_V1
2024-09-06,NIFTY_50,NIFTY 50,25093.7,25168.75,24801.3,24852.15,NSE_OFFICIAL_HISTORICAL_OR_INDICES_HISTORY,https://www.nseindia.com/reports-indices-historical-index-data#NIFTY_50_2024-08-22_2024-11-19.json,2024-09-05,OFFICIAL_NSE_INDEX_CLOSE_NO_FORWARD_FILL,BENCHMARK_CONTEXT_V1
2024-09-09,NIFTY_50,NIFTY 50,24823.4,24957.5,24753.15,24936.4,NSE_OFFICIAL_HISTORICAL_OR_INDICES_HISTORY,https://www.nseindia.com/reports-indices-historical-index-data#NIFTY_50_2024-08-22_2024-11-19.json,2024-09-08,OFFICIAL_NSE_INDEX_CLOSE_NO_FORWARD_FILL,BENCHMARK_CONTEXT_V1
2024-09-10,NIFTY_50,NIFTY 50,24999.4,25130.5,24896.8,25041.1,NSE_OFFICIAL_HISTORICAL_OR_INDICES_HISTORY,https://www.nseindia.com/reports-indices-historical-index-data#NIFTY_50_2024-08-22_2024-11-19.json,2024-09-09,OFFICIAL_NSE_INDEX_CLOSE_NO_FORWARD_FILL,BENCHMARK_CONTEXT_V1
2024-09-11,NIFTY_50,NIFTY 50,25034,25113.7,24885.15,24918.45,NSE_OFFICIAL_HISTORICAL_OR_INDICES_HISTORY,https://www.nseindia.com/reports-indices-historical-index-data#NIFTY_50_2024-08-22_2024-11-19.json,2024-09-10,OFFICIAL_NSE_INDEX_CLOSE_NO_FORWARD_FILL,BENCHMARK_CONTEXT_V1
2024-09-12,NIFTY_50,NIFTY 50,25059.65,25433.35,24941.45,25388.9,NSE_OFFICIAL_HISTORICAL_OR_INDICES_HISTORY,https://www.nseindia.com/reports-indices-historical-index-data#NIFTY_50_2024-08-22_2024-11-19.json,2024-09-11,OFFICIAL_NSE_INDEX_CLOSE_NO_FORWARD_FILL,BENCHMARK_CONTEXT_V1
2024-09-13,NIFTY_50,NIFTY 50,25430.45,25430.5,25292.45,25356.5,NSE_OFFICIAL_HISTORICAL_OR_INDICES_HISTORY,https://www.nseindia.com/reports-indices-historical-index-data#NIFTY_50_2024-08-22_2024-11-19.json,2024-09-12,OFFICIAL_NSE_INDEX_CLOSE_NO_FORWARD_FILL,BENCHMARK_CONTEXT_V1
2024-09-16,NIFTY_50,NIFTY 50,25406.65,25445.7,25336.2,25383.75,NSE_OFFICIAL_HISTORICAL_OR_INDICES_HISTORY,https://www.nseindia.com/reports-indices-historical-index-data#NIFTY_50_2024-08-22_2024-11-19.json,2024-09-15,OFFICIAL_NSE_INDEX_CLOSE_NO_FORWARD_FILL,BENCHMARK_CONTEXT_V1
2024-09-17,NIFTY_50,NIFTY 50,25416.9,25441.65,25352.25,25418.55,NSE_OFFICIAL_HISTORICAL_OR_INDICES_HISTORY,https://www.nseindia.com/reports-indices-historical-index-data#NIFTY_50_2024-08-22_2024-11-19.json,2024-09-16,OFFICIAL_NSE_INDEX_CLOSE_NO_FORWARD_FILL,BENCHMARK_CONTEXT_V1
2024-09-18,NIFTY_50,NIFTY 50,25402.4,25482.2,25285.55,25377.55,NSE_OFFICIAL_HISTORICAL_OR_INDICES_HISTORY,https://www.nseindia.com/reports-indices-historical-index-data#NIFTY_50_2024-08-22_2024-11-19.json,2024-09-17,OFFICIAL_NSE_INDEX_CLOSE_NO_FORWARD_FILL,BENCHMARK_CONTEXT_V1
2024-09-19,NIFTY_50,NIFTY 50,25487.05,25611.95,25376.05,25415.8,NSE_OFFICIAL_HISTORICAL_OR_INDICES_HISTORY,https://www.nseindia.com/reports-indices-historical-index-data#NIFTY_50_2024-08-22_2024-11-19.json,2024-09-18,OFFICIAL_NSE_INDEX_CLOSE_NO_FORWARD_FILL,BENCHMARK_CONTEXT_V1
2024-09-20,NIFTY_50,NIFTY 50,25525.95,25849.25,25426.6,25790.95,NSE_OFFICIAL_HISTORICAL_OR_INDICES_HISTORY,https://www.nseindia.com/reports-indices-historical-index-data#NIFTY_50_2024-08-22_2024-11-19.json,2024-09-19,OFFICIAL_NSE_INDEX_CLOSE_NO_FORWARD_FILL,BENCHMARK_CONTEXT_V1
2024-09-23,NIFTY_50,NIFTY 50,25872.55,25956,25847.35,25939.05,NSE_OFFICIAL_HISTORICAL_OR_INDICES_HISTORY,https://www.nseindia.com/reports-indices-historical-index-data#NIFTY_50_2024-08-22_2024-11-19.json,2024-09-22,OFFICIAL_NSE_INDEX_CLOSE_NO_FORWARD_FILL,BENCHMARK_CONTEXT_V1
2024-09-24,NIFTY_50,NIFTY 50,25921.45,26011.55,25886.85,25940.4,NSE_OFFICIAL_HISTORICAL_OR_INDICES_HISTORY,https://www.nseindia.com/reports-indices-historical-index-data#NIFTY_50_2024-08-22_2024-11-19.json,2024-09-23,OFFICIAL_NSE_INDEX_CLOSE_NO_FORWARD_FILL,BENCHMARK_CONTEXT_V1
2024-09-25,NIFTY_50,NIFTY 50,25899.45,26032.8,25871.35,26004.15,NSE_OFFICIAL_HISTORICAL_OR_INDICES_HISTORY,https://www.nseindia.com/reports-indices-historical-index-data#NIFTY_50_2024-08-22_2024-11-19.json,2024-09-24,OFFICIAL_NSE_INDEX_CLOSE_NO_FORWARD_FILL,BENCHMARK_CONTEXT_V1
2024-09-26,NIFTY_50,NIFTY 50,26005.4,26250.9,25998.4,26216.05,NSE_OFFICIAL_HISTORICAL_OR_INDICES_HISTORY,https://www.nseindia.com/reports-indices-historical-index-data#NIFTY_50_2024-08-22_2024-11-19.json,2024-09-25,OFFICIAL_NSE_INDEX_CLOSE_NO_FORWARD_FILL,BENCHMARK_CONTEXT_V1
2024-09-27,NIFTY_50,NIFTY 50,26248.25,26277.35,26151.4,26178.95,NSE_OFFICIAL_HISTORICAL_OR_INDICES_HISTORY,https://www.nseindia.com/reports-indices-historical-index-data#NIFTY_50_2024-08-22_2024-11-19.json,2024-09-26,OFFICIAL_NSE_INDEX_CLOSE_NO_FORWARD_FILL,BENCHMARK_CONTEXT_V1
2024-09-30,NIFTY_50,NIFTY 50,26061.3,26134.7,25794.1,25810.85,NSE_OFFICIAL_HISTORICAL_OR_INDICES_HISTORY,https://www.nseindia.com/reports-indices-historical-index-data#NIFTY_50_2024-08-22_2024-11-19.json,2024-09-29,OFFICIAL_NSE_INDEX_CLOSE_NO_FORWARD_FILL,BENCHMARK_CONTEXT_V1
2024-10-01,NIFTY_50,NIFTY 50,25788.45,25907.6,25739.2,25796.9,NSE_OFFICIAL_HISTORICAL_OR_INDICES_HISTORY,https://www.nseindia.com/reports-indices-historical-index-data#NIFTY_50_2024-08-22_2024-11-19.json,2024-09-30,OFFICIAL_NSE_INDEX_CLOSE_NO_FORWARD_FILL,BENCHMARK_CONTEXT_V1
2024-10-03,NIFTY_50,NIFTY 50,25452.85,25639.45,25230.3,25250.1,NSE_OFFICIAL_HISTORICAL_OR_INDICES_HISTORY,https://www.nseindia.com/reports-indices-historical-index-data#NIFTY_50_2024-08-22_2024-11-19.json,2024-10-02,OFFICIAL_NSE_INDEX_CLOSE_NO_FORWARD_FILL,BENCHMARK_CONTEXT_V1
2024-10-04,NIFTY_50,NIFTY 50,25181.9,25485.05,24966.8,25014.6,NSE_OFFICIAL_HISTORICAL_OR_INDICES_HISTORY,https://www.nseindia.com/reports-indices-historical-index-data#NIFTY_50_2024-08-22_2024-11-19.json,2024-10-03,OFFICIAL_NSE_INDEX_CLOSE_NO_FORWARD_FILL,BENCHMARK_CONTEXT_V1
2024-10-07,NIFTY_50,NIFTY 50,25084.1,25143,24694.35,24795.75,NSE_OFFICIAL_HISTORICAL_OR_INDICES_HISTORY,https://www.nseindia.com/reports-indices-historical-index-data#NIFTY_50_2024-08-22_2024-11-19.json,2024-10-06,OFFICIAL_NSE_INDEX_CLOSE_NO_FORWARD_FILL,BENCHMARK_CONTEXT_V1
2024-10-08,NIFTY_50,NIFTY 50,24832.2,25044,24756.8,25013.15,NSE_OFFICIAL_HISTORICAL_OR_INDICES_HISTORY,https://www.nseindia.com/reports-indices-historical-index-data#NIFTY_50_2024-08-22_2024-11-19.json,2024-10-07,OFFICIAL_NSE_INDEX_CLOSE_NO_FORWARD_FILL,BENCHMARK_CONTEXT_V1
2024-10-09,NIFTY_50,NIFTY 50,25065.8,25234.05,24947.7,24981.95,NSE_OFFICIAL_HISTORICAL_OR_INDICES_HISTORY,https://www.nseindia.com/reports-indices-historical-index-data#NIFTY_50_2024-08-22_2024-11-19.json,2024-10-08,OFFICIAL_NSE_INDEX_CLOSE_NO_FORWARD_FILL,BENCHMARK_CONTEXT_V1
2024-10-10,NIFTY_50,NIFTY 50,25067.05,25134.05,24979.4,24998.45,NSE_OFFICIAL_HISTORICAL_OR_INDICES_HISTORY,https://www.nseindia.com/reports-indices-historical-index-data#NIFTY_50_2024-08-22_2024-11-19.json,2024-10-09,OFFICIAL_NSE_INDEX_CLOSE_NO_FORWARD_FILL,BENCHMARK_CONTEXT_V1
2024-10-11,NIFTY_50,NIFTY 50,24985.3,25028.65,24920.05,24964.25,NSE_OFFICIAL_HISTORICAL_OR_INDICES_HISTORY,https://www.nseindia.com/reports-indices-historical-index-data#NIFTY_50_2024-08-22_2024-11-19.json,2024-10-10,OFFICIAL_NSE_INDEX_CLOSE_NO_FORWARD_FILL,BENCHMARK_CONTEXT_V1
2024-10-14,NIFTY_50,NIFTY 50,25023.45,25159.75,25017.5,25127.95,NSE_OFFICIAL_HISTORICAL_OR_INDICES_HISTORY,https://www.nseindia.com/reports-indices-historical-index-data#NIFTY_50_2024-08-22_2024-11-19.json,2024-10-13,OFFICIAL_NSE_INDEX_CLOSE_NO_FORWARD_FILL,BENCHMARK_CONTEXT_V1
2024-10-15,NIFTY_50,NIFTY 50,25186.3,25212.05,25008.15,25057.35,NSE_OFFICIAL_HISTORICAL_OR_INDICES_HISTORY,https://www.nseindia.com/reports-indices-historical-index-data#NIFTY_50_2024-08-22_2024-11-19.json,2024-10-14,OFFICIAL_NSE_INDEX_CLOSE_NO_FORWARD_FILL,BENCHMARK_CONTEXT_V1
2024-10-16,NIFTY_50,NIFTY 50,25008.55,25093.4,24908.45,24971.3,NSE_OFFICIAL_HISTORICAL_OR_INDICES_HISTORY,https://www.nseindia.com/reports-indices-historical-index-data#NIFTY_50_2024-08-22_2024-11-19.json,2024-10-15,OFFICIAL_NSE_INDEX_CLOSE_NO_FORWARD_FILL,BENCHMARK_CONTEXT_V1
2024-10-17,NIFTY_50,NIFTY 50,25027.4,25029.5,24728.9,24749.85,NSE_OFFICIAL_HISTORICAL_OR_INDICES_HISTORY,https://www.nseindia.com/reports-indices-historical-index-data#NIFTY_50_2024-08-22_2024-11-19.json,2024-10-16,OFFICIAL_NSE_INDEX_CLOSE_NO_FORWARD_FILL,BENCHMARK_CONTEXT_V1
2024-10-18,NIFTY_50,NIFTY 50,24664.95,24886.2,24567.65,24854.05,NSE_OFFICIAL_HISTORICAL_OR_INDICES_HISTORY,https://www.nseindia.com/reports-indices-historical-index-data#NIFTY_50_2024-08-22_2024-11-19.json,2024-10-17,OFFICIAL_NSE_INDEX_CLOSE_NO_FORWARD_FILL,BENCHMARK_CONTEXT_V1
2024-10-21,NIFTY_50,NIFTY 50,24956.15,24978.3,24679.6,24781.1,NSE_OFFICIAL_HISTORICAL_OR_INDICES_HISTORY,https://www.nseindia.com/reports-indices-historical-index-data#NIFTY_50_2024-08-22_2024-11-19.json,2024-10-20,OFFICIAL_NSE_INDEX_CLOSE_NO_FORWARD_FILL,BENCHMARK_CONTEXT_V1
2024-10-22,NIFTY_50,NIFTY 50,24798.65,24882,24445.8,24472.1,NSE_OFFICIAL_HISTORICAL_OR_INDICES_HISTORY,https://www.nseindia.com/reports-indices-historical-index-data#NIFTY_50_2024-08-22_2024-11-19.json,2024-10-21,OFFICIAL_NSE_INDEX_CLOSE_NO_FORWARD_FILL,BENCHMARK_CONTEXT_V1
2024-10-23,NIFTY_50,NIFTY 50,24378.15,24604.25,24378.1,24435.5,NSE_OFFICIAL_HISTORICAL_OR_INDICES_HISTORY,https://www.nseindia.com/reports-indices-historical-index-data#NIFTY_50_2024-08-22_2024-11-19.json,2024-10-22,OFFICIAL_NSE_INDEX_CLOSE_NO_FORWARD_FILL,BENCHMARK_CONTEXT_V1
2024-10-24,NIFTY_50,NIFTY 50,24412.7,24480.65,24341.2,24399.4,NSE_OFFICIAL_HISTORICAL_OR_INDICES_HISTORY,https://www.nseindia.com/reports-indices-historical-index-data#NIFTY_50_2024-08-22_2024-11-19.json,2024-10-23,OFFICIAL_NSE_INDEX_CLOSE_NO_FORWARD_FILL,BENCHMARK_CONTEXT_V1
2024-10-25,NIFTY_50,NIFTY 50,24418.05,24440.25,24073.9,24180.8,NSE_OFFICIAL_HISTORICAL_OR_INDICES_HISTORY,https://www.nseindia.com/reports-indices-historical-index-data#NIFTY_50_2024-08-22_2024-11-19.json,2024-10-24,OFFICIAL_NSE_INDEX_CLOSE_NO_FORWARD_FILL,BENCHMARK_CONTEXT_V1
2024-10-28,NIFTY_50,NIFTY 50,24251.1,24492.6,24134.9,24339.15,NSE_OFFICIAL_HISTORICAL_OR_INDICES_HISTORY,https://www.nseindia.com/reports-indices-historical-index-data#NIFTY_50_2024-08-22_2024-11-19.json,2024-10-27,OFFICIAL_NSE_INDEX_CLOSE_NO_FORWARD_FILL,BENCHMARK_CONTEXT_V1
2024-10-29,NIFTY_50,NIFTY 50,24328.85,24484.5,24140.85,24466.85,NSE_OFFICIAL_HISTORICAL_OR_INDICES_HISTORY,https://www.nseindia.com/reports-indices-historical-index-data#NIFTY_50_2024-08-22_2024-11-19.json,2024-10-28,OFFICIAL_NSE_INDEX_CLOSE_NO_FORWARD_FILL,BENCHMARK_CONTEXT_V1
2024-10-30,NIFTY_50,NIFTY 50,24371.45,24498.2,24307.3,24340.85,NSE_OFFICIAL_HISTORICAL_OR_INDICES_HISTORY,https://www.nseindia.com/reports-indices-historical-index-data#NIFTY_50_2024-08-22_2024-11-19.json,2024-10-29,OFFICIAL_NSE_INDEX_CLOSE_NO_FORWARD_FILL,BENCHMARK_CONTEXT_V1
2024-10-31,NIFTY_50,NIFTY 50,24349.85,24372.45,24172.6,24205.35,NSE_OFFICIAL_HISTORICAL_OR_INDICES_HISTORY,https://www.nseindia.com/reports-indices-historical-index-data#NIFTY_50_2024-08-22_2024-11-19.json,2024-10-30,OFFICIAL_NSE_INDEX_CLOSE_NO_FORWARD_FILL,BENCHMARK_CONTEXT_V1
2024-11-01,NIFTY_50,NIFTY 50,24302.75,24368.25,24280.2,24304.35,NSE_OFFICIAL_HISTORICAL_OR_INDICES_HISTORY,https://www.nseindia.com/reports-indices-historical-index-data#NIFTY_50_2024-08-22_2024-11-19.json,2024-10-31,OFFICIAL_NSE_INDEX_CLOSE_NO_FORWARD_FILL,BENCHMARK_CONTEXT_V1
2024-11-04,NIFTY_50,NIFTY 50,24315.75,24316.75,23816.15,23995.35,NSE_OFFICIAL_HISTORICAL_OR_INDICES_HISTORY,https://www.nseindia.com/reports-indices-historical-index-data#NIFTY_50_2024-08-22_2024-11-19.json,2024-11-03,OFFICIAL_NSE_INDEX_CLOSE_NO_FORWARD_FILL,BENCHMARK_CONTEXT_V1
2024-11-05,NIFTY_50,NIFTY 50,23916.5,24229.05,23842.75,24213.3,NSE_OFFICIAL_HISTORICAL_OR_INDICES_HISTORY,https://www.nseindia.com/reports-indices-historical-index-data#NIFTY_50_2024-08-22_2024-11-19.json,2024-11-04,OFFICIAL_NSE_INDEX_CLOSE_NO_FORWARD_FILL,BENCHMARK_CONTEXT_V1
2024-11-06,NIFTY_50,NIFTY 50,24308.75,24537.6,24204.05,24484.05,NSE_OFFICIAL_HISTORICAL_OR_INDICES_HISTORY,https://www.nseindia.com/reports-indices-historical-index-data#NIFTY_50_2024-08-22_2024-11-19.json,2024-11-05,OFFICIAL_NSE_INDEX_CLOSE_NO_FORWARD_FILL,BENCHMARK_CONTEXT_V1
2024-11-07,NIFTY_50,NIFTY 50,24489.6,24503.35,24179.05,24199.35,NSE_OFFICIAL_HISTORICAL_OR_INDICES_HISTORY,https://www.nseindia.com/reports-indices-historical-index-data#NIFTY_50_2024-08-22_2024-11-19.json,2024-11-06,OFFICIAL_NSE_INDEX_CLOSE_NO_FORWARD_FILL,BENCHMARK_CONTEXT_V1
2024-11-08,NIFTY_50,NIFTY 50,24207.7,24276.15,24066.65,24148.2,NSE_OFFICIAL_HISTORICAL_OR_INDICES_HISTORY,https://www.nseindia.com/reports-indices-historical-index-data#NIFTY_50_2024-08-22_2024-11-19.json,2024-11-07,OFFICIAL_NSE_INDEX_CLOSE_NO_FORWARD_FILL,BENCHMARK_CONTEXT_V1
2024-11-11,NIFTY_50,NIFTY 50,24087.25,24336.8,24004.6,24141.3,NSE_OFFICIAL_HISTORICAL_OR_INDICES_HISTORY,https://www.nseindia.com/reports-indices-historical-index-data#NIFTY_50_2024-08-22_2024-11-19.json,2024-11-10,OFFICIAL_NSE_INDEX_CLOSE_NO_FORWARD_FILL,BENCHMARK_CONTEXT_V1
2024-11-12,NIFTY_50,NIFTY 50,24225.8,24242,23839.15,23883.45,NSE_OFFICIAL_HISTORICAL_OR_INDICES_HISTORY,https://www.nseindia.com/reports-indices-historical-index-data#NIFTY_50_2024-08-22_2024-11-19.json,2024-11-11,OFFICIAL_NSE_INDEX_CLOSE_NO_FORWARD_FILL,BENCHMARK_CONTEXT_V1
2024-11-13,NIFTY_50,NIFTY 50,23822.45,23873.6,23509.6,23559.05,NSE_OFFICIAL_HISTORICAL_OR_INDICES_HISTORY,https://www.nseindia.com/reports-indices-historical-index-data#NIFTY_50_2024-08-22_2024-11-19.json,2024-11-12,OFFICIAL_NSE_INDEX_CLOSE_NO_FORWARD_FILL,BENCHMARK_CONTEXT_V1
2024-11-14,NIFTY_50,NIFTY 50,23542.15,23675.9,23484.15,23532.7,NSE_OFFICIAL_HISTORICAL_OR_INDICES_HISTORY,https://www.nseindia.com/reports-indices-historical-index-data#NIFTY_50_2024-08-22_2024-11-19.json,2024-11-13,OFFICIAL_NSE_INDEX_CLOSE_NO_FORWARD_FILL,BENCHMARK_CONTEXT_V1
2024-11-18,NIFTY_50,NIFTY 50,23605.3,23606.8,23350.4,23453.8,NSE_OFFICIAL_HISTORICAL_OR_INDICES_HISTORY,https://www.nseindia.com/reports-indices-historical-index-data#NIFTY_50_2024-08-22_2024-11-19.json,2024-11-17,OFFICIAL_NSE_INDEX_CLOSE_NO_FORWARD_FILL,BENCHMARK_CONTEXT_V1
2024-11-19,NIFTY_50,NIFTY 50,23529.55,23780.65,23464.8,23518.5,NSE_OFFICIAL_HISTORICAL_OR_INDICES_HISTORY,https://www.nseindia.com/reports-indices-historical-index-data#NIFTY_50_2024-08-22_2024-11-19.json,2024-11-18,OFFICIAL_NSE_INDEX_CLOSE_NO_FORWARD_FILL,BENCHMARK_CONTEXT_V1
2024-11-21,NIFTY_50,NIFTY 50,23488.45,23507.3,23263.15,23349.9,NSE_OFFICIAL_HISTORICAL_OR_INDICES_HISTORY,https://www.nseindia.com/reports-indices-historical-index-data#NIFTY_50_2024-11-20_2025-02-17.json,2024-11-20,OFFICIAL_NSE_INDEX_CLOSE_NO_FORWARD_FILL,BENCHMARK_CONTEXT_V1
2024-11-22,NIFTY_50,NIFTY 50,23411.8,23956.1,23359,23907.25,NSE_OFFICIAL_HISTORICAL_OR_INDICES_HISTORY,https://www.nseindia.com/reports-indices-historical-index-data#NIFTY_50_2024-11-20_2025-02-17.json,2024-11-21,OFFICIAL_NSE_INDEX_CLOSE_NO_FORWARD_FILL,BENCHMARK_CONTEXT_V1
2024-11-25,NIFTY_50,NIFTY 50,24253.55,24351.55,24135.45,24221.9,NSE_OFFICIAL_HISTORICAL_OR_INDICES_HISTORY,https://www.nseindia.com/reports-indices-historical-index-data#NIFTY_50_2024-11-20_2025-02-17.json,2024-11-24,OFFICIAL_NSE_INDEX_CLOSE_NO_FORWARD_FILL,BENCHMARK_CONTEXT_V1
2024-11-26,NIFTY_50,NIFTY 50,24343.3,24343.3,24125.4,24194.5,NSE_OFFICIAL_HISTORICAL_OR_INDICES_HISTORY,https://www.nseindia.com/reports-indices-historical-index-data#NIFTY_50_2024-11-20_2025-02-17.json,2024-11-25,OFFICIAL_NSE_INDEX_CLOSE_NO_FORWARD_FILL,BENCHMARK_CONTEXT_V1
2024-11-27,NIFTY_50,NIFTY 50,24204.8,24354.55,24145.65,24274.9,NSE_OFFICIAL_HISTORICAL_OR_INDICES_HISTORY,https://www.nseindia.com/reports-indices-historical-index-data#NIFTY_50_2024-11-20_2025-02-17.json,2024-11-26,OFFICIAL_NSE_INDEX_CLOSE_NO_FORWARD_FILL,BENCHMARK_CONTEXT_V1
2024-11-28,NIFTY_50,NIFTY 50,24274.15,24345.75,23873.35,23914.15,NSE_OFFICIAL_HISTORICAL_OR_INDICES_HISTORY,https://www.nseindia.com/reports-indices-historical-index-data#NIFTY_50_2024-11-20_2025-02-17.json,2024-11-27,OFFICIAL_NSE_INDEX_CLOSE_NO_FORWARD_FILL,BENCHMARK_CONTEXT_V1
2024-11-29,NIFTY_50,NIFTY 50,23927.15,24188.45,23927.15,24131.1,NSE_OFFICIAL_HISTORICAL_OR_INDICES_HISTORY,https://www.nseindia.com/reports-indices-historical-index-data#NIFTY_50_2024-11-20_2025-02-17.json,2024-11-28,OFFICIAL_NSE_INDEX_CLOSE_NO_FORWARD_FILL,BENCHMARK_CONTEXT_V1
2024-12-02,NIFTY_50,NIFTY 50,24140.85,24301.7,24008.65,24276.05,NSE_OFFICIAL_HISTORICAL_OR_INDICES_HISTORY,https://www.nseindia.com/reports-indices-historical-index-data#NIFTY_50_2024-11-20_2025-02-17.json,2024-12-01,OFFICIAL_NSE_INDEX_CLOSE_NO_FORWARD_FILL,BENCHMARK_CONTEXT_V1
2024-12-03,NIFTY_50,NIFTY 50,24367.5,24481.35,24280,24457.15,NSE_OFFICIAL_HISTORICAL_OR_INDICES_HISTORY,https://www.nseindia.com/reports-indices-historical-index-data#NIFTY_50_2024-11-20_2025-02-17.json,2024-12-02,OFFICIAL_NSE_INDEX_CLOSE_NO_FORWARD_FILL,BENCHMARK_CONTEXT_V1
2024-12-04,NIFTY_50,NIFTY 50,24488.75,24573.2,24366.3,24467.45,NSE_OFFICIAL_HISTORICAL_OR_INDICES_HISTORY,https://www.nseindia.com/reports-indices-historical-index-data#NIFTY_50_2024-11-20_2025-02-17.json,2024-12-03,OFFICIAL_NSE_INDEX_CLOSE_NO_FORWARD_FILL,BENCHMARK_CONTEXT_V1
2024-12-05,NIFTY_50,NIFTY 50,24539.15,24857.75,24295.55,24708.4,NSE_OFFICIAL_HISTORICAL_OR_INDICES_HISTORY,https://www.nseindia.com/reports-indices-historical-index-data#NIFTY_50_2024-11-20_2025-02-17.json,2024-12-04,OFFICIAL_NSE_INDEX_CLOSE_NO_FORWARD_FILL,BENCHMARK_CONTEXT_V1
2024-12-06,NIFTY_50,NIFTY 50,24729.45,24751.05,24620.5,24677.8,NSE_OFFICIAL_HISTORICAL_OR_INDICES_HISTORY,https://www.nseindia.com/reports-indices-historical-index-data#NIFTY_50_2024-11-20_2025-02-17.json,2024-12-05,OFFICIAL_NSE_INDEX_CLOSE_NO_FORWARD_FILL,BENCHMARK_CONTEXT_V1
2024-12-09,NIFTY_50,NIFTY 50,24633.9,24705,24580.05,24619,NSE_OFFICIAL_HISTORICAL_OR_INDICES_HISTORY,https://www.nseindia.com/reports-indices-historical-index-data#NIFTY_50_2024-11-20_2025-02-17.json,2024-12-08,OFFICIAL_NSE_INDEX_CLOSE_NO_FORWARD_FILL,BENCHMARK_CONTEXT_V1
2024-12-10,NIFTY_50,NIFTY 50,24652.65,24677.8,24510.65,24610.05,NSE_OFFICIAL_HISTORICAL_OR_INDICES_HISTORY,https://www.nseindia.com/reports-indices-historical-index-data#NIFTY_50_2024-11-20_2025-02-17.json,2024-12-09,OFFICIAL_NSE_INDEX_CLOSE_NO_FORWARD_FILL,BENCHMARK_CONTEXT_V1
2024-12-11,NIFTY_50,NIFTY 50,24620.5,24691.75,24583.85,24641.8,NSE_OFFICIAL_HISTORICAL_OR_INDICES_HISTORY,https://www.nseindia.com/reports-indices-historical-index-data#NIFTY_50_2024-11-20_2025-02-17.json,2024-12-10,OFFICIAL_NSE_INDEX_CLOSE_NO_FORWARD_FILL,BENCHMARK_CONTEXT_V1
2024-12-12,NIFTY_50,NIFTY 50,24604.45,24675.25,24527.95,24548.7,NSE_OFFICIAL_HISTORICAL_OR_INDICES_HISTORY,https://www.nseindia.com/reports-indices-historical-index-data#NIFTY_50_2024-11-20_2025-02-17.json,2024-12-11,OFFICIAL_NSE_INDEX_CLOSE_NO_FORWARD_FILL,BENCHMARK_CONTEXT_V1
2024-12-13,NIFTY_50,NIFTY 50,24498.35,24792.3,24180.8,24768.3,NSE_OFFICIAL_HISTORICAL_OR_INDICES_HISTORY,https://www.nseindia.com/reports-indices-historical-index-data#NIFTY_50_2024-11-20_2025-02-17.json,2024-12-12,OFFICIAL_NSE_INDEX_CLOSE_NO_FORWARD_FILL,BENCHMARK_CONTEXT_V1
2024-12-16,NIFTY_50,NIFTY 50,24753.4,24781.25,24601.75,24668.25,NSE_OFFICIAL_HISTORICAL_OR_INDICES_HISTORY,https://www.nseindia.com/reports-indices-historical-index-data#NIFTY_50_2024-11-20_2025-02-17.json,2024-12-15,OFFICIAL_NSE_INDEX_CLOSE_NO_FORWARD_FILL,BENCHMARK_CONTEXT_V1
2024-12-17,NIFTY_50,NIFTY 50,24584.8,24624.1,24303.45,24336,NSE_OFFICIAL_HISTORICAL_OR_INDICES_HISTORY,https://www.nseindia.com/reports-indices-historical-index-data#NIFTY_50_2024-11-20_2025-02-17.json,2024-12-16,OFFICIAL_NSE_INDEX_CLOSE_NO_FORWARD_FILL,BENCHMARK_CONTEXT_V1
2024-12-18,NIFTY_50,NIFTY 50,24297.95,24394.45,24149.85,24198.85,NSE_OFFICIAL_HISTORICAL_OR_INDICES_HISTORY,https://www.nseindia.com/reports-indices-historical-index-data#NIFTY_50_2024-11-20_2025-02-17.json,2024-12-17,OFFICIAL_NSE_INDEX_CLOSE_NO_FORWARD_FILL,BENCHMARK_CONTEXT_V1
2024-12-19,NIFTY_50,NIFTY 50,23877.15,24004.9,23870.3,23951.7,NSE_OFFICIAL_HISTORICAL_OR_INDICES_HISTORY,https://www.nseindia.com/reports-indices-historical-index-data#NIFTY_50_2024-11-20_2025-02-17.json,2024-12-18,OFFICIAL_NSE_INDEX_CLOSE_NO_FORWARD_FILL,BENCHMARK_CONTEXT_V1
2024-12-20,NIFTY_50,NIFTY 50,23960.7,24065.8,23537.35,23587.5,NSE_OFFICIAL_HISTORICAL_OR_INDICES_HISTORY,https://www.nseindia.com/reports-indices-historical-index-data#NIFTY_50_2024-11-20_2025-02-17.json,2024-12-19,OFFICIAL_NSE_INDEX_CLOSE_NO_FORWARD_FILL,BENCHMARK_CONTEXT_V1
2024-12-23,NIFTY_50,NIFTY 50,23738.2,23869.55,23647.2,23753.45,NSE_OFFICIAL_HISTORICAL_OR_INDICES_HISTORY,https://www.nseindia.com/reports-indices-historical-index-data#NIFTY_50_2024-11-20_2025-02-17.json,2024-12-22,OFFICIAL_NSE_INDEX_CLOSE_NO_FORWARD_FILL,BENCHMARK_CONTEXT_V1
2024-12-24,NIFTY_50,NIFTY 50,23769.1,23867.65,23685.15,23727.65,NSE_OFFICIAL_HISTORICAL_OR_INDICES_HISTORY,https://www.nseindia.com/reports-indices-historical-index-data#NIFTY_50_2024-11-20_2025-02-17.json,2024-12-23,OFFICIAL_NSE_INDEX_CLOSE_NO_FORWARD_FILL,BENCHMARK_CONTEXT_V1
2024-12-26,NIFTY_50,NIFTY 50,23775.8,23854.5,23653.6,23750.2,NSE_OFFICIAL_HISTORICAL_OR_INDICES_HISTORY,https://www.nseindia.com/reports-indices-historical-index-data#NIFTY_50_2024-11-20_2025-02-17.json,2024-12-25,OFFICIAL_NSE_INDEX_CLOSE_NO_FORWARD_FILL,BENCHMARK_CONTEXT_V1
2024-12-27,NIFTY_50,NIFTY 50,23801.4,23938.85,23800.6,23813.4,NSE_OFFICIAL_HISTORICAL_OR_INDICES_HISTORY,https://www.nseindia.com/reports-indices-historical-index-data#NIFTY_50_2024-11-20_2025-02-17.json,2024-12-26,OFFICIAL_NSE_INDEX_CLOSE_NO_FORWARD_FILL,BENCHMARK_CONTEXT_V1
2024-12-30,NIFTY_50,NIFTY 50,23796.9,23915.35,23599.3,23644.9,NSE_OFFICIAL_HISTORICAL_OR_INDICES_HISTORY,https://www.nseindia.com/reports-indices-historical-index-data#NIFTY_50_2024-11-20_2025-02-17.json,2024-12-29,OFFICIAL_NSE_INDEX_CLOSE_NO_FORWARD_FILL,BENCHMARK_CONTEXT_V1
2024-12-31,NIFTY_50,NIFTY 50,23560.6,23689.85,23460.45,23644.8,NSE_OFFICIAL_HISTORICAL_OR_INDICES_HISTORY,https://www.nseindia.com/reports-indices-historical-index-data#NIFTY_50_2024-11-20_2025-02-17.json,2024-12-30,OFFICIAL_NSE_INDEX_CLOSE_NO_FORWARD_FILL,BENCHMARK_CONTEXT_V1
2025-01-01,NIFTY_50,NIFTY 50,23637.65,23822.8,23562.8,23742.9,NSE_OFFICIAL_HISTORICAL_OR_INDICES_HISTORY,https://www.nseindia.com/reports-indices-historical-index-data#NIFTY_50_2024-11-20_2025-02-17.json,2024-12-31,OFFICIAL_NSE_INDEX_CLOSE_NO_FORWARD_FILL,BENCHMARK_CONTEXT_V1
2025-01-02,NIFTY_50,NIFTY 50,23783,24226.7,23751.55,24188.65,NSE_OFFICIAL_HISTORICAL_OR_INDICES_HISTORY,https://www.nseindia.com/reports-indices-historical-index-data#NIFTY_50_2024-11-20_2025-02-17.json,2025-01-01,OFFICIAL_NSE_INDEX_CLOSE_NO_FORWARD_FILL,BENCHMARK_CONTEXT_V1
2025-01-03,NIFTY_50,NIFTY 50,24196.4,24196.45,23976,24004.75,NSE_OFFICIAL_HISTORICAL_OR_INDICES_HISTORY,https://www.nseindia.com/reports-indices-historical-index-data#NIFTY_50_2024-11-20_2025-02-17.json,2025-01-02,OFFICIAL_NSE_INDEX_CLOSE_NO_FORWARD_FILL,BENCHMARK_CONTEXT_V1
2025-01-06,NIFTY_50,NIFTY 50,24045.8,24089.95,23551.9,23616.05,NSE_OFFICIAL_HISTORICAL_OR_INDICES_HISTORY,https://www.nseindia.com/reports-indices-historical-index-data#NIFTY_50_2024-11-20_2025-02-17.json,2025-01-05,OFFICIAL_NSE_INDEX_CLOSE_NO_FORWARD_FILL,BENCHMARK_CONTEXT_V1
2025-01-07,NIFTY_50,NIFTY 50,23679.9,23795.2,23637.8,23707.9,NSE_OFFICIAL_HISTORICAL_OR_INDICES_HISTORY,https://www.nseindia.com/reports-indices-historical-index-data#NIFTY_50_2024-11-20_2025-02-17.json,2025-01-06,OFFICIAL_NSE_INDEX_CLOSE_NO_FORWARD_FILL,BENCHMARK_CONTEXT_V1
2025-01-08,NIFTY_50,NIFTY 50,23746.65,23751.85,23496.15,23688.95,NSE_OFFICIAL_HISTORICAL_OR_INDICES_HISTORY,https://www.nseindia.com/reports-indices-historical-index-data#NIFTY_50_2024-11-20_2025-02-17.json,2025-01-07,OFFICIAL_NSE_INDEX_CLOSE_NO_FORWARD_FILL,BENCHMARK_CONTEXT_V1
2025-01-09,NIFTY_50,NIFTY 50,23674.75,23689.5,23503.05,23526.5,NSE_OFFICIAL_HISTORICAL_OR_INDICES_HISTORY,https://www.nseindia.com/reports-indices-historical-index-data#NIFTY_50_2024-11-20_2025-02-17.json,2025-01-08,OFFICIAL_NSE_INDEX_CLOSE_NO_FORWARD_FILL,BENCHMARK_CONTEXT_V1
2025-01-10,NIFTY_50,NIFTY 50,23551.9,23596.6,23344.35,23431.5,NSE_OFFICIAL_HISTORICAL_OR_INDICES_HISTORY,https://www.nseindia.com/reports-indices-historical-index-data#NIFTY_50_2024-11-20_2025-02-17.json,2025-01-09,OFFICIAL_NSE_INDEX_CLOSE_NO_FORWARD_FILL,BENCHMARK_CONTEXT_V1
2025-01-13,NIFTY_50,NIFTY 50,23195.4,23340.95,23047.25,23085.95,NSE_OFFICIAL_HISTORICAL_OR_INDICES_HISTORY,https://www.nseindia.com/reports-indices-historical-index-data#NIFTY_50_2024-11-20_2025-02-17.json,2025-01-12,OFFICIAL_NSE_INDEX_CLOSE_NO_FORWARD_FILL,BENCHMARK_CONTEXT_V1
2025-01-14,NIFTY_50,NIFTY 50,23165.9,23264.95,23134.15,23176.05,NSE_OFFICIAL_HISTORICAL_OR_INDICES_HISTORY,https://www.nseindia.com/reports-indices-historical-index-data#NIFTY_50_2024-11-20_2025-02-17.json,2025-01-13,OFFICIAL_NSE_INDEX_CLOSE_NO_FORWARD_FILL,BENCHMARK_CONTEXT_V1
2025-01-15,NIFTY_50,NIFTY 50,23250.45,23293.65,23146.45,23213.2,NSE_OFFICIAL_HISTORICAL_OR_INDICES_HISTORY,https://www.nseindia.com/reports-indices-historical-index-data#NIFTY_50_2024-11-20_2025-02-17.json,2025-01-14,OFFICIAL_NSE_INDEX_CLOSE_NO_FORWARD_FILL,BENCHMARK_CONTEXT_V1
2025-01-16,NIFTY_50,NIFTY 50,23377.25,23391.65,23272.05,23311.8,NSE_OFFICIAL_HISTORICAL_OR_INDICES_HISTORY,https://www.nseindia.com/reports-indices-historical-index-data#NIFTY_50_2024-11-20_2025-02-17.json,2025-01-15,OFFICIAL_NSE_INDEX_CLOSE_NO_FORWARD_FILL,BENCHMARK_CONTEXT_V1
2025-01-17,NIFTY_50,NIFTY 50,23277.1,23292.1,23100.35,23203.2,NSE_OFFICIAL_HISTORICAL_OR_INDICES_HISTORY,https://www.nseindia.com/reports-indices-historical-index-data#NIFTY_50_2024-11-20_2025-02-17.json,2025-01-16,OFFICIAL_NSE_INDEX_CLOSE_NO_FORWARD_FILL,BENCHMARK_CONTEXT_V1
2025-01-20,NIFTY_50,NIFTY 50,23290.4,23391.1,23170.65,23344.75,NSE_OFFICIAL_HISTORICAL_OR_INDICES_HISTORY,https://www.nseindia.com/reports-indices-historical-index-data#NIFTY_50_2024-11-20_2025-02-17.json,2025-01-19,OFFICIAL_NSE_INDEX_CLOSE_NO_FORWARD_FILL,BENCHMARK_CONTEXT_V1
2025-01-21,NIFTY_50,NIFTY 50,23421.65,23426.3,22976.85,23024.65,NSE_OFFICIAL_HISTORICAL_OR_INDICES_HISTORY,https://www.nseindia.com/reports-indices-historical-index-data#NIFTY_50_2024-11-20_2025-02-17.json,2025-01-20,OFFICIAL_NSE_INDEX_CLOSE_NO_FORWARD_FILL,BENCHMARK_CONTEXT_V1
2025-01-22,NIFTY_50,NIFTY 50,23099.15,23169.55,22981.3,23155.35,NSE_OFFICIAL_HISTORICAL_OR_INDICES_HISTORY,https://www.nseindia.com/reports-indices-historical-index-data#NIFTY_50_2024-11-20_2025-02-17.json,2025-01-21,OFFICIAL_NSE_INDEX_CLOSE_NO_FORWARD_FILL,BENCHMARK_CONTEXT_V1
2025-01-23,NIFTY_50,NIFTY 50,23128.3,23270.8,23090.65,23205.35,NSE_OFFICIAL_HISTORICAL_OR_INDICES_HISTORY,https://www.nseindia.com/reports-indices-historical-index-data#NIFTY_50_2024-11-20_2025-02-17.json,2025-01-22,OFFICIAL_NSE_INDEX_CLOSE_NO_FORWARD_FILL,BENCHMARK_CONTEXT_V1
2025-01-24,NIFTY_50,NIFTY 50,23183.9,23347.3,23050,23092.2,NSE_OFFICIAL_HISTORICAL_OR_INDICES_HISTORY,https://www.nseindia.com/reports-indices-historical-index-data#NIFTY_50_2024-11-20_2025-02-17.json,2025-01-23,OFFICIAL_NSE_INDEX_CLOSE_NO_FORWARD_FILL,BENCHMARK_CONTEXT_V1
2025-01-27,NIFTY_50,NIFTY 50,22940.15,23007.45,22786.9,22829.15,NSE_OFFICIAL_HISTORICAL_OR_INDICES_HISTORY,https://www.nseindia.com/reports-indices-historical-index-data#NIFTY_50_2024-11-20_2025-02-17.json,2025-01-26,OFFICIAL_NSE_INDEX_CLOSE_NO_FORWARD_FILL,BENCHMARK_CONTEXT_V1
2025-01-28,NIFTY_50,NIFTY 50,22960.45,23137.95,22857.65,22957.25,NSE_OFFICIAL_HISTORICAL_OR_INDICES_HISTORY,https://www.nseindia.com/reports-indices-historical-index-data#NIFTY_50_2024-11-20_2025-02-17.json,2025-01-27,OFFICIAL_NSE_INDEX_CLOSE_NO_FORWARD_FILL,BENCHMARK_CONTEXT_V1
2025-01-29,NIFTY_50,NIFTY 50,23026.75,23183.35,22976.5,23163.1,NSE_OFFICIAL_HISTORICAL_OR_INDICES_HISTORY,https://www.nseindia.com/reports-indices-historical-index-data#NIFTY_50_2024-11-20_2025-02-17.json,2025-01-28,OFFICIAL_NSE_INDEX_CLOSE_NO_FORWARD_FILL,BENCHMARK_CONTEXT_V1
2025-01-30,NIFTY_50,NIFTY 50,23169.5,23322.05,23139.2,23249.5,NSE_OFFICIAL_HISTORICAL_OR_INDICES_HISTORY,https://www.nseindia.com/reports-indices-historical-index-data#NIFTY_50_2024-11-20_2025-02-17.json,2025-01-29,OFFICIAL_NSE_INDEX_CLOSE_NO_FORWARD_FILL,BENCHMARK_CONTEXT_V1
2025-01-31,NIFTY_50,NIFTY 50,23296.75,23546.8,23277.4,23508.4,NSE_OFFICIAL_HISTORICAL_OR_INDICES_HISTORY,https://www.nseindia.com/reports-indices-historical-index-data#NIFTY_50_2024-11-20_2025-02-17.json,2025-01-30,OFFICIAL_NSE_INDEX_CLOSE_NO_FORWARD_FILL,BENCHMARK_CONTEXT_V1
2025-02-01,NIFTY_50,NIFTY 50,23528.6,23632.45,23318.3,23482.15,NSE_OFFICIAL_HISTORICAL_OR_INDICES_HISTORY,https://www.nseindia.com/reports-indices-historical-index-data#NIFTY_50_2024-11-20_2025-02-17.json,2025-01-31,OFFICIAL_NSE_INDEX_CLOSE_NO_FORWARD_FILL,BENCHMARK_CONTEXT_V1
2025-02-03,NIFTY_50,NIFTY 50,23319.35,23381.6,23222,23361.05,NSE_OFFICIAL_HISTORICAL_OR_INDICES_HISTORY,https://www.nseindia.com/reports-indices-historical-index-data#NIFTY_50_2024-11-20_2025-02-17.json,2025-02-02,OFFICIAL_NSE_INDEX_CLOSE_NO_FORWARD_FILL,BENCHMARK_CONTEXT_V1
2025-02-04,NIFTY_50,NIFTY 50,23509.9,23762.75,23423.15,23739.25,NSE_OFFICIAL_HISTORICAL_OR_INDICES_HISTORY,https://www.nseindia.com/reports-indices-historical-index-data#NIFTY_50_2024-11-20_2025-02-17.json,2025-02-03,OFFICIAL_NSE_INDEX_CLOSE_NO_FORWARD_FILL,BENCHMARK_CONTEXT_V1
2025-02-05,NIFTY_50,NIFTY 50,23801.75,23807.3,23680.45,23696.3,NSE_OFFICIAL_HISTORICAL_OR_INDICES_HISTORY,https://www.nseindia.com/reports-indices-historical-index-data#NIFTY_50_2024-11-20_2025-02-17.json,2025-02-04,OFFICIAL_NSE_INDEX_CLOSE_NO_FORWARD_FILL,BENCHMARK_CONTEXT_V1
2025-02-06,NIFTY_50,NIFTY 50,23761.95,23773.55,23556.25,23603.35,NSE_OFFICIAL_HISTORICAL_OR_INDICES_HISTORY,https://www.nseindia.com/reports-indices-historical-index-data#NIFTY_50_2024-11-20_2025-02-17.json,2025-02-05,OFFICIAL_NSE_INDEX_CLOSE_NO_FORWARD_FILL,BENCHMARK_CONTEXT_V1
2025-02-07,NIFTY_50,NIFTY 50,23649.5,23694.5,23443.2,23559.95,NSE_OFFICIAL_HISTORICAL_OR_INDICES_HISTORY,https://www.nseindia.com/reports-indices-historical-index-data#NIFTY_50_2024-11-20_2025-02-17.json,2025-02-06,OFFICIAL_NSE_INDEX_CLOSE_NO_FORWARD_FILL,BENCHMARK_CONTEXT_V1
2025-02-10,NIFTY_50,NIFTY 50,23543.8,23568.6,23316.3,23381.6,NSE_OFFICIAL_HISTORICAL_OR_INDICES_HISTORY,https://www.nseindia.com/reports-indices-historical-index-data#NIFTY_50_2024-11-20_2025-02-17.json,2025-02-09,OFFICIAL_NSE_INDEX_CLOSE_NO_FORWARD_FILL,BENCHMARK_CONTEXT_V1
2025-02-11,NIFTY_50,NIFTY 50,23383.55,23390.05,22986.65,23071.8,NSE_OFFICIAL_HISTORICAL_OR_INDICES_HISTORY,https://www.nseindia.com/reports-indices-historical-index-data#NIFTY_50_2024-11-20_2025-02-17.json,2025-02-10,OFFICIAL_NSE_INDEX_CLOSE_NO_FORWARD_FILL,BENCHMARK_CONTEXT_V1
2025-02-12,NIFTY_50,NIFTY 50,23050.8,23144.7,22798.35,23045.25,NSE_OFFICIAL_HISTORICAL_OR_INDICES_HISTORY,https://www.nseindia.com/reports-indices-historical-index-data#NIFTY_50_2024-11-20_2025-02-17.json,2025-02-11,OFFICIAL_NSE_INDEX_CLOSE_NO_FORWARD_FILL,BENCHMARK_CONTEXT_V1
2025-02-13,NIFTY_50,NIFTY 50,23055.75,23235.5,22992.2,23031.4,NSE_OFFICIAL_HISTORICAL_OR_INDICES_HISTORY,https://www.nseindia.com/reports-indices-historical-index-data#NIFTY_50_2024-11-20_2025-02-17.json,2025-02-12,OFFICIAL_NSE_INDEX_CLOSE_NO_FORWARD_FILL,BENCHMARK_CONTEXT_V1
2025-02-14,NIFTY_50,NIFTY 50,23096.45,23133.7,22774.85,22929.25,NSE_OFFICIAL_HISTORICAL_OR_INDICES_HISTORY,https://www.nseindia.com/reports-indices-historical-index-data#NIFTY_50_2024-11-20_2025-02-17.json,2025-02-13,OFFICIAL_NSE_INDEX_CLOSE_NO_FORWARD_FILL,BENCHMARK_CONTEXT_V1
2025-02-17,NIFTY_50,NIFTY 50,22809.9,22974.2,22725.45,22959.5,NSE_OFFICIAL_HISTORICAL_OR_INDICES_HISTORY,https://www.nseindia.com/reports-indices-historical-index-data#NIFTY_50_2024-11-20_2025-02-17.json,2025-02-16,OFFICIAL_NSE_INDEX_CLOSE_NO_FORWARD_FILL,BENCHMARK_CONTEXT_V1
2025-02-18,NIFTY_50,NIFTY 50,22963.65,22992.5,22801.5,22945.3,NSE_OFFICIAL_HISTORICAL_OR_INDICES_HISTORY,https://www.nseindia.com/reports-indices-historical-index-data#NIFTY_50_2025-02-18_2025-05-18.json,2025-02-17,OFFICIAL_NSE_INDEX_CLOSE_NO_FORWARD_FILL,BENCHMARK_CONTEXT_V1
2025-02-19,NIFTY_50,NIFTY 50,22847.25,23049.95,22814.85,22932.9,NSE_OFFICIAL_HISTORICAL_OR_INDICES_HISTORY,https://www.nseindia.com/reports-indices-historical-index-data#NIFTY_50_2025-02-18_2025-05-18.json,2025-02-18,OFFICIAL_NSE_INDEX_CLOSE_NO_FORWARD_FILL,BENCHMARK_CONTEXT_V1
2025-02-20,NIFTY_50,NIFTY 50,22821.1,22923.85,22812.75,22913.15,NSE_OFFICIAL_HISTORICAL_OR_INDICES_HISTORY,https://www.nseindia.com/reports-indices-historical-index-data#NIFTY_50_2025-02-18_2025-05-18.json,2025-02-19,OFFICIAL_NSE_INDEX_CLOSE_NO_FORWARD_FILL,BENCHMARK_CONTEXT_V1
2025-02-21,NIFTY_50,NIFTY 50,22857.2,22921,22720.3,22795.9,NSE_OFFICIAL_HISTORICAL_OR_INDICES_HISTORY,https://www.nseindia.com/reports-indices-historical-index-data#NIFTY_50_2025-02-18_2025-05-18.json,2025-02-20,OFFICIAL_NSE_INDEX_CLOSE_NO_FORWARD_FILL,BENCHMARK_CONTEXT_V1
2025-02-24,NIFTY_50,NIFTY 50,22609.35,22668.05,22518.8,22553.35,NSE_OFFICIAL_HISTORICAL_OR_INDICES_HISTORY,https://www.nseindia.com/reports-indices-historical-index-data#NIFTY_50_2025-02-18_2025-05-18.json,2025-02-23,OFFICIAL_NSE_INDEX_CLOSE_NO_FORWARD_FILL,BENCHMARK_CONTEXT_V1
2025-02-25,NIFTY_50,NIFTY 50,22516.45,22625.3,22513.9,22547.55,NSE_OFFICIAL_HISTORICAL_OR_INDICES_HISTORY,https://www.nseindia.com/reports-indices-historical-index-data#NIFTY_50_2025-02-18_2025-05-18.json,2025-02-24,OFFICIAL_NSE_INDEX_CLOSE_NO_FORWARD_FILL,BENCHMARK_CONTEXT_V1
2025-02-27,NIFTY_50,NIFTY 50,22568.95,22613.3,22508.4,22545.05,NSE_OFFICIAL_HISTORICAL_OR_INDICES_HISTORY,https://www.nseindia.com/reports-indices-historical-index-data#NIFTY_50_2025-02-18_2025-05-18.json,2025-02-26,OFFICIAL_NSE_INDEX_CLOSE_NO_FORWARD_FILL,BENCHMARK_CONTEXT_V1
2025-02-28,NIFTY_50,NIFTY 50,22433.4,22450.35,22104.85,22124.7,NSE_OFFICIAL_HISTORICAL_OR_INDICES_HISTORY,https://www.nseindia.com/reports-indices-historical-index-data#NIFTY_50_2025-02-18_2025-05-18.json,2025-02-27,OFFICIAL_NSE_INDEX_CLOSE_NO_FORWARD_FILL,BENCHMARK_CONTEXT_V1
2025-03-03,NIFTY_50,NIFTY 50,22194.55,22261.55,22004.7,22119.3,NSE_OFFICIAL_HISTORICAL_OR_INDICES_HISTORY,https://www.nseindia.com/reports-indices-historical-index-data#NIFTY_50_2025-02-18_2025-05-18.json,2025-03-02,OFFICIAL_NSE_INDEX_CLOSE_NO_FORWARD_FILL,BENCHMARK_CONTEXT_V1
2025-03-04,NIFTY_50,NIFTY 50,21974.45,22105.05,21964.6,22082.65,NSE_OFFICIAL_HISTORICAL_OR_INDICES_HISTORY,https://www.nseindia.com/reports-indices-historical-index-data#NIFTY_50_2025-02-18_2025-05-18.json,2025-03-03,OFFICIAL_NSE_INDEX_CLOSE_NO_FORWARD_FILL,BENCHMARK_CONTEXT_V1
2025-03-05,NIFTY_50,NIFTY 50,22073.05,22394.9,22067.8,22337.3,NSE_OFFICIAL_HISTORICAL_OR_INDICES_HISTORY,https://www.nseindia.com/reports-indices-historical-index-data#NIFTY_50_2025-02-18_2025-05-18.json,2025-03-04,OFFICIAL_NSE_INDEX_CLOSE_NO_FORWARD_FILL,BENCHMARK_CONTEXT_V1
2025-03-06,NIFTY_50,NIFTY 50,22476.35,22556.45,22245.85,22544.7,NSE_OFFICIAL_HISTORICAL_OR_INDICES_HISTORY,https://www.nseindia.com/reports-indices-historical-index-data#NIFTY_50_2025-02-18_2025-05-18.json,2025-03-05,OFFICIAL_NSE_INDEX_CLOSE_NO_FORWARD_FILL,BENCHMARK_CONTEXT_V1
2025-03-07,NIFTY_50,NIFTY 50,22508.65,22633.8,22464.75,22552.5,NSE_OFFICIAL_HISTORICAL_OR_INDICES_HISTORY,https://www.nseindia.com/reports-indices-historical-index-data#NIFTY_50_2025-02-18_2025-05-18.json,2025-03-06,OFFICIAL_NSE_INDEX_CLOSE_NO_FORWARD_FILL,BENCHMARK_CONTEXT_V1
2025-03-10,NIFTY_50,NIFTY 50,22521.85,22676.75,22429.05,22460.3,NSE_OFFICIAL_HISTORICAL_OR_INDICES_HISTORY,https://www.nseindia.com/reports-indices-historical-index-data#NIFTY_50_2025-02-18_2025-05-18.json,2025-03-09,OFFICIAL_NSE_INDEX_CLOSE_NO_FORWARD_FILL,BENCHMARK_CONTEXT_V1
2025-03-11,NIFTY_50,NIFTY 50,22345.95,22522.1,22314.7,22497.9,NSE_OFFICIAL_HISTORICAL_OR_INDICES_HISTORY,https://www.nseindia.com/reports-indices-historical-index-data#NIFTY_50_2025-02-18_2025-05-18.json,2025-03-10,OFFICIAL_NSE_INDEX_CLOSE_NO_FORWARD_FILL,BENCHMARK_CONTEXT_V1
2025-03-12,NIFTY_50,NIFTY 50,22536.35,22577.4,22329.55,22470.5,NSE_OFFICIAL_HISTORICAL_OR_INDICES_HISTORY,https://www.nseindia.com/reports-indices-historical-index-data#NIFTY_50_2025-02-18_2025-05-18.json,2025-03-11,OFFICIAL_NSE_INDEX_CLOSE_NO_FORWARD_FILL,BENCHMARK_CONTEXT_V1
2025-03-13,NIFTY_50,NIFTY 50,22541.5,22558.05,22377.35,22397.2,NSE_OFFICIAL_HISTORICAL_OR_INDICES_HISTORY,https://www.nseindia.com/reports-indices-historical-index-data#NIFTY_50_2025-02-18_2025-05-18.json,2025-03-12,OFFICIAL_NSE_INDEX_CLOSE_NO_FORWARD_FILL,BENCHMARK_CONTEXT_V1
2025-03-17,NIFTY_50,NIFTY 50,22353.15,22577,22353.15,22508.75,NSE_OFFICIAL_HISTORICAL_OR_INDICES_HISTORY,https://www.nseindia.com/reports-indices-historical-index-data#NIFTY_50_2025-02-18_2025-05-18.json,2025-03-16,OFFICIAL_NSE_INDEX_CLOSE_NO_FORWARD_FILL,BENCHMARK_CONTEXT_V1
2025-03-18,NIFTY_50,NIFTY 50,22662.25,22857.8,22599.2,22834.3,NSE_OFFICIAL_HISTORICAL_OR_INDICES_HISTORY,https://www.nseindia.com/reports-indices-historical-index-data#NIFTY_50_2025-02-18_2025-05-18.json,2025-03-17,OFFICIAL_NSE_INDEX_CLOSE_NO_FORWARD_FILL,BENCHMARK_CONTEXT_V1
2025-03-19,NIFTY_50,NIFTY 50,22874.95,22940.7,22807.95,22907.6,NSE_OFFICIAL_HISTORICAL_OR_INDICES_HISTORY,https://www.nseindia.com/reports-indices-historical-index-data#NIFTY_50_2025-02-18_2025-05-18.json,2025-03-18,OFFICIAL_NSE_INDEX_CLOSE_NO_FORWARD_FILL,BENCHMARK_CONTEXT_V1
2025-03-20,NIFTY_50,NIFTY 50,23036.6,23216.7,22973.95,23190.65,NSE_OFFICIAL_HISTORICAL_OR_INDICES_HISTORY,https://www.nseindia.com/reports-indices-historical-index-data#NIFTY_50_2025-02-18_2025-05-18.json,2025-03-19,OFFICIAL_NSE_INDEX_CLOSE_NO_FORWARD_FILL,BENCHMARK_CONTEXT_V1
2025-03-21,NIFTY_50,NIFTY 50,23168.25,23402.7,23132.8,23350.4,NSE_OFFICIAL_HISTORICAL_OR_INDICES_HISTORY,https://www.nseindia.com/reports-indices-historical-index-data#NIFTY_50_2025-02-18_2025-05-18.json,2025-03-20,OFFICIAL_NSE_INDEX_CLOSE_NO_FORWARD_FILL,BENCHMARK_CONTEXT_V1
2025-03-24,NIFTY_50,NIFTY 50,23515.4,23708.75,23433.5,23658.35,NSE_OFFICIAL_HISTORICAL_OR_INDICES_HISTORY,https://www.nseindia.com/reports-indices-historical-index-data#NIFTY_50_2025-02-18_2025-05-18.json,2025-03-23,OFFICIAL_NSE_INDEX_CLOSE_NO_FORWARD_FILL,BENCHMARK_CONTEXT_V1
2025-03-25,NIFTY_50,NIFTY 50,23751.5,23869.6,23601.4,23668.65,NSE_OFFICIAL_HISTORICAL_OR_INDICES_HISTORY,https://www.nseindia.com/reports-indices-historical-index-data#NIFTY_50_2025-02-18_2025-05-18.json,2025-03-24,OFFICIAL_NSE_INDEX_CLOSE_NO_FORWARD_FILL,BENCHMARK_CONTEXT_V1
2025-03-26,NIFTY_50,NIFTY 50,23700.95,23736.5,23451.7,23486.85,NSE_OFFICIAL_HISTORICAL_OR_INDICES_HISTORY,https://www.nseindia.com/reports-indices-historical-index-data#NIFTY_50_2025-02-18_2025-05-18.json,2025-03-25,OFFICIAL_NSE_INDEX_CLOSE_NO_FORWARD_FILL,BENCHMARK_CONTEXT_V1
2025-03-27,NIFTY_50,NIFTY 50,23433.95,23646.45,23412.2,23591.95,NSE_OFFICIAL_HISTORICAL_OR_INDICES_HISTORY,https://www.nseindia.com/reports-indices-historical-index-data#NIFTY_50_2025-02-18_2025-05-18.json,2025-03-26,OFFICIAL_NSE_INDEX_CLOSE_NO_FORWARD_FILL,BENCHMARK_CONTEXT_V1
2025-03-28,NIFTY_50,NIFTY 50,23600.4,23649.2,23450.2,23519.35,NSE_OFFICIAL_HISTORICAL_OR_INDICES_HISTORY,https://www.nseindia.com/reports-indices-historical-index-data#NIFTY_50_2025-02-18_2025-05-18.json,2025-03-27,OFFICIAL_NSE_INDEX_CLOSE_NO_FORWARD_FILL,BENCHMARK_CONTEXT_V1
2025-04-01,NIFTY_50,NIFTY 50,23341.1,23565.15,23136.4,23165.7,NSE_OFFICIAL_HISTORICAL_OR_INDICES_HISTORY,https://www.nseindia.com/reports-indices-historical-index-data#NIFTY_50_2025-02-18_2025-05-18.json,2025-03-31,OFFICIAL_NSE_INDEX_CLOSE_NO_FORWARD_FILL,BENCHMARK_CONTEXT_V1
2025-04-02,NIFTY_50,NIFTY 50,23192.6,23350,23158.45,23332.35,NSE_OFFICIAL_HISTORICAL_OR_INDICES_HISTORY,https://www.nseindia.com/reports-indices-historical-index-data#NIFTY_50_2025-02-18_2025-05-18.json,2025-04-01,OFFICIAL_NSE_INDEX_CLOSE_NO_FORWARD_FILL,BENCHMARK_CONTEXT_V1
2025-04-03,NIFTY_50,NIFTY 50,23150.3,23306.5,23145.8,23250.1,NSE_OFFICIAL_HISTORICAL_OR_INDICES_HISTORY,https://www.nseindia.com/reports-indices-historical-index-data#NIFTY_50_2025-02-18_2025-05-18.json,2025-04-02,OFFICIAL_NSE_INDEX_CLOSE_NO_FORWARD_FILL,BENCHMARK_CONTEXT_V1
2025-04-04,NIFTY_50,NIFTY 50,23190.4,23214.7,22857.45,22904.45,NSE_OFFICIAL_HISTORICAL_OR_INDICES_HISTORY,https://www.nseindia.com/reports-indices-historical-index-data#NIFTY_50_2025-02-18_2025-05-18.json,2025-04-03,OFFICIAL_NSE_INDEX_CLOSE_NO_FORWARD_FILL,BENCHMARK_CONTEXT_V1
2025-04-07,NIFTY_50,NIFTY 50,21758.4,22254,21743.65,22161.6,NSE_OFFICIAL_HISTORICAL_OR_INDICES_HISTORY,https://www.nseindia.com/reports-indices-historical-index-data#NIFTY_50_2025-02-18_2025-05-18.json,2025-04-06,OFFICIAL_NSE_INDEX_CLOSE_NO_FORWARD_FILL,BENCHMARK_CONTEXT_V1
2025-04-08,NIFTY_50,NIFTY 50,22446.75,22697.2,22270.85,22535.85,NSE_OFFICIAL_HISTORICAL_OR_INDICES_HISTORY,https://www.nseindia.com/reports-indices-historical-index-data#NIFTY_50_2025-02-18_2025-05-18.json,2025-04-07,OFFICIAL_NSE_INDEX_CLOSE_NO_FORWARD_FILL,BENCHMARK_CONTEXT_V1
2025-04-09,NIFTY_50,NIFTY 50,22460.3,22468.7,22353.25,22399.15,NSE_OFFICIAL_HISTORICAL_OR_INDICES_HISTORY,https://www.nseindia.com/reports-indices-historical-index-data#NIFTY_50_2025-02-18_2025-05-18.json,2025-04-08,OFFICIAL_NSE_INDEX_CLOSE_NO_FORWARD_FILL,BENCHMARK_CONTEXT_V1
2025-04-11,NIFTY_50,NIFTY 50,22695.4,22923.9,22695.4,22828.55,NSE_OFFICIAL_HISTORICAL_OR_INDICES_HISTORY,https://www.nseindia.com/reports-indices-historical-index-data#NIFTY_50_2025-02-18_2025-05-18.json,2025-04-10,OFFICIAL_NSE_INDEX_CLOSE_NO_FORWARD_FILL,BENCHMARK_CONTEXT_V1
2025-04-15,NIFTY_50,NIFTY 50,23368.35,23368.35,23207,23328.55,NSE_OFFICIAL_HISTORICAL_OR_INDICES_HISTORY,https://www.nseindia.com/reports-indices-historical-index-data#NIFTY_50_2025-02-18_2025-05-18.json,2025-04-14,OFFICIAL_NSE_INDEX_CLOSE_NO_FORWARD_FILL,BENCHMARK_CONTEXT_V1
2025-04-16,NIFTY_50,NIFTY 50,23344.1,23452.2,23273.05,23437.2,NSE_OFFICIAL_HISTORICAL_OR_INDICES_HISTORY,https://www.nseindia.com/reports-indices-historical-index-data#NIFTY_50_2025-02-18_2025-05-18.json,2025-04-15,OFFICIAL_NSE_INDEX_CLOSE_NO_FORWARD_FILL,BENCHMARK_CONTEXT_V1
2025-04-17,NIFTY_50,NIFTY 50,23401.85,23872.35,23298.55,23851.65,NSE_OFFICIAL_HISTORICAL_OR_INDICES_HISTORY,https://www.nseindia.com/reports-indices-historical-index-data#NIFTY_50_2025-02-18_2025-05-18.json,2025-04-16,OFFICIAL_NSE_INDEX_CLOSE_NO_FORWARD_FILL,BENCHMARK_CONTEXT_V1
2025-04-21,NIFTY_50,NIFTY 50,23949.15,24189.55,23903.65,24125.55,NSE_OFFICIAL_HISTORICAL_OR_INDICES_HISTORY,https://www.nseindia.com/reports-indices-historical-index-data#NIFTY_50_2025-02-18_2025-05-18.json,2025-04-20,OFFICIAL_NSE_INDEX_CLOSE_NO_FORWARD_FILL,BENCHMARK_CONTEXT_V1
2025-04-22,NIFTY_50,NIFTY 50,24185.4,24242.6,24072,24167.25,NSE_OFFICIAL_HISTORICAL_OR_INDICES_HISTORY,https://www.nseindia.com/reports-indices-historical-index-data#NIFTY_50_2025-02-18_2025-05-18.json,2025-04-21,OFFICIAL_NSE_INDEX_CLOSE_NO_FORWARD_FILL,BENCHMARK_CONTEXT_V1
2025-04-23,NIFTY_50,NIFTY 50,24357.6,24359.3,24119.95,24328.95,NSE_OFFICIAL_HISTORICAL_OR_INDICES_HISTORY,https://www.nseindia.com/reports-indices-historical-index-data#NIFTY_50_2025-02-18_2025-05-18.json,2025-04-22,OFFICIAL_NSE_INDEX_CLOSE_NO_FORWARD_FILL,BENCHMARK_CONTEXT_V1
2025-04-24,NIFTY_50,NIFTY 50,24277.9,24347.85,24216.15,24246.7,NSE_OFFICIAL_HISTORICAL_OR_INDICES_HISTORY,https://www.nseindia.com/reports-indices-historical-index-data#NIFTY_50_2025-02-18_2025-05-18.json,2025-04-23,OFFICIAL_NSE_INDEX_CLOSE_NO_FORWARD_FILL,BENCHMARK_CONTEXT_V1
2025-04-25,NIFTY_50,NIFTY 50,24289,24365.45,23847.85,24039.35,NSE_OFFICIAL_HISTORICAL_OR_INDICES_HISTORY,https://www.nseindia.com/reports-indices-historical-index-data#NIFTY_50_2025-02-18_2025-05-18.json,2025-04-24,OFFICIAL_NSE_INDEX_CLOSE_NO_FORWARD_FILL,BENCHMARK_CONTEXT_V1
2025-04-28,NIFTY_50,NIFTY 50,24070.25,24355.1,24054.05,24328.5,NSE_OFFICIAL_HISTORICAL_OR_INDICES_HISTORY,https://www.nseindia.com/reports-indices-historical-index-data#NIFTY_50_2025-02-18_2025-05-18.json,2025-04-27,OFFICIAL_NSE_INDEX_CLOSE_NO_FORWARD_FILL,BENCHMARK_CONTEXT_V1
2025-04-29,NIFTY_50,NIFTY 50,24370.7,24457.65,24290.75,24335.95,NSE_OFFICIAL_HISTORICAL_OR_INDICES_HISTORY,https://www.nseindia.com/reports-indices-historical-index-data#NIFTY_50_2025-02-18_2025-05-18.json,2025-04-28,OFFICIAL_NSE_INDEX_CLOSE_NO_FORWARD_FILL,BENCHMARK_CONTEXT_V1
2025-04-30,NIFTY_50,NIFTY 50,24342.05,24396.15,24198.75,24334.2,NSE_OFFICIAL_HISTORICAL_OR_INDICES_HISTORY,https://www.nseindia.com/reports-indices-historical-index-data#NIFTY_50_2025-02-18_2025-05-18.json,2025-04-29,OFFICIAL_NSE_INDEX_CLOSE_NO_FORWARD_FILL,BENCHMARK_CONTEXT_V1
2025-05-02,NIFTY_50,NIFTY 50,24311.9,24589.15,24238.5,24346.7,NSE_OFFICIAL_HISTORICAL_OR_INDICES_HISTORY,https://www.nseindia.com/reports-indices-historical-index-data#NIFTY_50_2025-02-18_2025-05-18.json,2025-05-01,OFFICIAL_NSE_INDEX_CLOSE_NO_FORWARD_FILL,BENCHMARK_CONTEXT_V1
2025-05-05,NIFTY_50,NIFTY 50,24419.5,24526.4,24400.65,24461.15,NSE_OFFICIAL_HISTORICAL_OR_INDICES_HISTORY,https://www.nseindia.com/reports-indices-historical-index-data#NIFTY_50_2025-02-18_2025-05-18.json,2025-05-04,OFFICIAL_NSE_INDEX_CLOSE_NO_FORWARD_FILL,BENCHMARK_CONTEXT_V1
2025-05-06,NIFTY_50,NIFTY 50,24500.75,24509.65,24331.8,24379.6,NSE_OFFICIAL_HISTORICAL_OR_INDICES_HISTORY,https://www.nseindia.com/reports-indices-historical-index-data#NIFTY_50_2025-02-18_2025-05-18.json,2025-05-05,OFFICIAL_NSE_INDEX_CLOSE_NO_FORWARD_FILL,BENCHMARK_CONTEXT_V1
2025-05-07,NIFTY_50,NIFTY 50,24233.3,24449.6,24220,24414.4,NSE_OFFICIAL_HISTORICAL_OR_INDICES_HISTORY,https://www.nseindia.com/reports-indices-historical-index-data#NIFTY_50_2025-02-18_2025-05-18.json,2025-05-06,OFFICIAL_NSE_INDEX_CLOSE_NO_FORWARD_FILL,BENCHMARK_CONTEXT_V1
2025-05-08,NIFTY_50,NIFTY 50,24431.5,24447.25,24150.2,24273.8,NSE_OFFICIAL_HISTORICAL_OR_INDICES_HISTORY,https://www.nseindia.com/reports-indices-historical-index-data#NIFTY_50_2025-02-18_2025-05-18.json,2025-05-07,OFFICIAL_NSE_INDEX_CLOSE_NO_FORWARD_FILL,BENCHMARK_CONTEXT_V1
2025-05-09,NIFTY_50,NIFTY 50,23935.75,24164.25,23935.75,24008,NSE_OFFICIAL_HISTORICAL_OR_INDICES_HISTORY,https://www.nseindia.com/reports-indices-historical-index-data#NIFTY_50_2025-02-18_2025-05-18.json,2025-05-08,OFFICIAL_NSE_INDEX_CLOSE_NO_FORWARD_FILL,BENCHMARK_CONTEXT_V1
2025-05-12,NIFTY_50,NIFTY 50,24420.1,24944.8,24378.85,24924.7,NSE_OFFICIAL_HISTORICAL_OR_INDICES_HISTORY,https://www.nseindia.com/reports-indices-historical-index-data#NIFTY_50_2025-02-18_2025-05-18.json,2025-05-11,OFFICIAL_NSE_INDEX_CLOSE_NO_FORWARD_FILL,BENCHMARK_CONTEXT_V1
2025-05-13,NIFTY_50,NIFTY 50,24864.05,24973.8,24547.5,24578.35,NSE_OFFICIAL_HISTORICAL_OR_INDICES_HISTORY,https://www.nseindia.com/reports-indices-historical-index-data#NIFTY_50_2025-02-18_2025-05-18.json,2025-05-12,OFFICIAL_NSE_INDEX_CLOSE_NO_FORWARD_FILL,BENCHMARK_CONTEXT_V1
2025-05-14,NIFTY_50,NIFTY 50,24613.8,24767.55,24535.55,24666.9,NSE_OFFICIAL_HISTORICAL_OR_INDICES_HISTORY,https://www.nseindia.com/reports-indices-historical-index-data#NIFTY_50_2025-02-18_2025-05-18.json,2025-05-13,OFFICIAL_NSE_INDEX_CLOSE_NO_FORWARD_FILL,BENCHMARK_CONTEXT_V1
2025-05-15,NIFTY_50,NIFTY 50,24694.45,25116.25,24494.45,25062.1,NSE_OFFICIAL_HISTORICAL_OR_INDICES_HISTORY,https://www.nseindia.com/reports-indices-historical-index-data#NIFTY_50_2025-02-18_2025-05-18.json,2025-05-14,OFFICIAL_NSE_INDEX_CLOSE_NO_FORWARD_FILL,BENCHMARK_CONTEXT_V1
2025-05-16,NIFTY_50,NIFTY 50,25064.65,25070,24953.05,25019.8,NSE_OFFICIAL_HISTORICAL_OR_INDICES_HISTORY,https://www.nseindia.com/reports-indices-historical-index-data#NIFTY_50_2025-02-18_2025-05-18.json,2025-05-15,OFFICIAL_NSE_INDEX_CLOSE_NO_FORWARD_FILL,BENCHMARK_CONTEXT_V1
2025-05-19,NIFTY_50,NIFTY 50,25005.35,25062.95,24916.65,24945.45,NSE_OFFICIAL_HISTORICAL_OR_INDICES_HISTORY,https://www.nseindia.com/reports-indices-historical-index-data#NIFTY_50_2025-05-19_2025-08-16.json,2025-05-18,OFFICIAL_NSE_INDEX_CLOSE_NO_FORWARD_FILL,BENCHMARK_CONTEXT_V1
2025-05-20,NIFTY_50,NIFTY 50,24996.2,25010.35,24669.7,24683.9,NSE_OFFICIAL_HISTORICAL_OR_INDICES_HISTORY,https://www.nseindia.com/reports-indices-historical-index-data#NIFTY_50_2025-05-19_2025-08-16.json,2025-05-19,OFFICIAL_NSE_INDEX_CLOSE_NO_FORWARD_FILL,BENCHMARK_CONTEXT_V1
2025-05-21,NIFTY_50,NIFTY 50,24744.25,24946.2,24685.35,24813.45,NSE_OFFICIAL_HISTORICAL_OR_INDICES_HISTORY,https://www.nseindia.com/reports-indices-historical-index-data#NIFTY_50_2025-05-19_2025-08-16.json,2025-05-20,OFFICIAL_NSE_INDEX_CLOSE_NO_FORWARD_FILL,BENCHMARK_CONTEXT_V1
2025-05-22,NIFTY_50,NIFTY 50,24733.95,24737.5,24462.4,24609.7,NSE_OFFICIAL_HISTORICAL_OR_INDICES_HISTORY,https://www.nseindia.com/reports-indices-historical-index-data#NIFTY_50_2025-05-19_2025-08-16.json,2025-05-21,OFFICIAL_NSE_INDEX_CLOSE_NO_FORWARD_FILL,BENCHMARK_CONTEXT_V1
2025-05-23,NIFTY_50,NIFTY 50,24639.5,24909.05,24614.05,24853.15,NSE_OFFICIAL_HISTORICAL_OR_INDICES_HISTORY,https://www.nseindia.com/reports-indices-historical-index-data#NIFTY_50_2025-05-19_2025-08-16.json,2025-05-22,OFFICIAL_NSE_INDEX_CLOSE_NO_FORWARD_FILL,BENCHMARK_CONTEXT_V1
2025-05-26,NIFTY_50,NIFTY 50,24919.35,25079.2,24900.5,25001.15,NSE_OFFICIAL_HISTORICAL_OR_INDICES_HISTORY,https://www.nseindia.com/reports-indices-historical-index-data#NIFTY_50_2025-05-19_2025-08-16.json,2025-05-25,OFFICIAL_NSE_INDEX_CLOSE_NO_FORWARD_FILL,BENCHMARK_CONTEXT_V1
2025-05-27,NIFTY_50,NIFTY 50,24956.65,25062.9,24704.1,24826.2,NSE_OFFICIAL_HISTORICAL_OR_INDICES_HISTORY,https://www.nseindia.com/reports-indices-historical-index-data#NIFTY_50_2025-05-19_2025-08-16.json,2025-05-26,OFFICIAL_NSE_INDEX_CLOSE_NO_FORWARD_FILL,BENCHMARK_CONTEXT_V1
2025-05-28,NIFTY_50,NIFTY 50,24832.5,24864.25,24737.05,24752.45,NSE_OFFICIAL_HISTORICAL_OR_INDICES_HISTORY,https://www.nseindia.com/reports-indices-historical-index-data#NIFTY_50_2025-05-19_2025-08-16.json,2025-05-27,OFFICIAL_NSE_INDEX_CLOSE_NO_FORWARD_FILL,BENCHMARK_CONTEXT_V1
2025-05-29,NIFTY_50,NIFTY 50,24825.1,24892.6,24677.3,24833.6,NSE_OFFICIAL_HISTORICAL_OR_INDICES_HISTORY,https://www.nseindia.com/reports-indices-historical-index-data#NIFTY_50_2025-05-19_2025-08-16.json,2025-05-28,OFFICIAL_NSE_INDEX_CLOSE_NO_FORWARD_FILL,BENCHMARK_CONTEXT_V1
2025-05-30,NIFTY_50,NIFTY 50,24812.6,24863.95,24717.4,24750.7,NSE_OFFICIAL_HISTORICAL_OR_INDICES_HISTORY,https://www.nseindia.com/reports-indices-historical-index-data#NIFTY_50_2025-05-19_2025-08-16.json,2025-05-29,OFFICIAL_NSE_INDEX_CLOSE_NO_FORWARD_FILL,BENCHMARK_CONTEXT_V1
2025-06-02,NIFTY_50,NIFTY 50,24669.7,24754.4,24526.15,24716.6,NSE_OFFICIAL_HISTORICAL_OR_INDICES_HISTORY,https://www.nseindia.com/reports-indices-historical-index-data#NIFTY_50_2025-05-19_2025-08-16.json,2025-06-01,OFFICIAL_NSE_INDEX_CLOSE_NO_FORWARD_FILL,BENCHMARK_CONTEXT_V1
2025-06-03,NIFTY_50,NIFTY 50,24786.3,24845.1,24502.15,24542.5,NSE_OFFICIAL_HISTORICAL_OR_INDICES_HISTORY,https://www.nseindia.com/reports-indices-historical-index-data#NIFTY_50_2025-05-19_2025-08-16.json,2025-06-02,OFFICIAL_NSE_INDEX_CLOSE_NO_FORWARD_FILL,BENCHMARK_CONTEXT_V1
2025-06-04,NIFTY_50,NIFTY 50,24560.45,24644.25,24530.45,24620.2,NSE_OFFICIAL_HISTORICAL_OR_INDICES_HISTORY,https://www.nseindia.com/reports-indices-historical-index-data#NIFTY_50_2025-05-19_2025-08-16.json,2025-06-03,OFFICIAL_NSE_INDEX_CLOSE_NO_FORWARD_FILL,BENCHMARK_CONTEXT_V1
2025-06-05,NIFTY_50,NIFTY 50,24691.2,24899.85,24613.1,24750.9,NSE_OFFICIAL_HISTORICAL_OR_INDICES_HISTORY,https://www.nseindia.com/reports-indices-historical-index-data#NIFTY_50_2025-05-19_2025-08-16.json,2025-06-04,OFFICIAL_NSE_INDEX_CLOSE_NO_FORWARD_FILL,BENCHMARK_CONTEXT_V1
2025-06-06,NIFTY_50,NIFTY 50,24748.7,25029.5,24671.45,25003.05,NSE_OFFICIAL_HISTORICAL_OR_INDICES_HISTORY,https://www.nseindia.com/reports-indices-historical-index-data#NIFTY_50_2025-05-19_2025-08-16.json,2025-06-05,OFFICIAL_NSE_INDEX_CLOSE_NO_FORWARD_FILL,BENCHMARK_CONTEXT_V1
2025-06-09,NIFTY_50,NIFTY 50,25160.1,25160.1,25077.15,25103.2,NSE_OFFICIAL_HISTORICAL_OR_INDICES_HISTORY,https://www.nseindia.com/reports-indices-historical-index-data#NIFTY_50_2025-05-19_2025-08-16.json,2025-06-08,OFFICIAL_NSE_INDEX_CLOSE_NO_FORWARD_FILL,BENCHMARK_CONTEXT_V1
2025-06-10,NIFTY_50,NIFTY 50,25196.05,25199.3,25055.45,25104.25,NSE_OFFICIAL_HISTORICAL_OR_INDICES_HISTORY,https://www.nseindia.com/reports-indices-historical-index-data#NIFTY_50_2025-05-19_2025-08-16.json,2025-06-09,OFFICIAL_NSE_INDEX_CLOSE_NO_FORWARD_FILL,BENCHMARK_CONTEXT_V1
2025-06-11,NIFTY_50,NIFTY 50,25134.15,25222.4,25081.3,25141.4,NSE_OFFICIAL_HISTORICAL_OR_INDICES_HISTORY,https://www.nseindia.com/reports-indices-historical-index-data#NIFTY_50_2025-05-19_2025-08-16.json,2025-06-10,OFFICIAL_NSE_INDEX_CLOSE_NO_FORWARD_FILL,BENCHMARK_CONTEXT_V1
2025-06-12,NIFTY_50,NIFTY 50,25164.45,25196.2,24825.9,24888.2,NSE_OFFICIAL_HISTORICAL_OR_INDICES_HISTORY,https://www.nseindia.com/reports-indices-historical-index-data#NIFTY_50_2025-05-19_2025-08-16.json,2025-06-11,OFFICIAL_NSE_INDEX_CLOSE_NO_FORWARD_FILL,BENCHMARK_CONTEXT_V1
2025-06-13,NIFTY_50,NIFTY 50,24473,24754.35,24473,24718.6,NSE_OFFICIAL_HISTORICAL_OR_INDICES_HISTORY,https://www.nseindia.com/reports-indices-historical-index-data#NIFTY_50_2025-05-19_2025-08-16.json,2025-06-12,OFFICIAL_NSE_INDEX_CLOSE_NO_FORWARD_FILL,BENCHMARK_CONTEXT_V1
2025-06-16,NIFTY_50,NIFTY 50,24732.35,24967.1,24703.6,24946.5,NSE_OFFICIAL_HISTORICAL_OR_INDICES_HISTORY,https://www.nseindia.com/reports-indices-historical-index-data#NIFTY_50_2025-05-19_2025-08-16.json,2025-06-15,OFFICIAL_NSE_INDEX_CLOSE_NO_FORWARD_FILL,BENCHMARK_CONTEXT_V1
2025-06-17,NIFTY_50,NIFTY 50,24977.85,24982.05,24813.7,24853.4,NSE_OFFICIAL_HISTORICAL_OR_INDICES_HISTORY,https://www.nseindia.com/reports-indices-historical-index-data#NIFTY_50_2025-05-19_2025-08-16.json,2025-06-16,OFFICIAL_NSE_INDEX_CLOSE_NO_FORWARD_FILL,BENCHMARK_CONTEXT_V1
2025-06-18,NIFTY_50,NIFTY 50,24788.35,24947.55,24750.45,24812.05,NSE_OFFICIAL_HISTORICAL_OR_INDICES_HISTORY,https://www.nseindia.com/reports-indices-historical-index-data#NIFTY_50_2025-05-19_2025-08-16.json,2025-06-17,OFFICIAL_NSE_INDEX_CLOSE_NO_FORWARD_FILL,BENCHMARK_CONTEXT_V1
2025-06-19,NIFTY_50,NIFTY 50,24803.25,24863.1,24733.4,24793.25,NSE_OFFICIAL_HISTORICAL_OR_INDICES_HISTORY,https://www.nseindia.com/reports-indices-historical-index-data#NIFTY_50_2025-05-19_2025-08-16.json,2025-06-18,OFFICIAL_NSE_INDEX_CLOSE_NO_FORWARD_FILL,BENCHMARK_CONTEXT_V1
2025-06-20,NIFTY_50,NIFTY 50,24787.65,25136.2,24783.65,25112.4,NSE_OFFICIAL_HISTORICAL_OR_INDICES_HISTORY,https://www.nseindia.com/reports-indices-historical-index-data#NIFTY_50_2025-05-19_2025-08-16.json,2025-06-19,OFFICIAL_NSE_INDEX_CLOSE_NO_FORWARD_FILL,BENCHMARK_CONTEXT_V1
2025-06-23,NIFTY_50,NIFTY 50,24939.75,25057,24824.85,24971.9,NSE_OFFICIAL_HISTORICAL_OR_INDICES_HISTORY,https://www.nseindia.com/reports-indices-historical-index-data#NIFTY_50_2025-05-19_2025-08-16.json,2025-06-22,OFFICIAL_NSE_INDEX_CLOSE_NO_FORWARD_FILL,BENCHMARK_CONTEXT_V1
2025-06-24,NIFTY_50,NIFTY 50,25179.9,25317.7,24999.7,25044.35,NSE_OFFICIAL_HISTORICAL_OR_INDICES_HISTORY,https://www.nseindia.com/reports-indices-historical-index-data#NIFTY_50_2025-05-19_2025-08-16.json,2025-06-23,OFFICIAL_NSE_INDEX_CLOSE_NO_FORWARD_FILL,BENCHMARK_CONTEXT_V1
2025-06-25,NIFTY_50,NIFTY 50,25150.35,25266.8,25125.05,25244.75,NSE_OFFICIAL_HISTORICAL_OR_INDICES_HISTORY,https://www.nseindia.com/reports-indices-historical-index-data#NIFTY_50_2025-05-19_2025-08-16.json,2025-06-24,OFFICIAL_NSE_INDEX_CLOSE_NO_FORWARD_FILL,BENCHMARK_CONTEXT_V1
2025-06-26,NIFTY_50,NIFTY 50,25268.95,25565.3,25259.9,25549,NSE_OFFICIAL_HISTORICAL_OR_INDICES_HISTORY,https://www.nseindia.com/reports-indices-historical-index-data#NIFTY_50_2025-05-19_2025-08-16.json,2025-06-25,OFFICIAL_NSE_INDEX_CLOSE_NO_FORWARD_FILL,BENCHMARK_CONTEXT_V1
2025-06-27,NIFTY_50,NIFTY 50,25576.65,25654.2,25523.55,25637.8,NSE_OFFICIAL_HISTORICAL_OR_INDICES_HISTORY,https://www.nseindia.com/reports-indices-historical-index-data#NIFTY_50_2025-05-19_2025-08-16.json,2025-06-26,OFFICIAL_NSE_INDEX_CLOSE_NO_FORWARD_FILL,BENCHMARK_CONTEXT_V1
2025-06-30,NIFTY_50,NIFTY 50,25661.65,25669.35,25473.3,25517.05,NSE_OFFICIAL_HISTORICAL_OR_INDICES_HISTORY,https://www.nseindia.com/reports-indices-historical-index-data#NIFTY_50_2025-05-19_2025-08-16.json,2025-06-29,OFFICIAL_NSE_INDEX_CLOSE_NO_FORWARD_FILL,BENCHMARK_CONTEXT_V1
2025-07-01,NIFTY_50,NIFTY 50,25551.35,25593.4,25501.8,25541.8,NSE_OFFICIAL_HISTORICAL_OR_INDICES_HISTORY,https://www.nseindia.com/reports-indices-historical-index-data#NIFTY_50_2025-05-19_2025-08-16.json,2025-06-30,OFFICIAL_NSE_INDEX_CLOSE_NO_FORWARD_FILL,BENCHMARK_CONTEXT_V1
2025-07-02,NIFTY_50,NIFTY 50,25588.3,25608.1,25378.75,25453.4,NSE_OFFICIAL_HISTORICAL_OR_INDICES_HISTORY,https://www.nseindia.com/reports-indices-historical-index-data#NIFTY_50_2025-05-19_2025-08-16.json,2025-07-01,OFFICIAL_NSE_INDEX_CLOSE_NO_FORWARD_FILL,BENCHMARK_CONTEXT_V1
2025-07-03,NIFTY_50,NIFTY 50,25505.1,25587.5,25384.35,25405.3,NSE_OFFICIAL_HISTORICAL_OR_INDICES_HISTORY,https://www.nseindia.com/reports-indices-historical-index-data#NIFTY_50_2025-05-19_2025-08-16.json,2025-07-02,OFFICIAL_NSE_INDEX_CLOSE_NO_FORWARD_FILL,BENCHMARK_CONTEXT_V1
2025-07-04,NIFTY_50,NIFTY 50,25428.85,25470.25,25331.65,25461,NSE_OFFICIAL_HISTORICAL_OR_INDICES_HISTORY,https://www.nseindia.com/reports-indices-historical-index-data#NIFTY_50_2025-05-19_2025-08-16.json,2025-07-03,OFFICIAL_NSE_INDEX_CLOSE_NO_FORWARD_FILL,BENCHMARK_CONTEXT_V1
2025-07-07,NIFTY_50,NIFTY 50,25450.45,25489.8,25407.25,25461.3,NSE_OFFICIAL_HISTORICAL_OR_INDICES_HISTORY,https://www.nseindia.com/reports-indices-historical-index-data#NIFTY_50_2025-05-19_2025-08-16.json,2025-07-06,OFFICIAL_NSE_INDEX_CLOSE_NO_FORWARD_FILL,BENCHMARK_CONTEXT_V1
2025-07-08,NIFTY_50,NIFTY 50,25427.85,25548.05,25424.15,25522.5,NSE_OFFICIAL_HISTORICAL_OR_INDICES_HISTORY,https://www.nseindia.com/reports-indices-historical-index-data#NIFTY_50_2025-05-19_2025-08-16.json,2025-07-07,OFFICIAL_NSE_INDEX_CLOSE_NO_FORWARD_FILL,BENCHMARK_CONTEXT_V1
2025-07-09,NIFTY_50,NIFTY 50,25514.6,25548.7,25424.35,25476.1,NSE_OFFICIAL_HISTORICAL_OR_INDICES_HISTORY,https://www.nseindia.com/reports-indices-historical-index-data#NIFTY_50_2025-05-19_2025-08-16.json,2025-07-08,OFFICIAL_NSE_INDEX_CLOSE_NO_FORWARD_FILL,BENCHMARK_CONTEXT_V1
2025-07-10,NIFTY_50,NIFTY 50,25511.65,25524.05,25340.45,25355.25,NSE_OFFICIAL_HISTORICAL_OR_INDICES_HISTORY,https://www.nseindia.com/reports-indices-historical-index-data#NIFTY_50_2025-05-19_2025-08-16.json,2025-07-09,OFFICIAL_NSE_INDEX_CLOSE_NO_FORWARD_FILL,BENCHMARK_CONTEXT_V1
2025-07-11,NIFTY_50,NIFTY 50,25255.5,25322.45,25129,25149.85,NSE_OFFICIAL_HISTORICAL_OR_INDICES_HISTORY,https://www.nseindia.com/reports-indices-historical-index-data#NIFTY_50_2025-05-19_2025-08-16.json,2025-07-10,OFFICIAL_NSE_INDEX_CLOSE_NO_FORWARD_FILL,BENCHMARK_CONTEXT_V1
2025-07-14,NIFTY_50,NIFTY 50,25149.5,25151.1,25001.95,25082.3,NSE_OFFICIAL_HISTORICAL_OR_INDICES_HISTORY,https://www.nseindia.com/reports-indices-historical-index-data#NIFTY_50_2025-05-19_2025-08-16.json,2025-07-13,OFFICIAL_NSE_INDEX_CLOSE_NO_FORWARD_FILL,BENCHMARK_CONTEXT_V1
2025-07-15,NIFTY_50,NIFTY 50,25089.5,25245.2,25088.45,25195.8,NSE_OFFICIAL_HISTORICAL_OR_INDICES_HISTORY,https://www.nseindia.com/reports-indices-historical-index-data#NIFTY_50_2025-05-19_2025-08-16.json,2025-07-14,OFFICIAL_NSE_INDEX_CLOSE_NO_FORWARD_FILL,BENCHMARK_CONTEXT_V1
2025-07-16,NIFTY_50,NIFTY 50,25196.6,25255.3,25121.05,25212.05,NSE_OFFICIAL_HISTORICAL_OR_INDICES_HISTORY,https://www.nseindia.com/reports-indices-historical-index-data#NIFTY_50_2025-05-19_2025-08-16.json,2025-07-15,OFFICIAL_NSE_INDEX_CLOSE_NO_FORWARD_FILL,BENCHMARK_CONTEXT_V1
2025-07-17,NIFTY_50,NIFTY 50,25230.75,25238.35,25101,25111.45,NSE_OFFICIAL_HISTORICAL_OR_INDICES_HISTORY,https://www.nseindia.com/reports-indices-historical-index-data#NIFTY_50_2025-05-19_2025-08-16.json,2025-07-16,OFFICIAL_NSE_INDEX_CLOSE_NO_FORWARD_FILL,BENCHMARK_CONTEXT_V1
2025-07-18,NIFTY_50,NIFTY 50,25108.55,25144.6,24918.65,24968.4,NSE_OFFICIAL_HISTORICAL_OR_INDICES_HISTORY,https://www.nseindia.com/reports-indices-historical-index-data#NIFTY_50_2025-05-19_2025-08-16.json,2025-07-17,OFFICIAL_NSE_INDEX_CLOSE_NO_FORWARD_FILL,BENCHMARK_CONTEXT_V1
2025-07-21,NIFTY_50,NIFTY 50,24999,25111.4,24882.3,25090.7,NSE_OFFICIAL_HISTORICAL_OR_INDICES_HISTORY,https://www.nseindia.com/reports-indices-historical-index-data#NIFTY_50_2025-05-19_2025-08-16.json,2025-07-20,OFFICIAL_NSE_INDEX_CLOSE_NO_FORWARD_FILL,BENCHMARK_CONTEXT_V1
2025-07-22,NIFTY_50,NIFTY 50,25166.65,25182,25035.55,25060.9,NSE_OFFICIAL_HISTORICAL_OR_INDICES_HISTORY,https://www.nseindia.com/reports-indices-historical-index-data#NIFTY_50_2025-05-19_2025-08-16.json,2025-07-21,OFFICIAL_NSE_INDEX_CLOSE_NO_FORWARD_FILL,BENCHMARK_CONTEXT_V1
2025-07-23,NIFTY_50,NIFTY 50,25139.35,25233.5,25085.5,25219.9,NSE_OFFICIAL_HISTORICAL_OR_INDICES_HISTORY,https://www.nseindia.com/reports-indices-historical-index-data#NIFTY_50_2025-05-19_2025-08-16.json,2025-07-22,OFFICIAL_NSE_INDEX_CLOSE_NO_FORWARD_FILL,BENCHMARK_CONTEXT_V1
2025-07-24,NIFTY_50,NIFTY 50,25243.3,25246.25,25018.7,25062.1,NSE_OFFICIAL_HISTORICAL_OR_INDICES_HISTORY,https://www.nseindia.com/reports-indices-historical-index-data#NIFTY_50_2025-05-19_2025-08-16.json,2025-07-23,OFFICIAL_NSE_INDEX_CLOSE_NO_FORWARD_FILL,BENCHMARK_CONTEXT_V1
2025-07-25,NIFTY_50,NIFTY 50,25010.35,25010.35,24806.35,24837,NSE_OFFICIAL_HISTORICAL_OR_INDICES_HISTORY,https://www.nseindia.com/reports-indices-historical-index-data#NIFTY_50_2025-05-19_2025-08-16.json,2025-07-24,OFFICIAL_NSE_INDEX_CLOSE_NO_FORWARD_FILL,BENCHMARK_CONTEXT_V1
2025-07-28,NIFTY_50,NIFTY 50,24782.45,24889.2,24646.6,24680.9,NSE_OFFICIAL_HISTORICAL_OR_INDICES_HISTORY,https://www.nseindia.com/reports-indices-historical-index-data#NIFTY_50_2025-05-19_2025-08-16.json,2025-07-27,OFFICIAL_NSE_INDEX_CLOSE_NO_FORWARD_FILL,BENCHMARK_CONTEXT_V1
2025-07-29,NIFTY_50,NIFTY 50,24609.65,24847.15,24598.6,24821.1,NSE_OFFICIAL_HISTORICAL_OR_INDICES_HISTORY,https://www.nseindia.com/reports-indices-historical-index-data#NIFTY_50_2025-05-19_2025-08-16.json,2025-07-28,OFFICIAL_NSE_INDEX_CLOSE_NO_FORWARD_FILL,BENCHMARK_CONTEXT_V1
2025-07-30,NIFTY_50,NIFTY 50,24890.4,24902.3,24771.95,24855.05,NSE_OFFICIAL_HISTORICAL_OR_INDICES_HISTORY,https://www.nseindia.com/reports-indices-historical-index-data#NIFTY_50_2025-05-19_2025-08-16.json,2025-07-29,OFFICIAL_NSE_INDEX_CLOSE_NO_FORWARD_FILL,BENCHMARK_CONTEXT_V1
2025-07-31,NIFTY_50,NIFTY 50,24642.25,24956.5,24635,24768.35,NSE_OFFICIAL_HISTORICAL_OR_INDICES_HISTORY,https://www.nseindia.com/reports-indices-historical-index-data#NIFTY_50_2025-05-19_2025-08-16.json,2025-07-30,OFFICIAL_NSE_INDEX_CLOSE_NO_FORWARD_FILL,BENCHMARK_CONTEXT_V1
2025-08-01,NIFTY_50,NIFTY 50,24734.9,24784.15,24535.05,24565.35,NSE_OFFICIAL_HISTORICAL_OR_INDICES_HISTORY,https://www.nseindia.com/reports-indices-historical-index-data#NIFTY_50_2025-05-19_2025-08-16.json,2025-07-31,OFFICIAL_NSE_INDEX_CLOSE_NO_FORWARD_FILL,BENCHMARK_CONTEXT_V1
2025-08-04,NIFTY_50,NIFTY 50,24596.05,24736.25,24554,24722.75,NSE_OFFICIAL_HISTORICAL_OR_INDICES_HISTORY,https://www.nseindia.com/reports-indices-historical-index-data#NIFTY_50_2025-05-19_2025-08-16.json,2025-08-03,OFFICIAL_NSE_INDEX_CLOSE_NO_FORWARD_FILL,BENCHMARK_CONTEXT_V1
2025-08-05,NIFTY_50,NIFTY 50,24720.25,24733.1,24590.3,24649.55,NSE_OFFICIAL_HISTORICAL_OR_INDICES_HISTORY,https://www.nseindia.com/reports-indices-historical-index-data#NIFTY_50_2025-05-19_2025-08-16.json,2025-08-04,OFFICIAL_NSE_INDEX_CLOSE_NO_FORWARD_FILL,BENCHMARK_CONTEXT_V1
2025-08-06,NIFTY_50,NIFTY 50,24641.35,24671.4,24539.2,24574.2,NSE_OFFICIAL_HISTORICAL_OR_INDICES_HISTORY,https://www.nseindia.com/reports-indices-historical-index-data#NIFTY_50_2025-05-19_2025-08-16.json,2025-08-05,OFFICIAL_NSE_INDEX_CLOSE_NO_FORWARD_FILL,BENCHMARK_CONTEXT_V1
2025-08-07,NIFTY_50,NIFTY 50,24464.2,24634.2,24344.15,24596.15,NSE_OFFICIAL_HISTORICAL_OR_INDICES_HISTORY,https://www.nseindia.com/reports-indices-historical-index-data#NIFTY_50_2025-05-19_2025-08-16.json,2025-08-06,OFFICIAL_NSE_INDEX_CLOSE_NO_FORWARD_FILL,BENCHMARK_CONTEXT_V1
2025-08-08,NIFTY_50,NIFTY 50,24544.25,24585.5,24337.5,24363.3,NSE_OFFICIAL_HISTORICAL_OR_INDICES_HISTORY,https://www.nseindia.com/reports-indices-historical-index-data#NIFTY_50_2025-05-19_2025-08-16.json,2025-08-07,OFFICIAL_NSE_INDEX_CLOSE_NO_FORWARD_FILL,BENCHMARK_CONTEXT_V1
2025-08-11,NIFTY_50,NIFTY 50,24371.5,24600.85,24347.45,24585.05,NSE_OFFICIAL_HISTORICAL_OR_INDICES_HISTORY,https://www.nseindia.com/reports-indices-historical-index-data#NIFTY_50_2025-05-19_2025-08-16.json,2025-08-10,OFFICIAL_NSE_INDEX_CLOSE_NO_FORWARD_FILL,BENCHMARK_CONTEXT_V1
2025-08-12,NIFTY_50,NIFTY 50,24563.35,24702.6,24465.65,24487.4,NSE_OFFICIAL_HISTORICAL_OR_INDICES_HISTORY,https://www.nseindia.com/reports-indices-historical-index-data#NIFTY_50_2025-05-19_2025-08-16.json,2025-08-11,OFFICIAL_NSE_INDEX_CLOSE_NO_FORWARD_FILL,BENCHMARK_CONTEXT_V1
2025-08-13,NIFTY_50,NIFTY 50,24586.2,24664.55,24535.25,24619.35,NSE_OFFICIAL_HISTORICAL_OR_INDICES_HISTORY,https://www.nseindia.com/reports-indices-historical-index-data#NIFTY_50_2025-05-19_2025-08-16.json,2025-08-12,OFFICIAL_NSE_INDEX_CLOSE_NO_FORWARD_FILL,BENCHMARK_CONTEXT_V1
2025-08-14,NIFTY_50,NIFTY 50,24607.25,24673.65,24596.9,24631.3,NSE_OFFICIAL_HISTORICAL_OR_INDICES_HISTORY,https://www.nseindia.com/reports-indices-historical-index-data#NIFTY_50_2025-05-19_2025-08-16.json,2025-08-13,OFFICIAL_NSE_INDEX_CLOSE_NO_FORWARD_FILL,BENCHMARK_CONTEXT_V1
2025-08-18,NIFTY_50,NIFTY 50,24938.2,25022,24852.85,24876.95,NSE_OFFICIAL_HISTORICAL_OR_INDICES_HISTORY,https://www.nseindia.com/reports-indices-historical-index-data#NIFTY_50_2025-08-17_2025-11-14.json,2025-08-17,OFFICIAL_NSE_INDEX_CLOSE_NO_FORWARD_FILL,BENCHMARK_CONTEXT_V1
2025-08-19,NIFTY_50,NIFTY 50,24891.35,25012.65,24873.95,24980.65,NSE_OFFICIAL_HISTORICAL_OR_INDICES_HISTORY,https://www.nseindia.com/reports-indices-historical-index-data#NIFTY_50_2025-08-17_2025-11-14.json,2025-08-18,OFFICIAL_NSE_INDEX_CLOSE_NO_FORWARD_FILL,BENCHMARK_CONTEXT_V1
2025-08-20,NIFTY_50,NIFTY 50,24965.8,25088.7,24929.7,25050.55,NSE_OFFICIAL_HISTORICAL_OR_INDICES_HISTORY,https://www.nseindia.com/reports-indices-historical-index-data#NIFTY_50_2025-08-17_2025-11-14.json,2025-08-19,OFFICIAL_NSE_INDEX_CLOSE_NO_FORWARD_FILL,BENCHMARK_CONTEXT_V1
2025-08-21,NIFTY_50,NIFTY 50,25142,25153.65,25054.9,25083.75,NSE_OFFICIAL_HISTORICAL_OR_INDICES_HISTORY,https://www.nseindia.com/reports-indices-historical-index-data#NIFTY_50_2025-08-17_2025-11-14.json,2025-08-20,OFFICIAL_NSE_INDEX_CLOSE_NO_FORWARD_FILL,BENCHMARK_CONTEXT_V1
2025-08-22,NIFTY_50,NIFTY 50,25064.15,25084.85,24859.15,24870.1,NSE_OFFICIAL_HISTORICAL_OR_INDICES_HISTORY,https://www.nseindia.com/reports-indices-historical-index-data#NIFTY_50_2025-08-17_2025-11-14.json,2025-08-21,OFFICIAL_NSE_INDEX_CLOSE_NO_FORWARD_FILL,BENCHMARK_CONTEXT_V1
2025-08-25,NIFTY_50,NIFTY 50,24949.15,25021.55,24894.35,24967.75,NSE_OFFICIAL_HISTORICAL_OR_INDICES_HISTORY,https://www.nseindia.com/reports-indices-historical-index-data#NIFTY_50_2025-08-17_2025-11-14.json,2025-08-24,OFFICIAL_NSE_INDEX_CLOSE_NO_FORWARD_FILL,BENCHMARK_CONTEXT_V1
2025-08-26,NIFTY_50,NIFTY 50,24899.5,24919.65,24689.6,24712.05,NSE_OFFICIAL_HISTORICAL_OR_INDICES_HISTORY,https://www.nseindia.com/reports-indices-historical-index-data#NIFTY_50_2025-08-17_2025-11-14.json,2025-08-25,OFFICIAL_NSE_INDEX_CLOSE_NO_FORWARD_FILL,BENCHMARK_CONTEXT_V1
2025-08-28,NIFTY_50,NIFTY 50,24695.8,24702.65,24481.6,24500.9,NSE_OFFICIAL_HISTORICAL_OR_INDICES_HISTORY,https://www.nseindia.com/reports-indices-historical-index-data#NIFTY_50_2025-08-17_2025-11-14.json,2025-08-27,OFFICIAL_NSE_INDEX_CLOSE_NO_FORWARD_FILL,BENCHMARK_CONTEXT_V1
2025-08-29,NIFTY_50,NIFTY 50,24466.7,24572.45,24404.7,24426.85,NSE_OFFICIAL_HISTORICAL_OR_INDICES_HISTORY,https://www.nseindia.com/reports-indices-historical-index-data#NIFTY_50_2025-08-17_2025-11-14.json,2025-08-28,OFFICIAL_NSE_INDEX_CLOSE_NO_FORWARD_FILL,BENCHMARK_CONTEXT_V1
2025-09-01,NIFTY_50,NIFTY 50,24432.7,24635.6,24432.7,24625.05,NSE_OFFICIAL_HISTORICAL_OR_INDICES_HISTORY,https://www.nseindia.com/reports-indices-historical-index-data#NIFTY_50_2025-08-17_2025-11-14.json,2025-08-31,OFFICIAL_NSE_INDEX_CLOSE_NO_FORWARD_FILL,BENCHMARK_CONTEXT_V1
2025-09-02,NIFTY_50,NIFTY 50,24653,24756.1,24522.35,24579.6,NSE_OFFICIAL_HISTORICAL_OR_INDICES_HISTORY,https://www.nseindia.com/reports-indices-historical-index-data#NIFTY_50_2025-08-17_2025-11-14.json,2025-09-01,OFFICIAL_NSE_INDEX_CLOSE_NO_FORWARD_FILL,BENCHMARK_CONTEXT_V1
2025-09-03,NIFTY_50,NIFTY 50,24616.5,24737.05,24533.2,24715.05,NSE_OFFICIAL_HISTORICAL_OR_INDICES_HISTORY,https://www.nseindia.com/reports-indices-historical-index-data#NIFTY_50_2025-08-17_2025-11-14.json,2025-09-02,OFFICIAL_NSE_INDEX_CLOSE_NO_FORWARD_FILL,BENCHMARK_CONTEXT_V1
2025-09-04,NIFTY_50,NIFTY 50,24980.75,24980.75,24708.2,24734.3,NSE_OFFICIAL_HISTORICAL_OR_INDICES_HISTORY,https://www.nseindia.com/reports-indices-historical-index-data#NIFTY_50_2025-08-17_2025-11-14.json,2025-09-03,OFFICIAL_NSE_INDEX_CLOSE_NO_FORWARD_FILL,BENCHMARK_CONTEXT_V1
2025-09-05,NIFTY_50,NIFTY 50,24818.85,24832.35,24621.6,24741,NSE_OFFICIAL_HISTORICAL_OR_INDICES_HISTORY,https://www.nseindia.com/reports-indices-historical-index-data#NIFTY_50_2025-08-17_2025-11-14.json,2025-09-04,OFFICIAL_NSE_INDEX_CLOSE_NO_FORWARD_FILL,BENCHMARK_CONTEXT_V1
2025-09-08,NIFTY_50,NIFTY 50,24802.6,24885.5,24751.55,24773.15,NSE_OFFICIAL_HISTORICAL_OR_INDICES_HISTORY,https://www.nseindia.com/reports-indices-historical-index-data#NIFTY_50_2025-08-17_2025-11-14.json,2025-09-07,OFFICIAL_NSE_INDEX_CLOSE_NO_FORWARD_FILL,BENCHMARK_CONTEXT_V1
2025-09-09,NIFTY_50,NIFTY 50,24864.1,24891.8,24814,24868.6,NSE_OFFICIAL_HISTORICAL_OR_INDICES_HISTORY,https://www.nseindia.com/reports-indices-historical-index-data#NIFTY_50_2025-08-17_2025-11-14.json,2025-09-08,OFFICIAL_NSE_INDEX_CLOSE_NO_FORWARD_FILL,BENCHMARK_CONTEXT_V1
2025-09-10,NIFTY_50,NIFTY 50,24991,25035.7,24915.05,24973.1,NSE_OFFICIAL_HISTORICAL_OR_INDICES_HISTORY,https://www.nseindia.com/reports-indices-historical-index-data#NIFTY_50_2025-08-17_2025-11-14.json,2025-09-09,OFFICIAL_NSE_INDEX_CLOSE_NO_FORWARD_FILL,BENCHMARK_CONTEXT_V1
2025-09-11,NIFTY_50,NIFTY 50,24945.5,25037.3,24940.15,25005.5,NSE_OFFICIAL_HISTORICAL_OR_INDICES_HISTORY,https://www.nseindia.com/reports-indices-historical-index-data#NIFTY_50_2025-08-17_2025-11-14.json,2025-09-10,OFFICIAL_NSE_INDEX_CLOSE_NO_FORWARD_FILL,BENCHMARK_CONTEXT_V1
2025-09-12,NIFTY_50,NIFTY 50,25074.45,25139.45,25038.05,25114,NSE_OFFICIAL_HISTORICAL_OR_INDICES_HISTORY,https://www.nseindia.com/reports-indices-historical-index-data#NIFTY_50_2025-08-17_2025-11-14.json,2025-09-11,OFFICIAL_NSE_INDEX_CLOSE_NO_FORWARD_FILL,BENCHMARK_CONTEXT_V1
2025-09-15,NIFTY_50,NIFTY 50,25118.9,25138.45,25048.75,25069.2,NSE_OFFICIAL_HISTORICAL_OR_INDICES_HISTORY,https://www.nseindia.com/reports-indices-historical-index-data#NIFTY_50_2025-08-17_2025-11-14.json,2025-09-14,OFFICIAL_NSE_INDEX_CLOSE_NO_FORWARD_FILL,BENCHMARK_CONTEXT_V1
2025-09-16,NIFTY_50,NIFTY 50,25073.6,25261.4,25070.45,25239.1,NSE_OFFICIAL_HISTORICAL_OR_INDICES_HISTORY,https://www.nseindia.com/reports-indices-historical-index-data#NIFTY_50_2025-08-17_2025-11-14.json,2025-09-15,OFFICIAL_NSE_INDEX_CLOSE_NO_FORWARD_FILL,BENCHMARK_CONTEXT_V1
2025-09-17,NIFTY_50,NIFTY 50,25276.6,25346.5,25275.35,25330.25,NSE_OFFICIAL_HISTORICAL_OR_INDICES_HISTORY,https://www.nseindia.com/reports-indices-historical-index-data#NIFTY_50_2025-08-17_2025-11-14.json,2025-09-16,OFFICIAL_NSE_INDEX_CLOSE_NO_FORWARD_FILL,BENCHMARK_CONTEXT_V1
2025-09-18,NIFTY_50,NIFTY 50,25441.05,25448.55,25329.75,25423.6,NSE_OFFICIAL_HISTORICAL_OR_INDICES_HISTORY,https://www.nseindia.com/reports-indices-historical-index-data#NIFTY_50_2025-08-17_2025-11-14.json,2025-09-17,OFFICIAL_NSE_INDEX_CLOSE_NO_FORWARD_FILL,BENCHMARK_CONTEXT_V1
2025-09-19,NIFTY_50,NIFTY 50,25410.2,25431.4,25286.3,25327.05,NSE_OFFICIAL_HISTORICAL_OR_INDICES_HISTORY,https://www.nseindia.com/reports-indices-historical-index-data#NIFTY_50_2025-08-17_2025-11-14.json,2025-09-18,OFFICIAL_NSE_INDEX_CLOSE_NO_FORWARD_FILL,BENCHMARK_CONTEXT_V1
2025-09-22,NIFTY_50,NIFTY 50,25238.1,25331.7,25151.05,25202.35,NSE_OFFICIAL_HISTORICAL_OR_INDICES_HISTORY,https://www.nseindia.com/reports-indices-historical-index-data#NIFTY_50_2025-08-17_2025-11-14.json,2025-09-21,OFFICIAL_NSE_INDEX_CLOSE_NO_FORWARD_FILL,BENCHMARK_CONTEXT_V1
2025-09-23,NIFTY_50,NIFTY 50,25209,25261.9,25084.65,25169.5,NSE_OFFICIAL_HISTORICAL_OR_INDICES_HISTORY,https://www.nseindia.com/reports-indices-historical-index-data#NIFTY_50_2025-08-17_2025-11-14.json,2025-09-22,OFFICIAL_NSE_INDEX_CLOSE_NO_FORWARD_FILL,BENCHMARK_CONTEXT_V1
2025-09-24,NIFTY_50,NIFTY 50,25108.75,25149.85,25027.45,25056.9,NSE_OFFICIAL_HISTORICAL_OR_INDICES_HISTORY,https://www.nseindia.com/reports-indices-historical-index-data#NIFTY_50_2025-08-17_2025-11-14.json,2025-09-23,OFFICIAL_NSE_INDEX_CLOSE_NO_FORWARD_FILL,BENCHMARK_CONTEXT_V1
2025-09-25,NIFTY_50,NIFTY 50,25034.5,25092.7,24878.3,24890.85,NSE_OFFICIAL_HISTORICAL_OR_INDICES_HISTORY,https://www.nseindia.com/reports-indices-historical-index-data#NIFTY_50_2025-08-17_2025-11-14.json,2025-09-24,OFFICIAL_NSE_INDEX_CLOSE_NO_FORWARD_FILL,BENCHMARK_CONTEXT_V1
2025-09-26,NIFTY_50,NIFTY 50,24818.55,24868.6,24629.45,24654.7,NSE_OFFICIAL_HISTORICAL_OR_INDICES_HISTORY,https://www.nseindia.com/reports-indices-historical-index-data#NIFTY_50_2025-08-17_2025-11-14.json,2025-09-25,OFFICIAL_NSE_INDEX_CLOSE_NO_FORWARD_FILL,BENCHMARK_CONTEXT_V1
2025-09-29,NIFTY_50,NIFTY 50,24728.55,24791.3,24606.2,24634.9,NSE_OFFICIAL_HISTORICAL_OR_INDICES_HISTORY,https://www.nseindia.com/reports-indices-historical-index-data#NIFTY_50_2025-08-17_2025-11-14.json,2025-09-28,OFFICIAL_NSE_INDEX_CLOSE_NO_FORWARD_FILL,BENCHMARK_CONTEXT_V1
2025-09-30,NIFTY_50,NIFTY 50,24691.95,24731.8,24587.7,24611.1,NSE_OFFICIAL_HISTORICAL_OR_INDICES_HISTORY,https://www.nseindia.com/reports-indices-historical-index-data#NIFTY_50_2025-08-17_2025-11-14.json,2025-09-29,OFFICIAL_NSE_INDEX_CLOSE_NO_FORWARD_FILL,BENCHMARK_CONTEXT_V1
2025-10-01,NIFTY_50,NIFTY 50,24620.55,24867.95,24605.95,24836.3,NSE_OFFICIAL_HISTORICAL_OR_INDICES_HISTORY,https://www.nseindia.com/reports-indices-historical-index-data#NIFTY_50_2025-08-17_2025-11-14.json,2025-09-30,OFFICIAL_NSE_INDEX_CLOSE_NO_FORWARD_FILL,BENCHMARK_CONTEXT_V1
2025-10-03,NIFTY_50,NIFTY 50,24759.55,24904.8,24747.55,24894.25,NSE_OFFICIAL_HISTORICAL_OR_INDICES_HISTORY,https://www.nseindia.com/reports-indices-historical-index-data#NIFTY_50_2025-08-17_2025-11-14.json,2025-10-02,OFFICIAL_NSE_INDEX_CLOSE_NO_FORWARD_FILL,BENCHMARK_CONTEXT_V1
2025-10-06,NIFTY_50,NIFTY 50,24916.55,25095.95,24881.65,25077.65,NSE_OFFICIAL_HISTORICAL_OR_INDICES_HISTORY,https://www.nseindia.com/reports-indices-historical-index-data#NIFTY_50_2025-08-17_2025-11-14.json,2025-10-05,OFFICIAL_NSE_INDEX_CLOSE_NO_FORWARD_FILL,BENCHMARK_CONTEXT_V1
2025-10-07,NIFTY_50,NIFTY 50,25085.3,25220.9,25076.3,25108.3,NSE_OFFICIAL_HISTORICAL_OR_INDICES_HISTORY,https://www.nseindia.com/reports-indices-historical-index-data#NIFTY_50_2025-08-17_2025-11-14.json,2025-10-06,OFFICIAL_NSE_INDEX_CLOSE_NO_FORWARD_FILL,BENCHMARK_CONTEXT_V1
2025-10-08,NIFTY_50,NIFTY 50,25079.75,25192.5,25008.5,25046.15,NSE_OFFICIAL_HISTORICAL_OR_INDICES_HISTORY,https://www.nseindia.com/reports-indices-historical-index-data#NIFTY_50_2025-08-17_2025-11-14.json,2025-10-07,OFFICIAL_NSE_INDEX_CLOSE_NO_FORWARD_FILL,BENCHMARK_CONTEXT_V1
2025-10-09,NIFTY_50,NIFTY 50,25074.3,25199.25,25024.3,25181.8,NSE_OFFICIAL_HISTORICAL_OR_INDICES_HISTORY,https://www.nseindia.com/reports-indices-historical-index-data#NIFTY_50_2025-08-17_2025-11-14.json,2025-10-08,OFFICIAL_NSE_INDEX_CLOSE_NO_FORWARD_FILL,BENCHMARK_CONTEXT_V1
2025-10-10,NIFTY_50,NIFTY 50,25167.65,25330.75,25156.85,25285.35,NSE_OFFICIAL_HISTORICAL_OR_INDICES_HISTORY,https://www.nseindia.com/reports-indices-historical-index-data#NIFTY_50_2025-08-17_2025-11-14.json,2025-10-09,OFFICIAL_NSE_INDEX_CLOSE_NO_FORWARD_FILL,BENCHMARK_CONTEXT_V1
2025-10-13,NIFTY_50,NIFTY 50,25177.3,25267.3,25152.3,25227.35,NSE_OFFICIAL_HISTORICAL_OR_INDICES_HISTORY,https://www.nseindia.com/reports-indices-historical-index-data#NIFTY_50_2025-08-17_2025-11-14.json,2025-10-12,OFFICIAL_NSE_INDEX_CLOSE_NO_FORWARD_FILL,BENCHMARK_CONTEXT_V1
2025-10-14,NIFTY_50,NIFTY 50,25277.55,25310.35,25060.55,25145.5,NSE_OFFICIAL_HISTORICAL_OR_INDICES_HISTORY,https://www.nseindia.com/reports-indices-historical-index-data#NIFTY_50_2025-08-17_2025-11-14.json,2025-10-13,OFFICIAL_NSE_INDEX_CLOSE_NO_FORWARD_FILL,BENCHMARK_CONTEXT_V1
2025-10-15,NIFTY_50,NIFTY 50,25181.95,25365.15,25159.35,25323.55,NSE_OFFICIAL_HISTORICAL_OR_INDICES_HISTORY,https://www.nseindia.com/reports-indices-historical-index-data#NIFTY_50_2025-08-17_2025-11-14.json,2025-10-14,OFFICIAL_NSE_INDEX_CLOSE_NO_FORWARD_FILL,BENCHMARK_CONTEXT_V1
2025-10-16,NIFTY_50,NIFTY 50,25394.9,25625.4,25376.85,25585.3,NSE_OFFICIAL_HISTORICAL_OR_INDICES_HISTORY,https://www.nseindia.com/reports-indices-historical-index-data#NIFTY_50_2025-08-17_2025-11-14.json,2025-10-15,OFFICIAL_NSE_INDEX_CLOSE_NO_FORWARD_FILL,BENCHMARK_CONTEXT_V1
2025-10-17,NIFTY_50,NIFTY 50,25546.85,25781.5,25508.6,25709.85,NSE_OFFICIAL_HISTORICAL_OR_INDICES_HISTORY,https://www.nseindia.com/reports-indices-historical-index-data#NIFTY_50_2025-08-17_2025-11-14.json,2025-10-16,OFFICIAL_NSE_INDEX_CLOSE_NO_FORWARD_FILL,BENCHMARK_CONTEXT_V1
2025-10-20,NIFTY_50,NIFTY 50,25824.6,25926.2,25788.5,25843.15,NSE_OFFICIAL_HISTORICAL_OR_INDICES_HISTORY,https://www.nseindia.com/reports-indices-historical-index-data#NIFTY_50_2025-08-17_2025-11-14.json,2025-10-19,OFFICIAL_NSE_INDEX_CLOSE_NO_FORWARD_FILL,BENCHMARK_CONTEXT_V1
2025-10-21,NIFTY_50,NIFTY 50,25901.2,25934.35,25825.8,25868.6,NSE_OFFICIAL_HISTORICAL_OR_INDICES_HISTORY,https://www.nseindia.com/reports-indices-historical-index-data#NIFTY_50_2025-08-17_2025-11-14.json,2025-10-20,OFFICIAL_NSE_INDEX_CLOSE_NO_FORWARD_FILL,BENCHMARK_CONTEXT_V1
2025-10-23,NIFTY_50,NIFTY 50,26057.2,26104.2,25862.45,25891.4,NSE_OFFICIAL_HISTORICAL_OR_INDICES_HISTORY,https://www.nseindia.com/reports-indices-historical-index-data#NIFTY_50_2025-08-17_2025-11-14.json,2025-10-22,OFFICIAL_NSE_INDEX_CLOSE_NO_FORWARD_FILL,BENCHMARK_CONTEXT_V1
2025-10-24,NIFTY_50,NIFTY 50,25935.1,25944.15,25718.2,25795.15,NSE_OFFICIAL_HISTORICAL_OR_INDICES_HISTORY,https://www.nseindia.com/reports-indices-historical-index-data#NIFTY_50_2025-08-17_2025-11-14.json,2025-10-23,OFFICIAL_NSE_INDEX_CLOSE_NO_FORWARD_FILL,BENCHMARK_CONTEXT_V1
2025-10-27,NIFTY_50,NIFTY 50,25843.2,26005.95,25827,25966.05,NSE_OFFICIAL_HISTORICAL_OR_INDICES_HISTORY,https://www.nseindia.com/reports-indices-historical-index-data#NIFTY_50_2025-08-17_2025-11-14.json,2025-10-26,OFFICIAL_NSE_INDEX_CLOSE_NO_FORWARD_FILL,BENCHMARK_CONTEXT_V1
2025-10-28,NIFTY_50,NIFTY 50,25939.95,26041.7,25810.05,25936.2,NSE_OFFICIAL_HISTORICAL_OR_INDICES_HISTORY,https://www.nseindia.com/reports-indices-historical-index-data#NIFTY_50_2025-08-17_2025-11-14.json,2025-10-27,OFFICIAL_NSE_INDEX_CLOSE_NO_FORWARD_FILL,BENCHMARK_CONTEXT_V1
2025-10-29,NIFTY_50,NIFTY 50,25982,26097.85,25960.3,26053.9,NSE_OFFICIAL_HISTORICAL_OR_INDICES_HISTORY,https://www.nseindia.com/reports-indices-historical-index-data#NIFTY_50_2025-08-17_2025-11-14.json,2025-10-28,OFFICIAL_NSE_INDEX_CLOSE_NO_FORWARD_FILL,BENCHMARK_CONTEXT_V1
2025-10-30,NIFTY_50,NIFTY 50,25984.4,26032.05,25845.25,25877.85,NSE_OFFICIAL_HISTORICAL_OR_INDICES_HISTORY,https://www.nseindia.com/reports-indices-historical-index-data#NIFTY_50_2025-08-17_2025-11-14.json,2025-10-29,OFFICIAL_NSE_INDEX_CLOSE_NO_FORWARD_FILL,BENCHMARK_CONTEXT_V1
2025-10-31,NIFTY_50,NIFTY 50,25863.8,25953.75,25711.2,25722.1,NSE_OFFICIAL_HISTORICAL_OR_INDICES_HISTORY,https://www.nseindia.com/reports-indices-historical-index-data#NIFTY_50_2025-08-17_2025-11-14.json,2025-10-30,OFFICIAL_NSE_INDEX_CLOSE_NO_FORWARD_FILL,BENCHMARK_CONTEXT_V1
2025-11-03,NIFTY_50,NIFTY 50,25696.85,25803.1,25645.5,25763.35,NSE_OFFICIAL_HISTORICAL_OR_INDICES_HISTORY,https://www.nseindia.com/reports-indices-historical-index-data#NIFTY_50_2025-08-17_2025-11-14.json,2025-11-02,OFFICIAL_NSE_INDEX_CLOSE_NO_FORWARD_FILL,BENCHMARK_CONTEXT_V1
2025-11-04,NIFTY_50,NIFTY 50,25744.75,25787.4,25578.4,25597.65,NSE_OFFICIAL_HISTORICAL_OR_INDICES_HISTORY,https://www.nseindia.com/reports-indices-historical-index-data#NIFTY_50_2025-08-17_2025-11-14.json,2025-11-03,OFFICIAL_NSE_INDEX_CLOSE_NO_FORWARD_FILL,BENCHMARK_CONTEXT_V1
2025-11-06,NIFTY_50,NIFTY 50,25593.35,25679.15,25491.55,25509.7,NSE_OFFICIAL_HISTORICAL_OR_INDICES_HISTORY,https://www.nseindia.com/reports-indices-historical-index-data#NIFTY_50_2025-08-17_2025-11-14.json,2025-11-05,OFFICIAL_NSE_INDEX_CLOSE_NO_FORWARD_FILL,BENCHMARK_CONTEXT_V1
2025-11-07,NIFTY_50,NIFTY 50,25433.8,25551.25,25318.45,25492.3,NSE_OFFICIAL_HISTORICAL_OR_INDICES_HISTORY,https://www.nseindia.com/reports-indices-historical-index-data#NIFTY_50_2025-08-17_2025-11-14.json,2025-11-06,OFFICIAL_NSE_INDEX_CLOSE_NO_FORWARD_FILL,BENCHMARK_CONTEXT_V1
2025-11-10,NIFTY_50,NIFTY 50,25503.5,25653.45,25503.5,25574.35,NSE_OFFICIAL_HISTORICAL_OR_INDICES_HISTORY,https://www.nseindia.com/reports-indices-historical-index-data#NIFTY_50_2025-08-17_2025-11-14.json,2025-11-09,OFFICIAL_NSE_INDEX_CLOSE_NO_FORWARD_FILL,BENCHMARK_CONTEXT_V1
2025-11-11,NIFTY_50,NIFTY 50,25617,25715.8,25449.25,25694.95,NSE_OFFICIAL_HISTORICAL_OR_INDICES_HISTORY,https://www.nseindia.com/reports-indices-historical-index-data#NIFTY_50_2025-08-17_2025-11-14.json,2025-11-10,OFFICIAL_NSE_INDEX_CLOSE_NO_FORWARD_FILL,BENCHMARK_CONTEXT_V1
2025-11-12,NIFTY_50,NIFTY 50,25834.3,25934.55,25781.15,25875.8,NSE_OFFICIAL_HISTORICAL_OR_INDICES_HISTORY,https://www.nseindia.com/reports-indices-historical-index-data#NIFTY_50_2025-08-17_2025-11-14.json,2025-11-11,OFFICIAL_NSE_INDEX_CLOSE_NO_FORWARD_FILL,BENCHMARK_CONTEXT_V1
2025-11-13,NIFTY_50,NIFTY 50,25906.1,26010.7,25808.4,25879.15,NSE_OFFICIAL_HISTORICAL_OR_INDICES_HISTORY,https://www.nseindia.com/reports-indices-historical-index-data#NIFTY_50_2025-08-17_2025-11-14.json,2025-11-12,OFFICIAL_NSE_INDEX_CLOSE_NO_FORWARD_FILL,BENCHMARK_CONTEXT_V1
2025-11-14,NIFTY_50,NIFTY 50,25767.9,25940.2,25740.8,25910.05,NSE_OFFICIAL_HISTORICAL_OR_INDICES_HISTORY,https://www.nseindia.com/reports-indices-historical-index-data#NIFTY_50_2025-08-17_2025-11-14.json,2025-11-13,OFFICIAL_NSE_INDEX_CLOSE_NO_FORWARD_FILL,BENCHMARK_CONTEXT_V1
2025-11-17,NIFTY_50,NIFTY 50,25948.2,26024.2,25906.35,26013.45,NSE_OFFICIAL_HISTORICAL_OR_INDICES_HISTORY,https://www.nseindia.com/reports-indices-historical-index-data#NIFTY_50_2025-11-15_2026-02-12.json,2025-11-16,OFFICIAL_NSE_INDEX_CLOSE_NO_FORWARD_FILL,BENCHMARK_CONTEXT_V1
2025-11-18,NIFTY_50,NIFTY 50,26021.8,26029.85,25876.5,25910.05,NSE_OFFICIAL_HISTORICAL_OR_INDICES_HISTORY,https://www.nseindia.com/reports-indices-historical-index-data#NIFTY_50_2025-11-15_2026-02-12.json,2025-11-17,OFFICIAL_NSE_INDEX_CLOSE_NO_FORWARD_FILL,BENCHMARK_CONTEXT_V1
2025-11-19,NIFTY_50,NIFTY 50,25918.1,26074.65,25856.2,26052.65,NSE_OFFICIAL_HISTORICAL_OR_INDICES_HISTORY,https://www.nseindia.com/reports-indices-historical-index-data#NIFTY_50_2025-11-15_2026-02-12.json,2025-11-18,OFFICIAL_NSE_INDEX_CLOSE_NO_FORWARD_FILL,BENCHMARK_CONTEXT_V1
2025-11-20,NIFTY_50,NIFTY 50,26132.1,26246.65,26063.2,26192.15,NSE_OFFICIAL_HISTORICAL_OR_INDICES_HISTORY,https://www.nseindia.com/reports-indices-historical-index-data#NIFTY_50_2025-11-15_2026-02-12.json,2025-11-19,OFFICIAL_NSE_INDEX_CLOSE_NO_FORWARD_FILL,BENCHMARK_CONTEXT_V1
2025-11-21,NIFTY_50,NIFTY 50,26109.55,26179.2,26052.2,26068.15,NSE_OFFICIAL_HISTORICAL_OR_INDICES_HISTORY,https://www.nseindia.com/reports-indices-historical-index-data#NIFTY_50_2025-11-15_2026-02-12.json,2025-11-20,OFFICIAL_NSE_INDEX_CLOSE_NO_FORWARD_FILL,BENCHMARK_CONTEXT_V1
2025-11-24,NIFTY_50,NIFTY 50,26122.8,26142.8,25912.15,25959.5,NSE_OFFICIAL_HISTORICAL_OR_INDICES_HISTORY,https://www.nseindia.com/reports-indices-historical-index-data#NIFTY_50_2025-11-15_2026-02-12.json,2025-11-23,OFFICIAL_NSE_INDEX_CLOSE_NO_FORWARD_FILL,BENCHMARK_CONTEXT_V1
2025-11-25,NIFTY_50,NIFTY 50,25998.5,26032.6,25857.5,25884.8,NSE_OFFICIAL_HISTORICAL_OR_INDICES_HISTORY,https://www.nseindia.com/reports-indices-historical-index-data#NIFTY_50_2025-11-15_2026-02-12.json,2025-11-24,OFFICIAL_NSE_INDEX_CLOSE_NO_FORWARD_FILL,BENCHMARK_CONTEXT_V1
2025-11-26,NIFTY_50,NIFTY 50,25842.95,26215.15,25842.95,26205.3,NSE_OFFICIAL_HISTORICAL_OR_INDICES_HISTORY,https://www.nseindia.com/reports-indices-historical-index-data#NIFTY_50_2025-11-15_2026-02-12.json,2025-11-25,OFFICIAL_NSE_INDEX_CLOSE_NO_FORWARD_FILL,BENCHMARK_CONTEXT_V1
2025-11-27,NIFTY_50,NIFTY 50,26261.25,26310.45,26141.9,26215.55,NSE_OFFICIAL_HISTORICAL_OR_INDICES_HISTORY,https://www.nseindia.com/reports-indices-historical-index-data#NIFTY_50_2025-11-15_2026-02-12.json,2025-11-26,OFFICIAL_NSE_INDEX_CLOSE_NO_FORWARD_FILL,BENCHMARK_CONTEXT_V1
2025-11-28,NIFTY_50,NIFTY 50,26237.45,26280.75,26172.4,26202.95,NSE_OFFICIAL_HISTORICAL_OR_INDICES_HISTORY,https://www.nseindia.com/reports-indices-historical-index-data#NIFTY_50_2025-11-15_2026-02-12.json,2025-11-27,OFFICIAL_NSE_INDEX_CLOSE_NO_FORWARD_FILL,BENCHMARK_CONTEXT_V1
2025-12-01,NIFTY_50,NIFTY 50,26325.8,26325.8,26124.2,26175.75,NSE_OFFICIAL_HISTORICAL_OR_INDICES_HISTORY,https://www.nseindia.com/reports-indices-historical-index-data#NIFTY_50_2025-11-15_2026-02-12.json,2025-11-30,OFFICIAL_NSE_INDEX_CLOSE_NO_FORWARD_FILL,BENCHMARK_CONTEXT_V1
2025-12-02,NIFTY_50,NIFTY 50,26087.95,26154.6,25997.85,26032.2,NSE_OFFICIAL_HISTORICAL_OR_INDICES_HISTORY,https://www.nseindia.com/reports-indices-historical-index-data#NIFTY_50_2025-11-15_2026-02-12.json,2025-12-01,OFFICIAL_NSE_INDEX_CLOSE_NO_FORWARD_FILL,BENCHMARK_CONTEXT_V1
2025-12-03,NIFTY_50,NIFTY 50,26004.9,26066.45,25891,25986,NSE_OFFICIAL_HISTORICAL_OR_INDICES_HISTORY,https://www.nseindia.com/reports-indices-historical-index-data#NIFTY_50_2025-11-15_2026-02-12.json,2025-12-02,OFFICIAL_NSE_INDEX_CLOSE_NO_FORWARD_FILL,BENCHMARK_CONTEXT_V1
2025-12-04,NIFTY_50,NIFTY 50,25981.85,26098.25,25938.95,26033.75,NSE_OFFICIAL_HISTORICAL_OR_INDICES_HISTORY,https://www.nseindia.com/reports-indices-historical-index-data#NIFTY_50_2025-11-15_2026-02-12.json,2025-12-03,OFFICIAL_NSE_INDEX_CLOSE_NO_FORWARD_FILL,BENCHMARK_CONTEXT_V1
2025-12-05,NIFTY_50,NIFTY 50,25999.8,26202.6,25985.35,26186.45,NSE_OFFICIAL_HISTORICAL_OR_INDICES_HISTORY,https://www.nseindia.com/reports-indices-historical-index-data#NIFTY_50_2025-11-15_2026-02-12.json,2025-12-04,OFFICIAL_NSE_INDEX_CLOSE_NO_FORWARD_FILL,BENCHMARK_CONTEXT_V1
2025-12-08,NIFTY_50,NIFTY 50,26159.8,26178.7,25892.25,25960.55,NSE_OFFICIAL_HISTORICAL_OR_INDICES_HISTORY,https://www.nseindia.com/reports-indices-historical-index-data#NIFTY_50_2025-11-15_2026-02-12.json,2025-12-07,OFFICIAL_NSE_INDEX_CLOSE_NO_FORWARD_FILL,BENCHMARK_CONTEXT_V1
2025-12-09,NIFTY_50,NIFTY 50,25867.1,25923.65,25728,25839.65,NSE_OFFICIAL_HISTORICAL_OR_INDICES_HISTORY,https://www.nseindia.com/reports-indices-historical-index-data#NIFTY_50_2025-11-15_2026-02-12.json,2025-12-08,OFFICIAL_NSE_INDEX_CLOSE_NO_FORWARD_FILL,BENCHMARK_CONTEXT_V1
2025-12-10,NIFTY_50,NIFTY 50,25864.05,25947.65,25734.55,25758,NSE_OFFICIAL_HISTORICAL_OR_INDICES_HISTORY,https://www.nseindia.com/reports-indices-historical-index-data#NIFTY_50_2025-11-15_2026-02-12.json,2025-12-09,OFFICIAL_NSE_INDEX_CLOSE_NO_FORWARD_FILL,BENCHMARK_CONTEXT_V1
2025-12-11,NIFTY_50,NIFTY 50,25771.4,25922.8,25693.25,25898.55,NSE_OFFICIAL_HISTORICAL_OR_INDICES_HISTORY,https://www.nseindia.com/reports-indices-historical-index-data#NIFTY_50_2025-11-15_2026-02-12.json,2025-12-10,OFFICIAL_NSE_INDEX_CLOSE_NO_FORWARD_FILL,BENCHMARK_CONTEXT_V1
2025-12-12,NIFTY_50,NIFTY 50,25971.2,26057.6,25938.45,26046.95,NSE_OFFICIAL_HISTORICAL_OR_INDICES_HISTORY,https://www.nseindia.com/reports-indices-historical-index-data#NIFTY_50_2025-11-15_2026-02-12.json,2025-12-11,OFFICIAL_NSE_INDEX_CLOSE_NO_FORWARD_FILL,BENCHMARK_CONTEXT_V1
2025-12-15,NIFTY_50,NIFTY 50,25930.05,26047.15,25904.75,26027.3,NSE_OFFICIAL_HISTORICAL_OR_INDICES_HISTORY,https://www.nseindia.com/reports-indices-historical-index-data#NIFTY_50_2025-11-15_2026-02-12.json,2025-12-14,OFFICIAL_NSE_INDEX_CLOSE_NO_FORWARD_FILL,BENCHMARK_CONTEXT_V1
2025-12-16,NIFTY_50,NIFTY 50,25951.5,25980.75,25834.35,25860.1,NSE_OFFICIAL_HISTORICAL_OR_INDICES_HISTORY,https://www.nseindia.com/reports-indices-historical-index-data#NIFTY_50_2025-11-15_2026-02-12.json,2025-12-15,OFFICIAL_NSE_INDEX_CLOSE_NO_FORWARD_FILL,BENCHMARK_CONTEXT_V1
2025-12-17,NIFTY_50,NIFTY 50,25902.4,25929.15,25770.35,25818.55,NSE_OFFICIAL_HISTORICAL_OR_INDICES_HISTORY,https://www.nseindia.com/reports-indices-historical-index-data#NIFTY_50_2025-11-15_2026-02-12.json,2025-12-16,OFFICIAL_NSE_INDEX_CLOSE_NO_FORWARD_FILL,BENCHMARK_CONTEXT_V1
2025-12-18,NIFTY_50,NIFTY 50,25764.7,25902.35,25726.3,25815.55,NSE_OFFICIAL_HISTORICAL_OR_INDICES_HISTORY,https://www.nseindia.com/reports-indices-historical-index-data#NIFTY_50_2025-11-15_2026-02-12.json,2025-12-17,OFFICIAL_NSE_INDEX_CLOSE_NO_FORWARD_FILL,BENCHMARK_CONTEXT_V1
2025-12-19,NIFTY_50,NIFTY 50,25911.5,25993.35,25880.45,25966.4,NSE_OFFICIAL_HISTORICAL_OR_INDICES_HISTORY,https://www.nseindia.com/reports-indices-historical-index-data#NIFTY_50_2025-11-15_2026-02-12.json,2025-12-18,OFFICIAL_NSE_INDEX_CLOSE_NO_FORWARD_FILL,BENCHMARK_CONTEXT_V1
2025-12-22,NIFTY_50,NIFTY 50,26055.85,26180.7,26047.8,26172.4,NSE_OFFICIAL_HISTORICAL_OR_INDICES_HISTORY,https://www.nseindia.com/reports-indices-historical-index-data#NIFTY_50_2025-11-15_2026-02-12.json,2025-12-21,OFFICIAL_NSE_INDEX_CLOSE_NO_FORWARD_FILL,BENCHMARK_CONTEXT_V1
2025-12-23,NIFTY_50,NIFTY 50,26205.2,26233.55,26119.05,26177.15,NSE_OFFICIAL_HISTORICAL_OR_INDICES_HISTORY,https://www.nseindia.com/reports-indices-historical-index-data#NIFTY_50_2025-11-15_2026-02-12.json,2025-12-22,OFFICIAL_NSE_INDEX_CLOSE_NO_FORWARD_FILL,BENCHMARK_CONTEXT_V1
2025-12-24,NIFTY_50,NIFTY 50,26170.65,26236.4,26123,26142.1,NSE_OFFICIAL_HISTORICAL_OR_INDICES_HISTORY,https://www.nseindia.com/reports-indices-historical-index-data#NIFTY_50_2025-11-15_2026-02-12.json,2025-12-23,OFFICIAL_NSE_INDEX_CLOSE_NO_FORWARD_FILL,BENCHMARK_CONTEXT_V1
2025-12-26,NIFTY_50,NIFTY 50,26121.25,26144.2,26008.6,26042.3,NSE_OFFICIAL_HISTORICAL_OR_INDICES_HISTORY,https://www.nseindia.com/reports-indices-historical-index-data#NIFTY_50_2025-11-15_2026-02-12.json,2025-12-25,OFFICIAL_NSE_INDEX_CLOSE_NO_FORWARD_FILL,BENCHMARK_CONTEXT_V1
2025-12-29,NIFTY_50,NIFTY 50,26063.35,26106.8,25920.3,25942.1,NSE_OFFICIAL_HISTORICAL_OR_INDICES_HISTORY,https://www.nseindia.com/reports-indices-historical-index-data#NIFTY_50_2025-11-15_2026-02-12.json,2025-12-28,OFFICIAL_NSE_INDEX_CLOSE_NO_FORWARD_FILL,BENCHMARK_CONTEXT_V1
2025-12-30,NIFTY_50,NIFTY 50,25940.9,25976.75,25878,25938.85,NSE_OFFICIAL_HISTORICAL_OR_INDICES_HISTORY,https://www.nseindia.com/reports-indices-historical-index-data#NIFTY_50_2025-11-15_2026-02-12.json,2025-12-29,OFFICIAL_NSE_INDEX_CLOSE_NO_FORWARD_FILL,BENCHMARK_CONTEXT_V1
2025-12-31,NIFTY_50,NIFTY 50,25971.05,26187.95,25969,26129.6,NSE_OFFICIAL_HISTORICAL_OR_INDICES_HISTORY,https://www.nseindia.com/reports-indices-historical-index-data#NIFTY_50_2025-11-15_2026-02-12.json,2025-12-30,OFFICIAL_NSE_INDEX_CLOSE_NO_FORWARD_FILL,BENCHMARK_CONTEXT_V1
2026-01-01,NIFTY_50,NIFTY 50,26173.3,26197.55,26113.4,26146.55,NSE_OFFICIAL_HISTORICAL_OR_INDICES_HISTORY,https://www.nseindia.com/reports-indices-historical-index-data#NIFTY_50_2025-11-15_2026-02-12.json,2025-12-31,OFFICIAL_NSE_INDEX_CLOSE_NO_FORWARD_FILL,BENCHMARK_CONTEXT_V1
2026-01-02,NIFTY_50,NIFTY 50,26155.1,26340,26118.4,26328.55,NSE_OFFICIAL_HISTORICAL_OR_INDICES_HISTORY,https://www.nseindia.com/reports-indices-historical-index-data#NIFTY_50_2025-11-15_2026-02-12.json,2026-01-01,OFFICIAL_NSE_INDEX_CLOSE_NO_FORWARD_FILL,BENCHMARK_CONTEXT_V1
2026-01-05,NIFTY_50,NIFTY 50,26333.7,26373.2,26210.05,26250.3,NSE_OFFICIAL_HISTORICAL_OR_INDICES_HISTORY,https://www.nseindia.com/reports-indices-historical-index-data#NIFTY_50_2025-11-15_2026-02-12.json,2026-01-04,OFFICIAL_NSE_INDEX_CLOSE_NO_FORWARD_FILL,BENCHMARK_CONTEXT_V1
2026-01-06,NIFTY_50,NIFTY 50,26189.7,26273.95,26124.75,26178.7,NSE_OFFICIAL_HISTORICAL_OR_INDICES_HISTORY,https://www.nseindia.com/reports-indices-historical-index-data#NIFTY_50_2025-11-15_2026-02-12.json,2026-01-05,OFFICIAL_NSE_INDEX_CLOSE_NO_FORWARD_FILL,BENCHMARK_CONTEXT_V1
2026-01-07,NIFTY_50,NIFTY 50,26143.1,26187.15,26067.9,26140.75,NSE_OFFICIAL_HISTORICAL_OR_INDICES_HISTORY,https://www.nseindia.com/reports-indices-historical-index-data#NIFTY_50_2025-11-15_2026-02-12.json,2026-01-06,OFFICIAL_NSE_INDEX_CLOSE_NO_FORWARD_FILL,BENCHMARK_CONTEXT_V1
2026-01-08,NIFTY_50,NIFTY 50,26106.5,26133.2,25858.45,25876.85,NSE_OFFICIAL_HISTORICAL_OR_INDICES_HISTORY,https://www.nseindia.com/reports-indices-historical-index-data#NIFTY_50_2025-11-15_2026-02-12.json,2026-01-07,OFFICIAL_NSE_INDEX_CLOSE_NO_FORWARD_FILL,BENCHMARK_CONTEXT_V1
2026-01-09,NIFTY_50,NIFTY 50,25840.4,25940.6,25623,25683.3,NSE_OFFICIAL_HISTORICAL_OR_INDICES_HISTORY,https://www.nseindia.com/reports-indices-historical-index-data#NIFTY_50_2025-11-15_2026-02-12.json,2026-01-08,OFFICIAL_NSE_INDEX_CLOSE_NO_FORWARD_FILL,BENCHMARK_CONTEXT_V1
2026-01-12,NIFTY_50,NIFTY 50,25669.05,25813.15,25473.4,25790.25,NSE_OFFICIAL_HISTORICAL_OR_INDICES_HISTORY,https://www.nseindia.com/reports-indices-historical-index-data#NIFTY_50_2025-11-15_2026-02-12.json,2026-01-11,OFFICIAL_NSE_INDEX_CLOSE_NO_FORWARD_FILL,BENCHMARK_CONTEXT_V1
2026-01-13,NIFTY_50,NIFTY 50,25897.35,25899.8,25603.3,25732.3,NSE_OFFICIAL_HISTORICAL_OR_INDICES_HISTORY,https://www.nseindia.com/reports-indices-historical-index-data#NIFTY_50_2025-11-15_2026-02-12.json,2026-01-12,OFFICIAL_NSE_INDEX_CLOSE_NO_FORWARD_FILL,BENCHMARK_CONTEXT_V1
2026-01-14,NIFTY_50,NIFTY 50,25648.55,25791.75,25603.95,25665.6,NSE_OFFICIAL_HISTORICAL_OR_INDICES_HISTORY,https://www.nseindia.com/reports-indices-historical-index-data#NIFTY_50_2025-11-15_2026-02-12.json,2026-01-13,OFFICIAL_NSE_INDEX_CLOSE_NO_FORWARD_FILL,BENCHMARK_CONTEXT_V1
2026-01-16,NIFTY_50,NIFTY 50,25696.05,25873.5,25662.4,25694.35,NSE_OFFICIAL_HISTORICAL_OR_INDICES_HISTORY,https://www.nseindia.com/reports-indices-historical-index-data#NIFTY_50_2025-11-15_2026-02-12.json,2026-01-15,OFFICIAL_NSE_INDEX_CLOSE_NO_FORWARD_FILL,BENCHMARK_CONTEXT_V1
2026-01-19,NIFTY_50,NIFTY 50,25653.1,25653.3,25494.35,25585.5,NSE_OFFICIAL_HISTORICAL_OR_INDICES_HISTORY,https://www.nseindia.com/reports-indices-historical-index-data#NIFTY_50_2025-11-15_2026-02-12.json,2026-01-18,OFFICIAL_NSE_INDEX_CLOSE_NO_FORWARD_FILL,BENCHMARK_CONTEXT_V1
2026-01-20,NIFTY_50,NIFTY 50,25580.3,25585,25171.35,25232.5,NSE_OFFICIAL_HISTORICAL_OR_INDICES_HISTORY,https://www.nseindia.com/reports-indices-historical-index-data#NIFTY_50_2025-11-15_2026-02-12.json,2026-01-19,OFFICIAL_NSE_INDEX_CLOSE_NO_FORWARD_FILL,BENCHMARK_CONTEXT_V1
2026-01-21,NIFTY_50,NIFTY 50,25141,25300.95,24919.8,25157.5,NSE_OFFICIAL_HISTORICAL_OR_INDICES_HISTORY,https://www.nseindia.com/reports-indices-historical-index-data#NIFTY_50_2025-11-15_2026-02-12.json,2026-01-20,OFFICIAL_NSE_INDEX_CLOSE_NO_FORWARD_FILL,BENCHMARK_CONTEXT_V1
2026-01-22,NIFTY_50,NIFTY 50,25344.15,25435.75,25168.5,25289.9,NSE_OFFICIAL_HISTORICAL_OR_INDICES_HISTORY,https://www.nseindia.com/reports-indices-historical-index-data#NIFTY_50_2025-11-15_2026-02-12.json,2026-01-21,OFFICIAL_NSE_INDEX_CLOSE_NO_FORWARD_FILL,BENCHMARK_CONTEXT_V1
2026-01-23,NIFTY_50,NIFTY 50,25344.6,25347.95,25025.3,25048.65,NSE_OFFICIAL_HISTORICAL_OR_INDICES_HISTORY,https://www.nseindia.com/reports-indices-historical-index-data#NIFTY_50_2025-11-15_2026-02-12.json,2026-01-22,OFFICIAL_NSE_INDEX_CLOSE_NO_FORWARD_FILL,BENCHMARK_CONTEXT_V1
2026-01-27,NIFTY_50,NIFTY 50,25063.35,25246.65,24932.55,25175.4,NSE_OFFICIAL_HISTORICAL_OR_INDICES_HISTORY,https://www.nseindia.com/reports-indices-historical-index-data#NIFTY_50_2025-11-15_2026-02-12.json,2026-01-26,OFFICIAL_NSE_INDEX_CLOSE_NO_FORWARD_FILL,BENCHMARK_CONTEXT_V1
2026-01-28,NIFTY_50,NIFTY 50,25258.85,25372.1,25187.65,25342.75,NSE_OFFICIAL_HISTORICAL_OR_INDICES_HISTORY,https://www.nseindia.com/reports-indices-historical-index-data#NIFTY_50_2025-11-15_2026-02-12.json,2026-01-27,OFFICIAL_NSE_INDEX_CLOSE_NO_FORWARD_FILL,BENCHMARK_CONTEXT_V1
2026-01-29,NIFTY_50,NIFTY 50,25345,25458.15,25159.8,25418.9,NSE_OFFICIAL_HISTORICAL_OR_INDICES_HISTORY,https://www.nseindia.com/reports-indices-historical-index-data#NIFTY_50_2025-11-15_2026-02-12.json,2026-01-28,OFFICIAL_NSE_INDEX_CLOSE_NO_FORWARD_FILL,BENCHMARK_CONTEXT_V1
2026-01-30,NIFTY_50,NIFTY 50,25247.55,25370.7,25213.65,25320.65,NSE_OFFICIAL_HISTORICAL_OR_INDICES_HISTORY,https://www.nseindia.com/reports-indices-historical-index-data#NIFTY_50_2025-11-15_2026-02-12.json,2026-01-29,OFFICIAL_NSE_INDEX_CLOSE_NO_FORWARD_FILL,BENCHMARK_CONTEXT_V1
2026-02-01,NIFTY_50,NIFTY 50,25333.75,25440.9,24571.75,24825.45,NSE_OFFICIAL_HISTORICAL_OR_INDICES_HISTORY,https://www.nseindia.com/reports-indices-historical-index-data#NIFTY_50_2025-11-15_2026-02-12.json,2026-01-31,OFFICIAL_NSE_INDEX_CLOSE_NO_FORWARD_FILL,BENCHMARK_CONTEXT_V1
2026-02-02,NIFTY_50,NIFTY 50,24796.5,25108.1,24679.4,25088.4,NSE_OFFICIAL_HISTORICAL_OR_INDICES_HISTORY,https://www.nseindia.com/reports-indices-historical-index-data#NIFTY_50_2025-11-15_2026-02-12.json,2026-02-01,OFFICIAL_NSE_INDEX_CLOSE_NO_FORWARD_FILL,BENCHMARK_CONTEXT_V1
2026-02-03,NIFTY_50,NIFTY 50,26308.05,26341.2,25641.3,25727.55,NSE_OFFICIAL_HISTORICAL_OR_INDICES_HISTORY,https://www.nseindia.com/reports-indices-historical-index-data#NIFTY_50_2025-11-15_2026-02-12.json,2026-02-02,OFFICIAL_NSE_INDEX_CLOSE_NO_FORWARD_FILL,BENCHMARK_CONTEXT_V1
2026-02-04,NIFTY_50,NIFTY 50,25675.05,25818.55,25563.95,25776,NSE_OFFICIAL_HISTORICAL_OR_INDICES_HISTORY,https://www.nseindia.com/reports-indices-historical-index-data#NIFTY_50_2025-11-15_2026-02-12.json,2026-02-03,OFFICIAL_NSE_INDEX_CLOSE_NO_FORWARD_FILL,BENCHMARK_CONTEXT_V1
2026-02-05,NIFTY_50,NIFTY 50,25755.9,25757.65,25579.5,25642.8,NSE_OFFICIAL_HISTORICAL_OR_INDICES_HISTORY,https://www.nseindia.com/reports-indices-historical-index-data#NIFTY_50_2025-11-15_2026-02-12.json,2026-02-04,OFFICIAL_NSE_INDEX_CLOSE_NO_FORWARD_FILL,BENCHMARK_CONTEXT_V1
2026-02-06,NIFTY_50,NIFTY 50,25605.8,25703.95,25491.9,25693.7,NSE_OFFICIAL_HISTORICAL_OR_INDICES_HISTORY,https://www.nseindia.com/reports-indices-historical-index-data#NIFTY_50_2025-11-15_2026-02-12.json,2026-02-05,OFFICIAL_NSE_INDEX_CLOSE_NO_FORWARD_FILL,BENCHMARK_CONTEXT_V1
2026-02-09,NIFTY_50,NIFTY 50,25888.7,25922.25,25780.9,25867.3,NSE_OFFICIAL_HISTORICAL_OR_INDICES_HISTORY,https://www.nseindia.com/reports-indices-historical-index-data#NIFTY_50_2025-11-15_2026-02-12.json,2026-02-08,OFFICIAL_NSE_INDEX_CLOSE_NO_FORWARD_FILL,BENCHMARK_CONTEXT_V1
2026-02-10,NIFTY_50,NIFTY 50,25922.65,25989.45,25870.45,25935.15,NSE_OFFICIAL_HISTORICAL_OR_INDICES_HISTORY,https://www.nseindia.com/reports-indices-historical-index-data#NIFTY_50_2025-11-15_2026-02-12.json,2026-02-09,OFFICIAL_NSE_INDEX_CLOSE_NO_FORWARD_FILL,BENCHMARK_CONTEXT_V1
2026-02-11,NIFTY_50,NIFTY 50,25997.45,26009.4,25899.8,25953.85,NSE_OFFICIAL_HISTORICAL_OR_INDICES_HISTORY,https://www.nseindia.com/reports-indices-historical-index-data#NIFTY_50_2025-11-15_2026-02-12.json,2026-02-10,OFFICIAL_NSE_INDEX_CLOSE_NO_FORWARD_FILL,BENCHMARK_CONTEXT_V1
2026-02-12,NIFTY_50,NIFTY 50,25906.7,25906.7,25752.4,25807.2,NSE_OFFICIAL_HISTORICAL_OR_INDICES_HISTORY,https://www.nseindia.com/reports-indices-historical-index-data#NIFTY_50_2025-11-15_2026-02-12.json,2026-02-11,OFFICIAL_NSE_INDEX_CLOSE_NO_FORWARD_FILL,BENCHMARK_CONTEXT_V1
2026-02-13,NIFTY_50,NIFTY 50,25571.15,25630.35,25444.3,25471.1,NSE_OFFICIAL_HISTORICAL_OR_INDICES_HISTORY,https://www.nseindia.com/reports-indices-historical-index-data#NIFTY_50_2026-02-13_2026-05-13.json,2026-02-12,OFFICIAL_NSE_INDEX_CLOSE_NO_FORWARD_FILL,BENCHMARK_CONTEXT_V1
2026-02-16,NIFTY_50,NIFTY 50,25423.6,25697,25372.7,25682.75,NSE_OFFICIAL_HISTORICAL_OR_INDICES_HISTORY,https://www.nseindia.com/reports-indices-historical-index-data#NIFTY_50_2026-02-13_2026-05-13.json,2026-02-15,OFFICIAL_NSE_INDEX_CLOSE_NO_FORWARD_FILL,BENCHMARK_CONTEXT_V1
2026-02-17,NIFTY_50,NIFTY 50,25637.95,25764.4,25570.3,25725.4,NSE_OFFICIAL_HISTORICAL_OR_INDICES_HISTORY,https://www.nseindia.com/reports-indices-historical-index-data#NIFTY_50_2026-02-13_2026-05-13.json,2026-02-16,OFFICIAL_NSE_INDEX_CLOSE_NO_FORWARD_FILL,BENCHMARK_CONTEXT_V1
2026-02-18,NIFTY_50,NIFTY 50,25752.65,25828.05,25645.15,25819.35,NSE_OFFICIAL_HISTORICAL_OR_INDICES_HISTORY,https://www.nseindia.com/reports-indices-historical-index-data#NIFTY_50_2026-02-13_2026-05-13.json,2026-02-17,OFFICIAL_NSE_INDEX_CLOSE_NO_FORWARD_FILL,BENCHMARK_CONTEXT_V1
2026-02-19,NIFTY_50,NIFTY 50,25873.35,25885.3,25388.75,25454.35,NSE_OFFICIAL_HISTORICAL_OR_INDICES_HISTORY,https://www.nseindia.com/reports-indices-historical-index-data#NIFTY_50_2026-02-13_2026-05-13.json,2026-02-18,OFFICIAL_NSE_INDEX_CLOSE_NO_FORWARD_FILL,BENCHMARK_CONTEXT_V1
2026-02-20,NIFTY_50,NIFTY 50,25406.55,25663.55,25379.75,25571.25,NSE_OFFICIAL_HISTORICAL_OR_INDICES_HISTORY,https://www.nseindia.com/reports-indices-historical-index-data#NIFTY_50_2026-02-13_2026-05-13.json,2026-02-19,OFFICIAL_NSE_INDEX_CLOSE_NO_FORWARD_FILL,BENCHMARK_CONTEXT_V1
2026-02-23,NIFTY_50,NIFTY 50,25678.4,25771.45,25609.35,25713,NSE_OFFICIAL_HISTORICAL_OR_INDICES_HISTORY,https://www.nseindia.com/reports-indices-historical-index-data#NIFTY_50_2026-02-13_2026-05-13.json,2026-02-22,OFFICIAL_NSE_INDEX_CLOSE_NO_FORWARD_FILL,BENCHMARK_CONTEXT_V1
2026-02-24,NIFTY_50,NIFTY 50,25641.8,25641.8,25327.6,25424.65,NSE_OFFICIAL_HISTORICAL_OR_INDICES_HISTORY,https://www.nseindia.com/reports-indices-historical-index-data#NIFTY_50_2026-02-13_2026-05-13.json,2026-02-23,OFFICIAL_NSE_INDEX_CLOSE_NO_FORWARD_FILL,BENCHMARK_CONTEXT_V1
2026-02-25,NIFTY_50,NIFTY 50,25512.6,25652.6,25428.2,25482.5,NSE_OFFICIAL_HISTORICAL_OR_INDICES_HISTORY,https://www.nseindia.com/reports-indices-historical-index-data#NIFTY_50_2026-02-13_2026-05-13.json,2026-02-24,OFFICIAL_NSE_INDEX_CLOSE_NO_FORWARD_FILL,BENCHMARK_CONTEXT_V1
2026-02-26,NIFTY_50,NIFTY 50,25556.3,25572.95,25400.95,25496.55,NSE_OFFICIAL_HISTORICAL_OR_INDICES_HISTORY,https://www.nseindia.com/reports-indices-historical-index-data#NIFTY_50_2026-02-13_2026-05-13.json,2026-02-25,OFFICIAL_NSE_INDEX_CLOSE_NO_FORWARD_FILL,BENCHMARK_CONTEXT_V1
2026-02-27,NIFTY_50,NIFTY 50,25459.85,25476.4,25141.3,25178.65,NSE_OFFICIAL_HISTORICAL_OR_INDICES_HISTORY,https://www.nseindia.com/reports-indices-historical-index-data#NIFTY_50_2026-02-13_2026-05-13.json,2026-02-26,OFFICIAL_NSE_INDEX_CLOSE_NO_FORWARD_FILL,BENCHMARK_CONTEXT_V1
2026-03-02,NIFTY_50,NIFTY 50,24659.25,24989.35,24603.5,24865.7,NSE_OFFICIAL_HISTORICAL_OR_INDICES_HISTORY,https://www.nseindia.com/reports-indices-historical-index-data#NIFTY_50_2026-02-13_2026-05-13.json,2026-03-01,OFFICIAL_NSE_INDEX_CLOSE_NO_FORWARD_FILL,BENCHMARK_CONTEXT_V1
2026-03-04,NIFTY_50,NIFTY 50,24388.8,24602.45,24305.4,24480.5,NSE_OFFICIAL_HISTORICAL_OR_INDICES_HISTORY,https://www.nseindia.com/reports-indices-historical-index-data#NIFTY_50_2026-02-13_2026-05-13.json,2026-03-03,OFFICIAL_NSE_INDEX_CLOSE_NO_FORWARD_FILL,BENCHMARK_CONTEXT_V1
2026-03-05,NIFTY_50,NIFTY 50,24615.95,24854.2,24529.4,24765.9,NSE_OFFICIAL_HISTORICAL_OR_INDICES_HISTORY,https://www.nseindia.com/reports-indices-historical-index-data#NIFTY_50_2026-02-13_2026-05-13.json,2026-03-04,OFFICIAL_NSE_INDEX_CLOSE_NO_FORWARD_FILL,BENCHMARK_CONTEXT_V1
2026-03-06,NIFTY_50,NIFTY 50,24656.4,24700.8,24415.75,24450.45,NSE_OFFICIAL_HISTORICAL_OR_INDICES_HISTORY,https://www.nseindia.com/reports-indices-historical-index-data#NIFTY_50_2026-02-13_2026-05-13.json,2026-03-05,OFFICIAL_NSE_INDEX_CLOSE_NO_FORWARD_FILL,BENCHMARK_CONTEXT_V1
2026-03-09,NIFTY_50,NIFTY 50,23868.05,24078.15,23697.8,24028.05,NSE_OFFICIAL_HISTORICAL_OR_INDICES_HISTORY,https://www.nseindia.com/reports-indices-historical-index-data#NIFTY_50_2026-02-13_2026-05-13.json,2026-03-08,OFFICIAL_NSE_INDEX_CLOSE_NO_FORWARD_FILL,BENCHMARK_CONTEXT_V1
2026-03-10,NIFTY_50,NIFTY 50,24280.8,24303.8,24079.95,24261.6,NSE_OFFICIAL_HISTORICAL_OR_INDICES_HISTORY,https://www.nseindia.com/reports-indices-historical-index-data#NIFTY_50_2026-02-13_2026-05-13.json,2026-03-09,OFFICIAL_NSE_INDEX_CLOSE_NO_FORWARD_FILL,BENCHMARK_CONTEXT_V1
2026-03-11,NIFTY_50,NIFTY 50,24231.85,24299,23834.3,23866.85,NSE_OFFICIAL_HISTORICAL_OR_INDICES_HISTORY,https://www.nseindia.com/reports-indices-historical-index-data#NIFTY_50_2026-02-13_2026-05-13.json,2026-03-10,OFFICIAL_NSE_INDEX_CLOSE_NO_FORWARD_FILL,BENCHMARK_CONTEXT_V1
2026-03-12,NIFTY_50,NIFTY 50,23674.85,23833.15,23556.3,23639.15,NSE_OFFICIAL_HISTORICAL_OR_INDICES_HISTORY,https://www.nseindia.com/reports-indices-historical-index-data#NIFTY_50_2026-02-13_2026-05-13.json,2026-03-11,OFFICIAL_NSE_INDEX_CLOSE_NO_FORWARD_FILL,BENCHMARK_CONTEXT_V1
2026-03-13,NIFTY_50,NIFTY 50,23462.5,23492.4,23112,23151.1,NSE_OFFICIAL_HISTORICAL_OR_INDICES_HISTORY,https://www.nseindia.com/reports-indices-historical-index-data#NIFTY_50_2026-02-13_2026-05-13.json,2026-03-12,OFFICIAL_NSE_INDEX_CLOSE_NO_FORWARD_FILL,BENCHMARK_CONTEXT_V1
2026-03-16,NIFTY_50,NIFTY 50,23116.1,23502,22955.25,23408.8,NSE_OFFICIAL_HISTORICAL_OR_INDICES_HISTORY,https://www.nseindia.com/reports-indices-historical-index-data#NIFTY_50_2026-02-13_2026-05-13.json,2026-03-15,OFFICIAL_NSE_INDEX_CLOSE_NO_FORWARD_FILL,BENCHMARK_CONTEXT_V1
2026-03-17,NIFTY_50,NIFTY 50,23493.2,23656.8,23346.6,23581.15,NSE_OFFICIAL_HISTORICAL_OR_INDICES_HISTORY,https://www.nseindia.com/reports-indices-historical-index-data#NIFTY_50_2026-02-13_2026-05-13.json,2026-03-16,OFFICIAL_NSE_INDEX_CLOSE_NO_FORWARD_FILL,BENCHMARK_CONTEXT_V1
2026-03-18,NIFTY_50,NIFTY 50,23632.9,23862.25,23618.45,23777.8,NSE_OFFICIAL_HISTORICAL_OR_INDICES_HISTORY,https://www.nseindia.com/reports-indices-historical-index-data#NIFTY_50_2026-02-13_2026-05-13.json,2026-03-17,OFFICIAL_NSE_INDEX_CLOSE_NO_FORWARD_FILL,BENCHMARK_CONTEXT_V1
2026-03-19,NIFTY_50,NIFTY 50,23197.75,23378.7,22930.35,23002.15,NSE_OFFICIAL_HISTORICAL_OR_INDICES_HISTORY,https://www.nseindia.com/reports-indices-historical-index-data#NIFTY_50_2026-02-13_2026-05-13.json,2026-03-18,OFFICIAL_NSE_INDEX_CLOSE_NO_FORWARD_FILL,BENCHMARK_CONTEXT_V1
2026-03-20,NIFTY_50,NIFTY 50,23110.15,23345.15,23067.6,23114.5,NSE_OFFICIAL_HISTORICAL_OR_INDICES_HISTORY,https://www.nseindia.com/reports-indices-historical-index-data#NIFTY_50_2026-02-13_2026-05-13.json,2026-03-19,OFFICIAL_NSE_INDEX_CLOSE_NO_FORWARD_FILL,BENCHMARK_CONTEXT_V1
2026-03-23,NIFTY_50,NIFTY 50,22824.35,22851.7,22471.25,22512.65,NSE_OFFICIAL_HISTORICAL_OR_INDICES_HISTORY,https://www.nseindia.com/reports-indices-historical-index-data#NIFTY_50_2026-02-13_2026-05-13.json,2026-03-22,OFFICIAL_NSE_INDEX_CLOSE_NO_FORWARD_FILL,BENCHMARK_CONTEXT_V1
2026-03-24,NIFTY_50,NIFTY 50,22878.45,23057.3,22624.2,22912.4,NSE_OFFICIAL_HISTORICAL_OR_INDICES_HISTORY,https://www.nseindia.com/reports-indices-historical-index-data#NIFTY_50_2026-02-13_2026-05-13.json,2026-03-23,OFFICIAL_NSE_INDEX_CLOSE_NO_FORWARD_FILL,BENCHMARK_CONTEXT_V1
2026-03-25,NIFTY_50,NIFTY 50,23064.4,23465.35,23063.2,23306.45,NSE_OFFICIAL_HISTORICAL_OR_INDICES_HISTORY,https://www.nseindia.com/reports-indices-historical-index-data#NIFTY_50_2026-02-13_2026-05-13.json,2026-03-24,OFFICIAL_NSE_INDEX_CLOSE_NO_FORWARD_FILL,BENCHMARK_CONTEXT_V1
2026-03-27,NIFTY_50,NIFTY 50,23173.55,23186.1,22804.55,22819.6,NSE_OFFICIAL_HISTORICAL_OR_INDICES_HISTORY,https://www.nseindia.com/reports-indices-historical-index-data#NIFTY_50_2026-02-13_2026-05-13.json,2026-03-26,OFFICIAL_NSE_INDEX_CLOSE_NO_FORWARD_FILL,BENCHMARK_CONTEXT_V1
2026-03-30,NIFTY_50,NIFTY 50,22549.65,22714.1,22283.85,22331.4,NSE_OFFICIAL_HISTORICAL_OR_INDICES_HISTORY,https://www.nseindia.com/reports-indices-historical-index-data#NIFTY_50_2026-02-13_2026-05-13.json,2026-03-29,OFFICIAL_NSE_INDEX_CLOSE_NO_FORWARD_FILL,BENCHMARK_CONTEXT_V1
2026-04-01,NIFTY_50,NIFTY 50,22899,22941.3,22618.6,22679.4,NSE_OFFICIAL_HISTORICAL_OR_INDICES_HISTORY,https://www.nseindia.com/reports-indices-historical-index-data#NIFTY_50_2026-02-13_2026-05-13.json,2026-03-31,OFFICIAL_NSE_INDEX_CLOSE_NO_FORWARD_FILL,BENCHMARK_CONTEXT_V1
2026-04-02,NIFTY_50,NIFTY 50,22383.4,22782.3,22182.55,22713.1,NSE_OFFICIAL_HISTORICAL_OR_INDICES_HISTORY,https://www.nseindia.com/reports-indices-historical-index-data#NIFTY_50_2026-02-13_2026-05-13.json,2026-04-01,OFFICIAL_NSE_INDEX_CLOSE_NO_FORWARD_FILL,BENCHMARK_CONTEXT_V1
2026-04-06,NIFTY_50,NIFTY 50,22780.3,22998.35,22542.95,22968.25,NSE_OFFICIAL_HISTORICAL_OR_INDICES_HISTORY,https://www.nseindia.com/reports-indices-historical-index-data#NIFTY_50_2026-02-13_2026-05-13.json,2026-04-05,OFFICIAL_NSE_INDEX_CLOSE_NO_FORWARD_FILL,BENCHMARK_CONTEXT_V1
2026-04-07,NIFTY_50,NIFTY 50,22838.7,23153.85,22719.3,23123.65,NSE_OFFICIAL_HISTORICAL_OR_INDICES_HISTORY,https://www.nseindia.com/reports-indices-historical-index-data#NIFTY_50_2026-02-13_2026-05-13.json,2026-04-06,OFFICIAL_NSE_INDEX_CLOSE_NO_FORWARD_FILL,BENCHMARK_CONTEXT_V1
2026-04-08,NIFTY_50,NIFTY 50,23855.15,24025.15,23828.5,23997.35,NSE_OFFICIAL_HISTORICAL_OR_INDICES_HISTORY,https://www.nseindia.com/reports-indices-historical-index-data#NIFTY_50_2026-02-13_2026-05-13.json,2026-04-07,OFFICIAL_NSE_INDEX_CLOSE_NO_FORWARD_FILL,BENCHMARK_CONTEXT_V1
2026-04-09,NIFTY_50,NIFTY 50,23909.05,23990.75,23682.8,23775.1,NSE_OFFICIAL_HISTORICAL_OR_INDICES_HISTORY,https://www.nseindia.com/reports-indices-historical-index-data#NIFTY_50_2026-02-13_2026-05-13.json,2026-04-08,OFFICIAL_NSE_INDEX_CLOSE_NO_FORWARD_FILL,BENCHMARK_CONTEXT_V1
2026-04-10,NIFTY_50,NIFTY 50,23880.55,24074.05,23856.35,24050.6,NSE_OFFICIAL_HISTORICAL_OR_INDICES_HISTORY,https://www.nseindia.com/reports-indices-historical-index-data#NIFTY_50_2026-02-13_2026-05-13.json,2026-04-09,OFFICIAL_NSE_INDEX_CLOSE_NO_FORWARD_FILL,BENCHMARK_CONTEXT_V1
2026-04-13,NIFTY_50,NIFTY 50,23589.6,23907.4,23555.6,23842.65,NSE_OFFICIAL_HISTORICAL_OR_INDICES_HISTORY,https://www.nseindia.com/reports-indices-historical-index-data#NIFTY_50_2026-02-13_2026-05-13.json,2026-04-12,OFFICIAL_NSE_INDEX_CLOSE_NO_FORWARD_FILL,BENCHMARK_CONTEXT_V1
2026-04-15,NIFTY_50,NIFTY 50,24163.8,24280.9,24145.8,24231.3,NSE_OFFICIAL_HISTORICAL_OR_INDICES_HISTORY,https://www.nseindia.com/reports-indices-historical-index-data#NIFTY_50_2026-02-13_2026-05-13.json,2026-04-14,OFFICIAL_NSE_INDEX_CLOSE_NO_FORWARD_FILL,BENCHMARK_CONTEXT_V1
2026-04-16,NIFTY_50,NIFTY 50,24385.2,24400.95,24102.8,24196.75,NSE_OFFICIAL_HISTORICAL_OR_INDICES_HISTORY,https://www.nseindia.com/reports-indices-historical-index-data#NIFTY_50_2026-02-13_2026-05-13.json,2026-04-15,OFFICIAL_NSE_INDEX_CLOSE_NO_FORWARD_FILL,BENCHMARK_CONTEXT_V1
2026-04-17,NIFTY_50,NIFTY 50,24165.9,24371.9,24096.05,24353.55,NSE_OFFICIAL_HISTORICAL_OR_INDICES_HISTORY,https://www.nseindia.com/reports-indices-historical-index-data#NIFTY_50_2026-02-13_2026-05-13.json,2026-04-16,OFFICIAL_NSE_INDEX_CLOSE_NO_FORWARD_FILL,BENCHMARK_CONTEXT_V1
2026-04-20,NIFTY_50,NIFTY 50,24391.5,24480.65,24241.25,24364.85,NSE_OFFICIAL_HISTORICAL_OR_INDICES_HISTORY,https://www.nseindia.com/reports-indices-historical-index-data#NIFTY_50_2026-02-13_2026-05-13.json,2026-04-19,OFFICIAL_NSE_INDEX_CLOSE_NO_FORWARD_FILL,BENCHMARK_CONTEXT_V1
2026-04-21,NIFTY_50,NIFTY 50,24374.55,24601.7,24354.9,24576.6,NSE_OFFICIAL_HISTORICAL_OR_INDICES_HISTORY,https://www.nseindia.com/reports-indices-historical-index-data#NIFTY_50_2026-02-13_2026-05-13.json,2026-04-20,OFFICIAL_NSE_INDEX_CLOSE_NO_FORWARD_FILL,BENCHMARK_CONTEXT_V1
2026-04-22,NIFTY_50,NIFTY 50,24470.85,24515.95,24352.9,24378.1,NSE_OFFICIAL_HISTORICAL_OR_INDICES_HISTORY,https://www.nseindia.com/reports-indices-historical-index-data#NIFTY_50_2026-02-13_2026-05-13.json,2026-04-21,OFFICIAL_NSE_INDEX_CLOSE_NO_FORWARD_FILL,BENCHMARK_CONTEXT_V1
2026-04-23,NIFTY_50,NIFTY 50,24202.35,24310.2,24134.8,24173.05,NSE_OFFICIAL_HISTORICAL_OR_INDICES_HISTORY,https://www.nseindia.com/reports-indices-historical-index-data#NIFTY_50_2026-02-13_2026-05-13.json,2026-04-22,OFFICIAL_NSE_INDEX_CLOSE_NO_FORWARD_FILL,BENCHMARK_CONTEXT_V1
2026-04-24,NIFTY_50,NIFTY 50,24100.55,24206,23813.65,23897.95,NSE_OFFICIAL_HISTORICAL_OR_INDICES_HISTORY,https://www.nseindia.com/reports-indices-historical-index-data#NIFTY_50_2026-02-13_2026-05-13.json,2026-04-23,OFFICIAL_NSE_INDEX_CLOSE_NO_FORWARD_FILL,BENCHMARK_CONTEXT_V1
2026-04-27,NIFTY_50,NIFTY 50,23945.45,24130.7,23936.2,24092.7,NSE_OFFICIAL_HISTORICAL_OR_INDICES_HISTORY,https://www.nseindia.com/reports-indices-historical-index-data#NIFTY_50_2026-02-13_2026-05-13.json,2026-04-26,OFFICIAL_NSE_INDEX_CLOSE_NO_FORWARD_FILL,BENCHMARK_CONTEXT_V1
2026-04-28,NIFTY_50,NIFTY 50,24049.9,24181.8,23957.05,23995.7,NSE_OFFICIAL_HISTORICAL_OR_INDICES_HISTORY,https://www.nseindia.com/reports-indices-historical-index-data#NIFTY_50_2026-02-13_2026-05-13.json,2026-04-27,OFFICIAL_NSE_INDEX_CLOSE_NO_FORWARD_FILL,BENCHMARK_CONTEXT_V1
2026-04-29,NIFTY_50,NIFTY 50,24096.9,24334.7,24059.95,24177.65,NSE_OFFICIAL_HISTORICAL_OR_INDICES_HISTORY,https://www.nseindia.com/reports-indices-historical-index-data#NIFTY_50_2026-02-13_2026-05-13.json,2026-04-28,OFFICIAL_NSE_INDEX_CLOSE_NO_FORWARD_FILL,BENCHMARK_CONTEXT_V1
2026-04-30,NIFTY_50,NIFTY 50,23996.95,24087.45,23796.85,23997.55,NSE_OFFICIAL_HISTORICAL_OR_INDICES_HISTORY,https://www.nseindia.com/reports-indices-historical-index-data#NIFTY_50_2026-02-13_2026-05-13.json,2026-04-29,OFFICIAL_NSE_INDEX_CLOSE_NO_FORWARD_FILL,BENCHMARK_CONTEXT_V1
2026-05-04,NIFTY_50,NIFTY 50,24063.55,24290.2,24004.75,24119.3,NSE_OFFICIAL_HISTORICAL_OR_INDICES_HISTORY,https://www.nseindia.com/reports-indices-historical-index-data#NIFTY_50_2026-02-13_2026-05-13.json,2026-05-03,OFFICIAL_NSE_INDEX_CLOSE_NO_FORWARD_FILL,BENCHMARK_CONTEXT_V1
2026-05-05,NIFTY_50,NIFTY 50,24052.6,24081.7,23882.05,24032.8,NSE_OFFICIAL_HISTORICAL_OR_INDICES_HISTORY,https://www.nseindia.com/reports-indices-historical-index-data#NIFTY_50_2026-02-13_2026-05-13.json,2026-05-04,OFFICIAL_NSE_INDEX_CLOSE_NO_FORWARD_FILL,BENCHMARK_CONTEXT_V1
2026-05-06,NIFTY_50,NIFTY 50,24171,24356.5,23997.9,24330.95,NSE_OFFICIAL_HISTORICAL_OR_INDICES_HISTORY,https://www.nseindia.com/reports-indices-historical-index-data#NIFTY_50_2026-02-13_2026-05-13.json,2026-05-05,OFFICIAL_NSE_INDEX_CLOSE_NO_FORWARD_FILL,BENCHMARK_CONTEXT_V1
2026-05-07,NIFTY_50,NIFTY 50,24398.5,24482.1,24284,24326.65,NSE_OFFICIAL_HISTORICAL_OR_INDICES_HISTORY,https://www.nseindia.com/reports-indices-historical-index-data#NIFTY_50_2026-02-13_2026-05-13.json,2026-05-06,OFFICIAL_NSE_INDEX_CLOSE_NO_FORWARD_FILL,BENCHMARK_CONTEXT_V1
2026-05-08,NIFTY_50,NIFTY 50,24233.65,24253.8,24126.65,24176.15,NSE_OFFICIAL_HISTORICAL_OR_INDICES_HISTORY,https://www.nseindia.com/reports-indices-historical-index-data#NIFTY_50_2026-02-13_2026-05-13.json,2026-05-07,OFFICIAL_NSE_INDEX_CLOSE_NO_FORWARD_FILL,BENCHMARK_CONTEXT_V1
2026-05-11,NIFTY_50,NIFTY 50,23970.1,23997.45,23799.1,23815.85,NSE_OFFICIAL_HISTORICAL_OR_INDICES_HISTORY,https://www.nseindia.com/reports-indices-historical-index-data#NIFTY_50_2026-02-13_2026-05-13.json,2026-05-10,OFFICIAL_NSE_INDEX_CLOSE_NO_FORWARD_FILL,BENCHMARK_CONTEXT_V1
2026-05-12,NIFTY_50,NIFTY 50,23722.6,23757.55,23348.4,23379.55,NSE_OFFICIAL_HISTORICAL_OR_INDICES_HISTORY,https://www.nseindia.com/reports-indices-historical-index-data#NIFTY_50_2026-02-13_2026-05-13.json,2026-05-11,OFFICIAL_NSE_INDEX_CLOSE_NO_FORWARD_FILL,BENCHMARK_CONTEXT_V1
2026-05-13,NIFTY_50,NIFTY 50,23362.45,23582.95,23262.55,23412.6,NSE_OFFICIAL_HISTORICAL_OR_INDICES_HISTORY,https://www.nseindia.com/reports-indices-historical-index-data#NIFTY_50_2026-02-13_2026-05-13.json,2026-05-12,OFFICIAL_NSE_INDEX_CLOSE_NO_FORWARD_FILL,BENCHMARK_CONTEXT_V1
2026-05-14,NIFTY_50,NIFTY 50,23530.25,23777.2,23426.55,23689.6,NSE_OFFICIAL_HISTORICAL_OR_INDICES_HISTORY,https://www.nseindia.com/reports-indices-historical-index-data#NIFTY_50_2026-05-14_2026-08-11.json,2026-05-13,OFFICIAL_NSE_INDEX_CLOSE_NO_FORWARD_FILL,BENCHMARK_CONTEXT_V1
2026-05-15,NIFTY_50,NIFTY 50,23731.4,23839.3,23610.3,23643.5,NSE_OFFICIAL_HISTORICAL_OR_INDICES_HISTORY,https://www.nseindia.com/reports-indices-historical-index-data#NIFTY_50_2026-05-14_2026-08-11.json,2026-05-14,OFFICIAL_NSE_INDEX_CLOSE_NO_FORWARD_FILL,BENCHMARK_CONTEXT_V1
2026-05-18,NIFTY_50,NIFTY 50,23482.2,23695.65,23317.1,23649.95,NSE_OFFICIAL_HISTORICAL_OR_INDICES_HISTORY,https://www.nseindia.com/reports-indices-historical-index-data#NIFTY_50_2026-05-14_2026-08-11.json,2026-05-17,OFFICIAL_NSE_INDEX_CLOSE_NO_FORWARD_FILL,BENCHMARK_CONTEXT_V1
2026-05-19,NIFTY_50,NIFTY 50,23675.3,23782.3,23587.2,23618,NSE_OFFICIAL_HISTORICAL_OR_INDICES_HISTORY,https://www.nseindia.com/reports-indices-historical-index-data#NIFTY_50_2026-05-14_2026-08-11.json,2026-05-18,OFFICIAL_NSE_INDEX_CLOSE_NO_FORWARD_FILL,BENCHMARK_CONTEXT_V1
2026-05-20,NIFTY_50,NIFTY 50,23457.25,23690.9,23397.3,23659,NSE_OFFICIAL_HISTORICAL_OR_INDICES_HISTORY,https://www.nseindia.com/reports-indices-historical-index-data#NIFTY_50_2026-05-14_2026-08-11.json,2026-05-19,OFFICIAL_NSE_INDEX_CLOSE_NO_FORWARD_FILL,BENCHMARK_CONTEXT_V1
2026-05-21,NIFTY_50,NIFTY 50,23830.05,23859.9,23596.6,23654.7,NSE_OFFICIAL_HISTORICAL_OR_INDICES_HISTORY,https://www.nseindia.com/reports-indices-historical-index-data#NIFTY_50_2026-05-14_2026-08-11.json,2026-05-20,OFFICIAL_NSE_INDEX_CLOSE_NO_FORWARD_FILL,BENCHMARK_CONTEXT_V1
2026-05-22,NIFTY_50,NIFTY 50,23671.2,23835.65,23671,23719.3,NSE_OFFICIAL_HISTORICAL_OR_INDICES_HISTORY,https://www.nseindia.com/reports-indices-historical-index-data#NIFTY_50_2026-05-14_2026-08-11.json,2026-05-21,OFFICIAL_NSE_INDEX_CLOSE_NO_FORWARD_FILL,BENCHMARK_CONTEXT_V1
2026-05-25,NIFTY_50,NIFTY 50,23940.25,24054.45,23922.85,24031.7,NSE_OFFICIAL_HISTORICAL_OR_INDICES_HISTORY,https://www.nseindia.com/reports-indices-historical-index-data#NIFTY_50_2026-05-14_2026-08-11.json,2026-05-24,OFFICIAL_NSE_INDEX_CLOSE_NO_FORWARD_FILL,BENCHMARK_CONTEXT_V1
2026-05-26,NIFTY_50,NIFTY 50,24004.1,24089.8,23885.45,23913.7,NSE_OFFICIAL_HISTORICAL_OR_INDICES_HISTORY,https://www.nseindia.com/reports-indices-historical-index-data#NIFTY_50_2026-05-14_2026-08-11.json,2026-05-25,OFFICIAL_NSE_INDEX_CLOSE_NO_FORWARD_FILL,BENCHMARK_CONTEXT_V1
2026-05-27,NIFTY_50,NIFTY 50,23880.35,23983.2,23858.25,23907.15,NSE_OFFICIAL_HISTORICAL_OR_INDICES_HISTORY,https://www.nseindia.com/reports-indices-historical-index-data#NIFTY_50_2026-05-14_2026-08-11.json,2026-05-26,OFFICIAL_NSE_INDEX_CLOSE_NO_FORWARD_FILL,BENCHMARK_CONTEXT_V1
2026-05-29,NIFTY_50,NIFTY 50,23902.15,24002.8,23484.75,23547.75,NSE_OFFICIAL_HISTORICAL_OR_INDICES_HISTORY,https://www.nseindia.com/reports-indices-historical-index-data#NIFTY_50_2026-05-14_2026-08-11.json,2026-05-28,OFFICIAL_NSE_INDEX_CLOSE_NO_FORWARD_FILL,BENCHMARK_CONTEXT_V1
2026-06-01,NIFTY_50,NIFTY 50,23654.5,23733.7,23357.95,23382.6,NSE_OFFICIAL_HISTORICAL_OR_INDICES_HISTORY,https://www.nseindia.com/reports-indices-historical-index-data#NIFTY_50_2026-05-14_2026-08-11.json,2026-05-31,OFFICIAL_NSE_INDEX_CLOSE_NO_FORWARD_FILL,BENCHMARK_CONTEXT_V1
2026-06-02,NIFTY_50,NIFTY 50,23229.15,23556.95,23229.15,23483.55,NSE_OFFICIAL_HISTORICAL_OR_INDICES_HISTORY,https://www.nseindia.com/reports-indices-historical-index-data#NIFTY_50_2026-05-14_2026-08-11.json,2026-06-01,OFFICIAL_NSE_INDEX_CLOSE_NO_FORWARD_FILL,BENCHMARK_CONTEXT_V1
2026-06-03,NIFTY_50,NIFTY 50,23415.95,23459.65,23151.5,23405.6,NSE_OFFICIAL_HISTORICAL_OR_INDICES_HISTORY,https://www.nseindia.com/reports-indices-historical-index-data#NIFTY_50_2026-05-14_2026-08-11.json,2026-06-02,OFFICIAL_NSE_INDEX_CLOSE_NO_FORWARD_FILL,BENCHMARK_CONTEXT_V1
2026-06-04,NIFTY_50,NIFTY 50,23282.45,23465.3,23247.3,23416.55,NSE_OFFICIAL_HISTORICAL_OR_INDICES_HISTORY,https://www.nseindia.com/reports-indices-historical-index-data#NIFTY_50_2026-05-14_2026-08-11.json,2026-06-03,OFFICIAL_NSE_INDEX_CLOSE_NO_FORWARD_FILL,BENCHMARK_CONTEXT_V1
2026-06-05,NIFTY_50,NIFTY 50,23478.95,23516.35,23282.65,23366.7,NSE_OFFICIAL_HISTORICAL_OR_INDICES_HISTORY,https://www.nseindia.com/reports-indices-historical-index-data#NIFTY_50_2026-05-14_2026-08-11.json,2026-06-04,OFFICIAL_NSE_INDEX_CLOSE_NO_FORWARD_FILL,BENCHMARK_CONTEXT_V1
2026-06-08,NIFTY_50,NIFTY 50,23080.7,23267.3,23070.15,23123,NSE_OFFICIAL_HISTORICAL_OR_INDICES_HISTORY,https://www.nseindia.com/reports-indices-historical-index-data#NIFTY_50_2026-05-14_2026-08-11.json,2026-06-07,OFFICIAL_NSE_INDEX_CLOSE_NO_FORWARD_FILL,BENCHMARK_CONTEXT_V1
2026-06-09,NIFTY_50,NIFTY 50,23259.05,23279.4,23104.45,23242.1,NSE_OFFICIAL_HISTORICAL_OR_INDICES_HISTORY,https://www.nseindia.com/reports-indices-historical-index-data#NIFTY_50_2026-05-14_2026-08-11.json,2026-06-08,OFFICIAL_NSE_INDEX_CLOSE_NO_FORWARD_FILL,BENCHMARK_CONTEXT_V1
2026-06-10,NIFTY_50,NIFTY 50,23233.95,23425.35,23184.6,23214.95,NSE_OFFICIAL_HISTORICAL_OR_INDICES_HISTORY,https://www.nseindia.com/reports-indices-historical-index-data#NIFTY_50_2026-05-14_2026-08-11.json,2026-06-09,OFFICIAL_NSE_INDEX_CLOSE_NO_FORWARD_FILL,BENCHMARK_CONTEXT_V1
2026-06-11,NIFTY_50,NIFTY 50,23104.4,23327.45,23072.05,23161.6,NSE_OFFICIAL_HISTORICAL_OR_INDICES_HISTORY,https://www.nseindia.com/reports-indices-historical-index-data#NIFTY_50_2026-05-14_2026-08-11.json,2026-06-10,OFFICIAL_NSE_INDEX_CLOSE_NO_FORWARD_FILL,BENCHMARK_CONTEXT_V1
2026-06-12,NIFTY_50,NIFTY 50,23412.55,23645.35,23313.9,23622.9,NSE_OFFICIAL_HISTORICAL_OR_INDICES_HISTORY,https://www.nseindia.com/reports-indices-historical-index-data#NIFTY_50_2026-05-14_2026-08-11.json,2026-06-11,OFFICIAL_NSE_INDEX_CLOSE_NO_FORWARD_FILL,BENCHMARK_CONTEXT_V1
2026-06-15,NIFTY_50,NIFTY 50,23984.85,24011.4,23817.8,23853.9,NSE_OFFICIAL_HISTORICAL_OR_INDICES_HISTORY,https://www.nseindia.com/reports-indices-historical-index-data#NIFTY_50_2026-05-14_2026-08-11.json,2026-06-14,OFFICIAL_NSE_INDEX_CLOSE_NO_FORWARD_FILL,BENCHMARK_CONTEXT_V1
2026-06-16,NIFTY_50,NIFTY 50,23923.9,24002.6,23888.2,23989.15,NSE_OFFICIAL_HISTORICAL_OR_INDICES_HISTORY,https://www.nseindia.com/reports-indices-historical-index-data#NIFTY_50_2026-05-14_2026-08-11.json,2026-06-15,OFFICIAL_NSE_INDEX_CLOSE_NO_FORWARD_FILL,BENCHMARK_CONTEXT_V1
2026-06-17,NIFTY_50,NIFTY 50,24044.5,24108.2,23969.7,24085.7,NSE_OFFICIAL_HISTORICAL_OR_INDICES_HISTORY,https://www.nseindia.com/reports-indices-historical-index-data#NIFTY_50_2026-05-14_2026-08-11.json,2026-06-16,OFFICIAL_NSE_INDEX_CLOSE_NO_FORWARD_FILL,BENCHMARK_CONTEXT_V1
2026-06-18,NIFTY_50,NIFTY 50,24073.8,24189.25,24036.95,24168,NSE_OFFICIAL_HISTORICAL_OR_INDICES_HISTORY,https://www.nseindia.com/reports-indices-historical-index-data#NIFTY_50_2026-05-14_2026-08-11.json,2026-06-17,OFFICIAL_NSE_INDEX_CLOSE_NO_FORWARD_FILL,BENCHMARK_CONTEXT_V1
2026-06-19,NIFTY_50,NIFTY 50,23991.2,24047.2,23901.9,24013.1,NSE_OFFICIAL_HISTORICAL_OR_INDICES_HISTORY,https://www.nseindia.com/reports-indices-historical-index-data#NIFTY_50_2026-05-14_2026-08-11.json,2026-06-18,OFFICIAL_NSE_INDEX_CLOSE_NO_FORWARD_FILL,BENCHMARK_CONTEXT_V1
2026-06-22,NIFTY_50,NIFTY 50,24106.6,24168.05,24073.15,24102.9,NSE_OFFICIAL_HISTORICAL_OR_INDICES_HISTORY,https://www.nseindia.com/reports-indices-historical-index-data#NIFTY_50_2026-05-14_2026-08-11.json,2026-06-21,OFFICIAL_NSE_INDEX_CLOSE_NO_FORWARD_FILL,BENCHMARK_CONTEXT_V1
2026-06-23,NIFTY_50,NIFTY 50,24071.3,24135.5,23784.95,23824.1,NSE_OFFICIAL_HISTORICAL_OR_INDICES_HISTORY,https://www.nseindia.com/reports-indices-historical-index-data#NIFTY_50_2026-05-14_2026-08-11.json,2026-06-22,OFFICIAL_NSE_INDEX_CLOSE_NO_FORWARD_FILL,BENCHMARK_CONTEXT_V1
2026-06-24,NIFTY_50,NIFTY 50,23795.8,24090.05,23789.25,24021.65,NSE_OFFICIAL_HISTORICAL_OR_INDICES_HISTORY,https://www.nseindia.com/reports-indices-historical-index-data#NIFTY_50_2026-05-14_2026-08-11.json,2026-06-23,OFFICIAL_NSE_INDEX_CLOSE_NO_FORWARD_FILL,BENCHMARK_CONTEXT_V1
2026-06-25,NIFTY_50,NIFTY 50,24125.85,24261.6,24039,24056,NSE_OFFICIAL_HISTORICAL_OR_INDICES_HISTORY,https://www.nseindia.com/reports-indices-historical-index-data#NIFTY_50_2026-05-14_2026-08-11.json,2026-06-24,OFFICIAL_NSE_INDEX_CLOSE_NO_FORWARD_FILL,BENCHMARK_CONTEXT_V1
2026-06-29,NIFTY_50,NIFTY 50,24061.75,24120,23924.55,23946.25,NSE_OFFICIAL_HISTORICAL_OR_INDICES_HISTORY,https://www.nseindia.com/reports-indices-historical-index-data#NIFTY_50_2026-05-14_2026-08-11.json,2026-06-28,OFFICIAL_NSE_INDEX_CLOSE_NO_FORWARD_FILL,BENCHMARK_CONTEXT_V1
2026-06-30,NIFTY_50,NIFTY 50,24032.05,24035.55,23829.2,23865.75,NSE_OFFICIAL_HISTORICAL_OR_INDICES_HISTORY,https://www.nseindia.com/reports-indices-historical-index-data#NIFTY_50_2026-05-14_2026-08-11.json,2026-06-29,OFFICIAL_NSE_INDEX_CLOSE_NO_FORWARD_FILL,BENCHMARK_CONTEXT_V1
2026-07-01,NIFTY_50,NIFTY 50,23897.65,24049.9,23895.1,24005.85,NSE_OFFICIAL_HISTORICAL_OR_INDICES_HISTORY,https://www.nseindia.com/reports-indices-historical-index-data#NIFTY_50_2026-05-14_2026-08-11.json,2026-06-30,OFFICIAL_NSE_INDEX_CLOSE_NO_FORWARD_FILL,BENCHMARK_CONTEXT_V1
2026-07-02,NIFTY_50,NIFTY 50,24062.2,24194.55,24058.8,24175.7,NSE_OFFICIAL_HISTORICAL_OR_INDICES_HISTORY,https://www.nseindia.com/reports-indices-historical-index-data#NIFTY_50_2026-05-14_2026-08-11.json,2026-07-01,OFFICIAL_NSE_INDEX_CLOSE_NO_FORWARD_FILL,BENCHMARK_CONTEXT_V1
2026-07-03,NIFTY_50,NIFTY 50,24375.65,24378.15,24252.35,24270.85,NSE_OFFICIAL_HISTORICAL_OR_INDICES_HISTORY,https://www.nseindia.com/reports-indices-historical-index-data#NIFTY_50_2026-05-14_2026-08-11.json,2026-07-02,OFFICIAL_NSE_INDEX_CLOSE_NO_FORWARD_FILL,BENCHMARK_CONTEXT_V1
2026-07-06,NIFTY_50,NIFTY 50,24306.85,24458.65,24287.1,24430.35,NSE_OFFICIAL_HISTORICAL_OR_INDICES_HISTORY,https://www.nseindia.com/reports-indices-historical-index-data#NIFTY_50_2026-05-14_2026-08-11.json,2026-07-05,OFFICIAL_NSE_INDEX_CLOSE_NO_FORWARD_FILL,BENCHMARK_CONTEXT_V1
2026-07-07,NIFTY_50,NIFTY 50,24464.45,24530.9,24348.95,24398.7,NSE_OFFICIAL_HISTORICAL_OR_INDICES_HISTORY,https://www.nseindia.com/reports-indices-historical-index-data#NIFTY_50_2026-05-14_2026-08-11.json,2026-07-06,OFFICIAL_NSE_INDEX_CLOSE_NO_FORWARD_FILL,BENCHMARK_CONTEXT_V1
2026-07-08,NIFTY_50,NIFTY 50,24259.55,24300,23805.2,23882.05,NSE_OFFICIAL_HISTORICAL_OR_INDICES_HISTORY,https://www.nseindia.com/reports-indices-historical-index-data#NIFTY_50_2026-05-14_2026-08-11.json,2026-07-07,OFFICIAL_NSE_INDEX_CLOSE_NO_FORWARD_FILL,BENCHMARK_CONTEXT_V1
2026-07-09,NIFTY_50,NIFTY 50,23928.95,24134.7,23925.7,23962.8,NSE_OFFICIAL_HISTORICAL_OR_INDICES_HISTORY,https://www.nseindia.com/reports-indices-historical-index-data#NIFTY_50_2026-05-14_2026-08-11.json,2026-07-08,OFFICIAL_NSE_INDEX_CLOSE_NO_FORWARD_FILL,BENCHMARK_CONTEXT_V1
2026-07-10,NIFTY_50,NIFTY 50,24124.7,24228.45,24120.35,24206.9,NSE_OFFICIAL_HISTORICAL_OR_INDICES_HISTORY,https://www.nseindia.com/reports-indices-historical-index-data#NIFTY_50_2026-05-14_2026-08-11.json,2026-07-09,OFFICIAL_NSE_INDEX_CLOSE_NO_FORWARD_FILL,BENCHMARK_CONTEXT_V1
2026-07-13,NIFTY_50,NIFTY 50,24039.4,24259.8,24000.2,24211,NSE_OFFICIAL_HISTORICAL_OR_INDICES_HISTORY,https://www.nseindia.com/reports-indices-historical-index-data#NIFTY_50_2026-05-14_2026-08-11.json,2026-07-12,OFFICIAL_NSE_INDEX_CLOSE_NO_FORWARD_FILL,BENCHMARK_CONTEXT_V1
2026-07-14,NIFTY_50,NIFTY 50,24068,24157.1,24023.7,24052.05,NSE_OFFICIAL_HISTORICAL_OR_INDICES_HISTORY,https://www.nseindia.com/reports-indices-historical-index-data#NIFTY_50_2026-05-14_2026-08-11.json,2026-07-13,OFFICIAL_NSE_INDEX_CLOSE_NO_FORWARD_FILL,BENCHMARK_CONTEXT_V1
2026-07-15,NIFTY_50,NIFTY 50,24085.85,24220.35,24010.55,24078.5,NSE_OFFICIAL_HISTORICAL_OR_INDICES_HISTORY,https://www.nseindia.com/reports-indices-historical-index-data#NIFTY_50_2026-05-14_2026-08-11.json,2026-07-14,OFFICIAL_NSE_INDEX_CLOSE_NO_FORWARD_FILL,BENCHMARK_CONTEXT_V1
2026-07-16,NIFTY_50,NIFTY 50,24142.1,24186.5,24050,24072.75,NSE_OFFICIAL_HISTORICAL_OR_INDICES_HISTORY,https://www.nseindia.com/reports-indices-historical-index-data#NIFTY_50_2026-05-14_2026-08-11.json,2026-07-15,OFFICIAL_NSE_INDEX_CLOSE_NO_FORWARD_FILL,BENCHMARK_CONTEXT_V1
2026-07-17,NIFTY_50,NIFTY 50,24127.6,24367.3,24099.05,24334.3,NSE_OFFICIAL_HISTORICAL_OR_INDICES_HISTORY,https://www.nseindia.com/reports-indices-historical-index-data#NIFTY_50_2026-05-14_2026-08-11.json,2026-07-16,OFFICIAL_NSE_INDEX_CLOSE_NO_FORWARD_FILL,BENCHMARK_CONTEXT_V1
2026-07-20,NIFTY_50,NIFTY 50,24190.05,24266.1,24135.85,24238.5,NSE_OFFICIAL_HISTORICAL_OR_INDICES_HISTORY,https://www.nseindia.com/reports-indices-historical-index-data#NIFTY_50_2026-05-14_2026-08-11.json,2026-07-19,OFFICIAL_NSE_INDEX_CLOSE_NO_FORWARD_FILL,BENCHMARK_CONTEXT_V1
2026-07-21,NIFTY_50,NIFTY 50,24216.05,24262.2,24135.65,24187.7,NSE_OFFICIAL_HISTORICAL_OR_INDICES_HISTORY,https://www.nseindia.com/reports-indices-historical-index-data#NIFTY_50_2026-05-14_2026-08-11.json,2026-07-20,OFFICIAL_NSE_INDEX_CLOSE_NO_FORWARD_FILL,BENCHMARK_CONTEXT_V1
2026-07-22,NIFTY_50,NIFTY 50,24150.45,24166.3,23961.4,23996.25,NSE_OFFICIAL_HISTORICAL_OR_INDICES_HISTORY,https://www.nseindia.com/reports-indices-historical-index-data#NIFTY_50_2026-05-14_2026-08-11.json,2026-07-21,OFFICIAL_NSE_INDEX_CLOSE_NO_FORWARD_FILL,BENCHMARK_CONTEXT_V1
2026-07-23,NIFTY_50,NIFTY 50,23904.8,23990.75,23807.2,23869.6,NSE_OFFICIAL_HISTORICAL_OR_INDICES_HISTORY,https://www.nseindia.com/reports-indices-historical-index-data#NIFTY_50_2026-05-14_2026-08-11.json,2026-07-22,OFFICIAL_NSE_INDEX_CLOSE_NO_FORWARD_FILL,BENCHMARK_CONTEXT_V1
2026-07-24,NIFTY_50,NIFTY 50,23666.35,23823.6,23606.3,23767.45,NSE_OFFICIAL_HISTORICAL_OR_INDICES_HISTORY,https://www.nseindia.com/reports-indices-historical-index-data#NIFTY_50_2026-05-14_2026-08-11.json,2026-07-23,OFFICIAL_NSE_INDEX_CLOSE_NO_FORWARD_FILL,BENCHMARK_CONTEXT_V1
2026-07-27,NIFTY_50,NIFTY 50,23928.4,24011.6,23891.55,23995.95,NSE_OFFICIAL_HISTORICAL_OR_INDICES_HISTORY,https://www.nseindia.com/reports-indices-historical-index-data#NIFTY_50_2026-05-14_2026-08-11.json,2026-07-26,OFFICIAL_NSE_INDEX_CLOSE_NO_FORWARD_FILL,BENCHMARK_CONTEXT_V1
2026-07-28,NIFTY_50,NIFTY 50,23971.25,24041.15,23954.6,23985.35,NSE_OFFICIAL_HISTORICAL_OR_INDICES_HISTORY,https://www.nseindia.com/reports-indices-historical-index-data#NIFTY_50_2026-05-14_2026-08-11.json,2026-07-27,OFFICIAL_NSE_INDEX_CLOSE_NO_FORWARD_FILL,BENCHMARK_CONTEXT_V1
2026-07-29,NIFTY_50,NIFTY 50,24176.65,24283.55,24136.75,24250.2,NSE_OFFICIAL_HISTORICAL_OR_INDICES_HISTORY,https://www.nseindia.com/reports-indices-historical-index-data#NIFTY_50_2026-05-14_2026-08-11.json,2026-07-28,OFFICIAL_NSE_INDEX_CLOSE_NO_FORWARD_FILL,BENCHMARK_CONTEXT_V1
2026-07-30,NIFTY_50,NIFTY 50,24249.55,24342.95,24187.1,24317.15,NSE_OFFICIAL_HISTORICAL_OR_INDICES_HISTORY,https://www.nseindia.com/reports-indices-historical-index-data#NIFTY_50_2026-05-14_2026-08-11.json,2026-07-29,OFFICIAL_NSE_INDEX_CLOSE_NO_FORWARD_FILL,BENCHMARK_CONTEXT_V1
2026-07-31,NIFTY_50,NIFTY 50,24361.45,24429.4,24299.7,24383.6,NSE_OFFICIAL_HISTORICAL_OR_INDICES_HISTORY,https://www.nseindia.com/reports-indices-historical-index-data#NIFTY_50_2026-05-14_2026-08-11.json,2026-07-30,OFFICIAL_NSE_INDEX_CLOSE_NO_FORWARD_FILL,BENCHMARK_CONTEXT_V1
2026-08-03,NIFTY_50,NIFTY 50,24572.7,24774.3,24515.15,24774.3,NSE_OFFICIAL_HISTORICAL_OR_INDICES_HISTORY,https://www.nseindia.com/reports-indices-historical-index-data#NIFTY_50_2026-05-14_2026-08-11.json,2026-08-02,OFFICIAL_NSE_INDEX_CLOSE_NO_FORWARD_FILL,BENCHMARK_CONTEXT_V1
2026-08-04,NIFTY_50,NIFTY 50,24703.9,24703.9,24427.95,24614.9,NSE_OFFICIAL_HISTORICAL_OR_INDICES_HISTORY,https://www.nseindia.com/reports-indices-historical-index-data#NIFTY_50_2026-05-14_2026-08-11.json,2026-08-03,OFFICIAL_NSE_INDEX_CLOSE_NO_FORWARD_FILL,BENCHMARK_CONTEXT_V1
2026-08-05,NIFTY_50,NIFTY 50,24669.2,24677.6,24497.95,24624.65,NSE_OFFICIAL_HISTORICAL_OR_INDICES_HISTORY,https://www.nseindia.com/reports-indices-historical-index-data#NIFTY_50_2026-05-14_2026-08-11.json,2026-08-04,OFFICIAL_NSE_INDEX_CLOSE_NO_FORWARD_FILL,BENCHMARK_CONTEXT_V1
2026-08-06,NIFTY_50,NIFTY 50,24641,24677.05,24604.15,24636,NSE_OFFICIAL_HISTORICAL_OR_INDICES_HISTORY,https://www.nseindia.com/reports-indices-historical-index-data#NIFTY_50_2026-05-14_2026-08-11.json,2026-08-05,OFFICIAL_NSE_INDEX_CLOSE_NO_FORWARD_FILL,BENCHMARK_CONTEXT_V1
2026-08-07,NIFTY_50,NIFTY 50,24538.9,24630.4,24522.75,24570.65,NSE_OFFICIAL_HISTORICAL_OR_INDICES_HISTORY,https://www.nseindia.com/reports-indices-historical-index-data#NIFTY_50_2026-05-14_2026-08-11.json,2026-08-06,OFFICIAL_NSE_INDEX_CLOSE_NO_FORWARD_FILL,BENCHMARK_CONTEXT_V1
2026-08-10,NIFTY_50,NIFTY 50,24581.25,24620.95,24511.1,24583.8,NSE_OFFICIAL_HISTORICAL_OR_INDICES_HISTORY,https://www.nseindia.com/reports-indices-historical-index-data#NIFTY_50_2026-05-14_2026-08-11.json,2026-08-09,OFFICIAL_NSE_INDEX_CLOSE_NO_FORWARD_FILL,BENCHMARK_CONTEXT_V1
2026-08-11,NIFTY_50,NIFTY 50,24575.1,24576.85,24429.25,24471.7,NSE_OFFICIAL_HISTORICAL_OR_INDICES_HISTORY,https://www.nseindia.com/reports-indices-historical-index-data#NIFTY_50_2026-05-14_2026-08-11.json,2026-08-10,OFFICIAL_NSE_INDEX_CLOSE_NO_FORWARD_FILL,BENCHMARK_CONTEXT_V1
2026-08-12,NIFTY_50,NIFTY 50,24472.45,24473.3,24265.95,24435.95,NSE_OFFICIAL_HISTORICAL_OR_INDICES_HISTORY,https://www.nseindia.com/reports-indices-historical-index-data#NIFTY_50_2026-08-12_2026-09-07.json,2026-08-11,OFFICIAL_NSE_INDEX_CLOSE_NO_FORWARD_FILL,BENCHMARK_CONTEXT_V1
2026-08-13,NIFTY_50,NIFTY 50,24431.6,24431.6,24311.4,24395.85,NSE_OFFICIAL_HISTORICAL_OR_INDICES_HISTORY,https://www.nseindia.com/reports-indices-historical-index-data#NIFTY_50_2026-08-12_2026-09-07.json,2026-08-12,OFFICIAL_NSE_INDEX_CLOSE_NO_FORWARD_FILL,BENCHMARK_CONTEXT_V1
2026-08-14,NIFTY_50,NIFTY 50,24361.9,24405.2,24296.8,24366,NSE_OFFICIAL_HISTORICAL_OR_INDICES_HISTORY,https://www.nseindia.com/reports-indices-historical-index-data#NIFTY_50_2026-08-12_2026-09-07.json,2026-08-13,OFFICIAL_NSE_INDEX_CLOSE_NO_FORWARD_FILL,BENCHMARK_CONTEXT_V1
2026-08-17,NIFTY_50,NIFTY 50,24343.45,24360.1,24226.95,24287.65,NSE_OFFICIAL_HISTORICAL_OR_INDICES_HISTORY,https://www.nseindia.com/reports-indices-historical-index-data#NIFTY_50_2026-08-12_2026-09-07.json,2026-08-16,OFFICIAL_NSE_INDEX_CLOSE_NO_FORWARD_FILL,BENCHMARK_CONTEXT_V1
2026-08-18,NIFTY_50,NIFTY 50,24223.85,24269.65,24154.9,24154.9,NSE_OFFICIAL_HISTORICAL_OR_INDICES_HISTORY,https://www.nseindia.com/reports-indices-historical-index-data#NIFTY_50_2026-08-12_2026-09-07.json,2026-08-17,OFFICIAL_NSE_INDEX_CLOSE_NO_FORWARD_FILL,BENCHMARK_CONTEXT_V1
2026-08-19,NIFTY_50,NIFTY 50,24152.05,24172.85,24025.65,24078.3,NSE_OFFICIAL_HISTORICAL_OR_INDICES_HISTORY,https://www.nseindia.com/reports-indices-historical-index-data#NIFTY_50_2026-08-12_2026-09-07.json,2026-08-18,OFFICIAL_NSE_INDEX_CLOSE_NO_FORWARD_FILL,BENCHMARK_CONTEXT_V1
2026-08-20,NIFTY_50,NIFTY 50,24225.45,24265.15,24184.55,24231.85,NSE_OFFICIAL_HISTORICAL_OR_INDICES_HISTORY,https://www.nseindia.com/reports-indices-historical-index-data#NIFTY_50_2026-08-12_2026-09-07.json,2026-08-19,OFFICIAL_NSE_INDEX_CLOSE_NO_FORWARD_FILL,BENCHMARK_CONTEXT_V1
2026-08-21,NIFTY_50,NIFTY 50,24284.05,24284.05,24206.8,24252,NSE_OFFICIAL_HISTORICAL_OR_INDICES_HISTORY,https://www.nseindia.com/reports-indices-historical-index-data#NIFTY_50_2026-08-12_2026-09-07.json,2026-08-20,OFFICIAL_NSE_INDEX_CLOSE_NO_FORWARD_FILL,BENCHMARK_CONTEXT_V1
2026-08-24,NIFTY_50,NIFTY 50,24285.05,24313,24144.3,24219.05,NSE_OFFICIAL_HISTORICAL_OR_INDICES_HISTORY,https://www.nseindia.com/reports-indices-historical-index-data#NIFTY_50_2026-08-12_2026-09-07.json,2026-08-23,OFFICIAL_NSE_INDEX_CLOSE_NO_FORWARD_FILL,BENCHMARK_CONTEXT_V1
2026-08-25,NIFTY_50,NIFTY 50,24175.75,24334.55,24115.45,24334.55,NSE_OFFICIAL_HISTORICAL_OR_INDICES_HISTORY,https://www.nseindia.com/reports-indices-historical-index-data#NIFTY_50_2026-08-12_2026-09-07.json,2026-08-24,OFFICIAL_NSE_INDEX_CLOSE_NO_FORWARD_FILL,BENCHMARK_CONTEXT_V1
2026-08-26,NIFTY_50,NIFTY 50,24341.95,24378.6,24207.75,24207.75,NSE_OFFICIAL_HISTORICAL_OR_INDICES_HISTORY,https://www.nseindia.com/reports-indices-historical-index-data#NIFTY_50_2026-08-12_2026-09-07.json,2026-08-25,OFFICIAL_NSE_INDEX_CLOSE_NO_FORWARD_FILL,BENCHMARK_CONTEXT_V1
2026-08-27,NIFTY_50,NIFTY 50,24277.6,24297.45,24090.85,24090.85,NSE_OFFICIAL_HISTORICAL_OR_INDICES_HISTORY,https://www.nseindia.com/reports-indices-historical-index-data#NIFTY_50_2026-08-12_2026-09-07.json,2026-08-26,OFFICIAL_NSE_INDEX_CLOSE_NO_FORWARD_FILL,BENCHMARK_CONTEXT_V1
2026-08-28,NIFTY_50,NIFTY 50,24122.6,24188.3,24076.85,24175.65,NSE_OFFICIAL_HISTORICAL_OR_INDICES_HISTORY,https://www.nseindia.com/reports-indices-historical-index-data#NIFTY_50_2026-08-12_2026-09-07.json,2026-08-27,OFFICIAL_NSE_INDEX_CLOSE_NO_FORWARD_FILL,BENCHMARK_CONTEXT_V1
2026-08-31,NIFTY_50,NIFTY 50,24117.55,24128.7,23993.6,24080.4,NSE_OFFICIAL_HISTORICAL_OR_INDICES_HISTORY,https://www.nseindia.com/reports-indices-historical-index-data#NIFTY_50_2026-08-12_2026-09-07.json,2026-08-30,OFFICIAL_NSE_INDEX_CLOSE_NO_FORWARD_FILL,BENCHMARK_CONTEXT_V1
2026-09-01,NIFTY_50,NIFTY 50,24077.55,24143.15,23952.55,24055.8,NSE_OFFICIAL_HISTORICAL_OR_INDICES_HISTORY,https://www.nseindia.com/reports-indices-historical-index-data#NIFTY_50_2026-08-12_2026-09-07.json,2026-08-31,OFFICIAL_NSE_INDEX_CLOSE_NO_FORWARD_FILL,BENCHMARK_CONTEXT_V1
2026-09-02,NIFTY_50,NIFTY 50,23858,23914.45,23786.8,23914.45,NSE_OFFICIAL_HISTORICAL_OR_INDICES_HISTORY,https://www.nseindia.com/reports-indices-historical-index-data#NIFTY_50_2026-08-12_2026-09-07.json,2026-09-01,OFFICIAL_NSE_INDEX_CLOSE_NO_FORWARD_FILL,BENCHMARK_CONTEXT_V1
2026-09-03,NIFTY_50,NIFTY 50,23997.95,24025.4,23873.45,23873.45,NSE_OFFICIAL_HISTORICAL_OR_INDICES_HISTORY,https://www.nseindia.com/reports-indices-historical-index-data#NIFTY_50_2026-08-12_2026-09-07.json,2026-09-02,OFFICIAL_NSE_INDEX_CLOSE_NO_FORWARD_FILL,BENCHMARK_CONTEXT_V1
2026-09-04,NIFTY_50,NIFTY 50,23910.9,24005.75,23895.85,23897.7,NSE_OFFICIAL_HISTORICAL_OR_INDICES_HISTORY,https://www.nseindia.com/reports-indices-historical-index-data#NIFTY_50_2026-08-12_2026-09-07.json,2026-09-03,OFFICIAL_NSE_INDEX_CLOSE_NO_FORWARD_FILL,BENCHMARK_CONTEXT_V1
2026-09-07,NIFTY_50,NIFTY 50,23883.15,23890,23737.9,23779.15,NSE_OFFICIAL_HISTORICAL_OR_INDICES_HISTORY,https://www.nseindia.com/reports-indices-historical-index-data#NIFTY_50_2026-08-12_2026-09-07.json,2026-09-06,OFFICIAL_NSE_INDEX_CLOSE_NO_FORWARD_FILL,BENCHMARK_CONTEXT_V1
2021-09-07,NIFTY_500,NIFTY 500,14834.95,14852.25,14713.55,14784.25,NSE_OFFICIAL_HISTORICAL_OR_INDICES_HISTORY,https://www.nseindia.com/reports-indices-historical-index-data#NIFTY_500_2021-09-07_2021-12-05.json,2021-09-06,OFFICIAL_NSE_INDEX_CLOSE_NO_FORWARD_FILL,BENCHMARK_CONTEXT_V1
2021-09-08,NIFTY_500,NIFTY 500,14802.85,14825.1,14716.65,14803.6,NSE_OFFICIAL_HISTORICAL_OR_INDICES_HISTORY,https://www.nseindia.com/reports-indices-historical-index-data#NIFTY_500_2021-09-07_2021-12-05.json,2021-09-07,OFFICIAL_NSE_INDEX_CLOSE_NO_FORWARD_FILL,BENCHMARK_CONTEXT_V1
2021-09-09,NIFTY_500,NIFTY 500,14780.6,14844.4,14774.15,14836.45,NSE_OFFICIAL_HISTORICAL_OR_INDICES_HISTORY,https://www.nseindia.com/reports-indices-historical-index-data#NIFTY_500_2021-09-07_2021-12-05.json,2021-09-08,OFFICIAL_NSE_INDEX_CLOSE_NO_FORWARD_FILL,BENCHMARK_CONTEXT_V1
2021-09-13,NIFTY_500,NIFTY 500,14839.8,14865.75,14769.1,14852.2,NSE_OFFICIAL_HISTORICAL_OR_INDICES_HISTORY,https://www.nseindia.com/reports-indices-historical-index-data#NIFTY_500_2021-09-07_2021-12-05.json,2021-09-12,OFFICIAL_NSE_INDEX_CLOSE_NO_FORWARD_FILL,BENCHMARK_CONTEXT_V1
2021-09-14,NIFTY_500,NIFTY 500,14917.05,14935.55,14881.55,14904.35,NSE_OFFICIAL_HISTORICAL_OR_INDICES_HISTORY,https://www.nseindia.com/reports-indices-historical-index-data#NIFTY_500_2021-09-07_2021-12-05.json,2021-09-13,OFFICIAL_NSE_INDEX_CLOSE_NO_FORWARD_FILL,BENCHMARK_CONTEXT_V1
2021-09-15,NIFTY_500,NIFTY 500,14927.95,15028.65,14921.1,15020.55,NSE_OFFICIAL_HISTORICAL_OR_INDICES_HISTORY,https://www.nseindia.com/reports-indices-historical-index-data#NIFTY_500_2021-09-07_2021-12-05.json,2021-09-14,OFFICIAL_NSE_INDEX_CLOSE_NO_FORWARD_FILL,BENCHMARK_CONTEXT_V1
2021-09-16,NIFTY_500,NIFTY 500,15050.85,15115.35,15012.25,15104.9,NSE_OFFICIAL_HISTORICAL_OR_INDICES_HISTORY,https://www.nseindia.com/reports-indices-historical-index-data#NIFTY_500_2021-09-07_2021-12-05.json,2021-09-15,OFFICIAL_NSE_INDEX_CLOSE_NO_FORWARD_FILL,BENCHMARK_CONTEXT_V1
2021-09-17,NIFTY_500,NIFTY 500,15169.9,15207.7,14979.35,15027.25,NSE_OFFICIAL_HISTORICAL_OR_INDICES_HISTORY,https://www.nseindia.com/reports-indices-historical-index-data#NIFTY_500_2021-09-07_2021-12-05.json,2021-09-16,OFFICIAL_NSE_INDEX_CLOSE_NO_FORWARD_FILL,BENCHMARK_CONTEXT_V1
2021-09-20,NIFTY_500,NIFTY 500,14907.5,15047.65,14800.85,14826.75,NSE_OFFICIAL_HISTORICAL_OR_INDICES_HISTORY,https://www.nseindia.com/reports-indices-historical-index-data#NIFTY_500_2021-09-07_2021-12-05.json,2021-09-19,OFFICIAL_NSE_INDEX_CLOSE_NO_FORWARD_FILL,BENCHMARK_CONTEXT_V1
2021-09-21,NIFTY_500,NIFTY 500,14856.85,14959.45,14734.7,14946.3,NSE_OFFICIAL_HISTORICAL_OR_INDICES_HISTORY,https://www.nseindia.com/reports-indices-historical-index-data#NIFTY_500_2021-09-07_2021-12-05.json,2021-09-20,OFFICIAL_NSE_INDEX_CLOSE_NO_FORWARD_FILL,BENCHMARK_CONTEXT_V1
2021-09-22,NIFTY_500,NIFTY 500,14977.3,15030.85,14950.35,14990.55,NSE_OFFICIAL_HISTORICAL_OR_INDICES_HISTORY,https://www.nseindia.com/reports-indices-historical-index-data#NIFTY_500_2021-09-07_2021-12-05.json,2021-09-21,OFFICIAL_NSE_INDEX_CLOSE_NO_FORWARD_FILL,BENCHMARK_CONTEXT_V1
2021-09-23,NIFTY_500,NIFTY 500,15097.1,15219.35,15085.55,15205.45,NSE_OFFICIAL_HISTORICAL_OR_INDICES_HISTORY,https://www.nseindia.com/reports-indices-historical-index-data#NIFTY_500_2021-09-07_2021-12-05.json,2021-09-22,OFFICIAL_NSE_INDEX_CLOSE_NO_FORWARD_FILL,BENCHMARK_CONTEXT_V1
2021-09-24,NIFTY_500,NIFTY 500,15274.1,15305.2,15160.45,15191.95,NSE_OFFICIAL_HISTORICAL_OR_INDICES_HISTORY,https://www.nseindia.com/reports-indices-historical-index-data#NIFTY_500_2021-09-07_2021-12-05.json,2021-09-23,OFFICIAL_NSE_INDEX_CLOSE_NO_FORWARD_FILL,BENCHMARK_CONTEXT_V1
2021-09-27,NIFTY_500,NIFTY 500,15261.35,15262.65,15139.6,15189.05,NSE_OFFICIAL_HISTORICAL_OR_INDICES_HISTORY,https://www.nseindia.com/reports-indices-historical-index-data#NIFTY_500_2021-09-07_2021-12-05.json,2021-09-26,OFFICIAL_NSE_INDEX_CLOSE_NO_FORWARD_FILL,BENCHMARK_CONTEXT_V1
2021-09-28,NIFTY_500,NIFTY 500,15235.1,15239.65,14967.05,15095.6,NSE_OFFICIAL_HISTORICAL_OR_INDICES_HISTORY,https://www.nseindia.com/reports-indices-historical-index-data#NIFTY_500_2021-09-07_2021-12-05.json,2021-09-27,OFFICIAL_NSE_INDEX_CLOSE_NO_FORWARD_FILL,BENCHMARK_CONTEXT_V1
2021-09-29,NIFTY_500,NIFTY 500,15023.3,15141.05,14985.4,15086.95,NSE_OFFICIAL_HISTORICAL_OR_INDICES_HISTORY,https://www.nseindia.com/reports-indices-historical-index-data#NIFTY_500_2021-09-07_2021-12-05.json,2021-09-28,OFFICIAL_NSE_INDEX_CLOSE_NO_FORWARD_FILL,BENCHMARK_CONTEXT_V1
2021-09-30,NIFTY_500,NIFTY 500,15109.7,15137.55,15026.95,15052.65,NSE_OFFICIAL_HISTORICAL_OR_INDICES_HISTORY,https://www.nseindia.com/reports-indices-historical-index-data#NIFTY_500_2021-09-07_2021-12-05.json,2021-09-29,OFFICIAL_NSE_INDEX_CLOSE_NO_FORWARD_FILL,BENCHMARK_CONTEXT_V1
2021-10-01,NIFTY_500,NIFTY 500,14994.8,15031.55,14932.75,15013.95,NSE_OFFICIAL_HISTORICAL_OR_INDICES_HISTORY,https://www.nseindia.com/reports-indices-historical-index-data#NIFTY_500_2021-09-07_2021-12-05.json,2021-09-30,OFFICIAL_NSE_INDEX_CLOSE_NO_FORWARD_FILL,BENCHMARK_CONTEXT_V1
2021-10-04,NIFTY_500,NIFTY 500,15094.4,15195.2,15075.25,15181.15,NSE_OFFICIAL_HISTORICAL_OR_INDICES_HISTORY,https://www.nseindia.com/reports-indices-historical-index-data#NIFTY_500_2021-09-07_2021-12-05.json,2021-10-03,OFFICIAL_NSE_INDEX_CLOSE_NO_FORWARD_FILL,BENCHMARK_CONTEXT_V1
2021-10-05,NIFTY_500,NIFTY 500,15171.25,15287.7,15150.5,15280.1,NSE_OFFICIAL_HISTORICAL_OR_INDICES_HISTORY,https://www.nseindia.com/reports-indices-historical-index-data#NIFTY_500_2021-09-07_2021-12-05.json,2021-10-04,OFFICIAL_NSE_INDEX_CLOSE_NO_FORWARD_FILL,BENCHMARK_CONTEXT_V1
2021-10-06,NIFTY_500,NIFTY 500,15328.95,15349.2,15109.1,15134.55,NSE_OFFICIAL_HISTORICAL_OR_INDICES_HISTORY,https://www.nseindia.com/reports-indices-historical-index-data#NIFTY_500_2021-09-07_2021-12-05.json,2021-10-05,OFFICIAL_NSE_INDEX_CLOSE_NO_FORWARD_FILL,BENCHMARK_CONTEXT_V1
2021-10-07,NIFTY_500,NIFTY 500,15274.65,15335.95,15251,15290.15,NSE_OFFICIAL_HISTORICAL_OR_INDICES_HISTORY,https://www.nseindia.com/reports-indices-historical-index-data#NIFTY_500_2021-09-07_2021-12-05.json,2021-10-06,OFFICIAL_NSE_INDEX_CLOSE_NO_FORWARD_FILL,BENCHMARK_CONTEXT_V1
2021-10-08,NIFTY_500,NIFTY 500,15375.3,15402.7,15317.4,15365.2,NSE_OFFICIAL_HISTORICAL_OR_INDICES_HISTORY,https://www.nseindia.com/reports-indices-historical-index-data#NIFTY_500_2021-09-07_2021-12-05.json,2021-10-07,OFFICIAL_NSE_INDEX_CLOSE_NO_FORWARD_FILL,BENCHMARK_CONTEXT_V1
2021-10-11,NIFTY_500,NIFTY 500,15374.5,15497.8,15356.55,15428,NSE_OFFICIAL_HISTORICAL_OR_INDICES_HISTORY,https://www.nseindia.com/reports-indices-historical-index-data#NIFTY_500_2021-09-07_2021-12-05.json,2021-10-10,OFFICIAL_NSE_INDEX_CLOSE_NO_FORWARD_FILL,BENCHMARK_CONTEXT_V1
2021-10-12,NIFTY_500,NIFTY 500,15426.6,15493.25,15371.8,15481.9,NSE_OFFICIAL_HISTORICAL_OR_INDICES_HISTORY,https://www.nseindia.com/reports-indices-historical-index-data#NIFTY_500_2021-09-07_2021-12-05.json,2021-10-11,OFFICIAL_NSE_INDEX_CLOSE_NO_FORWARD_FILL,BENCHMARK_CONTEXT_V1
2021-10-13,NIFTY_500,NIFTY 500,15573.6,15660.2,15546.85,15631.4,NSE_OFFICIAL_HISTORICAL_OR_INDICES_HISTORY,https://www.nseindia.com/reports-indices-historical-index-data#NIFTY_500_2021-09-07_2021-12-05.json,2021-10-12,OFFICIAL_NSE_INDEX_CLOSE_NO_FORWARD_FILL,BENCHMARK_CONTEXT_V1
2021-10-14,NIFTY_500,NIFTY 500,15733.3,15781,15710.1,15769.25,NSE_OFFICIAL_HISTORICAL_OR_INDICES_HISTORY,https://www.nseindia.com/reports-indices-historical-index-data#NIFTY_500_2021-09-07_2021-12-05.json,2021-10-13,OFFICIAL_NSE_INDEX_CLOSE_NO_FORWARD_FILL,BENCHMARK_CONTEXT_V1
2021-10-18,NIFTY_500,NIFTY 500,15924.1,15949.2,15871.4,15886.15,NSE_OFFICIAL_HISTORICAL_OR_INDICES_HISTORY,https://www.nseindia.com/reports-indices-historical-index-data#NIFTY_500_2021-09-07_2021-12-05.json,2021-10-17,OFFICIAL_NSE_INDEX_CLOSE_NO_FORWARD_FILL,BENCHMARK_CONTEXT_V1
2021-10-19,NIFTY_500,NIFTY 500,16003.95,16004.45,15716.7,15757.85,NSE_OFFICIAL_HISTORICAL_OR_INDICES_HISTORY,https://www.nseindia.com/reports-indices-historical-index-data#NIFTY_500_2021-09-07_2021-12-05.json,2021-10-18,OFFICIAL_NSE_INDEX_CLOSE_NO_FORWARD_FILL,BENCHMARK_CONTEXT_V1
2021-10-20,NIFTY_500,NIFTY 500,15768,15776.35,15497,15568.65,NSE_OFFICIAL_HISTORICAL_OR_INDICES_HISTORY,https://www.nseindia.com/reports-indices-historical-index-data#NIFTY_500_2021-09-07_2021-12-05.json,2021-10-19,OFFICIAL_NSE_INDEX_CLOSE_NO_FORWARD_FILL,BENCHMARK_CONTEXT_V1
2021-10-21,NIFTY_500,NIFTY 500,15666.6,15667,15373.45,15487.65,NSE_OFFICIAL_HISTORICAL_OR_INDICES_HISTORY,https://www.nseindia.com/reports-indices-historical-index-data#NIFTY_500_2021-09-07_2021-12-05.json,2021-10-20,OFFICIAL_NSE_INDEX_CLOSE_NO_FORWARD_FILL,BENCHMARK_CONTEXT_V1
2021-10-22,NIFTY_500,NIFTY 500,15537.05,15600.45,15328.9,15399.7,NSE_OFFICIAL_HISTORICAL_OR_INDICES_HISTORY,https://www.nseindia.com/reports-indices-historical-index-data#NIFTY_500_2021-09-07_2021-12-05.json,2021-10-21,OFFICIAL_NSE_INDEX_CLOSE_NO_FORWARD_FILL,BENCHMARK_CONTEXT_V1
2021-10-25,NIFTY_500,NIFTY 500,15492,15498.4,15181.6,15334.35,NSE_OFFICIAL_HISTORICAL_OR_INDICES_HISTORY,https://www.nseindia.com/reports-indices-historical-index-data#NIFTY_500_2021-09-07_2021-12-05.json,2021-10-24,OFFICIAL_NSE_INDEX_CLOSE_NO_FORWARD_FILL,BENCHMARK_CONTEXT_V1
2021-10-26,NIFTY_500,NIFTY 500,15360.35,15528.9,15356.5,15499.65,NSE_OFFICIAL_HISTORICAL_OR_INDICES_HISTORY,https://www.nseindia.com/reports-indices-historical-index-data#NIFTY_500_2021-09-07_2021-12-05.json,2021-10-25,OFFICIAL_NSE_INDEX_CLOSE_NO_FORWARD_FILL,BENCHMARK_CONTEXT_V1
2021-10-27,NIFTY_500,NIFTY 500,15541.75,15583.2,15454.1,15484.35,NSE_OFFICIAL_HISTORICAL_OR_INDICES_HISTORY,https://www.nseindia.com/reports-indices-historical-index-data#NIFTY_500_2021-09-07_2021-12-05.json,2021-10-26,OFFICIAL_NSE_INDEX_CLOSE_NO_FORWARD_FILL,BENCHMARK_CONTEXT_V1
2021-10-28,NIFTY_500,NIFTY 500,15475.4,15475.45,15148.2,15190.85,NSE_OFFICIAL_HISTORICAL_OR_INDICES_HISTORY,https://www.nseindia.com/reports-indices-historical-index-data#NIFTY_500_2021-09-07_2021-12-05.json,2021-10-27,OFFICIAL_NSE_INDEX_CLOSE_NO_FORWARD_FILL,BENCHMARK_CONTEXT_V1
2021-10-29,NIFTY_500,NIFTY 500,15163.5,15266.4,14961.5,15086.9,NSE_OFFICIAL_HISTORICAL_OR_INDICES_HISTORY,https://www.nseindia.com/reports-indices-historical-index-data#NIFTY_500_2021-09-07_2021-12-05.json,2021-10-28,OFFICIAL_NSE_INDEX_CLOSE_NO_FORWARD_FILL,BENCHMARK_CONTEXT_V1
2021-11-01,NIFTY_500,NIFTY 500,15179.4,15318.15,15111.3,15302.7,NSE_OFFICIAL_HISTORICAL_OR_INDICES_HISTORY,https://www.nseindia.com/reports-indices-historical-index-data#NIFTY_500_2021-09-07_2021-12-05.json,2021-10-31,OFFICIAL_NSE_INDEX_CLOSE_NO_FORWARD_FILL,BENCHMARK_CONTEXT_V1
2021-11-02,NIFTY_500,NIFTY 500,15344.35,15373.7,15278.7,15314.65,NSE_OFFICIAL_HISTORICAL_OR_INDICES_HISTORY,https://www.nseindia.com/reports-indices-historical-index-data#NIFTY_500_2021-09-07_2021-12-05.json,2021-11-01,OFFICIAL_NSE_INDEX_CLOSE_NO_FORWARD_FILL,BENCHMARK_CONTEXT_V1
2021-11-03,NIFTY_500,NIFTY 500,15367.7,15397.3,15212.15,15282.75,NSE_OFFICIAL_HISTORICAL_OR_INDICES_HISTORY,https://www.nseindia.com/reports-indices-historical-index-data#NIFTY_500_2021-09-07_2021-12-05.json,2021-11-02,OFFICIAL_NSE_INDEX_CLOSE_NO_FORWARD_FILL,BENCHMARK_CONTEXT_V1
2021-11-04,NIFTY_500,NIFTY 500,15380.95,15396.85,15363.35,15376.9,NSE_OFFICIAL_HISTORICAL_OR_INDICES_HISTORY,https://www.nseindia.com/reports-indices-historical-index-data#NIFTY_500_2021-09-07_2021-12-05.json,2021-11-03,OFFICIAL_NSE_INDEX_CLOSE_NO_FORWARD_FILL,BENCHMARK_CONTEXT_V1
2021-11-08,NIFTY_500,NIFTY 500,15474.25,15535.05,15313.2,15520.15,NSE_OFFICIAL_HISTORICAL_OR_INDICES_HISTORY,https://www.nseindia.com/reports-indices-historical-index-data#NIFTY_500_2021-09-07_2021-12-05.json,2021-11-07,OFFICIAL_NSE_INDEX_CLOSE_NO_FORWARD_FILL,BENCHMARK_CONTEXT_V1
2021-11-09,NIFTY_500,NIFTY 500,15542.05,15579.5,15487.7,15541.95,NSE_OFFICIAL_HISTORICAL_OR_INDICES_HISTORY,https://www.nseindia.com/reports-indices-historical-index-data#NIFTY_500_2021-09-07_2021-12-05.json,2021-11-08,OFFICIAL_NSE_INDEX_CLOSE_NO_FORWARD_FILL,BENCHMARK_CONTEXT_V1
2021-11-10,NIFTY_500,NIFTY 500,15492.05,15562.45,15458.5,15521.1,NSE_OFFICIAL_HISTORICAL_OR_INDICES_HISTORY,https://www.nseindia.com/reports-indices-historical-index-data#NIFTY_500_2021-09-07_2021-12-05.json,2021-11-09,OFFICIAL_NSE_INDEX_CLOSE_NO_FORWARD_FILL,BENCHMARK_CONTEXT_V1
2021-11-11,NIFTY_500,NIFTY 500,15497.25,15499.9,15351.2,15411.1,NSE_OFFICIAL_HISTORICAL_OR_INDICES_HISTORY,https://www.nseindia.com/reports-indices-historical-index-data#NIFTY_500_2021-09-07_2021-12-05.json,2021-11-10,OFFICIAL_NSE_INDEX_CLOSE_NO_FORWARD_FILL,BENCHMARK_CONTEXT_V1
2021-11-12,NIFTY_500,NIFTY 500,15504.35,15591.45,15429.6,15579,NSE_OFFICIAL_HISTORICAL_OR_INDICES_HISTORY,https://www.nseindia.com/reports-indices-historical-index-data#NIFTY_500_2021-09-07_2021-12-05.json,2021-11-11,OFFICIAL_NSE_INDEX_CLOSE_NO_FORWARD_FILL,BENCHMARK_CONTEXT_V1
2021-11-15,NIFTY_500,NIFTY 500,15625.75,15664.45,15558.05,15592.6,NSE_OFFICIAL_HISTORICAL_OR_INDICES_HISTORY,https://www.nseindia.com/reports-indices-historical-index-data#NIFTY_500_2021-09-07_2021-12-05.json,2021-11-14,OFFICIAL_NSE_INDEX_CLOSE_NO_FORWARD_FILL,BENCHMARK_CONTEXT_V1
2021-11-16,NIFTY_500,NIFTY 500,15613.1,15626.65,15492.6,15525.4,NSE_OFFICIAL_HISTORICAL_OR_INDICES_HISTORY,https://www.nseindia.com/reports-indices-historical-index-data#NIFTY_500_2021-09-07_2021-12-05.json,2021-11-15,OFFICIAL_NSE_INDEX_CLOSE_NO_FORWARD_FILL,BENCHMARK_CONTEXT_V1
2021-11-17,NIFTY_500,NIFTY 500,15487.15,15560.75,15436.95,15454.95,NSE_OFFICIAL_HISTORICAL_OR_INDICES_HISTORY,https://www.nseindia.com/reports-indices-historical-index-data#NIFTY_500_2021-09-07_2021-12-05.json,2021-11-16,OFFICIAL_NSE_INDEX_CLOSE_NO_FORWARD_FILL,BENCHMARK_CONTEXT_V1
2021-11-18,NIFTY_500,NIFTY 500,15461.5,15502.6,15239.8,15302.55,NSE_OFFICIAL_HISTORICAL_OR_INDICES_HISTORY,https://www.nseindia.com/reports-indices-historical-index-data#NIFTY_500_2021-09-07_2021-12-05.json,2021-11-17,OFFICIAL_NSE_INDEX_CLOSE_NO_FORWARD_FILL,BENCHMARK_CONTEXT_V1
2021-11-22,NIFTY_500,NIFTY 500,15333.9,15339.65,14846.7,14976.7,NSE_OFFICIAL_HISTORICAL_OR_INDICES_HISTORY,https://www.nseindia.com/reports-indices-historical-index-data#NIFTY_500_2021-09-07_2021-12-05.json,2021-11-21,OFFICIAL_NSE_INDEX_CLOSE_NO_FORWARD_FILL,BENCHMARK_CONTEXT_V1
2021-11-23,NIFTY_500,NIFTY 500,14876,15137.15,14820.4,15107.8,NSE_OFFICIAL_HISTORICAL_OR_INDICES_HISTORY,https://www.nseindia.com/reports-indices-historical-index-data#NIFTY_500_2021-09-07_2021-12-05.json,2021-11-22,OFFICIAL_NSE_INDEX_CLOSE_NO_FORWARD_FILL,BENCHMARK_CONTEXT_V1
2021-11-24,NIFTY_500,NIFTY 500,15159.95,15199.2,14997.3,15046.5,NSE_OFFICIAL_HISTORICAL_OR_INDICES_HISTORY,https://www.nseindia.com/reports-indices-historical-index-data#NIFTY_500_2021-09-07_2021-12-05.json,2021-11-23,OFFICIAL_NSE_INDEX_CLOSE_NO_FORWARD_FILL,BENCHMARK_CONTEXT_V1
2021-11-25,NIFTY_500,NIFTY 500,15057.6,15166.65,14984.7,15150.6,NSE_OFFICIAL_HISTORICAL_OR_INDICES_HISTORY,https://www.nseindia.com/reports-indices-historical-index-data#NIFTY_500_2021-09-07_2021-12-05.json,2021-11-24,OFFICIAL_NSE_INDEX_CLOSE_NO_FORWARD_FILL,BENCHMARK_CONTEXT_V1
2021-11-26,NIFTY_500,NIFTY 500,14990.85,15012.1,14674.75,14707.2,NSE_OFFICIAL_HISTORICAL_OR_INDICES_HISTORY,https://www.nseindia.com/reports-indices-historical-index-data#NIFTY_500_2021-09-07_2021-12-05.json,2021-11-25,OFFICIAL_NSE_INDEX_CLOSE_NO_FORWARD_FILL,BENCHMARK_CONTEXT_V1
2021-11-29,NIFTY_500,NIFTY 500,14683.05,14749.5,14402.1,14656.45,NSE_OFFICIAL_HISTORICAL_OR_INDICES_HISTORY,https://www.nseindia.com/reports-indices-historical-index-data#NIFTY_500_2021-09-07_2021-12-05.json,2021-11-28,OFFICIAL_NSE_INDEX_CLOSE_NO_FORWARD_FILL,BENCHMARK_CONTEXT_V1
2021-11-30,NIFTY_500,NIFTY 500,14662.05,14912.75,14608.6,14648.35,NSE_OFFICIAL_HISTORICAL_OR_INDICES_HISTORY,https://www.nseindia.com/reports-indices-historical-index-data#NIFTY_500_2021-09-07_2021-12-05.json,2021-11-29,OFFICIAL_NSE_INDEX_CLOSE_NO_FORWARD_FILL,BENCHMARK_CONTEXT_V1
2021-12-01,NIFTY_500,NIFTY 500,14743.7,14822.5,14694.3,14784.7,NSE_OFFICIAL_HISTORICAL_OR_INDICES_HISTORY,https://www.nseindia.com/reports-indices-historical-index-data#NIFTY_500_2021-09-07_2021-12-05.json,2021-11-30,OFFICIAL_NSE_INDEX_CLOSE_NO_FORWARD_FILL,BENCHMARK_CONTEXT_V1
2021-12-02,NIFTY_500,NIFTY 500,14808.8,14990.3,14786.65,14973.95,NSE_OFFICIAL_HISTORICAL_OR_INDICES_HISTORY,https://www.nseindia.com/reports-indices-historical-index-data#NIFTY_500_2021-09-07_2021-12-05.json,2021-12-01,OFFICIAL_NSE_INDEX_CLOSE_NO_FORWARD_FILL,BENCHMARK_CONTEXT_V1
2021-12-03,NIFTY_500,NIFTY 500,15002.65,15054.95,14845.25,14856.3,NSE_OFFICIAL_HISTORICAL_OR_INDICES_HISTORY,https://www.nseindia.com/reports-indices-historical-index-data#NIFTY_500_2021-09-07_2021-12-05.json,2021-12-02,OFFICIAL_NSE_INDEX_CLOSE_NO_FORWARD_FILL,BENCHMARK_CONTEXT_V1
2021-12-06,NIFTY_500,NIFTY 500,14876.25,14882.15,14599.35,14618.35,NSE_OFFICIAL_HISTORICAL_OR_INDICES_HISTORY,https://www.nseindia.com/reports-indices-historical-index-data#NIFTY_500_2021-12-06_2022-03-05.json,2021-12-05,OFFICIAL_NSE_INDEX_CLOSE_NO_FORWARD_FILL,BENCHMARK_CONTEXT_V1
2021-12-07,NIFTY_500,NIFTY 500,14733.25,14881.75,14683.25,14834.5,NSE_OFFICIAL_HISTORICAL_OR_INDICES_HISTORY,https://www.nseindia.com/reports-indices-historical-index-data#NIFTY_500_2021-12-06_2022-03-05.json,2021-12-06,OFFICIAL_NSE_INDEX_CLOSE_NO_FORWARD_FILL,BENCHMARK_CONTEXT_V1
2021-12-08,NIFTY_500,NIFTY 500,14945.3,15084.5,14941.3,15073.25,NSE_OFFICIAL_HISTORICAL_OR_INDICES_HISTORY,https://www.nseindia.com/reports-indices-historical-index-data#NIFTY_500_2021-12-06_2022-03-05.json,2021-12-07,OFFICIAL_NSE_INDEX_CLOSE_NO_FORWARD_FILL,BENCHMARK_CONTEXT_V1
2021-12-09,NIFTY_500,NIFTY 500,15126.55,15141,15023.2,15126.6,NSE_OFFICIAL_HISTORICAL_OR_INDICES_HISTORY,https://www.nseindia.com/reports-indices-historical-index-data#NIFTY_500_2021-12-06_2022-03-05.json,2021-12-08,OFFICIAL_NSE_INDEX_CLOSE_NO_FORWARD_FILL,BENCHMARK_CONTEXT_V1
2021-12-10,NIFTY_500,NIFTY 500,15103.65,15168.8,15069.8,15155,NSE_OFFICIAL_HISTORICAL_OR_INDICES_HISTORY,https://www.nseindia.com/reports-indices-historical-index-data#NIFTY_500_2021-12-06_2022-03-05.json,2021-12-09,OFFICIAL_NSE_INDEX_CLOSE_NO_FORWARD_FILL,BENCHMARK_CONTEXT_V1
2021-12-13,NIFTY_500,NIFTY 500,15258.1,15280,15052.9,15064.25,NSE_OFFICIAL_HISTORICAL_OR_INDICES_HISTORY,https://www.nseindia.com/reports-indices-historical-index-data#NIFTY_500_2021-12-06_2022-03-05.json,2021-12-12,OFFICIAL_NSE_INDEX_CLOSE_NO_FORWARD_FILL,BENCHMARK_CONTEXT_V1
2021-12-14,NIFTY_500,NIFTY 500,15005.5,15072,14947.95,15043.25,NSE_OFFICIAL_HISTORICAL_OR_INDICES_HISTORY,https://www.nseindia.com/reports-indices-historical-index-data#NIFTY_500_2021-12-06_2022-03-05.json,2021-12-13,OFFICIAL_NSE_INDEX_CLOSE_NO_FORWARD_FILL,BENCHMARK_CONTEXT_V1
2021-12-15,NIFTY_500,NIFTY 500,15050.1,15075.7,14936.6,14953.1,NSE_OFFICIAL_HISTORICAL_OR_INDICES_HISTORY,https://www.nseindia.com/reports-indices-historical-index-data#NIFTY_500_2021-12-06_2022-03-05.json,2021-12-14,OFFICIAL_NSE_INDEX_CLOSE_NO_FORWARD_FILL,BENCHMARK_CONTEXT_V1
2021-12-16,NIFTY_500,NIFTY 500,15072.95,15078.85,14891.6,14936.45,NSE_OFFICIAL_HISTORICAL_OR_INDICES_HISTORY,https://www.nseindia.com/reports-indices-historical-index-data#NIFTY_500_2021-12-06_2022-03-05.json,2021-12-15,OFFICIAL_NSE_INDEX_CLOSE_NO_FORWARD_FILL,BENCHMARK_CONTEXT_V1
2021-12-17,NIFTY_500,NIFTY 500,14952.75,14966.1,14658.5,14673.15,NSE_OFFICIAL_HISTORICAL_OR_INDICES_HISTORY,https://www.nseindia.com/reports-indices-historical-index-data#NIFTY_500_2021-12-06_2022-03-05.json,2021-12-16,OFFICIAL_NSE_INDEX_CLOSE_NO_FORWARD_FILL,BENCHMARK_CONTEXT_V1
2021-12-20,NIFTY_500,NIFTY 500,14523.5,14533.8,14128.15,14300.7,NSE_OFFICIAL_HISTORICAL_OR_INDICES_HISTORY,https://www.nseindia.com/reports-indices-historical-index-data#NIFTY_500_2021-12-06_2022-03-05.json,2021-12-19,OFFICIAL_NSE_INDEX_CLOSE_NO_FORWARD_FILL,BENCHMARK_CONTEXT_V1
2021-12-21,NIFTY_500,NIFTY 500,14423.7,14584.95,14386.45,14461.4,NSE_OFFICIAL_HISTORICAL_OR_INDICES_HISTORY,https://www.nseindia.com/reports-indices-historical-index-data#NIFTY_500_2021-12-06_2022-03-05.json,2021-12-20,OFFICIAL_NSE_INDEX_CLOSE_NO_FORWARD_FILL,BENCHMARK_CONTEXT_V1
2021-12-22,NIFTY_500,NIFTY 500,14542.7,14652.35,14522.55,14639.75,NSE_OFFICIAL_HISTORICAL_OR_INDICES_HISTORY,https://www.nseindia.com/reports-indices-historical-index-data#NIFTY_500_2021-12-06_2022-03-05.json,2021-12-21,OFFICIAL_NSE_INDEX_CLOSE_NO_FORWARD_FILL,BENCHMARK_CONTEXT_V1
2021-12-23,NIFTY_500,NIFTY 500,14738.3,14779.3,14708.7,14751.45,NSE_OFFICIAL_HISTORICAL_OR_INDICES_HISTORY,https://www.nseindia.com/reports-indices-historical-index-data#NIFTY_500_2021-12-06_2022-03-05.json,2021-12-22,OFFICIAL_NSE_INDEX_CLOSE_NO_FORWARD_FILL,BENCHMARK_CONTEXT_V1
2021-12-24,NIFTY_500,NIFTY 500,14813.9,14819.2,14605.05,14664.8,NSE_OFFICIAL_HISTORICAL_OR_INDICES_HISTORY,https://www.nseindia.com/reports-indices-historical-index-data#NIFTY_500_2021-12-06_2022-03-05.json,2021-12-23,OFFICIAL_NSE_INDEX_CLOSE_NO_FORWARD_FILL,BENCHMARK_CONTEXT_V1
2021-12-27,NIFTY_500,NIFTY 500,14617.15,14745.55,14515.25,14727.6,NSE_OFFICIAL_HISTORICAL_OR_INDICES_HISTORY,https://www.nseindia.com/reports-indices-historical-index-data#NIFTY_500_2021-12-06_2022-03-05.json,2021-12-26,OFFICIAL_NSE_INDEX_CLOSE_NO_FORWARD_FILL,BENCHMARK_CONTEXT_V1
2021-12-28,NIFTY_500,NIFTY 500,14809.5,14880.85,14805.3,14867.85,NSE_OFFICIAL_HISTORICAL_OR_INDICES_HISTORY,https://www.nseindia.com/reports-indices-historical-index-data#NIFTY_500_2021-12-06_2022-03-05.json,2021-12-27,OFFICIAL_NSE_INDEX_CLOSE_NO_FORWARD_FILL,BENCHMARK_CONTEXT_V1
2021-12-29,NIFTY_500,NIFTY 500,14866.2,14922.35,14835.35,14863.4,NSE_OFFICIAL_HISTORICAL_OR_INDICES_HISTORY,https://www.nseindia.com/reports-indices-historical-index-data#NIFTY_500_2021-12-06_2022-03-05.json,2021-12-28,OFFICIAL_NSE_INDEX_CLOSE_NO_FORWARD_FILL,BENCHMARK_CONTEXT_V1
2021-12-30,NIFTY_500,NIFTY 500,14856.1,14894.65,14815,14842.05,NSE_OFFICIAL_HISTORICAL_OR_INDICES_HISTORY,https://www.nseindia.com/reports-indices-historical-index-data#NIFTY_500_2021-12-06_2022-03-05.json,2021-12-29,OFFICIAL_NSE_INDEX_CLOSE_NO_FORWARD_FILL,BENCHMARK_CONTEXT_V1
2021-12-31,NIFTY_500,NIFTY 500,14879.25,15022.35,14877.85,14996.2,NSE_OFFICIAL_HISTORICAL_OR_INDICES_HISTORY,https://www.nseindia.com/reports-indices-historical-index-data#NIFTY_500_2021-12-06_2022-03-05.json,2021-12-30,OFFICIAL_NSE_INDEX_CLOSE_NO_FORWARD_FILL,BENCHMARK_CONTEXT_V1
2022-01-03,NIFTY_500,NIFTY 500,15030.5,15220.05,15028.55,15204.6,NSE_OFFICIAL_HISTORICAL_OR_INDICES_HISTORY,https://www.nseindia.com/reports-indices-historical-index-data#NIFTY_500_2021-12-06_2022-03-05.json,2022-01-02,OFFICIAL_NSE_INDEX_CLOSE_NO_FORWARD_FILL,BENCHMARK_CONTEXT_V1
2022-01-04,NIFTY_500,NIFTY 500,15260.9,15333.6,15168.15,15318.75,NSE_OFFICIAL_HISTORICAL_OR_INDICES_HISTORY,https://www.nseindia.com/reports-indices-historical-index-data#NIFTY_500_2021-12-06_2022-03-05.json,2022-01-03,OFFICIAL_NSE_INDEX_CLOSE_NO_FORWARD_FILL,BENCHMARK_CONTEXT_V1
2022-01-05,NIFTY_500,NIFTY 500,15329.75,15410.6,15264.85,15396.4,NSE_OFFICIAL_HISTORICAL_OR_INDICES_HISTORY,https://www.nseindia.com/reports-indices-historical-index-data#NIFTY_500_2021-12-06_2022-03-05.json,2022-01-04,OFFICIAL_NSE_INDEX_CLOSE_NO_FORWARD_FILL,BENCHMARK_CONTEXT_V1
2022-01-06,NIFTY_500,NIFTY 500,15275.75,15315.5,15197.1,15290.1,NSE_OFFICIAL_HISTORICAL_OR_INDICES_HISTORY,https://www.nseindia.com/reports-indices-historical-index-data#NIFTY_500_2021-12-06_2022-03-05.json,2022-01-05,OFFICIAL_NSE_INDEX_CLOSE_NO_FORWARD_FILL,BENCHMARK_CONTEXT_V1
2022-01-07,NIFTY_500,NIFTY 500,15333.45,15418.4,15255.45,15348.55,NSE_OFFICIAL_HISTORICAL_OR_INDICES_HISTORY,https://www.nseindia.com/reports-indices-historical-index-data#NIFTY_500_2021-12-06_2022-03-05.json,2022-01-06,OFFICIAL_NSE_INDEX_CLOSE_NO_FORWARD_FILL,BENCHMARK_CONTEXT_V1
2022-01-10,NIFTY_500,NIFTY 500,15427.65,15504,15400.55,15495.55,NSE_OFFICIAL_HISTORICAL_OR_INDICES_HISTORY,https://www.nseindia.com/reports-indices-historical-index-data#NIFTY_500_2021-12-06_2022-03-05.json,2022-01-09,OFFICIAL_NSE_INDEX_CLOSE_NO_FORWARD_FILL,BENCHMARK_CONTEXT_V1
2022-01-11,NIFTY_500,NIFTY 500,15497.5,15559.1,15462.05,15530.55,NSE_OFFICIAL_HISTORICAL_OR_INDICES_HISTORY,https://www.nseindia.com/reports-indices-historical-index-data#NIFTY_500_2021-12-06_2022-03-05.json,2022-01-10,OFFICIAL_NSE_INDEX_CLOSE_NO_FORWARD_FILL,BENCHMARK_CONTEXT_V1
2022-01-12,NIFTY_500,NIFTY 500,15627.05,15678.7,15595.65,15667.9,NSE_OFFICIAL_HISTORICAL_OR_INDICES_HISTORY,https://www.nseindia.com/reports-indices-historical-index-data#NIFTY_500_2021-12-06_2022-03-05.json,2022-01-11,OFFICIAL_NSE_INDEX_CLOSE_NO_FORWARD_FILL,BENCHMARK_CONTEXT_V1
2022-01-13,NIFTY_500,NIFTY 500,15710.3,15730.95,15629.45,15721.05,NSE_OFFICIAL_HISTORICAL_OR_INDICES_HISTORY,https://www.nseindia.com/reports-indices-historical-index-data#NIFTY_500_2021-12-06_2022-03-05.json,2022-01-12,OFFICIAL_NSE_INDEX_CLOSE_NO_FORWARD_FILL,BENCHMARK_CONTEXT_V1
2022-01-14,NIFTY_500,NIFTY 500,15667.95,15754.45,15619.55,15730.4,NSE_OFFICIAL_HISTORICAL_OR_INDICES_HISTORY,https://www.nseindia.com/reports-indices-historical-index-data#NIFTY_500_2021-12-06_2022-03-05.json,2022-01-13,OFFICIAL_NSE_INDEX_CLOSE_NO_FORWARD_FILL,BENCHMARK_CONTEXT_V1
2022-01-17,NIFTY_500,NIFTY 500,15731.35,15794.95,15718.25,15781.25,NSE_OFFICIAL_HISTORICAL_OR_INDICES_HISTORY,https://www.nseindia.com/reports-indices-historical-index-data#NIFTY_500_2021-12-06_2022-03-05.json,2022-01-16,OFFICIAL_NSE_INDEX_CLOSE_NO_FORWARD_FILL,BENCHMARK_CONTEXT_V1
2022-01-18,NIFTY_500,NIFTY 500,15819.45,15834.2,15546.65,15573.1,NSE_OFFICIAL_HISTORICAL_OR_INDICES_HISTORY,https://www.nseindia.com/reports-indices-historical-index-data#NIFTY_500_2021-12-06_2022-03-05.json,2022-01-17,OFFICIAL_NSE_INDEX_CLOSE_NO_FORWARD_FILL,BENCHMARK_CONTEXT_V1
2022-01-19,NIFTY_500,NIFTY 500,15580.4,15580.4,15403.2,15472.5,NSE_OFFICIAL_HISTORICAL_OR_INDICES_HISTORY,https://www.nseindia.com/reports-indices-historical-index-data#NIFTY_500_2021-12-06_2022-03-05.json,2022-01-18,OFFICIAL_NSE_INDEX_CLOSE_NO_FORWARD_FILL,BENCHMARK_CONTEXT_V1
2022-01-20,NIFTY_500,NIFTY 500,15464.45,15486.15,15280.55,15361.1,NSE_OFFICIAL_HISTORICAL_OR_INDICES_HISTORY,https://www.nseindia.com/reports-indices-historical-index-data#NIFTY_500_2021-12-06_2022-03-05.json,2022-01-19,OFFICIAL_NSE_INDEX_CLOSE_NO_FORWARD_FILL,BENCHMARK_CONTEXT_V1
2022-01-21,NIFTY_500,NIFTY 500,15252.9,15294.7,15069.05,15180.8,NSE_OFFICIAL_HISTORICAL_OR_INDICES_HISTORY,https://www.nseindia.com/reports-indices-historical-index-data#NIFTY_500_2021-12-06_2022-03-05.json,2022-01-20,OFFICIAL_NSE_INDEX_CLOSE_NO_FORWARD_FILL,BENCHMARK_CONTEXT_V1
2022-01-24,NIFTY_500,NIFTY 500,15155,15165.4,14577.15,14712.05,NSE_OFFICIAL_HISTORICAL_OR_INDICES_HISTORY,https://www.nseindia.com/reports-indices-historical-index-data#NIFTY_500_2021-12-06_2022-03-05.json,2022-01-23,OFFICIAL_NSE_INDEX_CLOSE_NO_FORWARD_FILL,BENCHMARK_CONTEXT_V1
2022-01-25,NIFTY_500,NIFTY 500,14577.55,14853,14410.9,14832.2,NSE_OFFICIAL_HISTORICAL_OR_INDICES_HISTORY,https://www.nseindia.com/reports-indices-historical-index-data#NIFTY_500_2021-12-06_2022-03-05.json,2022-01-24,OFFICIAL_NSE_INDEX_CLOSE_NO_FORWARD_FILL,BENCHMARK_CONTEXT_V1
2022-01-27,NIFTY_500,NIFTY 500,14671.7,14735.75,14489.8,14679.7,NSE_OFFICIAL_HISTORICAL_OR_INDICES_HISTORY,https://www.nseindia.com/reports-indices-historical-index-data#NIFTY_500_2021-12-06_2022-03-05.json,2022-01-26,OFFICIAL_NSE_INDEX_CLOSE_NO_FORWARD_FILL,BENCHMARK_CONTEXT_V1
2022-01-28,NIFTY_500,NIFTY 500,14773.05,14952.15,14701.6,14723.25,NSE_OFFICIAL_HISTORICAL_OR_INDICES_HISTORY,https://www.nseindia.com/reports-indices-historical-index-data#NIFTY_500_2021-12-06_2022-03-05.json,2022-01-27,OFFICIAL_NSE_INDEX_CLOSE_NO_FORWARD_FILL,BENCHMARK_CONTEXT_V1
2022-01-31,NIFTY_500,NIFTY 500,14894.75,14975.8,14857.55,14921.45,NSE_OFFICIAL_HISTORICAL_OR_INDICES_HISTORY,https://www.nseindia.com/reports-indices-historical-index-data#NIFTY_500_2021-12-06_2022-03-05.json,2022-01-30,OFFICIAL_NSE_INDEX_CLOSE_NO_FORWARD_FILL,BENCHMARK_CONTEXT_V1
2022-02-01,NIFTY_500,NIFTY 500,15073.15,15138.2,14850.3,15116.2,NSE_OFFICIAL_HISTORICAL_OR_INDICES_HISTORY,https://www.nseindia.com/reports-indices-historical-index-data#NIFTY_500_2021-12-06_2022-03-05.json,2022-01-31,OFFICIAL_NSE_INDEX_CLOSE_NO_FORWARD_FILL,BENCHMARK_CONTEXT_V1
2022-02-02,NIFTY_500,NIFTY 500,15218.25,15304.6,15201.45,15293.35,NSE_OFFICIAL_HISTORICAL_OR_INDICES_HISTORY,https://www.nseindia.com/reports-indices-historical-index-data#NIFTY_500_2021-12-06_2022-03-05.json,2022-02-01,OFFICIAL_NSE_INDEX_CLOSE_NO_FORWARD_FILL,BENCHMARK_CONTEXT_V1
2022-02-03,NIFTY_500,NIFTY 500,15289.15,15296.35,15101,15135.9,NSE_OFFICIAL_HISTORICAL_OR_INDICES_HISTORY,https://www.nseindia.com/reports-indices-historical-index-data#NIFTY_500_2021-12-06_2022-03-05.json,2022-02-02,OFFICIAL_NSE_INDEX_CLOSE_NO_FORWARD_FILL,BENCHMARK_CONTEXT_V1
2022-02-04,NIFTY_500,NIFTY 500,15159.6,15188.4,15048.35,15085.45,NSE_OFFICIAL_HISTORICAL_OR_INDICES_HISTORY,https://www.nseindia.com/reports-indices-historical-index-data#NIFTY_500_2021-12-06_2022-03-05.json,2022-02-03,OFFICIAL_NSE_INDEX_CLOSE_NO_FORWARD_FILL,BENCHMARK_CONTEXT_V1
2022-02-07,NIFTY_500,NIFTY 500,15065.05,15126.65,14796.2,14870.6,NSE_OFFICIAL_HISTORICAL_OR_INDICES_HISTORY,https://www.nseindia.com/reports-indices-historical-index-data#NIFTY_500_2021-12-06_2022-03-05.json,2022-02-06,OFFICIAL_NSE_INDEX_CLOSE_NO_FORWARD_FILL,BENCHMARK_CONTEXT_V1
2022-02-08,NIFTY_500,NIFTY 500,14926.5,14955.25,14689.15,14857.05,NSE_OFFICIAL_HISTORICAL_OR_INDICES_HISTORY,https://www.nseindia.com/reports-indices-historical-index-data#NIFTY_500_2021-12-06_2022-03-05.json,2022-02-07,OFFICIAL_NSE_INDEX_CLOSE_NO_FORWARD_FILL,BENCHMARK_CONTEXT_V1
2022-02-09,NIFTY_500,NIFTY 500,14942.75,15026.5,14925.05,15016.35,NSE_OFFICIAL_HISTORICAL_OR_INDICES_HISTORY,https://www.nseindia.com/reports-indices-historical-index-data#NIFTY_500_2021-12-06_2022-03-05.json,2022-02-08,OFFICIAL_NSE_INDEX_CLOSE_NO_FORWARD_FILL,BENCHMARK_CONTEXT_V1
2022-02-10,NIFTY_500,NIFTY 500,15084.35,15134.1,14972.35,15112.2,NSE_OFFICIAL_HISTORICAL_OR_INDICES_HISTORY,https://www.nseindia.com/reports-indices-historical-index-data#NIFTY_500_2021-12-06_2022-03-05.json,2022-02-09,OFFICIAL_NSE_INDEX_CLOSE_NO_FORWARD_FILL,BENCHMARK_CONTEXT_V1
2022-02-11,NIFTY_500,NIFTY 500,14988.95,14990.6,14862.05,14891.3,NSE_OFFICIAL_HISTORICAL_OR_INDICES_HISTORY,https://www.nseindia.com/reports-indices-historical-index-data#NIFTY_500_2021-12-06_2022-03-05.json,2022-02-10,OFFICIAL_NSE_INDEX_CLOSE_NO_FORWARD_FILL,BENCHMARK_CONTEXT_V1
2022-02-14,NIFTY_500,NIFTY 500,14606.55,14638.65,14370.7,14400.4,NSE_OFFICIAL_HISTORICAL_OR_INDICES_HISTORY,https://www.nseindia.com/reports-indices-historical-index-data#NIFTY_500_2021-12-06_2022-03-05.json,2022-02-13,OFFICIAL_NSE_INDEX_CLOSE_NO_FORWARD_FILL,BENCHMARK_CONTEXT_V1
2022-02-15,NIFTY_500,NIFTY 500,14469,14822.75,14348.4,14805.55,NSE_OFFICIAL_HISTORICAL_OR_INDICES_HISTORY,https://www.nseindia.com/reports-indices-historical-index-data#NIFTY_500_2021-12-06_2022-03-05.json,2022-02-14,OFFICIAL_NSE_INDEX_CLOSE_NO_FORWARD_FILL,BENCHMARK_CONTEXT_V1
2022-02-16,NIFTY_500,NIFTY 500,14876.65,14935.6,14756.5,14789.9,NSE_OFFICIAL_HISTORICAL_OR_INDICES_HISTORY,https://www.nseindia.com/reports-indices-historical-index-data#NIFTY_500_2021-12-06_2022-03-05.json,2022-02-15,OFFICIAL_NSE_INDEX_CLOSE_NO_FORWARD_FILL,BENCHMARK_CONTEXT_V1
2022-02-17,NIFTY_500,NIFTY 500,14857.1,14895.65,14725.05,14772.05,NSE_OFFICIAL_HISTORICAL_OR_INDICES_HISTORY,https://www.nseindia.com/reports-indices-historical-index-data#NIFTY_500_2021-12-06_2022-03-05.json,2022-02-16,OFFICIAL_NSE_INDEX_CLOSE_NO_FORWARD_FILL,BENCHMARK_CONTEXT_V1
2022-02-18,NIFTY_500,NIFTY 500,14711.3,14815,14692.65,14710.7,NSE_OFFICIAL_HISTORICAL_OR_INDICES_HISTORY,https://www.nseindia.com/reports-indices-historical-index-data#NIFTY_500_2021-12-06_2022-03-05.json,2022-02-17,OFFICIAL_NSE_INDEX_CLOSE_NO_FORWARD_FILL,BENCHMARK_CONTEXT_V1
2022-02-21,NIFTY_500,NIFTY 500,14638.35,14733.1,14498.2,14597.1,NSE_OFFICIAL_HISTORICAL_OR_INDICES_HISTORY,https://www.nseindia.com/reports-indices-historical-index-data#NIFTY_500_2021-12-06_2022-03-05.json,2022-02-20,OFFICIAL_NSE_INDEX_CLOSE_NO_FORWARD_FILL,BENCHMARK_CONTEXT_V1
2022-02-22,NIFTY_500,NIFTY 500,14269.45,14527.2,14267.6,14489.05,NSE_OFFICIAL_HISTORICAL_OR_INDICES_HISTORY,https://www.nseindia.com/reports-indices-historical-index-data#NIFTY_500_2021-12-06_2022-03-05.json,2022-02-21,OFFICIAL_NSE_INDEX_CLOSE_NO_FORWARD_FILL,BENCHMARK_CONTEXT_V1
2022-02-23,NIFTY_500,NIFTY 500,14581.05,14629.05,14482.3,14506.95,NSE_OFFICIAL_HISTORICAL_OR_INDICES_HISTORY,https://www.nseindia.com/reports-indices-historical-index-data#NIFTY_500_2021-12-06_2022-03-05.json,2022-02-22,OFFICIAL_NSE_INDEX_CLOSE_NO_FORWARD_FILL,BENCHMARK_CONTEXT_V1
2022-02-24,NIFTY_500,NIFTY 500,14055.85,14180.85,13747.45,13775.7,NSE_OFFICIAL_HISTORICAL_OR_INDICES_HISTORY,https://www.nseindia.com/reports-indices-historical-index-data#NIFTY_500_2021-12-06_2022-03-05.json,2022-02-23,OFFICIAL_NSE_INDEX_CLOSE_NO_FORWARD_FILL,BENCHMARK_CONTEXT_V1
2022-02-25,NIFTY_500,NIFTY 500,14018.1,14247.05,14007.7,14187.4,NSE_OFFICIAL_HISTORICAL_OR_INDICES_HISTORY,https://www.nseindia.com/reports-indices-historical-index-data#NIFTY_500_2021-12-06_2022-03-05.json,2022-02-24,OFFICIAL_NSE_INDEX_CLOSE_NO_FORWARD_FILL,BENCHMARK_CONTEXT_V1
2022-02-28,NIFTY_500,NIFTY 500,14047.75,14320.95,13928.8,14307.95,NSE_OFFICIAL_HISTORICAL_OR_INDICES_HISTORY,https://www.nseindia.com/reports-indices-historical-index-data#NIFTY_500_2021-12-06_2022-03-05.json,2022-02-27,OFFICIAL_NSE_INDEX_CLOSE_NO_FORWARD_FILL,BENCHMARK_CONTEXT_V1
2022-03-02,NIFTY_500,NIFTY 500,14161.7,14265.5,14104.75,14199.8,NSE_OFFICIAL_HISTORICAL_OR_INDICES_HISTORY,https://www.nseindia.com/reports-indices-historical-index-data#NIFTY_500_2021-12-06_2022-03-05.json,2022-03-01,OFFICIAL_NSE_INDEX_CLOSE_NO_FORWARD_FILL,BENCHMARK_CONTEXT_V1
2022-03-03,NIFTY_500,NIFTY 500,14327.7,14364.6,14094.3,14135.95,NSE_OFFICIAL_HISTORICAL_OR_INDICES_HISTORY,https://www.nseindia.com/reports-indices-historical-index-data#NIFTY_500_2021-12-06_2022-03-05.json,2022-03-02,OFFICIAL_NSE_INDEX_CLOSE_NO_FORWARD_FILL,BENCHMARK_CONTEXT_V1
2022-03-04,NIFTY_500,NIFTY 500,14020.2,14075,13828.45,13893.15,NSE_OFFICIAL_HISTORICAL_OR_INDICES_HISTORY,https://www.nseindia.com/reports-indices-historical-index-data#NIFTY_500_2021-12-06_2022-03-05.json,2022-03-03,OFFICIAL_NSE_INDEX_CLOSE_NO_FORWARD_FILL,BENCHMARK_CONTEXT_V1
2022-03-07,NIFTY_500,NIFTY 500,13594.75,13637.5,13438.3,13564.25,NSE_OFFICIAL_HISTORICAL_OR_INDICES_HISTORY,https://www.nseindia.com/reports-indices-historical-index-data#NIFTY_500_2022-03-06_2022-06-03.json,2022-03-06,OFFICIAL_NSE_INDEX_CLOSE_NO_FORWARD_FILL,BENCHMARK_CONTEXT_V1
2022-03-08,NIFTY_500,NIFTY 500,13504.75,13720.1,13423.55,13706.75,NSE_OFFICIAL_HISTORICAL_OR_INDICES_HISTORY,https://www.nseindia.com/reports-indices-historical-index-data#NIFTY_500_2022-03-06_2022-06-03.json,2022-03-07,OFFICIAL_NSE_INDEX_CLOSE_NO_FORWARD_FILL,BENCHMARK_CONTEXT_V1
2022-03-09,NIFTY_500,NIFTY 500,13786.4,14037.65,13721.95,13979.6,NSE_OFFICIAL_HISTORICAL_OR_INDICES_HISTORY,https://www.nseindia.com/reports-indices-historical-index-data#NIFTY_500_2022-03-06_2022-06-03.json,2022-03-08,OFFICIAL_NSE_INDEX_CLOSE_NO_FORWARD_FILL,BENCHMARK_CONTEXT_V1
2022-03-10,NIFTY_500,NIFTY 500,14313.2,14316.8,14079.85,14189,NSE_OFFICIAL_HISTORICAL_OR_INDICES_HISTORY,https://www.nseindia.com/reports-indices-historical-index-data#NIFTY_500_2022-03-06_2022-06-03.json,2022-03-09,OFFICIAL_NSE_INDEX_CLOSE_NO_FORWARD_FILL,BENCHMARK_CONTEXT_V1
2022-03-11,NIFTY_500,NIFTY 500,14145.5,14268.3,14098.7,14237.15,NSE_OFFICIAL_HISTORICAL_OR_INDICES_HISTORY,https://www.nseindia.com/reports-indices-historical-index-data#NIFTY_500_2022-03-06_2022-06-03.json,2022-03-10,OFFICIAL_NSE_INDEX_CLOSE_NO_FORWARD_FILL,BENCHMARK_CONTEXT_V1
2022-03-14,NIFTY_500,NIFTY 500,14248.9,14389.35,14189.1,14374.6,NSE_OFFICIAL_HISTORICAL_OR_INDICES_HISTORY,https://www.nseindia.com/reports-indices-historical-index-data#NIFTY_500_2022-03-06_2022-06-03.json,2022-03-13,OFFICIAL_NSE_INDEX_CLOSE_NO_FORWARD_FILL,BENCHMARK_CONTEXT_V1
2022-03-15,NIFTY_500,NIFTY 500,14408.75,14433.75,14130.9,14215.85,NSE_OFFICIAL_HISTORICAL_OR_INDICES_HISTORY,https://www.nseindia.com/reports-indices-historical-index-data#NIFTY_500_2022-03-06_2022-06-03.json,2022-03-14,OFFICIAL_NSE_INDEX_CLOSE_NO_FORWARD_FILL,BENCHMARK_CONTEXT_V1
2022-03-16,NIFTY_500,NIFTY 500,14392.55,14491.45,14369.5,14481.8,NSE_OFFICIAL_HISTORICAL_OR_INDICES_HISTORY,https://www.nseindia.com/reports-indices-historical-index-data#NIFTY_500_2022-03-06_2022-06-03.json,2022-03-15,OFFICIAL_NSE_INDEX_CLOSE_NO_FORWARD_FILL,BENCHMARK_CONTEXT_V1
2022-03-17,NIFTY_500,NIFTY 500,14667.2,14756.55,14644.75,14721.7,NSE_OFFICIAL_HISTORICAL_OR_INDICES_HISTORY,https://www.nseindia.com/reports-indices-historical-index-data#NIFTY_500_2022-03-06_2022-06-03.json,2022-03-16,OFFICIAL_NSE_INDEX_CLOSE_NO_FORWARD_FILL,BENCHMARK_CONTEXT_V1
2022-03-21,NIFTY_500,NIFTY 500,14773.05,14789.85,14590.7,14602.35,NSE_OFFICIAL_HISTORICAL_OR_INDICES_HISTORY,https://www.nseindia.com/reports-indices-historical-index-data#NIFTY_500_2022-03-06_2022-06-03.json,2022-03-20,OFFICIAL_NSE_INDEX_CLOSE_NO_FORWARD_FILL,BENCHMARK_CONTEXT_V1
2022-03-22,NIFTY_500,NIFTY 500,14613.1,14738.15,14492.25,14724.05,NSE_OFFICIAL_HISTORICAL_OR_INDICES_HISTORY,https://www.nseindia.com/reports-indices-historical-index-data#NIFTY_500_2022-03-06_2022-06-03.json,2022-03-21,OFFICIAL_NSE_INDEX_CLOSE_NO_FORWARD_FILL,BENCHMARK_CONTEXT_V1
2022-03-23,NIFTY_500,NIFTY 500,14806.6,14833.3,14660.45,14695.15,NSE_OFFICIAL_HISTORICAL_OR_INDICES_HISTORY,https://www.nseindia.com/reports-indices-historical-index-data#NIFTY_500_2022-03-06_2022-06-03.json,2022-03-22,OFFICIAL_NSE_INDEX_CLOSE_NO_FORWARD_FILL,BENCHMARK_CONTEXT_V1
2022-03-24,NIFTY_500,NIFTY 500,14598.75,14744.7,14595.7,14699.35,NSE_OFFICIAL_HISTORICAL_OR_INDICES_HISTORY,https://www.nseindia.com/reports-indices-historical-index-data#NIFTY_500_2022-03-06_2022-06-03.json,2022-03-23,OFFICIAL_NSE_INDEX_CLOSE_NO_FORWARD_FILL,BENCHMARK_CONTEXT_V1
2022-03-25,NIFTY_500,NIFTY 500,14763.9,14768.3,14590.45,14651.7,NSE_OFFICIAL_HISTORICAL_OR_INDICES_HISTORY,https://www.nseindia.com/reports-indices-historical-index-data#NIFTY_500_2022-03-06_2022-06-03.json,2022-03-24,OFFICIAL_NSE_INDEX_CLOSE_NO_FORWARD_FILL,BENCHMARK_CONTEXT_V1
2022-03-28,NIFTY_500,NIFTY 500,14686.25,14694.85,14515.65,14675.85,NSE_OFFICIAL_HISTORICAL_OR_INDICES_HISTORY,https://www.nseindia.com/reports-indices-historical-index-data#NIFTY_500_2022-03-06_2022-06-03.json,2022-03-27,OFFICIAL_NSE_INDEX_CLOSE_NO_FORWARD_FILL,BENCHMARK_CONTEXT_V1
2022-03-29,NIFTY_500,NIFTY 500,14744.05,14773.15,14689.6,14761.9,NSE_OFFICIAL_HISTORICAL_OR_INDICES_HISTORY,https://www.nseindia.com/reports-indices-historical-index-data#NIFTY_500_2022-03-06_2022-06-03.json,2022-03-28,OFFICIAL_NSE_INDEX_CLOSE_NO_FORWARD_FILL,BENCHMARK_CONTEXT_V1
2022-03-30,NIFTY_500,NIFTY 500,14880.7,14924.75,14823.55,14896.9,NSE_OFFICIAL_HISTORICAL_OR_INDICES_HISTORY,https://www.nseindia.com/reports-indices-historical-index-data#NIFTY_500_2022-03-06_2022-06-03.json,2022-03-29,OFFICIAL_NSE_INDEX_CLOSE_NO_FORWARD_FILL,BENCHMARK_CONTEXT_V1
2022-03-31,NIFTY_500,NIFTY 500,14925.55,14963.4,14871,14894.5,NSE_OFFICIAL_HISTORICAL_OR_INDICES_HISTORY,https://www.nseindia.com/reports-indices-historical-index-data#NIFTY_500_2022-03-06_2022-06-03.json,2022-03-30,OFFICIAL_NSE_INDEX_CLOSE_NO_FORWARD_FILL,BENCHMARK_CONTEXT_V1
2022-04-01,NIFTY_500,NIFTY 500,14890.1,15111.35,14882.6,15087.3,NSE_OFFICIAL_HISTORICAL_OR_INDICES_HISTORY,https://www.nseindia.com/reports-indices-historical-index-data#NIFTY_500_2022-03-06_2022-06-03.json,2022-03-31,OFFICIAL_NSE_INDEX_CLOSE_NO_FORWARD_FILL,BENCHMARK_CONTEXT_V1
2022-04-04,NIFTY_500,NIFTY 500,15192.8,15393.35,15184.7,15384.2,NSE_OFFICIAL_HISTORICAL_OR_INDICES_HISTORY,https://www.nseindia.com/reports-indices-historical-index-data#NIFTY_500_2022-03-06_2022-06-03.json,2022-04-03,OFFICIAL_NSE_INDEX_CLOSE_NO_FORWARD_FILL,BENCHMARK_CONTEXT_V1
2022-04-05,NIFTY_500,NIFTY 500,15433.05,15477.8,15360.2,15390.5,NSE_OFFICIAL_HISTORICAL_OR_INDICES_HISTORY,https://www.nseindia.com/reports-indices-historical-index-data#NIFTY_500_2022-03-06_2022-06-03.json,2022-04-04,OFFICIAL_NSE_INDEX_CLOSE_NO_FORWARD_FILL,BENCHMARK_CONTEXT_V1
2022-04-06,NIFTY_500,NIFTY 500,15318.15,15387.4,15293.85,15327.9,NSE_OFFICIAL_HISTORICAL_OR_INDICES_HISTORY,https://www.nseindia.com/reports-indices-historical-index-data#NIFTY_500_2022-03-06_2022-06-03.json,2022-04-05,OFFICIAL_NSE_INDEX_CLOSE_NO_FORWARD_FILL,BENCHMARK_CONTEXT_V1
2022-04-07,NIFTY_500,NIFTY 500,15292.35,15361.2,15185.7,15201.25,NSE_OFFICIAL_HISTORICAL_OR_INDICES_HISTORY,https://www.nseindia.com/reports-indices-historical-index-data#NIFTY_500_2022-03-06_2022-06-03.json,2022-04-06,OFFICIAL_NSE_INDEX_CLOSE_NO_FORWARD_FILL,BENCHMARK_CONTEXT_V1
2022-04-08,NIFTY_500,NIFTY 500,15271.35,15386.1,15202.5,15342.4,NSE_OFFICIAL_HISTORICAL_OR_INDICES_HISTORY,https://www.nseindia.com/reports-indices-historical-index-data#NIFTY_500_2022-03-06_2022-06-03.json,2022-04-07,OFFICIAL_NSE_INDEX_CLOSE_NO_FORWARD_FILL,BENCHMARK_CONTEXT_V1
2022-04-11,NIFTY_500,NIFTY 500,15337.5,15386.85,15294.3,15325.5,NSE_OFFICIAL_HISTORICAL_OR_INDICES_HISTORY,https://www.nseindia.com/reports-indices-historical-index-data#NIFTY_500_2022-03-06_2022-06-03.json,2022-04-10,OFFICIAL_NSE_INDEX_CLOSE_NO_FORWARD_FILL,BENCHMARK_CONTEXT_V1
2022-04-12,NIFTY_500,NIFTY 500,15281.85,15283.35,15078.45,15164.7,NSE_OFFICIAL_HISTORICAL_OR_INDICES_HISTORY,https://www.nseindia.com/reports-indices-historical-index-data#NIFTY_500_2022-03-06_2022-06-03.json,2022-04-11,OFFICIAL_NSE_INDEX_CLOSE_NO_FORWARD_FILL,BENCHMARK_CONTEXT_V1
2022-04-13,NIFTY_500,NIFTY 500,15239.65,15284.7,15126.65,15138.55,NSE_OFFICIAL_HISTORICAL_OR_INDICES_HISTORY,https://www.nseindia.com/reports-indices-historical-index-data#NIFTY_500_2022-03-06_2022-06-03.json,2022-04-12,OFFICIAL_NSE_INDEX_CLOSE_NO_FORWARD_FILL,BENCHMARK_CONTEXT_V1
2022-04-18,NIFTY_500,NIFTY 500,14942.6,14971.5,14821.25,14926.05,NSE_OFFICIAL_HISTORICAL_OR_INDICES_HISTORY,https://www.nseindia.com/reports-indices-historical-index-data#NIFTY_500_2022-03-06_2022-06-03.json,2022-04-17,OFFICIAL_NSE_INDEX_CLOSE_NO_FORWARD_FILL,BENCHMARK_CONTEXT_V1
2022-04-19,NIFTY_500,NIFTY 500,15012.75,15041.65,14617.05,14726.65,NSE_OFFICIAL_HISTORICAL_OR_INDICES_HISTORY,https://www.nseindia.com/reports-indices-historical-index-data#NIFTY_500_2022-03-06_2022-06-03.json,2022-04-18,OFFICIAL_NSE_INDEX_CLOSE_NO_FORWARD_FILL,BENCHMARK_CONTEXT_V1
2022-04-20,NIFTY_500,NIFTY 500,14807.15,14905.25,14747.95,14850.3,NSE_OFFICIAL_HISTORICAL_OR_INDICES_HISTORY,https://www.nseindia.com/reports-indices-historical-index-data#NIFTY_500_2022-03-06_2022-06-03.json,2022-04-19,OFFICIAL_NSE_INDEX_CLOSE_NO_FORWARD_FILL,BENCHMARK_CONTEXT_V1
2022-04-21,NIFTY_500,NIFTY 500,14946.3,15067.45,14929.15,15053.95,NSE_OFFICIAL_HISTORICAL_OR_INDICES_HISTORY,https://www.nseindia.com/reports-indices-historical-index-data#NIFTY_500_2022-03-06_2022-06-03.json,2022-04-20,OFFICIAL_NSE_INDEX_CLOSE_NO_FORWARD_FILL,BENCHMARK_CONTEXT_V1
2022-04-22,NIFTY_500,NIFTY 500,14948.1,15015.35,14875.8,14894.85,NSE_OFFICIAL_HISTORICAL_OR_INDICES_HISTORY,https://www.nseindia.com/reports-indices-historical-index-data#NIFTY_500_2022-03-06_2022-06-03.json,2022-04-21,OFFICIAL_NSE_INDEX_CLOSE_NO_FORWARD_FILL,BENCHMARK_CONTEXT_V1
2022-04-25,NIFTY_500,NIFTY 500,14758.6,14769.1,14623.1,14673,NSE_OFFICIAL_HISTORICAL_OR_INDICES_HISTORY,https://www.nseindia.com/reports-indices-historical-index-data#NIFTY_500_2022-03-06_2022-06-03.json,2022-04-24,OFFICIAL_NSE_INDEX_CLOSE_NO_FORWARD_FILL,BENCHMARK_CONTEXT_V1
2022-04-26,NIFTY_500,NIFTY 500,14818.8,14915.35,14785.85,14898.35,NSE_OFFICIAL_HISTORICAL_OR_INDICES_HISTORY,https://www.nseindia.com/reports-indices-historical-index-data#NIFTY_500_2022-03-06_2022-06-03.json,2022-04-25,OFFICIAL_NSE_INDEX_CLOSE_NO_FORWARD_FILL,BENCHMARK_CONTEXT_V1
2022-04-27,NIFTY_500,NIFTY 500,14797.35,14825.55,14678.95,14756,NSE_OFFICIAL_HISTORICAL_OR_INDICES_HISTORY,https://www.nseindia.com/reports-indices-historical-index-data#NIFTY_500_2022-03-06_2022-06-03.json,2022-04-26,OFFICIAL_NSE_INDEX_CLOSE_NO_FORWARD_FILL,BENCHMARK_CONTEXT_V1
2022-04-28,NIFTY_500,NIFTY 500,14886.5,14964.6,14765.85,14913.9,NSE_OFFICIAL_HISTORICAL_OR_INDICES_HISTORY,https://www.nseindia.com/reports-indices-historical-index-data#NIFTY_500_2022-03-06_2022-06-03.json,2022-04-27,OFFICIAL_NSE_INDEX_CLOSE_NO_FORWARD_FILL,BENCHMARK_CONTEXT_V1
2022-04-29,NIFTY_500,NIFTY 500,14991.45,15011.7,14743.35,14783.35,NSE_OFFICIAL_HISTORICAL_OR_INDICES_HISTORY,https://www.nseindia.com/reports-indices-historical-index-data#NIFTY_500_2022-03-06_2022-06-03.json,2022-04-28,OFFICIAL_NSE_INDEX_CLOSE_NO_FORWARD_FILL,BENCHMARK_CONTEXT_V1
2022-05-02,NIFTY_500,NIFTY 500,14647.25,14751.05,14617.75,14736.3,NSE_OFFICIAL_HISTORICAL_OR_INDICES_HISTORY,https://www.nseindia.com/reports-indices-historical-index-data#NIFTY_500_2022-03-06_2022-06-03.json,2022-05-01,OFFICIAL_NSE_INDEX_CLOSE_NO_FORWARD_FILL,BENCHMARK_CONTEXT_V1
2022-05-04,NIFTY_500,NIFTY 500,14771.45,14798.3,14343.6,14393.35,NSE_OFFICIAL_HISTORICAL_OR_INDICES_HISTORY,https://www.nseindia.com/reports-indices-historical-index-data#NIFTY_500_2022-03-06_2022-06-03.json,2022-05-03,OFFICIAL_NSE_INDEX_CLOSE_NO_FORWARD_FILL,BENCHMARK_CONTEXT_V1
2022-05-05,NIFTY_500,NIFTY 500,14542.15,14606.05,14365.55,14395.5,NSE_OFFICIAL_HISTORICAL_OR_INDICES_HISTORY,https://www.nseindia.com/reports-indices-historical-index-data#NIFTY_500_2022-03-06_2022-06-03.json,2022-05-04,OFFICIAL_NSE_INDEX_CLOSE_NO_FORWARD_FILL,BENCHMARK_CONTEXT_V1
2022-05-06,NIFTY_500,NIFTY 500,14159.1,14205,14073.45,14145.75,NSE_OFFICIAL_HISTORICAL_OR_INDICES_HISTORY,https://www.nseindia.com/reports-indices-historical-index-data#NIFTY_500_2022-03-06_2022-06-03.json,2022-05-05,OFFICIAL_NSE_INDEX_CLOSE_NO_FORWARD_FILL,BENCHMARK_CONTEXT_V1
2022-05-09,NIFTY_500,NIFTY 500,14002.75,14088.3,13879.55,13991.75,NSE_OFFICIAL_HISTORICAL_OR_INDICES_HISTORY,https://www.nseindia.com/reports-indices-historical-index-data#NIFTY_500_2022-03-06_2022-06-03.json,2022-05-08,OFFICIAL_NSE_INDEX_CLOSE_NO_FORWARD_FILL,BENCHMARK_CONTEXT_V1
2022-05-10,NIFTY_500,NIFTY 500,13953.95,14068.4,13823.35,13855.95,NSE_OFFICIAL_HISTORICAL_OR_INDICES_HISTORY,https://www.nseindia.com/reports-indices-historical-index-data#NIFTY_500_2022-03-06_2022-06-03.json,2022-05-09,OFFICIAL_NSE_INDEX_CLOSE_NO_FORWARD_FILL,BENCHMARK_CONTEXT_V1
2022-05-11,NIFTY_500,NIFTY 500,13888.15,13949.1,13589.35,13771.8,NSE_OFFICIAL_HISTORICAL_OR_INDICES_HISTORY,https://www.nseindia.com/reports-indices-historical-index-data#NIFTY_500_2022-03-06_2022-06-03.json,2022-05-10,OFFICIAL_NSE_INDEX_CLOSE_NO_FORWARD_FILL,BENCHMARK_CONTEXT_V1
2022-05-12,NIFTY_500,NIFTY 500,13656.95,13671,13389.75,13465.25,NSE_OFFICIAL_HISTORICAL_OR_INDICES_HISTORY,https://www.nseindia.com/reports-indices-historical-index-data#NIFTY_500_2022-03-06_2022-06-03.json,2022-05-11,OFFICIAL_NSE_INDEX_CLOSE_NO_FORWARD_FILL,BENCHMARK_CONTEXT_V1
2022-05-13,NIFTY_500,NIFTY 500,13621.2,13738.55,13435.05,13471.5,NSE_OFFICIAL_HISTORICAL_OR_INDICES_HISTORY,https://www.nseindia.com/reports-indices-historical-index-data#NIFTY_500_2022-03-06_2022-06-03.json,2022-05-12,OFFICIAL_NSE_INDEX_CLOSE_NO_FORWARD_FILL,BENCHMARK_CONTEXT_V1
2022-05-16,NIFTY_500,NIFTY 500,13540.25,13646.3,13434.45,13571.2,NSE_OFFICIAL_HISTORICAL_OR_INDICES_HISTORY,https://www.nseindia.com/reports-indices-historical-index-data#NIFTY_500_2022-03-06_2022-06-03.json,2022-05-15,OFFICIAL_NSE_INDEX_CLOSE_NO_FORWARD_FILL,BENCHMARK_CONTEXT_V1
2022-05-17,NIFTY_500,NIFTY 500,13648.45,13944.7,13632.15,13926.05,NSE_OFFICIAL_HISTORICAL_OR_INDICES_HISTORY,https://www.nseindia.com/reports-indices-historical-index-data#NIFTY_500_2022-03-06_2022-06-03.json,2022-05-16,OFFICIAL_NSE_INDEX_CLOSE_NO_FORWARD_FILL,BENCHMARK_CONTEXT_V1
2022-05-18,NIFTY_500,NIFTY 500,13989.35,14064,13896.6,13918.2,NSE_OFFICIAL_HISTORICAL_OR_INDICES_HISTORY,https://www.nseindia.com/reports-indices-historical-index-data#NIFTY_500_2022-03-06_2022-06-03.json,2022-05-17,OFFICIAL_NSE_INDEX_CLOSE_NO_FORWARD_FILL,BENCHMARK_CONTEXT_V1
2022-05-19,NIFTY_500,NIFTY 500,13625.75,13680.65,13520.95,13550.9,NSE_OFFICIAL_HISTORICAL_OR_INDICES_HISTORY,https://www.nseindia.com/reports-indices-historical-index-data#NIFTY_500_2022-03-06_2022-06-03.json,2022-05-18,OFFICIAL_NSE_INDEX_CLOSE_NO_FORWARD_FILL,BENCHMARK_CONTEXT_V1
2022-05-20,NIFTY_500,NIFTY 500,13755.05,13906.4,13733.55,13895.05,NSE_OFFICIAL_HISTORICAL_OR_INDICES_HISTORY,https://www.nseindia.com/reports-indices-historical-index-data#NIFTY_500_2022-03-06_2022-06-03.json,2022-05-19,OFFICIAL_NSE_INDEX_CLOSE_NO_FORWARD_FILL,BENCHMARK_CONTEXT_V1
2022-05-23,NIFTY_500,NIFTY 500,13929.75,14005.5,13813.6,13835.8,NSE_OFFICIAL_HISTORICAL_OR_INDICES_HISTORY,https://www.nseindia.com/reports-indices-historical-index-data#NIFTY_500_2022-03-06_2022-06-03.json,2022-05-22,OFFICIAL_NSE_INDEX_CLOSE_NO_FORWARD_FILL,BENCHMARK_CONTEXT_V1
2022-05-24,NIFTY_500,NIFTY 500,13858.05,13883.55,13709.4,13747.25,NSE_OFFICIAL_HISTORICAL_OR_INDICES_HISTORY,https://www.nseindia.com/reports-indices-historical-index-data#NIFTY_500_2022-03-06_2022-06-03.json,2022-05-23,OFFICIAL_NSE_INDEX_CLOSE_NO_FORWARD_FILL,BENCHMARK_CONTEXT_V1
2022-05-25,NIFTY_500,NIFTY 500,13805.1,13821.4,13574.5,13587.75,NSE_OFFICIAL_HISTORICAL_OR_INDICES_HISTORY,https://www.nseindia.com/reports-indices-historical-index-data#NIFTY_500_2022-03-06_2022-06-03.json,2022-05-24,OFFICIAL_NSE_INDEX_CLOSE_NO_FORWARD_FILL,BENCHMARK_CONTEXT_V1
2022-05-26,NIFTY_500,NIFTY 500,13651.55,13756.85,13445.25,13722.55,NSE_OFFICIAL_HISTORICAL_OR_INDICES_HISTORY,https://www.nseindia.com/reports-indices-historical-index-data#NIFTY_500_2022-03-06_2022-06-03.json,2022-05-25,OFFICIAL_NSE_INDEX_CLOSE_NO_FORWARD_FILL,BENCHMARK_CONTEXT_V1
2022-05-27,NIFTY_500,NIFTY 500,13839.3,13885.05,13768.3,13873.15,NSE_OFFICIAL_HISTORICAL_OR_INDICES_HISTORY,https://www.nseindia.com/reports-indices-historical-index-data#NIFTY_500_2022-03-06_2022-06-03.json,2022-05-26,OFFICIAL_NSE_INDEX_CLOSE_NO_FORWARD_FILL,BENCHMARK_CONTEXT_V1
2022-05-30,NIFTY_500,NIFTY 500,14022.6,14163.05,14009.65,14154.8,NSE_OFFICIAL_HISTORICAL_OR_INDICES_HISTORY,https://www.nseindia.com/reports-indices-historical-index-data#NIFTY_500_2022-03-06_2022-06-03.json,2022-05-29,OFFICIAL_NSE_INDEX_CLOSE_NO_FORWARD_FILL,BENCHMARK_CONTEXT_V1
2022-05-31,NIFTY_500,NIFTY 500,14106,14215.45,14067.05,14119.6,NSE_OFFICIAL_HISTORICAL_OR_INDICES_HISTORY,https://www.nseindia.com/reports-indices-historical-index-data#NIFTY_500_2022-03-06_2022-06-03.json,2022-05-30,OFFICIAL_NSE_INDEX_CLOSE_NO_FORWARD_FILL,BENCHMARK_CONTEXT_V1
2022-06-01,NIFTY_500,NIFTY 500,14132.1,14186.9,14009.05,14082.9,NSE_OFFICIAL_HISTORICAL_OR_INDICES_HISTORY,https://www.nseindia.com/reports-indices-historical-index-data#NIFTY_500_2022-03-06_2022-06-03.json,2022-05-31,OFFICIAL_NSE_INDEX_CLOSE_NO_FORWARD_FILL,BENCHMARK_CONTEXT_V1
2022-06-02,NIFTY_500,NIFTY 500,14059.25,14179.3,14029.8,14167.95,NSE_OFFICIAL_HISTORICAL_OR_INDICES_HISTORY,https://www.nseindia.com/reports-indices-historical-index-data#NIFTY_500_2022-03-06_2022-06-03.json,2022-06-01,OFFICIAL_NSE_INDEX_CLOSE_NO_FORWARD_FILL,BENCHMARK_CONTEXT_V1
2022-06-03,NIFTY_500,NIFTY 500,14280.35,14300,14064.9,14077.9,NSE_OFFICIAL_HISTORICAL_OR_INDICES_HISTORY,https://www.nseindia.com/reports-indices-historical-index-data#NIFTY_500_2022-03-06_2022-06-03.json,2022-06-02,OFFICIAL_NSE_INDEX_CLOSE_NO_FORWARD_FILL,BENCHMARK_CONTEXT_V1
2022-06-06,NIFTY_500,NIFTY 500,14042.4,14081.2,13932.15,14054.1,NSE_OFFICIAL_HISTORICAL_OR_INDICES_HISTORY,https://www.nseindia.com/reports-indices-historical-index-data#NIFTY_500_2022-06-04_2022-09-01.json,2022-06-05,OFFICIAL_NSE_INDEX_CLOSE_NO_FORWARD_FILL,BENCHMARK_CONTEXT_V1
2022-06-07,NIFTY_500,NIFTY 500,13978.65,13990.2,13883.75,13935.6,NSE_OFFICIAL_HISTORICAL_OR_INDICES_HISTORY,https://www.nseindia.com/reports-indices-historical-index-data#NIFTY_500_2022-06-04_2022-09-01.json,2022-06-06,OFFICIAL_NSE_INDEX_CLOSE_NO_FORWARD_FILL,BENCHMARK_CONTEXT_V1
2022-06-08,NIFTY_500,NIFTY 500,13981.65,14020.45,13832.45,13886.9,NSE_OFFICIAL_HISTORICAL_OR_INDICES_HISTORY,https://www.nseindia.com/reports-indices-historical-index-data#NIFTY_500_2022-06-04_2022-09-01.json,2022-06-07,OFFICIAL_NSE_INDEX_CLOSE_NO_FORWARD_FILL,BENCHMARK_CONTEXT_V1
2022-06-09,NIFTY_500,NIFTY 500,13816.7,13989,13790,13977.1,NSE_OFFICIAL_HISTORICAL_OR_INDICES_HISTORY,https://www.nseindia.com/reports-indices-historical-index-data#NIFTY_500_2022-06-04_2022-09-01.json,2022-06-08,OFFICIAL_NSE_INDEX_CLOSE_NO_FORWARD_FILL,BENCHMARK_CONTEXT_V1
2022-06-10,NIFTY_500,NIFTY 500,13825,13860.05,13757.95,13781.75,NSE_OFFICIAL_HISTORICAL_OR_INDICES_HISTORY,https://www.nseindia.com/reports-indices-historical-index-data#NIFTY_500_2022-06-04_2022-09-01.json,2022-06-09,OFFICIAL_NSE_INDEX_CLOSE_NO_FORWARD_FILL,BENCHMARK_CONTEXT_V1
2022-06-13,NIFTY_500,NIFTY 500,13521.2,13527.75,13356.2,13416.9,NSE_OFFICIAL_HISTORICAL_OR_INDICES_HISTORY,https://www.nseindia.com/reports-indices-historical-index-data#NIFTY_500_2022-06-04_2022-09-01.json,2022-06-12,OFFICIAL_NSE_INDEX_CLOSE_NO_FORWARD_FILL,BENCHMARK_CONTEXT_V1
2022-06-14,NIFTY_500,NIFTY 500,13341.95,13506.5,13324.15,13388.3,NSE_OFFICIAL_HISTORICAL_OR_INDICES_HISTORY,https://www.nseindia.com/reports-indices-historical-index-data#NIFTY_500_2022-06-04_2022-09-01.json,2022-06-13,OFFICIAL_NSE_INDEX_CLOSE_NO_FORWARD_FILL,BENCHMARK_CONTEXT_V1
2022-06-15,NIFTY_500,NIFTY 500,13412.2,13448.45,13366.75,13380.85,NSE_OFFICIAL_HISTORICAL_OR_INDICES_HISTORY,https://www.nseindia.com/reports-indices-historical-index-data#NIFTY_500_2022-06-04_2022-09-01.json,2022-06-14,OFFICIAL_NSE_INDEX_CLOSE_NO_FORWARD_FILL,BENCHMARK_CONTEXT_V1
2022-06-16,NIFTY_500,NIFTY 500,13508.7,13527.8,13064.05,13089.2,NSE_OFFICIAL_HISTORICAL_OR_INDICES_HISTORY,https://www.nseindia.com/reports-indices-historical-index-data#NIFTY_500_2022-06-04_2022-09-01.json,2022-06-15,OFFICIAL_NSE_INDEX_CLOSE_NO_FORWARD_FILL,BENCHMARK_CONTEXT_V1
2022-06-17,NIFTY_500,NIFTY 500,13011.4,13111.95,12903.85,12994.75,NSE_OFFICIAL_HISTORICAL_OR_INDICES_HISTORY,https://www.nseindia.com/reports-indices-historical-index-data#NIFTY_500_2022-06-04_2022-09-01.json,2022-06-16,OFFICIAL_NSE_INDEX_CLOSE_NO_FORWARD_FILL,BENCHMARK_CONTEXT_V1
2022-06-20,NIFTY_500,NIFTY 500,13026.15,13049.4,12855.55,12950.75,NSE_OFFICIAL_HISTORICAL_OR_INDICES_HISTORY,https://www.nseindia.com/reports-indices-historical-index-data#NIFTY_500_2022-06-04_2022-09-01.json,2022-06-19,OFFICIAL_NSE_INDEX_CLOSE_NO_FORWARD_FILL,BENCHMARK_CONTEXT_V1
2022-06-21,NIFTY_500,NIFTY 500,13042.8,13275.5,13019.35,13241.9,NSE_OFFICIAL_HISTORICAL_OR_INDICES_HISTORY,https://www.nseindia.com/reports-indices-historical-index-data#NIFTY_500_2022-06-04_2022-09-01.json,2022-06-20,OFFICIAL_NSE_INDEX_CLOSE_NO_FORWARD_FILL,BENCHMARK_CONTEXT_V1
2022-06-22,NIFTY_500,NIFTY 500,13176.1,13184.9,13028.35,13047.75,NSE_OFFICIAL_HISTORICAL_OR_INDICES_HISTORY,https://www.nseindia.com/reports-indices-historical-index-data#NIFTY_500_2022-06-04_2022-09-01.json,2022-06-21,OFFICIAL_NSE_INDEX_CLOSE_NO_FORWARD_FILL,BENCHMARK_CONTEXT_V1
2022-06-23,NIFTY_500,NIFTY 500,13081.9,13231.9,13021.25,13178.8,NSE_OFFICIAL_HISTORICAL_OR_INDICES_HISTORY,https://www.nseindia.com/reports-indices-historical-index-data#NIFTY_500_2022-06-04_2022-09-01.json,2022-06-22,OFFICIAL_NSE_INDEX_CLOSE_NO_FORWARD_FILL,BENCHMARK_CONTEXT_V1
2022-06-24,NIFTY_500,NIFTY 500,13269.2,13337.7,13247.95,13322.5,NSE_OFFICIAL_HISTORICAL_OR_INDICES_HISTORY,https://www.nseindia.com/reports-indices-historical-index-data#NIFTY_500_2022-06-04_2022-09-01.json,2022-06-23,OFFICIAL_NSE_INDEX_CLOSE_NO_FORWARD_FILL,BENCHMARK_CONTEXT_V1
2022-06-27,NIFTY_500,NIFTY 500,13506.35,13510.8,13432.65,13444.55,NSE_OFFICIAL_HISTORICAL_OR_INDICES_HISTORY,https://www.nseindia.com/reports-indices-historical-index-data#NIFTY_500_2022-06-04_2022-09-01.json,2022-06-26,OFFICIAL_NSE_INDEX_CLOSE_NO_FORWARD_FILL,BENCHMARK_CONTEXT_V1
2022-06-28,NIFTY_500,NIFTY 500,13389.85,13487.5,13330.75,13464.25,NSE_OFFICIAL_HISTORICAL_OR_INDICES_HISTORY,https://www.nseindia.com/reports-indices-historical-index-data#NIFTY_500_2022-06-04_2022-09-01.json,2022-06-27,OFFICIAL_NSE_INDEX_CLOSE_NO_FORWARD_FILL,BENCHMARK_CONTEXT_V1
2022-06-29,NIFTY_500,NIFTY 500,13337.65,13462.05,13328.2,13417.85,NSE_OFFICIAL_HISTORICAL_OR_INDICES_HISTORY,https://www.nseindia.com/reports-indices-historical-index-data#NIFTY_500_2022-06-04_2022-09-01.json,2022-06-28,OFFICIAL_NSE_INDEX_CLOSE_NO_FORWARD_FILL,BENCHMARK_CONTEXT_V1
2022-06-30,NIFTY_500,NIFTY 500,13410.8,13492.15,13352.4,13387.55,NSE_OFFICIAL_HISTORICAL_OR_INDICES_HISTORY,https://www.nseindia.com/reports-indices-historical-index-data#NIFTY_500_2022-06-04_2022-09-01.json,2022-06-29,OFFICIAL_NSE_INDEX_CLOSE_NO_FORWARD_FILL,BENCHMARK_CONTEXT_V1
2022-07-01,NIFTY_500,NIFTY 500,13335.25,13422.45,13192.9,13394.45,NSE_OFFICIAL_HISTORICAL_OR_INDICES_HISTORY,https://www.nseindia.com/reports-indices-historical-index-data#NIFTY_500_2022-06-04_2022-09-01.json,2022-06-30,OFFICIAL_NSE_INDEX_CLOSE_NO_FORWARD_FILL,BENCHMARK_CONTEXT_V1
2022-07-04,NIFTY_500,NIFTY 500,13378.4,13483.7,13337.2,13472.65,NSE_OFFICIAL_HISTORICAL_OR_INDICES_HISTORY,https://www.nseindia.com/reports-indices-historical-index-data#NIFTY_500_2022-06-04_2022-09-01.json,2022-07-03,OFFICIAL_NSE_INDEX_CLOSE_NO_FORWARD_FILL,BENCHMARK_CONTEXT_V1
2022-07-05,NIFTY_500,NIFTY 500,13533.75,13628.45,13439.4,13461.85,NSE_OFFICIAL_HISTORICAL_OR_INDICES_HISTORY,https://www.nseindia.com/reports-indices-historical-index-data#NIFTY_500_2022-06-04_2022-09-01.json,2022-07-04,OFFICIAL_NSE_INDEX_CLOSE_NO_FORWARD_FILL,BENCHMARK_CONTEXT_V1
2022-07-06,NIFTY_500,NIFTY 500,13472.8,13647.2,13443.35,13631.3,NSE_OFFICIAL_HISTORICAL_OR_INDICES_HISTORY,https://www.nseindia.com/reports-indices-historical-index-data#NIFTY_500_2022-06-04_2022-09-01.json,2022-07-05,OFFICIAL_NSE_INDEX_CLOSE_NO_FORWARD_FILL,BENCHMARK_CONTEXT_V1
2022-07-07,NIFTY_500,NIFTY 500,13736.95,13777.75,13687.55,13765.6,NSE_OFFICIAL_HISTORICAL_OR_INDICES_HISTORY,https://www.nseindia.com/reports-indices-historical-index-data#NIFTY_500_2022-06-04_2022-09-01.json,2022-07-06,OFFICIAL_NSE_INDEX_CLOSE_NO_FORWARD_FILL,BENCHMARK_CONTEXT_V1
2022-07-08,NIFTY_500,NIFTY 500,13873.75,13874.7,13770.9,13828.25,NSE_OFFICIAL_HISTORICAL_OR_INDICES_HISTORY,https://www.nseindia.com/reports-indices-historical-index-data#NIFTY_500_2022-06-04_2022-09-01.json,2022-07-07,OFFICIAL_NSE_INDEX_CLOSE_NO_FORWARD_FILL,BENCHMARK_CONTEXT_V1
2022-07-11,NIFTY_500,NIFTY 500,13771.4,13905.95,13755.75,13886.85,NSE_OFFICIAL_HISTORICAL_OR_INDICES_HISTORY,https://www.nseindia.com/reports-indices-historical-index-data#NIFTY_500_2022-06-04_2022-09-01.json,2022-07-10,OFFICIAL_NSE_INDEX_CLOSE_NO_FORWARD_FILL,BENCHMARK_CONTEXT_V1
2022-07-12,NIFTY_500,NIFTY 500,13823.6,13866.65,13757.3,13779,NSE_OFFICIAL_HISTORICAL_OR_INDICES_HISTORY,https://www.nseindia.com/reports-indices-historical-index-data#NIFTY_500_2022-06-04_2022-09-01.json,2022-07-11,OFFICIAL_NSE_INDEX_CLOSE_NO_FORWARD_FILL,BENCHMARK_CONTEXT_V1
2022-07-13,NIFTY_500,NIFTY 500,13842.8,13861.3,13714.2,13726.95,NSE_OFFICIAL_HISTORICAL_OR_INDICES_HISTORY,https://www.nseindia.com/reports-indices-historical-index-data#NIFTY_500_2022-06-04_2022-09-01.json,2022-07-12,OFFICIAL_NSE_INDEX_CLOSE_NO_FORWARD_FILL,BENCHMARK_CONTEXT_V1
2022-07-14,NIFTY_500,NIFTY 500,13771.2,13797.6,13617.15,13702.65,NSE_OFFICIAL_HISTORICAL_OR_INDICES_HISTORY,https://www.nseindia.com/reports-indices-historical-index-data#NIFTY_500_2022-06-04_2022-09-01.json,2022-07-13,OFFICIAL_NSE_INDEX_CLOSE_NO_FORWARD_FILL,BENCHMARK_CONTEXT_V1
2022-07-15,NIFTY_500,NIFTY 500,13761.1,13804.05,13695.2,13790.2,NSE_OFFICIAL_HISTORICAL_OR_INDICES_HISTORY,https://www.nseindia.com/reports-indices-historical-index-data#NIFTY_500_2022-06-04_2022-09-01.json,2022-07-14,OFFICIAL_NSE_INDEX_CLOSE_NO_FORWARD_FILL,BENCHMARK_CONTEXT_V1
2022-07-18,NIFTY_500,NIFTY 500,13883.8,13993.4,13877.6,13984.4,NSE_OFFICIAL_HISTORICAL_OR_INDICES_HISTORY,https://www.nseindia.com/reports-indices-historical-index-data#NIFTY_500_2022-06-04_2022-09-01.json,2022-07-17,OFFICIAL_NSE_INDEX_CLOSE_NO_FORWARD_FILL,BENCHMARK_CONTEXT_V1
2022-07-19,NIFTY_500,NIFTY 500,13922.55,14067.75,13922.35,14051.65,NSE_OFFICIAL_HISTORICAL_OR_INDICES_HISTORY,https://www.nseindia.com/reports-indices-historical-index-data#NIFTY_500_2022-06-04_2022-09-01.json,2022-07-18,OFFICIAL_NSE_INDEX_CLOSE_NO_FORWARD_FILL,BENCHMARK_CONTEXT_V1
2022-07-20,NIFTY_500,NIFTY 500,14220.2,14230.9,14140,14164.4,NSE_OFFICIAL_HISTORICAL_OR_INDICES_HISTORY,https://www.nseindia.com/reports-indices-historical-index-data#NIFTY_500_2022-06-04_2022-09-01.json,2022-07-19,OFFICIAL_NSE_INDEX_CLOSE_NO_FORWARD_FILL,BENCHMARK_CONTEXT_V1
2022-07-21,NIFTY_500,NIFTY 500,14172.8,14288.6,14141.65,14271.8,NSE_OFFICIAL_HISTORICAL_OR_INDICES_HISTORY,https://www.nseindia.com/reports-indices-historical-index-data#NIFTY_500_2022-06-04_2022-09-01.json,2022-07-20,OFFICIAL_NSE_INDEX_CLOSE_NO_FORWARD_FILL,BENCHMARK_CONTEXT_V1
2022-07-22,NIFTY_500,NIFTY 500,14325.05,14359.75,14265.25,14336.6,NSE_OFFICIAL_HISTORICAL_OR_INDICES_HISTORY,https://www.nseindia.com/reports-indices-historical-index-data#NIFTY_500_2022-06-04_2022-09-01.json,2022-07-21,OFFICIAL_NSE_INDEX_CLOSE_NO_FORWARD_FILL,BENCHMARK_CONTEXT_V1
2022-07-25,NIFTY_500,NIFTY 500,14307.9,14335.1,14228.15,14279.5,NSE_OFFICIAL_HISTORICAL_OR_INDICES_HISTORY,https://www.nseindia.com/reports-indices-historical-index-data#NIFTY_500_2022-06-04_2022-09-01.json,2022-07-24,OFFICIAL_NSE_INDEX_CLOSE_NO_FORWARD_FILL,BENCHMARK_CONTEXT_V1
2022-07-26,NIFTY_500,NIFTY 500,14284.7,14286.5,14122.55,14141.45,NSE_OFFICIAL_HISTORICAL_OR_INDICES_HISTORY,https://www.nseindia.com/reports-indices-historical-index-data#NIFTY_500_2022-06-04_2022-09-01.json,2022-07-25,OFFICIAL_NSE_INDEX_CLOSE_NO_FORWARD_FILL,BENCHMARK_CONTEXT_V1
2022-07-27,NIFTY_500,NIFTY 500,14131.8,14272.2,14099.9,14262.55,NSE_OFFICIAL_HISTORICAL_OR_INDICES_HISTORY,https://www.nseindia.com/reports-indices-historical-index-data#NIFTY_500_2022-06-04_2022-09-01.json,2022-07-26,OFFICIAL_NSE_INDEX_CLOSE_NO_FORWARD_FILL,BENCHMARK_CONTEXT_V1
2022-07-28,NIFTY_500,NIFTY 500,14365.05,14481.45,14330.3,14469.1,NSE_OFFICIAL_HISTORICAL_OR_INDICES_HISTORY,https://www.nseindia.com/reports-indices-historical-index-data#NIFTY_500_2022-06-04_2022-09-01.json,2022-07-27,OFFICIAL_NSE_INDEX_CLOSE_NO_FORWARD_FILL,BENCHMARK_CONTEXT_V1
2022-07-29,NIFTY_500,NIFTY 500,14588.15,14677.75,14553.65,14665.65,NSE_OFFICIAL_HISTORICAL_OR_INDICES_HISTORY,https://www.nseindia.com/reports-indices-historical-index-data#NIFTY_500_2022-06-04_2022-09-01.json,2022-07-28,OFFICIAL_NSE_INDEX_CLOSE_NO_FORWARD_FILL,BENCHMARK_CONTEXT_V1
2022-08-01,NIFTY_500,NIFTY 500,14741.4,14858.3,14666.2,14846.85,NSE_OFFICIAL_HISTORICAL_OR_INDICES_HISTORY,https://www.nseindia.com/reports-indices-historical-index-data#NIFTY_500_2022-06-04_2022-09-01.json,2022-07-31,OFFICIAL_NSE_INDEX_CLOSE_NO_FORWARD_FILL,BENCHMARK_CONTEXT_V1
2022-08-02,NIFTY_500,NIFTY 500,14831.9,14906,14765.3,14876.6,NSE_OFFICIAL_HISTORICAL_OR_INDICES_HISTORY,https://www.nseindia.com/reports-indices-historical-index-data#NIFTY_500_2022-06-04_2022-09-01.json,2022-08-01,OFFICIAL_NSE_INDEX_CLOSE_NO_FORWARD_FILL,BENCHMARK_CONTEXT_V1
2022-08-03,NIFTY_500,NIFTY 500,14880.65,14906.7,14750.75,14878.05,NSE_OFFICIAL_HISTORICAL_OR_INDICES_HISTORY,https://www.nseindia.com/reports-indices-historical-index-data#NIFTY_500_2022-06-04_2022-09-01.json,2022-08-02,OFFICIAL_NSE_INDEX_CLOSE_NO_FORWARD_FILL,BENCHMARK_CONTEXT_V1
2022-08-04,NIFTY_500,NIFTY 500,14944.95,14974.7,14688,14892.45,NSE_OFFICIAL_HISTORICAL_OR_INDICES_HISTORY,https://www.nseindia.com/reports-indices-historical-index-data#NIFTY_500_2022-06-04_2022-09-01.json,2022-08-03,OFFICIAL_NSE_INDEX_CLOSE_NO_FORWARD_FILL,BENCHMARK_CONTEXT_V1
2022-08-05,NIFTY_500,NIFTY 500,14933.2,14972.1,14874.25,14900.4,NSE_OFFICIAL_HISTORICAL_OR_INDICES_HISTORY,https://www.nseindia.com/reports-indices-historical-index-data#NIFTY_500_2022-06-04_2022-09-01.json,2022-08-04,OFFICIAL_NSE_INDEX_CLOSE_NO_FORWARD_FILL,BENCHMARK_CONTEXT_V1
2022-08-08,NIFTY_500,NIFTY 500,14910.6,15009.9,14867.2,14993.35,NSE_OFFICIAL_HISTORICAL_OR_INDICES_HISTORY,https://www.nseindia.com/reports-indices-historical-index-data#NIFTY_500_2022-06-04_2022-09-01.json,2022-08-07,OFFICIAL_NSE_INDEX_CLOSE_NO_FORWARD_FILL,BENCHMARK_CONTEXT_V1
2022-08-10,NIFTY_500,NIFTY 500,15033.3,15033.3,14919.2,14985.8,NSE_OFFICIAL_HISTORICAL_OR_INDICES_HISTORY,https://www.nseindia.com/reports-indices-historical-index-data#NIFTY_500_2022-06-04_2022-09-01.json,2022-08-09,OFFICIAL_NSE_INDEX_CLOSE_NO_FORWARD_FILL,BENCHMARK_CONTEXT_V1
2022-08-11,NIFTY_500,NIFTY 500,15123.65,15130.05,15069.9,15095.15,NSE_OFFICIAL_HISTORICAL_OR_INDICES_HISTORY,https://www.nseindia.com/reports-indices-historical-index-data#NIFTY_500_2022-06-04_2022-09-01.json,2022-08-10,OFFICIAL_NSE_INDEX_CLOSE_NO_FORWARD_FILL,BENCHMARK_CONTEXT_V1
2022-08-12,NIFTY_500,NIFTY 500,15102.8,15162.3,15060.75,15140.55,NSE_OFFICIAL_HISTORICAL_OR_INDICES_HISTORY,https://www.nseindia.com/reports-indices-historical-index-data#NIFTY_500_2022-06-04_2022-09-01.json,2022-08-11,OFFICIAL_NSE_INDEX_CLOSE_NO_FORWARD_FILL,BENCHMARK_CONTEXT_V1
2022-08-16,NIFTY_500,NIFTY 500,15222.9,15287.45,15203.5,15280.5,NSE_OFFICIAL_HISTORICAL_OR_INDICES_HISTORY,https://www.nseindia.com/reports-indices-historical-index-data#NIFTY_500_2022-06-04_2022-09-01.json,2022-08-15,OFFICIAL_NSE_INDEX_CLOSE_NO_FORWARD_FILL,BENCHMARK_CONTEXT_V1
2022-08-17,NIFTY_500,NIFTY 500,15325.35,15398.45,15306.55,15379.05,NSE_OFFICIAL_HISTORICAL_OR_INDICES_HISTORY,https://www.nseindia.com/reports-indices-historical-index-data#NIFTY_500_2022-06-04_2022-09-01.json,2022-08-16,OFFICIAL_NSE_INDEX_CLOSE_NO_FORWARD_FILL,BENCHMARK_CONTEXT_V1
2022-08-18,NIFTY_500,NIFTY 500,15355.6,15415.25,15325.2,15404.6,NSE_OFFICIAL_HISTORICAL_OR_INDICES_HISTORY,https://www.nseindia.com/reports-indices-historical-index-data#NIFTY_500_2022-06-04_2022-09-01.json,2022-08-17,OFFICIAL_NSE_INDEX_CLOSE_NO_FORWARD_FILL,BENCHMARK_CONTEXT_V1
2022-08-19,NIFTY_500,NIFTY 500,15426.2,15445.5,15205.55,15236.65,NSE_OFFICIAL_HISTORICAL_OR_INDICES_HISTORY,https://www.nseindia.com/reports-indices-historical-index-data#NIFTY_500_2022-06-04_2022-09-01.json,2022-08-18,OFFICIAL_NSE_INDEX_CLOSE_NO_FORWARD_FILL,BENCHMARK_CONTEXT_V1
2022-08-22,NIFTY_500,NIFTY 500,15183.1,15186.15,14980.4,15001.75,NSE_OFFICIAL_HISTORICAL_OR_INDICES_HISTORY,https://www.nseindia.com/reports-indices-historical-index-data#NIFTY_500_2022-06-04_2022-09-01.json,2022-08-21,OFFICIAL_NSE_INDEX_CLOSE_NO_FORWARD_FILL,BENCHMARK_CONTEXT_V1
2022-08-23,NIFTY_500,NIFTY 500,14887,15128.25,14879.9,15090.5,NSE_OFFICIAL_HISTORICAL_OR_INDICES_HISTORY,https://www.nseindia.com/reports-indices-historical-index-data#NIFTY_500_2022-06-04_2022-09-01.json,2022-08-22,OFFICIAL_NSE_INDEX_CLOSE_NO_FORWARD_FILL,BENCHMARK_CONTEXT_V1
2022-08-24,NIFTY_500,NIFTY 500,15062.45,15152.45,15037.15,15140.4,NSE_OFFICIAL_HISTORICAL_OR_INDICES_HISTORY,https://www.nseindia.com/reports-indices-historical-index-data#NIFTY_500_2022-06-04_2022-09-01.json,2022-08-23,OFFICIAL_NSE_INDEX_CLOSE_NO_FORWARD_FILL,BENCHMARK_CONTEXT_V1
2022-08-25,NIFTY_500,NIFTY 500,15208.85,15252.8,15075.1,15100.65,NSE_OFFICIAL_HISTORICAL_OR_INDICES_HISTORY,https://www.nseindia.com/reports-indices-historical-index-data#NIFTY_500_2022-06-04_2022-09-01.json,2022-08-24,OFFICIAL_NSE_INDEX_CLOSE_NO_FORWARD_FILL,BENCHMARK_CONTEXT_V1
2022-08-26,NIFTY_500,NIFTY 500,15187.1,15242.65,15116.2,15147.55,NSE_OFFICIAL_HISTORICAL_OR_INDICES_HISTORY,https://www.nseindia.com/reports-indices-historical-index-data#NIFTY_500_2022-06-04_2022-09-01.json,2022-08-25,OFFICIAL_NSE_INDEX_CLOSE_NO_FORWARD_FILL,BENCHMARK_CONTEXT_V1
2022-08-29,NIFTY_500,NIFTY 500,14797.8,15016.25,14793.95,14972.75,NSE_OFFICIAL_HISTORICAL_OR_INDICES_HISTORY,https://www.nseindia.com/reports-indices-historical-index-data#NIFTY_500_2022-06-04_2022-09-01.json,2022-08-28,OFFICIAL_NSE_INDEX_CLOSE_NO_FORWARD_FILL,BENCHMARK_CONTEXT_V1
2022-08-30,NIFTY_500,NIFTY 500,15071.45,15338.8,15065.35,15325.05,NSE_OFFICIAL_HISTORICAL_OR_INDICES_HISTORY,https://www.nseindia.com/reports-indices-historical-index-data#NIFTY_500_2022-06-04_2022-09-01.json,2022-08-29,OFFICIAL_NSE_INDEX_CLOSE_NO_FORWARD_FILL,BENCHMARK_CONTEXT_V1
2022-09-01,NIFTY_500,NIFTY 500,15142.7,15309.85,15141.45,15211.2,NSE_OFFICIAL_HISTORICAL_OR_INDICES_HISTORY,https://www.nseindia.com/reports-indices-historical-index-data#NIFTY_500_2022-06-04_2022-09-01.json,2022-08-31,OFFICIAL_NSE_INDEX_CLOSE_NO_FORWARD_FILL,BENCHMARK_CONTEXT_V1
2022-09-02,NIFTY_500,NIFTY 500,15272.45,15305,15184.3,15201.6,NSE_OFFICIAL_HISTORICAL_OR_INDICES_HISTORY,https://www.nseindia.com/reports-indices-historical-index-data#NIFTY_500_2022-09-02_2022-11-30.json,2022-09-01,OFFICIAL_NSE_INDEX_CLOSE_NO_FORWARD_FILL,BENCHMARK_CONTEXT_V1
2022-09-05,NIFTY_500,NIFTY 500,15221.75,15311.95,15217.35,15294.4,NSE_OFFICIAL_HISTORICAL_OR_INDICES_HISTORY,https://www.nseindia.com/reports-indices-historical-index-data#NIFTY_500_2022-09-02_2022-11-30.json,2022-09-04,OFFICIAL_NSE_INDEX_CLOSE_NO_FORWARD_FILL,BENCHMARK_CONTEXT_V1
2022-09-06,NIFTY_500,NIFTY 500,15339.3,15386.75,15248,15313.05,NSE_OFFICIAL_HISTORICAL_OR_INDICES_HISTORY,https://www.nseindia.com/reports-indices-historical-index-data#NIFTY_500_2022-09-02_2022-11-30.json,2022-09-05,OFFICIAL_NSE_INDEX_CLOSE_NO_FORWARD_FILL,BENCHMARK_CONTEXT_V1
2022-09-07,NIFTY_500,NIFTY 500,15222.25,15334,15199.4,15319.4,NSE_OFFICIAL_HISTORICAL_OR_INDICES_HISTORY,https://www.nseindia.com/reports-indices-historical-index-data#NIFTY_500_2022-09-02_2022-11-30.json,2022-09-06,OFFICIAL_NSE_INDEX_CLOSE_NO_FORWARD_FILL,BENCHMARK_CONTEXT_V1
2022-09-08,NIFTY_500,NIFTY 500,15430.2,15448.75,15365.7,15440.7,NSE_OFFICIAL_HISTORICAL_OR_INDICES_HISTORY,https://www.nseindia.com/reports-indices-historical-index-data#NIFTY_500_2022-09-02_2022-11-30.json,2022-09-07,OFFICIAL_NSE_INDEX_CLOSE_NO_FORWARD_FILL,BENCHMARK_CONTEXT_V1
2022-09-09,NIFTY_500,NIFTY 500,15547.55,15548.85,15426.4,15467.4,NSE_OFFICIAL_HISTORICAL_OR_INDICES_HISTORY,https://www.nseindia.com/reports-indices-historical-index-data#NIFTY_500_2022-09-02_2022-11-30.json,2022-09-08,OFFICIAL_NSE_INDEX_CLOSE_NO_FORWARD_FILL,BENCHMARK_CONTEXT_V1
2022-09-12,NIFTY_500,NIFTY 500,15524.7,15600.15,15522.4,15577.4,NSE_OFFICIAL_HISTORICAL_OR_INDICES_HISTORY,https://www.nseindia.com/reports-indices-historical-index-data#NIFTY_500_2022-09-02_2022-11-30.json,2022-09-11,OFFICIAL_NSE_INDEX_CLOSE_NO_FORWARD_FILL,BENCHMARK_CONTEXT_V1
2022-09-13,NIFTY_500,NIFTY 500,15667.35,15686.85,15635.15,15669.85,NSE_OFFICIAL_HISTORICAL_OR_INDICES_HISTORY,https://www.nseindia.com/reports-indices-historical-index-data#NIFTY_500_2022-09-02_2022-11-30.json,2022-09-12,OFFICIAL_NSE_INDEX_CLOSE_NO_FORWARD_FILL,BENCHMARK_CONTEXT_V1
2022-09-14,NIFTY_500,NIFTY 500,15423.9,15688.1,15423.9,15630.7,NSE_OFFICIAL_HISTORICAL_OR_INDICES_HISTORY,https://www.nseindia.com/reports-indices-historical-index-data#NIFTY_500_2022-09-02_2022-11-30.json,2022-09-13,OFFICIAL_NSE_INDEX_CLOSE_NO_FORWARD_FILL,BENCHMARK_CONTEXT_V1
2022-09-15,NIFTY_500,NIFTY 500,15686,15724.45,15543.9,15580.35,NSE_OFFICIAL_HISTORICAL_OR_INDICES_HISTORY,https://www.nseindia.com/reports-indices-historical-index-data#NIFTY_500_2022-09-02_2022-11-30.json,2022-09-14,OFFICIAL_NSE_INDEX_CLOSE_NO_FORWARD_FILL,BENCHMARK_CONTEXT_V1
2022-09-16,NIFTY_500,NIFTY 500,15529.35,15542,15197.9,15243.95,NSE_OFFICIAL_HISTORICAL_OR_INDICES_HISTORY,https://www.nseindia.com/reports-indices-historical-index-data#NIFTY_500_2022-09-02_2022-11-30.json,2022-09-15,OFFICIAL_NSE_INDEX_CLOSE_NO_FORWARD_FILL,BENCHMARK_CONTEXT_V1
2022-09-19,NIFTY_500,NIFTY 500,15264.25,15348.8,15135.15,15293.55,NSE_OFFICIAL_HISTORICAL_OR_INDICES_HISTORY,https://www.nseindia.com/reports-indices-historical-index-data#NIFTY_500_2022-09-02_2022-11-30.json,2022-09-18,OFFICIAL_NSE_INDEX_CLOSE_NO_FORWARD_FILL,BENCHMARK_CONTEXT_V1
2022-09-20,NIFTY_500,NIFTY 500,15423.5,15557.3,15410.25,15470.35,NSE_OFFICIAL_HISTORICAL_OR_INDICES_HISTORY,https://www.nseindia.com/reports-indices-historical-index-data#NIFTY_500_2022-09-02_2022-11-30.json,2022-09-19,OFFICIAL_NSE_INDEX_CLOSE_NO_FORWARD_FILL,BENCHMARK_CONTEXT_V1
2022-09-21,NIFTY_500,NIFTY 500,15449.25,15516.5,15320.05,15361.25,NSE_OFFICIAL_HISTORICAL_OR_INDICES_HISTORY,https://www.nseindia.com/reports-indices-historical-index-data#NIFTY_500_2022-09-02_2022-11-30.json,2022-09-20,OFFICIAL_NSE_INDEX_CLOSE_NO_FORWARD_FILL,BENCHMARK_CONTEXT_V1
2022-09-22,NIFTY_500,NIFTY 500,15284.6,15386.75,15224.95,15335.3,NSE_OFFICIAL_HISTORICAL_OR_INDICES_HISTORY,https://www.nseindia.com/reports-indices-historical-index-data#NIFTY_500_2022-09-02_2022-11-30.json,2022-09-21,OFFICIAL_NSE_INDEX_CLOSE_NO_FORWARD_FILL,BENCHMARK_CONTEXT_V1
2022-09-23,NIFTY_500,NIFTY 500,15324.3,15360.2,15032.75,15057.65,NSE_OFFICIAL_HISTORICAL_OR_INDICES_HISTORY,https://www.nseindia.com/reports-indices-historical-index-data#NIFTY_500_2022-09-02_2022-11-30.json,2022-09-22,OFFICIAL_NSE_INDEX_CLOSE_NO_FORWARD_FILL,BENCHMARK_CONTEXT_V1
2022-09-26,NIFTY_500,NIFTY 500,14916.9,14932.5,14671.05,14725.7,NSE_OFFICIAL_HISTORICAL_OR_INDICES_HISTORY,https://www.nseindia.com/reports-indices-historical-index-data#NIFTY_500_2022-09-02_2022-11-30.json,2022-09-25,OFFICIAL_NSE_INDEX_CLOSE_NO_FORWARD_FILL,BENCHMARK_CONTEXT_V1
2022-09-27,NIFTY_500,NIFTY 500,14805.85,14874.45,14652.3,14727.3,NSE_OFFICIAL_HISTORICAL_OR_INDICES_HISTORY,https://www.nseindia.com/reports-indices-historical-index-data#NIFTY_500_2022-09-02_2022-11-30.json,2022-09-26,OFFICIAL_NSE_INDEX_CLOSE_NO_FORWARD_FILL,BENCHMARK_CONTEXT_V1
2022-09-28,NIFTY_500,NIFTY 500,14617.4,14768.25,14577.05,14620.6,NSE_OFFICIAL_HISTORICAL_OR_INDICES_HISTORY,https://www.nseindia.com/reports-indices-historical-index-data#NIFTY_500_2022-09-02_2022-11-30.json,2022-09-27,OFFICIAL_NSE_INDEX_CLOSE_NO_FORWARD_FILL,BENCHMARK_CONTEXT_V1
2022-09-29,NIFTY_500,NIFTY 500,14748.2,14783.75,14569.1,14602.5,NSE_OFFICIAL_HISTORICAL_OR_INDICES_HISTORY,https://www.nseindia.com/reports-indices-historical-index-data#NIFTY_500_2022-09-02_2022-11-30.json,2022-09-28,OFFICIAL_NSE_INDEX_CLOSE_NO_FORWARD_FILL,BENCHMARK_CONTEXT_V1
2022-09-30,NIFTY_500,NIFTY 500,14586.9,14881.3,14516.3,14829.35,NSE_OFFICIAL_HISTORICAL_OR_INDICES_HISTORY,https://www.nseindia.com/reports-indices-historical-index-data#NIFTY_500_2022-09-02_2022-11-30.json,2022-09-29,OFFICIAL_NSE_INDEX_CLOSE_NO_FORWARD_FILL,BENCHMARK_CONTEXT_V1
2022-10-03,NIFTY_500,NIFTY 500,14837.1,14858.65,14585.8,14638.5,NSE_OFFICIAL_HISTORICAL_OR_INDICES_HISTORY,https://www.nseindia.com/reports-indices-historical-index-data#NIFTY_500_2022-09-02_2022-11-30.json,2022-10-02,OFFICIAL_NSE_INDEX_CLOSE_NO_FORWARD_FILL,BENCHMARK_CONTEXT_V1
2022-10-04,NIFTY_500,NIFTY 500,14869.55,14975.6,14852.55,14965.8,NSE_OFFICIAL_HISTORICAL_OR_INDICES_HISTORY,https://www.nseindia.com/reports-indices-historical-index-data#NIFTY_500_2022-09-02_2022-11-30.json,2022-10-03,OFFICIAL_NSE_INDEX_CLOSE_NO_FORWARD_FILL,BENCHMARK_CONTEXT_V1
2022-10-06,NIFTY_500,NIFTY 500,15063.55,15119.9,15042.2,15053.05,NSE_OFFICIAL_HISTORICAL_OR_INDICES_HISTORY,https://www.nseindia.com/reports-indices-historical-index-data#NIFTY_500_2022-09-02_2022-11-30.json,2022-10-05,OFFICIAL_NSE_INDEX_CLOSE_NO_FORWARD_FILL,BENCHMARK_CONTEXT_V1
2022-10-07,NIFTY_500,NIFTY 500,15030.2,15055.65,14943.15,15036.7,NSE_OFFICIAL_HISTORICAL_OR_INDICES_HISTORY,https://www.nseindia.com/reports-indices-historical-index-data#NIFTY_500_2022-09-02_2022-11-30.json,2022-10-06,OFFICIAL_NSE_INDEX_CLOSE_NO_FORWARD_FILL,BENCHMARK_CONTEXT_V1
2022-10-10,NIFTY_500,NIFTY 500,14857,14989.05,14818.5,14951.65,NSE_OFFICIAL_HISTORICAL_OR_INDICES_HISTORY,https://www.nseindia.com/reports-indices-historical-index-data#NIFTY_500_2022-09-02_2022-11-30.json,2022-10-09,OFFICIAL_NSE_INDEX_CLOSE_NO_FORWARD_FILL,BENCHMARK_CONTEXT_V1
2022-10-11,NIFTY_500,NIFTY 500,14980.45,14982.75,14692.55,14721.9,NSE_OFFICIAL_HISTORICAL_OR_INDICES_HISTORY,https://www.nseindia.com/reports-indices-historical-index-data#NIFTY_500_2022-09-02_2022-11-30.json,2022-10-10,OFFICIAL_NSE_INDEX_CLOSE_NO_FORWARD_FILL,BENCHMARK_CONTEXT_V1
2022-10-12,NIFTY_500,NIFTY 500,14761.45,14844.85,14676.55,14829.95,NSE_OFFICIAL_HISTORICAL_OR_INDICES_HISTORY,https://www.nseindia.com/reports-indices-historical-index-data#NIFTY_500_2022-09-02_2022-11-30.json,2022-10-11,OFFICIAL_NSE_INDEX_CLOSE_NO_FORWARD_FILL,BENCHMARK_CONTEXT_V1
2022-10-13,NIFTY_500,NIFTY 500,14811.2,14832.35,14683.55,14730.3,NSE_OFFICIAL_HISTORICAL_OR_INDICES_HISTORY,https://www.nseindia.com/reports-indices-historical-index-data#NIFTY_500_2022-09-02_2022-11-30.json,2022-10-12,OFFICIAL_NSE_INDEX_CLOSE_NO_FORWARD_FILL,BENCHMARK_CONTEXT_V1
2022-10-14,NIFTY_500,NIFTY 500,14979.15,14989.15,14803.7,14815.1,NSE_OFFICIAL_HISTORICAL_OR_INDICES_HISTORY,https://www.nseindia.com/reports-indices-historical-index-data#NIFTY_500_2022-09-02_2022-11-30.json,2022-10-13,OFFICIAL_NSE_INDEX_CLOSE_NO_FORWARD_FILL,BENCHMARK_CONTEXT_V1
2022-10-17,NIFTY_500,NIFTY 500,14783.2,14920.7,14718.8,14906.15,NSE_OFFICIAL_HISTORICAL_OR_INDICES_HISTORY,https://www.nseindia.com/reports-indices-historical-index-data#NIFTY_500_2022-09-02_2022-11-30.json,2022-10-16,OFFICIAL_NSE_INDEX_CLOSE_NO_FORWARD_FILL,BENCHMARK_CONTEXT_V1
2022-10-18,NIFTY_500,NIFTY 500,15009.1,15071.95,15007.25,15056.55,NSE_OFFICIAL_HISTORICAL_OR_INDICES_HISTORY,https://www.nseindia.com/reports-indices-historical-index-data#NIFTY_500_2022-09-02_2022-11-30.json,2022-10-17,OFFICIAL_NSE_INDEX_CLOSE_NO_FORWARD_FILL,BENCHMARK_CONTEXT_V1
2022-10-19,NIFTY_500,NIFTY 500,15120.4,15153.05,15039.8,15068.6,NSE_OFFICIAL_HISTORICAL_OR_INDICES_HISTORY,https://www.nseindia.com/reports-indices-historical-index-data#NIFTY_500_2022-09-02_2022-11-30.json,2022-10-18,OFFICIAL_NSE_INDEX_CLOSE_NO_FORWARD_FILL,BENCHMARK_CONTEXT_V1
2022-10-20,NIFTY_500,NIFTY 500,14998.45,15128.4,14979.6,15112.1,NSE_OFFICIAL_HISTORICAL_OR_INDICES_HISTORY,https://www.nseindia.com/reports-indices-historical-index-data#NIFTY_500_2022-09-02_2022-11-30.json,2022-10-19,OFFICIAL_NSE_INDEX_CLOSE_NO_FORWARD_FILL,BENCHMARK_CONTEXT_V1
2022-10-21,NIFTY_500,NIFTY 500,15159.6,15181.9,15036.1,15081.1,NSE_OFFICIAL_HISTORICAL_OR_INDICES_HISTORY,https://www.nseindia.com/reports-indices-historical-index-data#NIFTY_500_2022-09-02_2022-11-30.json,2022-10-20,OFFICIAL_NSE_INDEX_CLOSE_NO_FORWARD_FILL,BENCHMARK_CONTEXT_V1
2022-10-24,NIFTY_500,NIFTY 500,15225.45,15248.05,15179.15,15198.75,NSE_OFFICIAL_HISTORICAL_OR_INDICES_HISTORY,https://www.nseindia.com/reports-indices-historical-index-data#NIFTY_500_2022-09-02_2022-11-30.json,2022-10-23,OFFICIAL_NSE_INDEX_CLOSE_NO_FORWARD_FILL,BENCHMARK_CONTEXT_V1
2022-10-25,NIFTY_500,NIFTY 500,15251.75,15253.75,15143.45,15158.1,NSE_OFFICIAL_HISTORICAL_OR_INDICES_HISTORY,https://www.nseindia.com/reports-indices-historical-index-data#NIFTY_500_2022-09-02_2022-11-30.json,2022-10-24,OFFICIAL_NSE_INDEX_CLOSE_NO_FORWARD_FILL,BENCHMARK_CONTEXT_V1
2022-10-27,NIFTY_500,NIFTY 500,15246.55,15273.3,15172.15,15244.25,NSE_OFFICIAL_HISTORICAL_OR_INDICES_HISTORY,https://www.nseindia.com/reports-indices-historical-index-data#NIFTY_500_2022-09-02_2022-11-30.json,2022-10-26,OFFICIAL_NSE_INDEX_CLOSE_NO_FORWARD_FILL,BENCHMARK_CONTEXT_V1
2022-10-28,NIFTY_500,NIFTY 500,15265.45,15290.15,15191.6,15241.6,NSE_OFFICIAL_HISTORICAL_OR_INDICES_HISTORY,https://www.nseindia.com/reports-indices-historical-index-data#NIFTY_500_2022-09-02_2022-11-30.json,2022-10-27,OFFICIAL_NSE_INDEX_CLOSE_NO_FORWARD_FILL,BENCHMARK_CONTEXT_V1
2022-10-31,NIFTY_500,NIFTY 500,15333.15,15433.05,15327.4,15424,NSE_OFFICIAL_HISTORICAL_OR_INDICES_HISTORY,https://www.nseindia.com/reports-indices-historical-index-data#NIFTY_500_2022-09-02_2022-11-30.json,2022-10-30,OFFICIAL_NSE_INDEX_CLOSE_NO_FORWARD_FILL,BENCHMARK_CONTEXT_V1
2022-11-01,NIFTY_500,NIFTY 500,15507.95,15545.85,15460.7,15537.4,NSE_OFFICIAL_HISTORICAL_OR_INDICES_HISTORY,https://www.nseindia.com/reports-indices-historical-index-data#NIFTY_500_2022-09-02_2022-11-30.json,2022-10-31,OFFICIAL_NSE_INDEX_CLOSE_NO_FORWARD_FILL,BENCHMARK_CONTEXT_V1
2022-11-02,NIFTY_500,NIFTY 500,15560.45,15561.1,15470.4,15497.55,NSE_OFFICIAL_HISTORICAL_OR_INDICES_HISTORY,https://www.nseindia.com/reports-indices-historical-index-data#NIFTY_500_2022-09-02_2022-11-30.json,2022-11-01,OFFICIAL_NSE_INDEX_CLOSE_NO_FORWARD_FILL,BENCHMARK_CONTEXT_V1
2022-11-03,NIFTY_500,NIFTY 500,15407.8,15519.15,15401.3,15484.7,NSE_OFFICIAL_HISTORICAL_OR_INDICES_HISTORY,https://www.nseindia.com/reports-indices-historical-index-data#NIFTY_500_2022-09-02_2022-11-30.json,2022-11-02,OFFICIAL_NSE_INDEX_CLOSE_NO_FORWARD_FILL,BENCHMARK_CONTEXT_V1
2022-11-04,NIFTY_500,NIFTY 500,15495.75,15542.15,15454.3,15530.85,NSE_OFFICIAL_HISTORICAL_OR_INDICES_HISTORY,https://www.nseindia.com/reports-indices-historical-index-data#NIFTY_500_2022-09-02_2022-11-30.json,2022-11-03,OFFICIAL_NSE_INDEX_CLOSE_NO_FORWARD_FILL,BENCHMARK_CONTEXT_V1
2022-11-07,NIFTY_500,NIFTY 500,15610.95,15647.25,15505.75,15615.15,NSE_OFFICIAL_HISTORICAL_OR_INDICES_HISTORY,https://www.nseindia.com/reports-indices-historical-index-data#NIFTY_500_2022-09-02_2022-11-30.json,2022-11-06,OFFICIAL_NSE_INDEX_CLOSE_NO_FORWARD_FILL,BENCHMARK_CONTEXT_V1
2022-11-09,NIFTY_500,NIFTY 500,15684.45,15686.35,15534.85,15567.25,NSE_OFFICIAL_HISTORICAL_OR_INDICES_HISTORY,https://www.nseindia.com/reports-indices-historical-index-data#NIFTY_500_2022-09-02_2022-11-30.json,2022-11-08,OFFICIAL_NSE_INDEX_CLOSE_NO_FORWARD_FILL,BENCHMARK_CONTEXT_V1
2022-11-10,NIFTY_500,NIFTY 500,15490.25,15523.9,15384.35,15440,NSE_OFFICIAL_HISTORICAL_OR_INDICES_HISTORY,https://www.nseindia.com/reports-indices-historical-index-data#NIFTY_500_2022-09-02_2022-11-30.json,2022-11-09,OFFICIAL_NSE_INDEX_CLOSE_NO_FORWARD_FILL,BENCHMARK_CONTEXT_V1
2022-11-11,NIFTY_500,NIFTY 500,15633.5,15662.05,15612.45,15649.1,NSE_OFFICIAL_HISTORICAL_OR_INDICES_HISTORY,https://www.nseindia.com/reports-indices-historical-index-data#NIFTY_500_2022-09-02_2022-11-30.json,2022-11-10,OFFICIAL_NSE_INDEX_CLOSE_NO_FORWARD_FILL,BENCHMARK_CONTEXT_V1
2022-11-14,NIFTY_500,NIFTY 500,15672.5,15684.25,15627.75,15650.2,NSE_OFFICIAL_HISTORICAL_OR_INDICES_HISTORY,https://www.nseindia.com/reports-indices-historical-index-data#NIFTY_500_2022-09-02_2022-11-30.json,2022-11-13,OFFICIAL_NSE_INDEX_CLOSE_NO_FORWARD_FILL,BENCHMARK_CONTEXT_V1
2022-11-15,NIFTY_500,NIFTY 500,15678.5,15708.9,15609.5,15693.9,NSE_OFFICIAL_HISTORICAL_OR_INDICES_HISTORY,https://www.nseindia.com/reports-indices-historical-index-data#NIFTY_500_2022-09-02_2022-11-30.json,2022-11-14,OFFICIAL_NSE_INDEX_CLOSE_NO_FORWARD_FILL,BENCHMARK_CONTEXT_V1
2022-11-16,NIFTY_500,NIFTY 500,15696.55,15711.3,15607.25,15663.3,NSE_OFFICIAL_HISTORICAL_OR_INDICES_HISTORY,https://www.nseindia.com/reports-indices-historical-index-data#NIFTY_500_2022-09-02_2022-11-30.json,2022-11-15,OFFICIAL_NSE_INDEX_CLOSE_NO_FORWARD_FILL,BENCHMARK_CONTEXT_V1
2022-11-17,NIFTY_500,NIFTY 500,15630.55,15661.1,15573.95,15597.25,NSE_OFFICIAL_HISTORICAL_OR_INDICES_HISTORY,https://www.nseindia.com/reports-indices-historical-index-data#NIFTY_500_2022-09-02_2022-11-30.json,2022-11-16,OFFICIAL_NSE_INDEX_CLOSE_NO_FORWARD_FILL,BENCHMARK_CONTEXT_V1
2022-11-18,NIFTY_500,NIFTY 500,15634.3,15644.8,15472.35,15550.85,NSE_OFFICIAL_HISTORICAL_OR_INDICES_HISTORY,https://www.nseindia.com/reports-indices-historical-index-data#NIFTY_500_2022-09-02_2022-11-30.json,2022-11-17,OFFICIAL_NSE_INDEX_CLOSE_NO_FORWARD_FILL,BENCHMARK_CONTEXT_V1
2022-11-21,NIFTY_500,NIFTY 500,15514.6,15523.15,15431.2,15453.8,NSE_OFFICIAL_HISTORICAL_OR_INDICES_HISTORY,https://www.nseindia.com/reports-indices-historical-index-data#NIFTY_500_2022-09-02_2022-11-30.json,2022-11-20,OFFICIAL_NSE_INDEX_CLOSE_NO_FORWARD_FILL,BENCHMARK_CONTEXT_V1
2022-11-22,NIFTY_500,NIFTY 500,15472.65,15518.1,15437.3,15509.2,NSE_OFFICIAL_HISTORICAL_OR_INDICES_HISTORY,https://www.nseindia.com/reports-indices-historical-index-data#NIFTY_500_2022-09-02_2022-11-30.json,2022-11-21,OFFICIAL_NSE_INDEX_CLOSE_NO_FORWARD_FILL,BENCHMARK_CONTEXT_V1
2022-11-23,NIFTY_500,NIFTY 500,15572.75,15572.9,15520.25,15538.15,NSE_OFFICIAL_HISTORICAL_OR_INDICES_HISTORY,https://www.nseindia.com/reports-indices-historical-index-data#NIFTY_500_2022-09-02_2022-11-30.json,2022-11-22,OFFICIAL_NSE_INDEX_CLOSE_NO_FORWARD_FILL,BENCHMARK_CONTEXT_V1
2022-11-24,NIFTY_500,NIFTY 500,15588.45,15706.5,15567.75,15680.8,NSE_OFFICIAL_HISTORICAL_OR_INDICES_HISTORY,https://www.nseindia.com/reports-indices-historical-index-data#NIFTY_500_2022-09-02_2022-11-30.json,2022-11-23,OFFICIAL_NSE_INDEX_CLOSE_NO_FORWARD_FILL,BENCHMARK_CONTEXT_V1
2022-11-25,NIFTY_500,NIFTY 500,15719.8,15743.1,15668.35,15727.25,NSE_OFFICIAL_HISTORICAL_OR_INDICES_HISTORY,https://www.nseindia.com/reports-indices-historical-index-data#NIFTY_500_2022-09-02_2022-11-30.json,2022-11-24,OFFICIAL_NSE_INDEX_CLOSE_NO_FORWARD_FILL,BENCHMARK_CONTEXT_V1
2022-11-28,NIFTY_500,NIFTY 500,15683.75,15817.35,15642.8,15784.45,NSE_OFFICIAL_HISTORICAL_OR_INDICES_HISTORY,https://www.nseindia.com/reports-indices-historical-index-data#NIFTY_500_2022-09-02_2022-11-30.json,2022-11-27,OFFICIAL_NSE_INDEX_CLOSE_NO_FORWARD_FILL,BENCHMARK_CONTEXT_V1
2022-11-29,NIFTY_500,NIFTY 500,15784.55,15859.35,15782.4,15812.45,NSE_OFFICIAL_HISTORICAL_OR_INDICES_HISTORY,https://www.nseindia.com/reports-indices-historical-index-data#NIFTY_500_2022-09-02_2022-11-30.json,2022-11-28,OFFICIAL_NSE_INDEX_CLOSE_NO_FORWARD_FILL,BENCHMARK_CONTEXT_V1
2022-11-30,NIFTY_500,NIFTY 500,15827.45,15991.6,15820.55,15946.15,NSE_OFFICIAL_HISTORICAL_OR_INDICES_HISTORY,https://www.nseindia.com/reports-indices-historical-index-data#NIFTY_500_2022-09-02_2022-11-30.json,2022-11-29,OFFICIAL_NSE_INDEX_CLOSE_NO_FORWARD_FILL,BENCHMARK_CONTEXT_V1
2022-12-01,NIFTY_500,NIFTY 500,16041.15,16041.65,15972.75,16003.95,NSE_OFFICIAL_HISTORICAL_OR_INDICES_HISTORY,https://www.nseindia.com/reports-indices-historical-index-data#NIFTY_500_2022-12-01_2023-02-28.json,2022-11-30,OFFICIAL_NSE_INDEX_CLOSE_NO_FORWARD_FILL,BENCHMARK_CONTEXT_V1
2022-12-02,NIFTY_500,NIFTY 500,15977.5,15991.05,15909.6,15963.5,NSE_OFFICIAL_HISTORICAL_OR_INDICES_HISTORY,https://www.nseindia.com/reports-indices-historical-index-data#NIFTY_500_2022-12-01_2023-02-28.json,2022-12-01,OFFICIAL_NSE_INDEX_CLOSE_NO_FORWARD_FILL,BENCHMARK_CONTEXT_V1
2022-12-05,NIFTY_500,NIFTY 500,15994.95,15999.8,15881.8,15967.2,NSE_OFFICIAL_HISTORICAL_OR_INDICES_HISTORY,https://www.nseindia.com/reports-indices-historical-index-data#NIFTY_500_2022-12-01_2023-02-28.json,2022-12-04,OFFICIAL_NSE_INDEX_CLOSE_NO_FORWARD_FILL,BENCHMARK_CONTEXT_V1
2022-12-06,NIFTY_500,NIFTY 500,15904.1,15936.7,15881.6,15922.85,NSE_OFFICIAL_HISTORICAL_OR_INDICES_HISTORY,https://www.nseindia.com/reports-indices-historical-index-data#NIFTY_500_2022-12-01_2023-02-28.json,2022-12-05,OFFICIAL_NSE_INDEX_CLOSE_NO_FORWARD_FILL,BENCHMARK_CONTEXT_V1
2022-12-07,NIFTY_500,NIFTY 500,15932.25,15953.25,15836.05,15862,NSE_OFFICIAL_HISTORICAL_OR_INDICES_HISTORY,https://www.nseindia.com/reports-indices-historical-index-data#NIFTY_500_2022-12-01_2023-02-28.json,2022-12-06,OFFICIAL_NSE_INDEX_CLOSE_NO_FORWARD_FILL,BENCHMARK_CONTEXT_V1
2022-12-08,NIFTY_500,NIFTY 500,15881.8,15918.75,15860.3,15911.1,NSE_OFFICIAL_HISTORICAL_OR_INDICES_HISTORY,https://www.nseindia.com/reports-indices-historical-index-data#NIFTY_500_2022-12-01_2023-02-28.json,2022-12-07,OFFICIAL_NSE_INDEX_CLOSE_NO_FORWARD_FILL,BENCHMARK_CONTEXT_V1
2022-12-09,NIFTY_500,NIFTY 500,15964.85,15967.3,15727.35,15812.75,NSE_OFFICIAL_HISTORICAL_OR_INDICES_HISTORY,https://www.nseindia.com/reports-indices-historical-index-data#NIFTY_500_2022-12-01_2023-02-28.json,2022-12-08,OFFICIAL_NSE_INDEX_CLOSE_NO_FORWARD_FILL,BENCHMARK_CONTEXT_V1
2022-12-12,NIFTY_500,NIFTY 500,15759.65,15836.85,15687.95,15828,NSE_OFFICIAL_HISTORICAL_OR_INDICES_HISTORY,https://www.nseindia.com/reports-indices-historical-index-data#NIFTY_500_2022-12-01_2023-02-28.json,2022-12-11,OFFICIAL_NSE_INDEX_CLOSE_NO_FORWARD_FILL,BENCHMARK_CONTEXT_V1
2022-12-13,NIFTY_500,NIFTY 500,15863.25,15913.8,15830.65,15904.5,NSE_OFFICIAL_HISTORICAL_OR_INDICES_HISTORY,https://www.nseindia.com/reports-indices-historical-index-data#NIFTY_500_2022-12-01_2023-02-28.json,2022-12-12,OFFICIAL_NSE_INDEX_CLOSE_NO_FORWARD_FILL,BENCHMARK_CONTEXT_V1
2022-12-14,NIFTY_500,NIFTY 500,15958.15,15988.55,15946.3,15963.8,NSE_OFFICIAL_HISTORICAL_OR_INDICES_HISTORY,https://www.nseindia.com/reports-indices-historical-index-data#NIFTY_500_2022-12-01_2023-02-28.json,2022-12-13,OFFICIAL_NSE_INDEX_CLOSE_NO_FORWARD_FILL,BENCHMARK_CONTEXT_V1
2022-12-15,NIFTY_500,NIFTY 500,15938.05,15968.2,15758.85,15783.8,NSE_OFFICIAL_HISTORICAL_OR_INDICES_HISTORY,https://www.nseindia.com/reports-indices-historical-index-data#NIFTY_500_2022-12-01_2023-02-28.json,2022-12-14,OFFICIAL_NSE_INDEX_CLOSE_NO_FORWARD_FILL,BENCHMARK_CONTEXT_V1
2022-12-16,NIFTY_500,NIFTY 500,15710.9,15799.35,15625.25,15636.35,NSE_OFFICIAL_HISTORICAL_OR_INDICES_HISTORY,https://www.nseindia.com/reports-indices-historical-index-data#NIFTY_500_2022-12-01_2023-02-28.json,2022-12-15,OFFICIAL_NSE_INDEX_CLOSE_NO_FORWARD_FILL,BENCHMARK_CONTEXT_V1
2022-12-19,NIFTY_500,NIFTY 500,15658.85,15764,15606.15,15755.2,NSE_OFFICIAL_HISTORICAL_OR_INDICES_HISTORY,https://www.nseindia.com/reports-indices-historical-index-data#NIFTY_500_2022-12-01_2023-02-28.json,2022-12-18,OFFICIAL_NSE_INDEX_CLOSE_NO_FORWARD_FILL,BENCHMARK_CONTEXT_V1
2022-12-20,NIFTY_500,NIFTY 500,15704.05,15740.25,15580.8,15726.2,NSE_OFFICIAL_HISTORICAL_OR_INDICES_HISTORY,https://www.nseindia.com/reports-indices-historical-index-data#NIFTY_500_2022-12-01_2023-02-28.json,2022-12-19,OFFICIAL_NSE_INDEX_CLOSE_NO_FORWARD_FILL,BENCHMARK_CONTEXT_V1
2022-12-21,NIFTY_500,NIFTY 500,15772.95,15812.05,15497.6,15527.55,NSE_OFFICIAL_HISTORICAL_OR_INDICES_HISTORY,https://www.nseindia.com/reports-indices-historical-index-data#NIFTY_500_2022-12-01_2023-02-28.json,2022-12-20,OFFICIAL_NSE_INDEX_CLOSE_NO_FORWARD_FILL,BENCHMARK_CONTEXT_V1
2022-12-22,NIFTY_500,NIFTY 500,15599.55,15636.1,15369.6,15431.5,NSE_OFFICIAL_HISTORICAL_OR_INDICES_HISTORY,https://www.nseindia.com/reports-indices-historical-index-data#NIFTY_500_2022-12-01_2023-02-28.json,2022-12-21,OFFICIAL_NSE_INDEX_CLOSE_NO_FORWARD_FILL,BENCHMARK_CONTEXT_V1
2022-12-23,NIFTY_500,NIFTY 500,15300.75,15349.35,15018.75,15046,NSE_OFFICIAL_HISTORICAL_OR_INDICES_HISTORY,https://www.nseindia.com/reports-indices-historical-index-data#NIFTY_500_2022-12-01_2023-02-28.json,2022-12-22,OFFICIAL_NSE_INDEX_CLOSE_NO_FORWARD_FILL,BENCHMARK_CONTEXT_V1
2022-12-26,NIFTY_500,NIFTY 500,15060.85,15350.35,14985.4,15298.55,NSE_OFFICIAL_HISTORICAL_OR_INDICES_HISTORY,https://www.nseindia.com/reports-indices-historical-index-data#NIFTY_500_2022-12-01_2023-02-28.json,2022-12-25,OFFICIAL_NSE_INDEX_CLOSE_NO_FORWARD_FILL,BENCHMARK_CONTEXT_V1
2022-12-27,NIFTY_500,NIFTY 500,15375.2,15433.65,15278.6,15418.35,NSE_OFFICIAL_HISTORICAL_OR_INDICES_HISTORY,https://www.nseindia.com/reports-indices-historical-index-data#NIFTY_500_2022-12-01_2023-02-28.json,2022-12-26,OFFICIAL_NSE_INDEX_CLOSE_NO_FORWARD_FILL,BENCHMARK_CONTEXT_V1
2022-12-28,NIFTY_500,NIFTY 500,15390.55,15468.15,15363.65,15432.8,NSE_OFFICIAL_HISTORICAL_OR_INDICES_HISTORY,https://www.nseindia.com/reports-indices-historical-index-data#NIFTY_500_2022-12-01_2023-02-28.json,2022-12-27,OFFICIAL_NSE_INDEX_CLOSE_NO_FORWARD_FILL,BENCHMARK_CONTEXT_V1
2022-12-29,NIFTY_500,NIFTY 500,15370,15517.45,15307,15485.2,NSE_OFFICIAL_HISTORICAL_OR_INDICES_HISTORY,https://www.nseindia.com/reports-indices-historical-index-data#NIFTY_500_2022-12-01_2023-02-28.json,2022-12-28,OFFICIAL_NSE_INDEX_CLOSE_NO_FORWARD_FILL,BENCHMARK_CONTEXT_V1
2022-12-30,NIFTY_500,NIFTY 500,15557.75,15581.95,15425.65,15448.85,NSE_OFFICIAL_HISTORICAL_OR_INDICES_HISTORY,https://www.nseindia.com/reports-indices-historical-index-data#NIFTY_500_2022-12-01_2023-02-28.json,2022-12-29,OFFICIAL_NSE_INDEX_CLOSE_NO_FORWARD_FILL,BENCHMARK_CONTEXT_V1
2023-01-02,NIFTY_500,NIFTY 500,15479.95,15536.35,15433.3,15523.65,NSE_OFFICIAL_HISTORICAL_OR_INDICES_HISTORY,https://www.nseindia.com/reports-indices-historical-index-data#NIFTY_500_2022-12-01_2023-02-28.json,2023-01-01,OFFICIAL_NSE_INDEX_CLOSE_NO_FORWARD_FILL,BENCHMARK_CONTEXT_V1
2023-01-03,NIFTY_500,NIFTY 500,15515.75,15575.7,15500.75,15557.8,NSE_OFFICIAL_HISTORICAL_OR_INDICES_HISTORY,https://www.nseindia.com/reports-indices-historical-index-data#NIFTY_500_2022-12-01_2023-02-28.json,2023-01-02,OFFICIAL_NSE_INDEX_CLOSE_NO_FORWARD_FILL,BENCHMARK_CONTEXT_V1
2023-01-04,NIFTY_500,NIFTY 500,15563.15,15574.5,15375.8,15393,NSE_OFFICIAL_HISTORICAL_OR_INDICES_HISTORY,https://www.nseindia.com/reports-indices-historical-index-data#NIFTY_500_2022-12-01_2023-02-28.json,2023-01-03,OFFICIAL_NSE_INDEX_CLOSE_NO_FORWARD_FILL,BENCHMARK_CONTEXT_V1
2023-01-05,NIFTY_500,NIFTY 500,15446.5,15462.15,15286.4,15386.2,NSE_OFFICIAL_HISTORICAL_OR_INDICES_HISTORY,https://www.nseindia.com/reports-indices-historical-index-data#NIFTY_500_2022-12-01_2023-02-28.json,2023-01-04,OFFICIAL_NSE_INDEX_CLOSE_NO_FORWARD_FILL,BENCHMARK_CONTEXT_V1
2023-01-06,NIFTY_500,NIFTY 500,15401.35,15419.4,15219.85,15272,NSE_OFFICIAL_HISTORICAL_OR_INDICES_HISTORY,https://www.nseindia.com/reports-indices-historical-index-data#NIFTY_500_2022-12-01_2023-02-28.json,2023-01-05,OFFICIAL_NSE_INDEX_CLOSE_NO_FORWARD_FILL,BENCHMARK_CONTEXT_V1
2023-01-09,NIFTY_500,NIFTY 500,15360.4,15472.15,15353.35,15450.1,NSE_OFFICIAL_HISTORICAL_OR_INDICES_HISTORY,https://www.nseindia.com/reports-indices-historical-index-data#NIFTY_500_2022-12-01_2023-02-28.json,2023-01-08,OFFICIAL_NSE_INDEX_CLOSE_NO_FORWARD_FILL,BENCHMARK_CONTEXT_V1
2023-01-10,NIFTY_500,NIFTY 500,15470,15472.45,15262.1,15325.25,NSE_OFFICIAL_HISTORICAL_OR_INDICES_HISTORY,https://www.nseindia.com/reports-indices-historical-index-data#NIFTY_500_2022-12-01_2023-02-28.json,2023-01-09,OFFICIAL_NSE_INDEX_CLOSE_NO_FORWARD_FILL,BENCHMARK_CONTEXT_V1
2023-01-11,NIFTY_500,NIFTY 500,15342.75,15375.1,15257,15301.35,NSE_OFFICIAL_HISTORICAL_OR_INDICES_HISTORY,https://www.nseindia.com/reports-indices-historical-index-data#NIFTY_500_2022-12-01_2023-02-28.json,2023-01-10,OFFICIAL_NSE_INDEX_CLOSE_NO_FORWARD_FILL,BENCHMARK_CONTEXT_V1
2023-01-12,NIFTY_500,NIFTY 500,15329.7,15347.2,15203.55,15279.6,NSE_OFFICIAL_HISTORICAL_OR_INDICES_HISTORY,https://www.nseindia.com/reports-indices-historical-index-data#NIFTY_500_2022-12-01_2023-02-28.json,2023-01-11,OFFICIAL_NSE_INDEX_CLOSE_NO_FORWARD_FILL,BENCHMARK_CONTEXT_V1
2023-01-13,NIFTY_500,NIFTY 500,15295.9,15370.05,15215,15346.1,NSE_OFFICIAL_HISTORICAL_OR_INDICES_HISTORY,https://www.nseindia.com/reports-indices-historical-index-data#NIFTY_500_2022-12-01_2023-02-28.json,2023-01-12,OFFICIAL_NSE_INDEX_CLOSE_NO_FORWARD_FILL,BENCHMARK_CONTEXT_V1
2023-01-16,NIFTY_500,NIFTY 500,15398.15,15421.25,15276.5,15305.45,NSE_OFFICIAL_HISTORICAL_OR_INDICES_HISTORY,https://www.nseindia.com/reports-indices-historical-index-data#NIFTY_500_2022-12-01_2023-02-28.json,2023-01-15,OFFICIAL_NSE_INDEX_CLOSE_NO_FORWARD_FILL,BENCHMARK_CONTEXT_V1
2023-01-17,NIFTY_500,NIFTY 500,15328.85,15411,15291.6,15396.15,NSE_OFFICIAL_HISTORICAL_OR_INDICES_HISTORY,https://www.nseindia.com/reports-indices-historical-index-data#NIFTY_500_2022-12-01_2023-02-28.json,2023-01-16,OFFICIAL_NSE_INDEX_CLOSE_NO_FORWARD_FILL,BENCHMARK_CONTEXT_V1
2023-01-18,NIFTY_500,NIFTY 500,15416.6,15479.65,15376.5,15466.35,NSE_OFFICIAL_HISTORICAL_OR_INDICES_HISTORY,https://www.nseindia.com/reports-indices-historical-index-data#NIFTY_500_2022-12-01_2023-02-28.json,2023-01-17,OFFICIAL_NSE_INDEX_CLOSE_NO_FORWARD_FILL,BENCHMARK_CONTEXT_V1
2023-01-19,NIFTY_500,NIFTY 500,15427.15,15455.15,15387.25,15419.7,NSE_OFFICIAL_HISTORICAL_OR_INDICES_HISTORY,https://www.nseindia.com/reports-indices-historical-index-data#NIFTY_500_2022-12-01_2023-02-28.json,2023-01-18,OFFICIAL_NSE_INDEX_CLOSE_NO_FORWARD_FILL,BENCHMARK_CONTEXT_V1
2023-01-20,NIFTY_500,NIFTY 500,15428.2,15443.45,15336.7,15347.9,NSE_OFFICIAL_HISTORICAL_OR_INDICES_HISTORY,https://www.nseindia.com/reports-indices-historical-index-data#NIFTY_500_2022-12-01_2023-02-28.json,2023-01-19,OFFICIAL_NSE_INDEX_CLOSE_NO_FORWARD_FILL,BENCHMARK_CONTEXT_V1
2023-01-23,NIFTY_500,NIFTY 500,15411.5,15427.5,15364.25,15403.2,NSE_OFFICIAL_HISTORICAL_OR_INDICES_HISTORY,https://www.nseindia.com/reports-indices-historical-index-data#NIFTY_500_2022-12-01_2023-02-28.json,2023-01-22,OFFICIAL_NSE_INDEX_CLOSE_NO_FORWARD_FILL,BENCHMARK_CONTEXT_V1
2023-01-24,NIFTY_500,NIFTY 500,15451.2,15459.3,15364.2,15388.55,NSE_OFFICIAL_HISTORICAL_OR_INDICES_HISTORY,https://www.nseindia.com/reports-indices-historical-index-data#NIFTY_500_2022-12-01_2023-02-28.json,2023-01-23,OFFICIAL_NSE_INDEX_CLOSE_NO_FORWARD_FILL,BENCHMARK_CONTEXT_V1
2023-01-25,NIFTY_500,NIFTY 500,15364.4,15368.7,15146.4,15171.95,NSE_OFFICIAL_HISTORICAL_OR_INDICES_HISTORY,https://www.nseindia.com/reports-indices-historical-index-data#NIFTY_500_2022-12-01_2023-02-28.json,2023-01-24,OFFICIAL_NSE_INDEX_CLOSE_NO_FORWARD_FILL,BENCHMARK_CONTEXT_V1
2023-01-27,NIFTY_500,NIFTY 500,15160.15,15165.4,14779.1,14874.75,NSE_OFFICIAL_HISTORICAL_OR_INDICES_HISTORY,https://www.nseindia.com/reports-indices-historical-index-data#NIFTY_500_2022-12-01_2023-02-28.json,2023-01-26,OFFICIAL_NSE_INDEX_CLOSE_NO_FORWARD_FILL,BENCHMARK_CONTEXT_V1
2023-01-30,NIFTY_500,NIFTY 500,14807.5,14955.15,14675.05,14854.2,NSE_OFFICIAL_HISTORICAL_OR_INDICES_HISTORY,https://www.nseindia.com/reports-indices-historical-index-data#NIFTY_500_2022-12-01_2023-02-28.json,2023-01-29,OFFICIAL_NSE_INDEX_CLOSE_NO_FORWARD_FILL,BENCHMARK_CONTEXT_V1
2023-01-31,NIFTY_500,NIFTY 500,14906.45,14962.95,14787.85,14935.5,NSE_OFFICIAL_HISTORICAL_OR_INDICES_HISTORY,https://www.nseindia.com/reports-indices-historical-index-data#NIFTY_500_2022-12-01_2023-02-28.json,2023-01-30,OFFICIAL_NSE_INDEX_CLOSE_NO_FORWARD_FILL,BENCHMARK_CONTEXT_V1
2023-02-01,NIFTY_500,NIFTY 500,15054.8,15154.1,14622.65,14847.65,NSE_OFFICIAL_HISTORICAL_OR_INDICES_HISTORY,https://www.nseindia.com/reports-indices-historical-index-data#NIFTY_500_2022-12-01_2023-02-28.json,2023-01-31,OFFICIAL_NSE_INDEX_CLOSE_NO_FORWARD_FILL,BENCHMARK_CONTEXT_V1
2023-02-02,NIFTY_500,NIFTY 500,14760.35,14887.45,14698.4,14839.4,NSE_OFFICIAL_HISTORICAL_OR_INDICES_HISTORY,https://www.nseindia.com/reports-indices-historical-index-data#NIFTY_500_2022-12-01_2023-02-28.json,2023-02-01,OFFICIAL_NSE_INDEX_CLOSE_NO_FORWARD_FILL,BENCHMARK_CONTEXT_V1
2023-02-03,NIFTY_500,NIFTY 500,14904.1,14972.15,14746.45,14962.35,NSE_OFFICIAL_HISTORICAL_OR_INDICES_HISTORY,https://www.nseindia.com/reports-indices-historical-index-data#NIFTY_500_2022-12-01_2023-02-28.json,2023-02-02,OFFICIAL_NSE_INDEX_CLOSE_NO_FORWARD_FILL,BENCHMARK_CONTEXT_V1
2023-02-06,NIFTY_500,NIFTY 500,14939.4,14954.3,14870.55,14934.15,NSE_OFFICIAL_HISTORICAL_OR_INDICES_HISTORY,https://www.nseindia.com/reports-indices-historical-index-data#NIFTY_500_2022-12-01_2023-02-28.json,2023-02-05,OFFICIAL_NSE_INDEX_CLOSE_NO_FORWARD_FILL,BENCHMARK_CONTEXT_V1
2023-02-07,NIFTY_500,NIFTY 500,14950.15,14970.8,14845.95,14902.2,NSE_OFFICIAL_HISTORICAL_OR_INDICES_HISTORY,https://www.nseindia.com/reports-indices-historical-index-data#NIFTY_500_2022-12-01_2023-02-28.json,2023-02-06,OFFICIAL_NSE_INDEX_CLOSE_NO_FORWARD_FILL,BENCHMARK_CONTEXT_V1
2023-02-08,NIFTY_500,NIFTY 500,14927.55,15046.7,14924.05,15028.3,NSE_OFFICIAL_HISTORICAL_OR_INDICES_HISTORY,https://www.nseindia.com/reports-indices-historical-index-data#NIFTY_500_2022-12-01_2023-02-28.json,2023-02-07,OFFICIAL_NSE_INDEX_CLOSE_NO_FORWARD_FILL,BENCHMARK_CONTEXT_V1
2023-02-09,NIFTY_500,NIFTY 500,15036.85,15054.75,14956.9,15030.1,NSE_OFFICIAL_HISTORICAL_OR_INDICES_HISTORY,https://www.nseindia.com/reports-indices-historical-index-data#NIFTY_500_2022-12-01_2023-02-28.json,2023-02-08,OFFICIAL_NSE_INDEX_CLOSE_NO_FORWARD_FILL,BENCHMARK_CONTEXT_V1
2023-02-10,NIFTY_500,NIFTY 500,14992.65,15031.1,14969.55,15015.85,NSE_OFFICIAL_HISTORICAL_OR_INDICES_HISTORY,https://www.nseindia.com/reports-indices-historical-index-data#NIFTY_500_2022-12-01_2023-02-28.json,2023-02-09,OFFICIAL_NSE_INDEX_CLOSE_NO_FORWARD_FILL,BENCHMARK_CONTEXT_V1
2023-02-13,NIFTY_500,NIFTY 500,15011.35,15022.55,14875.85,14900.5,NSE_OFFICIAL_HISTORICAL_OR_INDICES_HISTORY,https://www.nseindia.com/reports-indices-historical-index-data#NIFTY_500_2022-12-01_2023-02-28.json,2023-02-12,OFFICIAL_NSE_INDEX_CLOSE_NO_FORWARD_FILL,BENCHMARK_CONTEXT_V1
2023-02-14,NIFTY_500,NIFTY 500,14936.2,14988,14879.35,14968.9,NSE_OFFICIAL_HISTORICAL_OR_INDICES_HISTORY,https://www.nseindia.com/reports-indices-historical-index-data#NIFTY_500_2022-12-01_2023-02-28.json,2023-02-13,OFFICIAL_NSE_INDEX_CLOSE_NO_FORWARD_FILL,BENCHMARK_CONTEXT_V1
2023-02-15,NIFTY_500,NIFTY 500,14939,15053.55,14923.25,15039.65,NSE_OFFICIAL_HISTORICAL_OR_INDICES_HISTORY,https://www.nseindia.com/reports-indices-historical-index-data#NIFTY_500_2022-12-01_2023-02-28.json,2023-02-14,OFFICIAL_NSE_INDEX_CLOSE_NO_FORWARD_FILL,BENCHMARK_CONTEXT_V1
2023-02-16,NIFTY_500,NIFTY 500,15098.45,15135.35,15060,15083.75,NSE_OFFICIAL_HISTORICAL_OR_INDICES_HISTORY,https://www.nseindia.com/reports-indices-historical-index-data#NIFTY_500_2022-12-01_2023-02-28.json,2023-02-15,OFFICIAL_NSE_INDEX_CLOSE_NO_FORWARD_FILL,BENCHMARK_CONTEXT_V1
2023-02-17,NIFTY_500,NIFTY 500,15036.25,15077,14966.3,15003.95,NSE_OFFICIAL_HISTORICAL_OR_INDICES_HISTORY,https://www.nseindia.com/reports-indices-historical-index-data#NIFTY_500_2022-12-01_2023-02-28.json,2023-02-16,OFFICIAL_NSE_INDEX_CLOSE_NO_FORWARD_FILL,BENCHMARK_CONTEXT_V1
2023-02-20,NIFTY_500,NIFTY 500,15023.45,15036.45,14920.7,14938.65,NSE_OFFICIAL_HISTORICAL_OR_INDICES_HISTORY,https://www.nseindia.com/reports-indices-historical-index-data#NIFTY_500_2022-12-01_2023-02-28.json,2023-02-19,OFFICIAL_NSE_INDEX_CLOSE_NO_FORWARD_FILL,BENCHMARK_CONTEXT_V1
2023-02-21,NIFTY_500,NIFTY 500,14982,14992.7,14894.15,14913.95,NSE_OFFICIAL_HISTORICAL_OR_INDICES_HISTORY,https://www.nseindia.com/reports-indices-historical-index-data#NIFTY_500_2022-12-01_2023-02-28.json,2023-02-20,OFFICIAL_NSE_INDEX_CLOSE_NO_FORWARD_FILL,BENCHMARK_CONTEXT_V1
2023-02-22,NIFTY_500,NIFTY 500,14854.15,14861.05,14674.25,14701.9,NSE_OFFICIAL_HISTORICAL_OR_INDICES_HISTORY,https://www.nseindia.com/reports-indices-historical-index-data#NIFTY_500_2022-12-01_2023-02-28.json,2023-02-21,OFFICIAL_NSE_INDEX_CLOSE_NO_FORWARD_FILL,BENCHMARK_CONTEXT_V1
2023-02-23,NIFTY_500,NIFTY 500,14715.2,14740.8,14599.1,14666.75,NSE_OFFICIAL_HISTORICAL_OR_INDICES_HISTORY,https://www.nseindia.com/reports-indices-historical-index-data#NIFTY_500_2022-12-01_2023-02-28.json,2023-02-22,OFFICIAL_NSE_INDEX_CLOSE_NO_FORWARD_FILL,BENCHMARK_CONTEXT_V1
2023-02-24,NIFTY_500,NIFTY 500,14723.4,14741.95,14598.95,14630.45,NSE_OFFICIAL_HISTORICAL_OR_INDICES_HISTORY,https://www.nseindia.com/reports-indices-historical-index-data#NIFTY_500_2022-12-01_2023-02-28.json,2023-02-23,OFFICIAL_NSE_INDEX_CLOSE_NO_FORWARD_FILL,BENCHMARK_CONTEXT_V1
2023-02-27,NIFTY_500,NIFTY 500,14600.9,14609.4,14465.7,14548.7,NSE_OFFICIAL_HISTORICAL_OR_INDICES_HISTORY,https://www.nseindia.com/reports-indices-historical-index-data#NIFTY_500_2022-12-01_2023-02-28.json,2023-02-26,OFFICIAL_NSE_INDEX_CLOSE_NO_FORWARD_FILL,BENCHMARK_CONTEXT_V1
2023-02-28,NIFTY_500,NIFTY 500,14550,14584.45,14476,14518.75,NSE_OFFICIAL_HISTORICAL_OR_INDICES_HISTORY,https://www.nseindia.com/reports-indices-historical-index-data#NIFTY_500_2022-12-01_2023-02-28.json,2023-02-27,OFFICIAL_NSE_INDEX_CLOSE_NO_FORWARD_FILL,BENCHMARK_CONTEXT_V1
2023-03-01,NIFTY_500,NIFTY 500,14557,14675.05,14550.1,14664.85,NSE_OFFICIAL_HISTORICAL_OR_INDICES_HISTORY,https://www.nseindia.com/reports-indices-historical-index-data#NIFTY_500_2023-03-01_2023-05-29.json,2023-02-28,OFFICIAL_NSE_INDEX_CLOSE_NO_FORWARD_FILL,BENCHMARK_CONTEXT_V1
2023-03-02,NIFTY_500,NIFTY 500,14654.8,14668.4,14575.95,14587.25,NSE_OFFICIAL_HISTORICAL_OR_INDICES_HISTORY,https://www.nseindia.com/reports-indices-historical-index-data#NIFTY_500_2023-03-01_2023-05-29.json,2023-03-01,OFFICIAL_NSE_INDEX_CLOSE_NO_FORWARD_FILL,BENCHMARK_CONTEXT_V1
2023-03-03,NIFTY_500,NIFTY 500,14686.25,14813.05,14676.05,14774.75,NSE_OFFICIAL_HISTORICAL_OR_INDICES_HISTORY,https://www.nseindia.com/reports-indices-historical-index-data#NIFTY_500_2023-03-01_2023-05-29.json,2023-03-02,OFFICIAL_NSE_INDEX_CLOSE_NO_FORWARD_FILL,BENCHMARK_CONTEXT_V1
2023-03-06,NIFTY_500,NIFTY 500,14848.35,14942.05,14843.7,14881,NSE_OFFICIAL_HISTORICAL_OR_INDICES_HISTORY,https://www.nseindia.com/reports-indices-historical-index-data#NIFTY_500_2023-03-01_2023-05-29.json,2023-03-05,OFFICIAL_NSE_INDEX_CLOSE_NO_FORWARD_FILL,BENCHMARK_CONTEXT_V1
2023-03-08,NIFTY_500,NIFTY 500,14843.1,14932.4,14791.25,14921.95,NSE_OFFICIAL_HISTORICAL_OR_INDICES_HISTORY,https://www.nseindia.com/reports-indices-historical-index-data#NIFTY_500_2023-03-01_2023-05-29.json,2023-03-07,OFFICIAL_NSE_INDEX_CLOSE_NO_FORWARD_FILL,BENCHMARK_CONTEXT_V1
2023-03-09,NIFTY_500,NIFTY 500,14947.05,14952.85,14788.9,14803.95,NSE_OFFICIAL_HISTORICAL_OR_INDICES_HISTORY,https://www.nseindia.com/reports-indices-historical-index-data#NIFTY_500_2023-03-01_2023-05-29.json,2023-03-08,OFFICIAL_NSE_INDEX_CLOSE_NO_FORWARD_FILL,BENCHMARK_CONTEXT_V1
2023-03-10,NIFTY_500,NIFTY 500,14695.05,14699.35,14593.4,14679.85,NSE_OFFICIAL_HISTORICAL_OR_INDICES_HISTORY,https://www.nseindia.com/reports-indices-historical-index-data#NIFTY_500_2023-03-01_2023-05-29.json,2023-03-09,OFFICIAL_NSE_INDEX_CLOSE_NO_FORWARD_FILL,BENCHMARK_CONTEXT_V1
2023-03-13,NIFTY_500,NIFTY 500,14681.55,14752.85,14420.5,14454.45,NSE_OFFICIAL_HISTORICAL_OR_INDICES_HISTORY,https://www.nseindia.com/reports-indices-historical-index-data#NIFTY_500_2023-03-01_2023-05-29.json,2023-03-12,OFFICIAL_NSE_INDEX_CLOSE_NO_FORWARD_FILL,BENCHMARK_CONTEXT_V1
2023-03-14,NIFTY_500,NIFTY 500,14462,14499.2,14306.8,14358.55,NSE_OFFICIAL_HISTORICAL_OR_INDICES_HISTORY,https://www.nseindia.com/reports-indices-historical-index-data#NIFTY_500_2023-03-01_2023-05-29.json,2023-03-13,OFFICIAL_NSE_INDEX_CLOSE_NO_FORWARD_FILL,BENCHMARK_CONTEXT_V1
2023-03-15,NIFTY_500,NIFTY 500,14458.15,14494.35,14298.15,14320.3,NSE_OFFICIAL_HISTORICAL_OR_INDICES_HISTORY,https://www.nseindia.com/reports-indices-historical-index-data#NIFTY_500_2023-03-01_2023-05-29.json,2023-03-14,OFFICIAL_NSE_INDEX_CLOSE_NO_FORWARD_FILL,BENCHMARK_CONTEXT_V1
2023-03-16,NIFTY_500,NIFTY 500,14328.5,14387.65,14189,14330.35,NSE_OFFICIAL_HISTORICAL_OR_INDICES_HISTORY,https://www.nseindia.com/reports-indices-historical-index-data#NIFTY_500_2023-03-01_2023-05-29.json,2023-03-15,OFFICIAL_NSE_INDEX_CLOSE_NO_FORWARD_FILL,BENCHMARK_CONTEXT_V1
2023-03-17,NIFTY_500,NIFTY 500,14436.25,14464.9,14327.75,14420.85,NSE_OFFICIAL_HISTORICAL_OR_INDICES_HISTORY,https://www.nseindia.com/reports-indices-historical-index-data#NIFTY_500_2023-03-01_2023-05-29.json,2023-03-16,OFFICIAL_NSE_INDEX_CLOSE_NO_FORWARD_FILL,BENCHMARK_CONTEXT_V1
2023-03-20,NIFTY_500,NIFTY 500,14389.85,14393.6,14196.5,14317.1,NSE_OFFICIAL_HISTORICAL_OR_INDICES_HISTORY,https://www.nseindia.com/reports-indices-historical-index-data#NIFTY_500_2023-03-01_2023-05-29.json,2023-03-19,OFFICIAL_NSE_INDEX_CLOSE_NO_FORWARD_FILL,BENCHMARK_CONTEXT_V1
2023-03-21,NIFTY_500,NIFTY 500,14379.05,14428.15,14339.95,14411.3,NSE_OFFICIAL_HISTORICAL_OR_INDICES_HISTORY,https://www.nseindia.com/reports-indices-historical-index-data#NIFTY_500_2023-03-01_2023-05-29.json,2023-03-20,OFFICIAL_NSE_INDEX_CLOSE_NO_FORWARD_FILL,BENCHMARK_CONTEXT_V1
2023-03-22,NIFTY_500,NIFTY 500,14470.05,14497.15,14432.2,14460,NSE_OFFICIAL_HISTORICAL_OR_INDICES_HISTORY,https://www.nseindia.com/reports-indices-historical-index-data#NIFTY_500_2023-03-01_2023-05-29.json,2023-03-21,OFFICIAL_NSE_INDEX_CLOSE_NO_FORWARD_FILL,BENCHMARK_CONTEXT_V1
2023-03-23,NIFTY_500,NIFTY 500,14422.95,14490.65,14388.3,14403.6,NSE_OFFICIAL_HISTORICAL_OR_INDICES_HISTORY,https://www.nseindia.com/reports-indices-historical-index-data#NIFTY_500_2023-03-01_2023-05-29.json,2023-03-22,OFFICIAL_NSE_INDEX_CLOSE_NO_FORWARD_FILL,BENCHMARK_CONTEXT_V1
2023-03-24,NIFTY_500,NIFTY 500,14409,14434.1,14257.5,14279,NSE_OFFICIAL_HISTORICAL_OR_INDICES_HISTORY,https://www.nseindia.com/reports-indices-historical-index-data#NIFTY_500_2023-03-01_2023-05-29.json,2023-03-23,OFFICIAL_NSE_INDEX_CLOSE_NO_FORWARD_FILL,BENCHMARK_CONTEXT_V1
2023-03-27,NIFTY_500,NIFTY 500,14306.6,14348.95,14238.9,14262.7,NSE_OFFICIAL_HISTORICAL_OR_INDICES_HISTORY,https://www.nseindia.com/reports-indices-historical-index-data#NIFTY_500_2023-03-01_2023-05-29.json,2023-03-26,OFFICIAL_NSE_INDEX_CLOSE_NO_FORWARD_FILL,BENCHMARK_CONTEXT_V1
2023-03-28,NIFTY_500,NIFTY 500,14289.95,14300.2,14177.5,14211.8,NSE_OFFICIAL_HISTORICAL_OR_INDICES_HISTORY,https://www.nseindia.com/reports-indices-historical-index-data#NIFTY_500_2023-03-01_2023-05-29.json,2023-03-27,OFFICIAL_NSE_INDEX_CLOSE_NO_FORWARD_FILL,BENCHMARK_CONTEXT_V1
2023-03-29,NIFTY_500,NIFTY 500,14218.6,14377.3,14218.6,14345.6,NSE_OFFICIAL_HISTORICAL_OR_INDICES_HISTORY,https://www.nseindia.com/reports-indices-historical-index-data#NIFTY_500_2023-03-01_2023-05-29.json,2023-03-28,OFFICIAL_NSE_INDEX_CLOSE_NO_FORWARD_FILL,BENCHMARK_CONTEXT_V1
2023-03-31,NIFTY_500,NIFTY 500,14442.3,14577.15,14438.8,14557.85,NSE_OFFICIAL_HISTORICAL_OR_INDICES_HISTORY,https://www.nseindia.com/reports-indices-historical-index-data#NIFTY_500_2023-03-01_2023-05-29.json,2023-03-30,OFFICIAL_NSE_INDEX_CLOSE_NO_FORWARD_FILL,BENCHMARK_CONTEXT_V1
2023-04-03,NIFTY_500,NIFTY 500,14621.05,14621.05,14541.6,14601.95,NSE_OFFICIAL_HISTORICAL_OR_INDICES_HISTORY,https://www.nseindia.com/reports-indices-historical-index-data#NIFTY_500_2023-03-01_2023-05-29.json,2023-04-02,OFFICIAL_NSE_INDEX_CLOSE_NO_FORWARD_FILL,BENCHMARK_CONTEXT_V1
2023-04-05,NIFTY_500,NIFTY 500,14620.7,14718.9,14611.25,14709.4,NSE_OFFICIAL_HISTORICAL_OR_INDICES_HISTORY,https://www.nseindia.com/reports-indices-historical-index-data#NIFTY_500_2023-03-01_2023-05-29.json,2023-04-04,OFFICIAL_NSE_INDEX_CLOSE_NO_FORWARD_FILL,BENCHMARK_CONTEXT_V1
2023-04-06,NIFTY_500,NIFTY 500,14701.1,14786,14673.7,14759.2,NSE_OFFICIAL_HISTORICAL_OR_INDICES_HISTORY,https://www.nseindia.com/reports-indices-historical-index-data#NIFTY_500_2023-03-01_2023-05-29.json,2023-04-05,OFFICIAL_NSE_INDEX_CLOSE_NO_FORWARD_FILL,BENCHMARK_CONTEXT_V1
2023-04-10,NIFTY_500,NIFTY 500,14797.35,14833.45,14767,14790.55,NSE_OFFICIAL_HISTORICAL_OR_INDICES_HISTORY,https://www.nseindia.com/reports-indices-historical-index-data#NIFTY_500_2023-03-01_2023-05-29.json,2023-04-09,OFFICIAL_NSE_INDEX_CLOSE_NO_FORWARD_FILL,BENCHMARK_CONTEXT_V1
2023-04-11,NIFTY_500,NIFTY 500,14854.65,14893.6,14814.35,14867.25,NSE_OFFICIAL_HISTORICAL_OR_INDICES_HISTORY,https://www.nseindia.com/reports-indices-historical-index-data#NIFTY_500_2023-03-01_2023-05-29.json,2023-04-10,OFFICIAL_NSE_INDEX_CLOSE_NO_FORWARD_FILL,BENCHMARK_CONTEXT_V1
2023-04-12,NIFTY_500,NIFTY 500,14902.2,14949.9,14871.9,14941.55,NSE_OFFICIAL_HISTORICAL_OR_INDICES_HISTORY,https://www.nseindia.com/reports-indices-historical-index-data#NIFTY_500_2023-03-01_2023-05-29.json,2023-04-11,OFFICIAL_NSE_INDEX_CLOSE_NO_FORWARD_FILL,BENCHMARK_CONTEXT_V1
2023-04-13,NIFTY_500,NIFTY 500,14946.45,14965.7,14885.25,14954.25,NSE_OFFICIAL_HISTORICAL_OR_INDICES_HISTORY,https://www.nseindia.com/reports-indices-historical-index-data#NIFTY_500_2023-03-01_2023-05-29.json,2023-04-12,OFFICIAL_NSE_INDEX_CLOSE_NO_FORWARD_FILL,BENCHMARK_CONTEXT_V1
2023-04-17,NIFTY_500,NIFTY 500,14970.35,14970.35,14794.45,14904.3,NSE_OFFICIAL_HISTORICAL_OR_INDICES_HISTORY,https://www.nseindia.com/reports-indices-historical-index-data#NIFTY_500_2023-03-01_2023-05-29.json,2023-04-16,OFFICIAL_NSE_INDEX_CLOSE_NO_FORWARD_FILL,BENCHMARK_CONTEXT_V1
2023-04-18,NIFTY_500,NIFTY 500,14949.1,14949.1,14852.65,14897,NSE_OFFICIAL_HISTORICAL_OR_INDICES_HISTORY,https://www.nseindia.com/reports-indices-historical-index-data#NIFTY_500_2023-03-01_2023-05-29.json,2023-04-17,OFFICIAL_NSE_INDEX_CLOSE_NO_FORWARD_FILL,BENCHMARK_CONTEXT_V1
2023-04-19,NIFTY_500,NIFTY 500,14901.25,14905.6,14832.9,14856.9,NSE_OFFICIAL_HISTORICAL_OR_INDICES_HISTORY,https://www.nseindia.com/reports-indices-historical-index-data#NIFTY_500_2023-03-01_2023-05-29.json,2023-04-18,OFFICIAL_NSE_INDEX_CLOSE_NO_FORWARD_FILL,BENCHMARK_CONTEXT_V1
2023-04-20,NIFTY_500,NIFTY 500,14878.55,14905.8,14835.9,14861.75,NSE_OFFICIAL_HISTORICAL_OR_INDICES_HISTORY,https://www.nseindia.com/reports-indices-historical-index-data#NIFTY_500_2023-03-01_2023-05-29.json,2023-04-19,OFFICIAL_NSE_INDEX_CLOSE_NO_FORWARD_FILL,BENCHMARK_CONTEXT_V1
2023-04-21,NIFTY_500,NIFTY 500,14879.6,14888.65,14789.95,14847.1,NSE_OFFICIAL_HISTORICAL_OR_INDICES_HISTORY,https://www.nseindia.com/reports-indices-historical-index-data#NIFTY_500_2023-03-01_2023-05-29.json,2023-04-20,OFFICIAL_NSE_INDEX_CLOSE_NO_FORWARD_FILL,BENCHMARK_CONTEXT_V1
2023-04-24,NIFTY_500,NIFTY 500,14903.95,14937.2,14841.6,14930.15,NSE_OFFICIAL_HISTORICAL_OR_INDICES_HISTORY,https://www.nseindia.com/reports-indices-historical-index-data#NIFTY_500_2023-03-01_2023-05-29.json,2023-04-23,OFFICIAL_NSE_INDEX_CLOSE_NO_FORWARD_FILL,BENCHMARK_CONTEXT_V1
2023-04-25,NIFTY_500,NIFTY 500,14945.8,14981.3,14916.35,14955.7,NSE_OFFICIAL_HISTORICAL_OR_INDICES_HISTORY,https://www.nseindia.com/reports-indices-historical-index-data#NIFTY_500_2023-03-01_2023-05-29.json,2023-04-24,OFFICIAL_NSE_INDEX_CLOSE_NO_FORWARD_FILL,BENCHMARK_CONTEXT_V1
2023-04-26,NIFTY_500,NIFTY 500,14954.2,15003.1,14918.55,14994.4,NSE_OFFICIAL_HISTORICAL_OR_INDICES_HISTORY,https://www.nseindia.com/reports-indices-historical-index-data#NIFTY_500_2023-03-01_2023-05-29.json,2023-04-25,OFFICIAL_NSE_INDEX_CLOSE_NO_FORWARD_FILL,BENCHMARK_CONTEXT_V1
2023-04-27,NIFTY_500,NIFTY 500,14999.9,15085.85,14989.2,15075.05,NSE_OFFICIAL_HISTORICAL_OR_INDICES_HISTORY,https://www.nseindia.com/reports-indices-historical-index-data#NIFTY_500_2023-03-01_2023-05-29.json,2023-04-26,OFFICIAL_NSE_INDEX_CLOSE_NO_FORWARD_FILL,BENCHMARK_CONTEXT_V1
2023-04-28,NIFTY_500,NIFTY 500,15111.05,15235.45,15077.45,15219.55,NSE_OFFICIAL_HISTORICAL_OR_INDICES_HISTORY,https://www.nseindia.com/reports-indices-historical-index-data#NIFTY_500_2023-03-01_2023-05-29.json,2023-04-27,OFFICIAL_NSE_INDEX_CLOSE_NO_FORWARD_FILL,BENCHMARK_CONTEXT_V1
2023-05-02,NIFTY_500,NIFTY 500,15276.2,15327.75,15261.15,15300.75,NSE_OFFICIAL_HISTORICAL_OR_INDICES_HISTORY,https://www.nseindia.com/reports-indices-historical-index-data#NIFTY_500_2023-03-01_2023-05-29.json,2023-05-01,OFFICIAL_NSE_INDEX_CLOSE_NO_FORWARD_FILL,BENCHMARK_CONTEXT_V1
2023-05-03,NIFTY_500,NIFTY 500,15277.75,15305.05,15239.5,15276.4,NSE_OFFICIAL_HISTORICAL_OR_INDICES_HISTORY,https://www.nseindia.com/reports-indices-historical-index-data#NIFTY_500_2023-03-01_2023-05-29.json,2023-05-02,OFFICIAL_NSE_INDEX_CLOSE_NO_FORWARD_FILL,BENCHMARK_CONTEXT_V1
2023-05-04,NIFTY_500,NIFTY 500,15282.25,15414.7,15272.7,15405.5,NSE_OFFICIAL_HISTORICAL_OR_INDICES_HISTORY,https://www.nseindia.com/reports-indices-historical-index-data#NIFTY_500_2023-03-01_2023-05-29.json,2023-05-03,OFFICIAL_NSE_INDEX_CLOSE_NO_FORWARD_FILL,BENCHMARK_CONTEXT_V1
2023-05-05,NIFTY_500,NIFTY 500,15330.35,15394.9,15265.85,15278.6,NSE_OFFICIAL_HISTORICAL_OR_INDICES_HISTORY,https://www.nseindia.com/reports-indices-historical-index-data#NIFTY_500_2023-03-01_2023-05-29.json,2023-05-04,OFFICIAL_NSE_INDEX_CLOSE_NO_FORWARD_FILL,BENCHMARK_CONTEXT_V1
2023-05-08,NIFTY_500,NIFTY 500,15321.9,15440.85,15310.75,15427.1,NSE_OFFICIAL_HISTORICAL_OR_INDICES_HISTORY,https://www.nseindia.com/reports-indices-historical-index-data#NIFTY_500_2023-03-01_2023-05-29.json,2023-05-07,OFFICIAL_NSE_INDEX_CLOSE_NO_FORWARD_FILL,BENCHMARK_CONTEXT_V1
2023-05-09,NIFTY_500,NIFTY 500,15462.75,15502.7,15393.95,15420.6,NSE_OFFICIAL_HISTORICAL_OR_INDICES_HISTORY,https://www.nseindia.com/reports-indices-historical-index-data#NIFTY_500_2023-03-01_2023-05-29.json,2023-05-08,OFFICIAL_NSE_INDEX_CLOSE_NO_FORWARD_FILL,BENCHMARK_CONTEXT_V1
2023-05-10,NIFTY_500,NIFTY 500,15458.05,15476.1,15372.45,15466.05,NSE_OFFICIAL_HISTORICAL_OR_INDICES_HISTORY,https://www.nseindia.com/reports-indices-historical-index-data#NIFTY_500_2023-03-01_2023-05-29.json,2023-05-09,OFFICIAL_NSE_INDEX_CLOSE_NO_FORWARD_FILL,BENCHMARK_CONTEXT_V1
2023-05-11,NIFTY_500,NIFTY 500,15512.35,15526.75,15461.85,15484.05,NSE_OFFICIAL_HISTORICAL_OR_INDICES_HISTORY,https://www.nseindia.com/reports-indices-historical-index-data#NIFTY_500_2023-03-01_2023-05-29.json,2023-05-10,OFFICIAL_NSE_INDEX_CLOSE_NO_FORWARD_FILL,BENCHMARK_CONTEXT_V1
2023-05-12,NIFTY_500,NIFTY 500,15475.05,15506.15,15401.65,15477.35,NSE_OFFICIAL_HISTORICAL_OR_INDICES_HISTORY,https://www.nseindia.com/reports-indices-historical-index-data#NIFTY_500_2023-03-01_2023-05-29.json,2023-05-11,OFFICIAL_NSE_INDEX_CLOSE_NO_FORWARD_FILL,BENCHMARK_CONTEXT_V1
2023-05-15,NIFTY_500,NIFTY 500,15495.85,15591.95,15464.65,15549.7,NSE_OFFICIAL_HISTORICAL_OR_INDICES_HISTORY,https://www.nseindia.com/reports-indices-historical-index-data#NIFTY_500_2023-03-01_2023-05-29.json,2023-05-14,OFFICIAL_NSE_INDEX_CLOSE_NO_FORWARD_FILL,BENCHMARK_CONTEXT_V1
2023-05-16,NIFTY_500,NIFTY 500,15584.4,15592.25,15476.65,15492.4,NSE_OFFICIAL_HISTORICAL_OR_INDICES_HISTORY,https://www.nseindia.com/reports-indices-historical-index-data#NIFTY_500_2023-03-01_2023-05-29.json,2023-05-15,OFFICIAL_NSE_INDEX_CLOSE_NO_FORWARD_FILL,BENCHMARK_CONTEXT_V1
2023-05-17,NIFTY_500,NIFTY 500,15508.25,15512.85,15367,15426.35,NSE_OFFICIAL_HISTORICAL_OR_INDICES_HISTORY,https://www.nseindia.com/reports-indices-historical-index-data#NIFTY_500_2023-03-01_2023-05-29.json,2023-05-16,OFFICIAL_NSE_INDEX_CLOSE_NO_FORWARD_FILL,BENCHMARK_CONTEXT_V1
2023-05-18,NIFTY_500,NIFTY 500,15506.65,15514.9,15346.85,15361.6,NSE_OFFICIAL_HISTORICAL_OR_INDICES_HISTORY,https://www.nseindia.com/reports-indices-historical-index-data#NIFTY_500_2023-03-01_2023-05-29.json,2023-05-17,OFFICIAL_NSE_INDEX_CLOSE_NO_FORWARD_FILL,BENCHMARK_CONTEXT_V1
2023-05-19,NIFTY_500,NIFTY 500,15399.5,15418.8,15278.7,15407.55,NSE_OFFICIAL_HISTORICAL_OR_INDICES_HISTORY,https://www.nseindia.com/reports-indices-historical-index-data#NIFTY_500_2023-03-01_2023-05-29.json,2023-05-18,OFFICIAL_NSE_INDEX_CLOSE_NO_FORWARD_FILL,BENCHMARK_CONTEXT_V1
2023-05-22,NIFTY_500,NIFTY 500,15409.05,15517.65,15386.9,15504,NSE_OFFICIAL_HISTORICAL_OR_INDICES_HISTORY,https://www.nseindia.com/reports-indices-historical-index-data#NIFTY_500_2023-03-01_2023-05-29.json,2023-05-21,OFFICIAL_NSE_INDEX_CLOSE_NO_FORWARD_FILL,BENCHMARK_CONTEXT_V1
2023-05-23,NIFTY_500,NIFTY 500,15551.05,15595.65,15528.75,15544.75,NSE_OFFICIAL_HISTORICAL_OR_INDICES_HISTORY,https://www.nseindia.com/reports-indices-historical-index-data#NIFTY_500_2023-03-01_2023-05-29.json,2023-05-22,OFFICIAL_NSE_INDEX_CLOSE_NO_FORWARD_FILL,BENCHMARK_CONTEXT_V1
2023-05-24,NIFTY_500,NIFTY 500,15517.2,15591.4,15493.3,15515.95,NSE_OFFICIAL_HISTORICAL_OR_INDICES_HISTORY,https://www.nseindia.com/reports-indices-historical-index-data#NIFTY_500_2023-03-01_2023-05-29.json,2023-05-23,OFFICIAL_NSE_INDEX_CLOSE_NO_FORWARD_FILL,BENCHMARK_CONTEXT_V1
2023-05-25,NIFTY_500,NIFTY 500,15510.2,15568.55,15474.15,15555.25,NSE_OFFICIAL_HISTORICAL_OR_INDICES_HISTORY,https://www.nseindia.com/reports-indices-historical-index-data#NIFTY_500_2023-03-01_2023-05-29.json,2023-05-24,OFFICIAL_NSE_INDEX_CLOSE_NO_FORWARD_FILL,BENCHMARK_CONTEXT_V1
2023-05-26,NIFTY_500,NIFTY 500,15589.5,15704,15567.85,15696.75,NSE_OFFICIAL_HISTORICAL_OR_INDICES_HISTORY,https://www.nseindia.com/reports-indices-historical-index-data#NIFTY_500_2023-03-01_2023-05-29.json,2023-05-25,OFFICIAL_NSE_INDEX_CLOSE_NO_FORWARD_FILL,BENCHMARK_CONTEXT_V1
2023-05-29,NIFTY_500,NIFTY 500,15791.75,15805.75,15758.15,15772.35,NSE_OFFICIAL_HISTORICAL_OR_INDICES_HISTORY,https://www.nseindia.com/reports-indices-historical-index-data#NIFTY_500_2023-03-01_2023-05-29.json,2023-05-28,OFFICIAL_NSE_INDEX_CLOSE_NO_FORWARD_FILL,BENCHMARK_CONTEXT_V1
2023-05-30,NIFTY_500,NIFTY 500,15784.25,15823.9,15759.35,15799.45,NSE_OFFICIAL_HISTORICAL_OR_INDICES_HISTORY,https://www.nseindia.com/reports-indices-historical-index-data#NIFTY_500_2023-05-30_2023-08-27.json,2023-05-29,OFFICIAL_NSE_INDEX_CLOSE_NO_FORWARD_FILL,BENCHMARK_CONTEXT_V1
2023-05-31,NIFTY_500,NIFTY 500,15773.8,15789.2,15706.5,15766.4,NSE_OFFICIAL_HISTORICAL_OR_INDICES_HISTORY,https://www.nseindia.com/reports-indices-historical-index-data#NIFTY_500_2023-05-30_2023-08-27.json,2023-05-30,OFFICIAL_NSE_INDEX_CLOSE_NO_FORWARD_FILL,BENCHMARK_CONTEXT_V1
2023-06-01,NIFTY_500,NIFTY 500,15801.95,15823.95,15743.4,15760.35,NSE_OFFICIAL_HISTORICAL_OR_INDICES_HISTORY,https://www.nseindia.com/reports-indices-historical-index-data#NIFTY_500_2023-05-30_2023-08-27.json,2023-05-31,OFFICIAL_NSE_INDEX_CLOSE_NO_FORWARD_FILL,BENCHMARK_CONTEXT_V1
2023-06-02,NIFTY_500,NIFTY 500,15816.8,15838.45,15774.65,15811.2,NSE_OFFICIAL_HISTORICAL_OR_INDICES_HISTORY,https://www.nseindia.com/reports-indices-historical-index-data#NIFTY_500_2023-05-30_2023-08-27.json,2023-06-01,OFFICIAL_NSE_INDEX_CLOSE_NO_FORWARD_FILL,BENCHMARK_CONTEXT_V1
2023-06-05,NIFTY_500,NIFTY 500,15877.45,15899.15,15851.75,15859.5,NSE_OFFICIAL_HISTORICAL_OR_INDICES_HISTORY,https://www.nseindia.com/reports-indices-historical-index-data#NIFTY_500_2023-05-30_2023-08-27.json,2023-06-04,OFFICIAL_NSE_INDEX_CLOSE_NO_FORWARD_FILL,BENCHMARK_CONTEXT_V1
2023-06-06,NIFTY_500,NIFTY 500,15873.75,15895.7,15816.7,15878.4,NSE_OFFICIAL_HISTORICAL_OR_INDICES_HISTORY,https://www.nseindia.com/reports-indices-historical-index-data#NIFTY_500_2023-05-30_2023-08-27.json,2023-06-05,OFFICIAL_NSE_INDEX_CLOSE_NO_FORWARD_FILL,BENCHMARK_CONTEXT_V1
2023-06-07,NIFTY_500,NIFTY 500,15938.3,16016,15920.25,16006.7,NSE_OFFICIAL_HISTORICAL_OR_INDICES_HISTORY,https://www.nseindia.com/reports-indices-historical-index-data#NIFTY_500_2023-05-30_2023-08-27.json,2023-06-06,OFFICIAL_NSE_INDEX_CLOSE_NO_FORWARD_FILL,BENCHMARK_CONTEXT_V1
2023-06-08,NIFTY_500,NIFTY 500,16021.7,16048.8,15906.15,15921.05,NSE_OFFICIAL_HISTORICAL_OR_INDICES_HISTORY,https://www.nseindia.com/reports-indices-historical-index-data#NIFTY_500_2023-05-30_2023-08-27.json,2023-06-07,OFFICIAL_NSE_INDEX_CLOSE_NO_FORWARD_FILL,BENCHMARK_CONTEXT_V1
2023-06-09,NIFTY_500,NIFTY 500,15947.95,15961.7,15866.8,15877.4,NSE_OFFICIAL_HISTORICAL_OR_INDICES_HISTORY,https://www.nseindia.com/reports-indices-historical-index-data#NIFTY_500_2023-05-30_2023-08-27.json,2023-06-08,OFFICIAL_NSE_INDEX_CLOSE_NO_FORWARD_FILL,BENCHMARK_CONTEXT_V1
2023-06-12,NIFTY_500,NIFTY 500,15913.2,15946.15,15874.4,15929.1,NSE_OFFICIAL_HISTORICAL_OR_INDICES_HISTORY,https://www.nseindia.com/reports-indices-historical-index-data#NIFTY_500_2023-05-30_2023-08-27.json,2023-06-11,OFFICIAL_NSE_INDEX_CLOSE_NO_FORWARD_FILL,BENCHMARK_CONTEXT_V1
2023-06-13,NIFTY_500,NIFTY 500,15964.8,16057.5,15964.3,16048.2,NSE_OFFICIAL_HISTORICAL_OR_INDICES_HISTORY,https://www.nseindia.com/reports-indices-historical-index-data#NIFTY_500_2023-05-30_2023-08-27.json,2023-06-12,OFFICIAL_NSE_INDEX_CLOSE_NO_FORWARD_FILL,BENCHMARK_CONTEXT_V1
2023-06-14,NIFTY_500,NIFTY 500,16082.15,16094.1,16035.15,16084.05,NSE_OFFICIAL_HISTORICAL_OR_INDICES_HISTORY,https://www.nseindia.com/reports-indices-historical-index-data#NIFTY_500_2023-05-30_2023-08-27.json,2023-06-13,OFFICIAL_NSE_INDEX_CLOSE_NO_FORWARD_FILL,BENCHMARK_CONTEXT_V1
2023-06-15,NIFTY_500,NIFTY 500,16106.85,16138.7,16039.05,16058.25,NSE_OFFICIAL_HISTORICAL_OR_INDICES_HISTORY,https://www.nseindia.com/reports-indices-historical-index-data#NIFTY_500_2023-05-30_2023-08-27.json,2023-06-14,OFFICIAL_NSE_INDEX_CLOSE_NO_FORWARD_FILL,BENCHMARK_CONTEXT_V1
2023-06-16,NIFTY_500,NIFTY 500,16100.9,16211.25,16091.8,16181.45,NSE_OFFICIAL_HISTORICAL_OR_INDICES_HISTORY,https://www.nseindia.com/reports-indices-historical-index-data#NIFTY_500_2023-05-30_2023-08-27.json,2023-06-15,OFFICIAL_NSE_INDEX_CLOSE_NO_FORWARD_FILL,BENCHMARK_CONTEXT_V1
2023-06-19,NIFTY_500,NIFTY 500,16231.05,16244.95,16117.85,16142.15,NSE_OFFICIAL_HISTORICAL_OR_INDICES_HISTORY,https://www.nseindia.com/reports-indices-historical-index-data#NIFTY_500_2023-05-30_2023-08-27.json,2023-06-18,OFFICIAL_NSE_INDEX_CLOSE_NO_FORWARD_FILL,BENCHMARK_CONTEXT_V1
2023-06-20,NIFTY_500,NIFTY 500,16147.55,16215.6,16080.95,16199.95,NSE_OFFICIAL_HISTORICAL_OR_INDICES_HISTORY,https://www.nseindia.com/reports-indices-historical-index-data#NIFTY_500_2023-05-30_2023-08-27.json,2023-06-19,OFFICIAL_NSE_INDEX_CLOSE_NO_FORWARD_FILL,BENCHMARK_CONTEXT_V1
2023-06-21,NIFTY_500,NIFTY 500,16244.55,16277.35,16201.4,16240.95,NSE_OFFICIAL_HISTORICAL_OR_INDICES_HISTORY,https://www.nseindia.com/reports-indices-historical-index-data#NIFTY_500_2023-05-30_2023-08-27.json,2023-06-20,OFFICIAL_NSE_INDEX_CLOSE_NO_FORWARD_FILL,BENCHMARK_CONTEXT_V1
2023-06-22,NIFTY_500,NIFTY 500,16252.75,16264.15,16128.8,16140.8,NSE_OFFICIAL_HISTORICAL_OR_INDICES_HISTORY,https://www.nseindia.com/reports-indices-historical-index-data#NIFTY_500_2023-05-30_2023-08-27.json,2023-06-21,OFFICIAL_NSE_INDEX_CLOSE_NO_FORWARD_FILL,BENCHMARK_CONTEXT_V1
2023-06-23,NIFTY_500,NIFTY 500,16126.7,16133.95,15999.4,16011.8,NSE_OFFICIAL_HISTORICAL_OR_INDICES_HISTORY,https://www.nseindia.com/reports-indices-historical-index-data#NIFTY_500_2023-05-30_2023-08-27.json,2023-06-22,OFFICIAL_NSE_INDEX_CLOSE_NO_FORWARD_FILL,BENCHMARK_CONTEXT_V1
2023-06-26,NIFTY_500,NIFTY 500,16017.5,16079,15995.1,16066.15,NSE_OFFICIAL_HISTORICAL_OR_INDICES_HISTORY,https://www.nseindia.com/reports-indices-historical-index-data#NIFTY_500_2023-05-30_2023-08-27.json,2023-06-25,OFFICIAL_NSE_INDEX_CLOSE_NO_FORWARD_FILL,BENCHMARK_CONTEXT_V1
2023-06-27,NIFTY_500,NIFTY 500,16118.65,16171.2,16104.2,16163.5,NSE_OFFICIAL_HISTORICAL_OR_INDICES_HISTORY,https://www.nseindia.com/reports-indices-historical-index-data#NIFTY_500_2023-05-30_2023-08-27.json,2023-06-26,OFFICIAL_NSE_INDEX_CLOSE_NO_FORWARD_FILL,BENCHMARK_CONTEXT_V1
2023-06-28,NIFTY_500,NIFTY 500,16239.85,16296,16210.45,16277.2,NSE_OFFICIAL_HISTORICAL_OR_INDICES_HISTORY,https://www.nseindia.com/reports-indices-historical-index-data#NIFTY_500_2023-05-30_2023-08-27.json,2023-06-27,OFFICIAL_NSE_INDEX_CLOSE_NO_FORWARD_FILL,BENCHMARK_CONTEXT_V1
2023-06-30,NIFTY_500,NIFTY 500,16354.95,16437.45,16326,16430,NSE_OFFICIAL_HISTORICAL_OR_INDICES_HISTORY,https://www.nseindia.com/reports-indices-historical-index-data#NIFTY_500_2023-05-30_2023-08-27.json,2023-06-29,OFFICIAL_NSE_INDEX_CLOSE_NO_FORWARD_FILL,BENCHMARK_CONTEXT_V1
2023-07-03,NIFTY_500,NIFTY 500,16490.95,16541.9,16485.3,16527.95,NSE_OFFICIAL_HISTORICAL_OR_INDICES_HISTORY,https://www.nseindia.com/reports-indices-historical-index-data#NIFTY_500_2023-05-30_2023-08-27.json,2023-07-02,OFFICIAL_NSE_INDEX_CLOSE_NO_FORWARD_FILL,BENCHMARK_CONTEXT_V1
2023-07-04,NIFTY_500,NIFTY 500,16597.5,16599.25,16499.15,16556.05,NSE_OFFICIAL_HISTORICAL_OR_INDICES_HISTORY,https://www.nseindia.com/reports-indices-historical-index-data#NIFTY_500_2023-05-30_2023-08-27.json,2023-07-03,OFFICIAL_NSE_INDEX_CLOSE_NO_FORWARD_FILL,BENCHMARK_CONTEXT_V1
2023-07-05,NIFTY_500,NIFTY 500,16580.2,16611.15,16540.2,16597.2,NSE_OFFICIAL_HISTORICAL_OR_INDICES_HISTORY,https://www.nseindia.com/reports-indices-historical-index-data#NIFTY_500_2023-05-30_2023-08-27.json,2023-07-04,OFFICIAL_NSE_INDEX_CLOSE_NO_FORWARD_FILL,BENCHMARK_CONTEXT_V1
2023-07-06,NIFTY_500,NIFTY 500,16600.75,16703.3,16590.7,16695.05,NSE_OFFICIAL_HISTORICAL_OR_INDICES_HISTORY,https://www.nseindia.com/reports-indices-historical-index-data#NIFTY_500_2023-05-30_2023-08-27.json,2023-07-05,OFFICIAL_NSE_INDEX_CLOSE_NO_FORWARD_FILL,BENCHMARK_CONTEXT_V1
2023-07-07,NIFTY_500,NIFTY 500,16653.3,16718.2,16541.6,16564.9,NSE_OFFICIAL_HISTORICAL_OR_INDICES_HISTORY,https://www.nseindia.com/reports-indices-historical-index-data#NIFTY_500_2023-05-30_2023-08-27.json,2023-07-06,OFFICIAL_NSE_INDEX_CLOSE_NO_FORWARD_FILL,BENCHMARK_CONTEXT_V1
2023-07-10,NIFTY_500,NIFTY 500,16620.9,16623.95,16530.75,16553.75,NSE_OFFICIAL_HISTORICAL_OR_INDICES_HISTORY,https://www.nseindia.com/reports-indices-historical-index-data#NIFTY_500_2023-05-30_2023-08-27.json,2023-07-09,OFFICIAL_NSE_INDEX_CLOSE_NO_FORWARD_FILL,BENCHMARK_CONTEXT_V1
2023-07-11,NIFTY_500,NIFTY 500,16610.95,16698.8,16597.55,16648,NSE_OFFICIAL_HISTORICAL_OR_INDICES_HISTORY,https://www.nseindia.com/reports-indices-historical-index-data#NIFTY_500_2023-05-30_2023-08-27.json,2023-07-10,OFFICIAL_NSE_INDEX_CLOSE_NO_FORWARD_FILL,BENCHMARK_CONTEXT_V1
2023-07-12,NIFTY_500,NIFTY 500,16697.1,16703.25,16627.3,16641.05,NSE_OFFICIAL_HISTORICAL_OR_INDICES_HISTORY,https://www.nseindia.com/reports-indices-historical-index-data#NIFTY_500_2023-05-30_2023-08-27.json,2023-07-11,OFFICIAL_NSE_INDEX_CLOSE_NO_FORWARD_FILL,BENCHMARK_CONTEXT_V1
2023-07-13,NIFTY_500,NIFTY 500,16726.95,16774.5,16596.45,16623.9,NSE_OFFICIAL_HISTORICAL_OR_INDICES_HISTORY,https://www.nseindia.com/reports-indices-historical-index-data#NIFTY_500_2023-05-30_2023-08-27.json,2023-07-12,OFFICIAL_NSE_INDEX_CLOSE_NO_FORWARD_FILL,BENCHMARK_CONTEXT_V1
2023-07-14,NIFTY_500,NIFTY 500,16695.7,16786,16655.05,16765.45,NSE_OFFICIAL_HISTORICAL_OR_INDICES_HISTORY,https://www.nseindia.com/reports-indices-historical-index-data#NIFTY_500_2023-05-30_2023-08-27.json,2023-07-13,OFFICIAL_NSE_INDEX_CLOSE_NO_FORWARD_FILL,BENCHMARK_CONTEXT_V1
2023-07-17,NIFTY_500,NIFTY 500,16811.65,16884.95,16784.35,16872.05,NSE_OFFICIAL_HISTORICAL_OR_INDICES_HISTORY,https://www.nseindia.com/reports-indices-historical-index-data#NIFTY_500_2023-05-30_2023-08-27.json,2023-07-16,OFFICIAL_NSE_INDEX_CLOSE_NO_FORWARD_FILL,BENCHMARK_CONTEXT_V1
2023-07-18,NIFTY_500,NIFTY 500,16932.95,16940.15,16818.3,16872,NSE_OFFICIAL_HISTORICAL_OR_INDICES_HISTORY,https://www.nseindia.com/reports-indices-historical-index-data#NIFTY_500_2023-05-30_2023-08-27.json,2023-07-17,OFFICIAL_NSE_INDEX_CLOSE_NO_FORWARD_FILL,BENCHMARK_CONTEXT_V1
2023-07-19,NIFTY_500,NIFTY 500,16919.05,16964.25,16877.45,16953.5,NSE_OFFICIAL_HISTORICAL_OR_INDICES_HISTORY,https://www.nseindia.com/reports-indices-historical-index-data#NIFTY_500_2023-05-30_2023-08-27.json,2023-07-18,OFFICIAL_NSE_INDEX_CLOSE_NO_FORWARD_FILL,BENCHMARK_CONTEXT_V1
2023-07-20,NIFTY_500,NIFTY 500,16965.45,17051,16912.7,17042.55,NSE_OFFICIAL_HISTORICAL_OR_INDICES_HISTORY,https://www.nseindia.com/reports-indices-historical-index-data#NIFTY_500_2023-05-30_2023-08-27.json,2023-07-19,OFFICIAL_NSE_INDEX_CLOSE_NO_FORWARD_FILL,BENCHMARK_CONTEXT_V1
2023-07-21,NIFTY_500,NIFTY 500,16931.95,16991.4,16874.95,16904.3,NSE_OFFICIAL_HISTORICAL_OR_INDICES_HISTORY,https://www.nseindia.com/reports-indices-historical-index-data#NIFTY_500_2023-05-30_2023-08-27.json,2023-07-20,OFFICIAL_NSE_INDEX_CLOSE_NO_FORWARD_FILL,BENCHMARK_CONTEXT_V1
2023-07-24,NIFTY_500,NIFTY 500,16921.75,16948.4,16852.2,16865.15,NSE_OFFICIAL_HISTORICAL_OR_INDICES_HISTORY,https://www.nseindia.com/reports-indices-historical-index-data#NIFTY_500_2023-05-30_2023-08-27.json,2023-07-23,OFFICIAL_NSE_INDEX_CLOSE_NO_FORWARD_FILL,BENCHMARK_CONTEXT_V1
2023-07-25,NIFTY_500,NIFTY 500,16918.8,16918.85,16832.45,16896.9,NSE_OFFICIAL_HISTORICAL_OR_INDICES_HISTORY,https://www.nseindia.com/reports-indices-historical-index-data#NIFTY_500_2023-05-30_2023-08-27.json,2023-07-24,OFFICIAL_NSE_INDEX_CLOSE_NO_FORWARD_FILL,BENCHMARK_CONTEXT_V1
2023-07-26,NIFTY_500,NIFTY 500,16950.7,17011,16931.6,16975,NSE_OFFICIAL_HISTORICAL_OR_INDICES_HISTORY,https://www.nseindia.com/reports-indices-historical-index-data#NIFTY_500_2023-05-30_2023-08-27.json,2023-07-25,OFFICIAL_NSE_INDEX_CLOSE_NO_FORWARD_FILL,BENCHMARK_CONTEXT_V1
2023-07-27,NIFTY_500,NIFTY 500,17038.35,17056.2,16873,16919.2,NSE_OFFICIAL_HISTORICAL_OR_INDICES_HISTORY,https://www.nseindia.com/reports-indices-historical-index-data#NIFTY_500_2023-05-30_2023-08-27.json,2023-07-26,OFFICIAL_NSE_INDEX_CLOSE_NO_FORWARD_FILL,BENCHMARK_CONTEXT_V1
2023-07-28,NIFTY_500,NIFTY 500,16935.05,16960.5,16880.6,16948.35,NSE_OFFICIAL_HISTORICAL_OR_INDICES_HISTORY,https://www.nseindia.com/reports-indices-historical-index-data#NIFTY_500_2023-05-30_2023-08-27.json,2023-07-27,OFFICIAL_NSE_INDEX_CLOSE_NO_FORWARD_FILL,BENCHMARK_CONTEXT_V1
2023-07-31,NIFTY_500,NIFTY 500,16972.5,17072.8,16939,17059,NSE_OFFICIAL_HISTORICAL_OR_INDICES_HISTORY,https://www.nseindia.com/reports-indices-historical-index-data#NIFTY_500_2023-05-30_2023-08-27.json,2023-07-30,OFFICIAL_NSE_INDEX_CLOSE_NO_FORWARD_FILL,BENCHMARK_CONTEXT_V1
2023-08-01,NIFTY_500,NIFTY 500,17096.6,17102.1,17026.3,17051.15,NSE_OFFICIAL_HISTORICAL_OR_INDICES_HISTORY,https://www.nseindia.com/reports-indices-historical-index-data#NIFTY_500_2023-05-30_2023-08-27.json,2023-07-31,OFFICIAL_NSE_INDEX_CLOSE_NO_FORWARD_FILL,BENCHMARK_CONTEXT_V1
2023-08-02,NIFTY_500,NIFTY 500,17005.6,17018.85,16755.9,16858.95,NSE_OFFICIAL_HISTORICAL_OR_INDICES_HISTORY,https://www.nseindia.com/reports-indices-historical-index-data#NIFTY_500_2023-05-30_2023-08-27.json,2023-08-01,OFFICIAL_NSE_INDEX_CLOSE_NO_FORWARD_FILL,BENCHMARK_CONTEXT_V1
2023-08-03,NIFTY_500,NIFTY 500,16818.35,16878.75,16691.65,16772.3,NSE_OFFICIAL_HISTORICAL_OR_INDICES_HISTORY,https://www.nseindia.com/reports-indices-historical-index-data#NIFTY_500_2023-05-30_2023-08-27.json,2023-08-02,OFFICIAL_NSE_INDEX_CLOSE_NO_FORWARD_FILL,BENCHMARK_CONTEXT_V1
2023-08-04,NIFTY_500,NIFTY 500,16847.4,16914.45,16836.55,16890.6,NSE_OFFICIAL_HISTORICAL_OR_INDICES_HISTORY,https://www.nseindia.com/reports-indices-historical-index-data#NIFTY_500_2023-05-30_2023-08-27.json,2023-08-03,OFFICIAL_NSE_INDEX_CLOSE_NO_FORWARD_FILL,BENCHMARK_CONTEXT_V1
2023-08-07,NIFTY_500,NIFTY 500,16948.35,16970.05,16897.5,16956.35,NSE_OFFICIAL_HISTORICAL_OR_INDICES_HISTORY,https://www.nseindia.com/reports-indices-historical-index-data#NIFTY_500_2023-05-30_2023-08-27.json,2023-08-06,OFFICIAL_NSE_INDEX_CLOSE_NO_FORWARD_FILL,BENCHMARK_CONTEXT_V1
2023-08-08,NIFTY_500,NIFTY 500,16991.85,16998.15,16889.85,16949.25,NSE_OFFICIAL_HISTORICAL_OR_INDICES_HISTORY,https://www.nseindia.com/reports-indices-historical-index-data#NIFTY_500_2023-05-30_2023-08-27.json,2023-08-07,OFFICIAL_NSE_INDEX_CLOSE_NO_FORWARD_FILL,BENCHMARK_CONTEXT_V1
2023-08-09,NIFTY_500,NIFTY 500,16966.85,17011.95,16881.75,17003.85,NSE_OFFICIAL_HISTORICAL_OR_INDICES_HISTORY,https://www.nseindia.com/reports-indices-historical-index-data#NIFTY_500_2023-05-30_2023-08-27.json,2023-08-08,OFFICIAL_NSE_INDEX_CLOSE_NO_FORWARD_FILL,BENCHMARK_CONTEXT_V1
2023-08-10,NIFTY_500,NIFTY 500,16999.5,17013.45,16901.55,16939.85,NSE_OFFICIAL_HISTORICAL_OR_INDICES_HISTORY,https://www.nseindia.com/reports-indices-historical-index-data#NIFTY_500_2023-05-30_2023-08-27.json,2023-08-09,OFFICIAL_NSE_INDEX_CLOSE_NO_FORWARD_FILL,BENCHMARK_CONTEXT_V1
2023-08-11,NIFTY_500,NIFTY 500,16970.05,16972.05,16845.8,16860.15,NSE_OFFICIAL_HISTORICAL_OR_INDICES_HISTORY,https://www.nseindia.com/reports-indices-historical-index-data#NIFTY_500_2023-05-30_2023-08-27.json,2023-08-10,OFFICIAL_NSE_INDEX_CLOSE_NO_FORWARD_FILL,BENCHMARK_CONTEXT_V1
2023-08-14,NIFTY_500,NIFTY 500,16827.75,16854.1,16661,16825.55,NSE_OFFICIAL_HISTORICAL_OR_INDICES_HISTORY,https://www.nseindia.com/reports-indices-historical-index-data#NIFTY_500_2023-05-30_2023-08-27.json,2023-08-13,OFFICIAL_NSE_INDEX_CLOSE_NO_FORWARD_FILL,BENCHMARK_CONTEXT_V1
2023-08-16,NIFTY_500,NIFTY 500,16779.6,16867.8,16732.75,16853.05,NSE_OFFICIAL_HISTORICAL_OR_INDICES_HISTORY,https://www.nseindia.com/reports-indices-historical-index-data#NIFTY_500_2023-05-30_2023-08-27.json,2023-08-15,OFFICIAL_NSE_INDEX_CLOSE_NO_FORWARD_FILL,BENCHMARK_CONTEXT_V1
2023-08-17,NIFTY_500,NIFTY 500,16858.85,16869.4,16781.6,16802.25,NSE_OFFICIAL_HISTORICAL_OR_INDICES_HISTORY,https://www.nseindia.com/reports-indices-historical-index-data#NIFTY_500_2023-05-30_2023-08-27.json,2023-08-16,OFFICIAL_NSE_INDEX_CLOSE_NO_FORWARD_FILL,BENCHMARK_CONTEXT_V1
2023-08-18,NIFTY_500,NIFTY 500,16768,16803.25,16722.05,16757.7,NSE_OFFICIAL_HISTORICAL_OR_INDICES_HISTORY,https://www.nseindia.com/reports-indices-historical-index-data#NIFTY_500_2023-05-30_2023-08-27.json,2023-08-17,OFFICIAL_NSE_INDEX_CLOSE_NO_FORWARD_FILL,BENCHMARK_CONTEXT_V1
2023-08-21,NIFTY_500,NIFTY 500,16780.75,16872.55,16766.7,16852.05,NSE_OFFICIAL_HISTORICAL_OR_INDICES_HISTORY,https://www.nseindia.com/reports-indices-historical-index-data#NIFTY_500_2023-05-30_2023-08-27.json,2023-08-20,OFFICIAL_NSE_INDEX_CLOSE_NO_FORWARD_FILL,BENCHMARK_CONTEXT_V1
2023-08-22,NIFTY_500,NIFTY 500,16886.95,16925.45,16874.8,16905.25,NSE_OFFICIAL_HISTORICAL_OR_INDICES_HISTORY,https://www.nseindia.com/reports-indices-historical-index-data#NIFTY_500_2023-05-30_2023-08-27.json,2023-08-21,OFFICIAL_NSE_INDEX_CLOSE_NO_FORWARD_FILL,BENCHMARK_CONTEXT_V1
2023-08-23,NIFTY_500,NIFTY 500,16950.9,16981.85,16912.15,16950.25,NSE_OFFICIAL_HISTORICAL_OR_INDICES_HISTORY,https://www.nseindia.com/reports-indices-historical-index-data#NIFTY_500_2023-05-30_2023-08-27.json,2023-08-22,OFFICIAL_NSE_INDEX_CLOSE_NO_FORWARD_FILL,BENCHMARK_CONTEXT_V1
2023-08-24,NIFTY_500,NIFTY 500,17039.25,17074.25,16916.4,16930.15,NSE_OFFICIAL_HISTORICAL_OR_INDICES_HISTORY,https://www.nseindia.com/reports-indices-historical-index-data#NIFTY_500_2023-05-30_2023-08-27.json,2023-08-23,OFFICIAL_NSE_INDEX_CLOSE_NO_FORWARD_FILL,BENCHMARK_CONTEXT_V1
2023-08-25,NIFTY_500,NIFTY 500,16871,16905.7,16785.25,16820.85,NSE_OFFICIAL_HISTORICAL_OR_INDICES_HISTORY,https://www.nseindia.com/reports-indices-historical-index-data#NIFTY_500_2023-05-30_2023-08-27.json,2023-08-24,OFFICIAL_NSE_INDEX_CLOSE_NO_FORWARD_FILL,BENCHMARK_CONTEXT_V1
2023-08-28,NIFTY_500,NIFTY 500,16866.4,16918.25,16823.4,16875.3,NSE_OFFICIAL_HISTORICAL_OR_INDICES_HISTORY,https://www.nseindia.com/reports-indices-historical-index-data#NIFTY_500_2023-08-28_2023-11-25.json,2023-08-27,OFFICIAL_NSE_INDEX_CLOSE_NO_FORWARD_FILL,BENCHMARK_CONTEXT_V1
2023-08-29,NIFTY_500,NIFTY 500,16933.85,16938.8,16898.05,16927.3,NSE_OFFICIAL_HISTORICAL_OR_INDICES_HISTORY,https://www.nseindia.com/reports-indices-historical-index-data#NIFTY_500_2023-08-28_2023-11-25.json,2023-08-28,OFFICIAL_NSE_INDEX_CLOSE_NO_FORWARD_FILL,BENCHMARK_CONTEXT_V1
2023-08-30,NIFTY_500,NIFTY 500,17010.15,17035.6,16959.1,16968.95,NSE_OFFICIAL_HISTORICAL_OR_INDICES_HISTORY,https://www.nseindia.com/reports-indices-historical-index-data#NIFTY_500_2023-08-28_2023-11-25.json,2023-08-29,OFFICIAL_NSE_INDEX_CLOSE_NO_FORWARD_FILL,BENCHMARK_CONTEXT_V1
2023-08-31,NIFTY_500,NIFTY 500,17001.35,17011.8,16904.7,16924.3,NSE_OFFICIAL_HISTORICAL_OR_INDICES_HISTORY,https://www.nseindia.com/reports-indices-historical-index-data#NIFTY_500_2023-08-28_2023-11-25.json,2023-08-30,OFFICIAL_NSE_INDEX_CLOSE_NO_FORWARD_FILL,BENCHMARK_CONTEXT_V1
2023-09-01,NIFTY_500,NIFTY 500,16940.2,17088.1,16931.5,17074.55,NSE_OFFICIAL_HISTORICAL_OR_INDICES_HISTORY,https://www.nseindia.com/reports-indices-historical-index-data#NIFTY_500_2023-08-28_2023-11-25.json,2023-08-31,OFFICIAL_NSE_INDEX_CLOSE_NO_FORWARD_FILL,BENCHMARK_CONTEXT_V1
2023-09-04,NIFTY_500,NIFTY 500,17157.9,17191.2,17074.55,17180.95,NSE_OFFICIAL_HISTORICAL_OR_INDICES_HISTORY,https://www.nseindia.com/reports-indices-historical-index-data#NIFTY_500_2023-08-28_2023-11-25.json,2023-09-03,OFFICIAL_NSE_INDEX_CLOSE_NO_FORWARD_FILL,BENCHMARK_CONTEXT_V1
2023-09-05,NIFTY_500,NIFTY 500,17228.2,17264.9,17180.95,17252.1,NSE_OFFICIAL_HISTORICAL_OR_INDICES_HISTORY,https://www.nseindia.com/reports-indices-historical-index-data#NIFTY_500_2023-08-28_2023-11-25.json,2023-09-04,OFFICIAL_NSE_INDEX_CLOSE_NO_FORWARD_FILL,BENCHMARK_CONTEXT_V1
2023-09-06,NIFTY_500,NIFTY 500,17274.2,17298.8,17198.75,17284.6,NSE_OFFICIAL_HISTORICAL_OR_INDICES_HISTORY,https://www.nseindia.com/reports-indices-historical-index-data#NIFTY_500_2023-08-28_2023-11-25.json,2023-09-05,OFFICIAL_NSE_INDEX_CLOSE_NO_FORWARD_FILL,BENCHMARK_CONTEXT_V1
2023-09-07,NIFTY_500,NIFTY 500,17292.35,17395,17269.1,17385.5,NSE_OFFICIAL_HISTORICAL_OR_INDICES_HISTORY,https://www.nseindia.com/reports-indices-historical-index-data#NIFTY_500_2023-08-28_2023-11-25.json,2023-09-06,OFFICIAL_NSE_INDEX_CLOSE_NO_FORWARD_FILL,BENCHMARK_CONTEXT_V1
2023-09-08,NIFTY_500,NIFTY 500,17437.65,17519.6,17385.5,17487.45,NSE_OFFICIAL_HISTORICAL_OR_INDICES_HISTORY,https://www.nseindia.com/reports-indices-historical-index-data#NIFTY_500_2023-08-28_2023-11-25.json,2023-09-07,OFFICIAL_NSE_INDEX_CLOSE_NO_FORWARD_FILL,BENCHMARK_CONTEXT_V1
2023-09-11,NIFTY_500,NIFTY 500,17567.2,17660.8,17550.2,17653.35,NSE_OFFICIAL_HISTORICAL_OR_INDICES_HISTORY,https://www.nseindia.com/reports-indices-historical-index-data#NIFTY_500_2023-08-28_2023-11-25.json,2023-09-10,OFFICIAL_NSE_INDEX_CLOSE_NO_FORWARD_FILL,BENCHMARK_CONTEXT_V1
2023-09-12,NIFTY_500,NIFTY 500,17753.95,17754.05,17422.05,17460.55,NSE_OFFICIAL_HISTORICAL_OR_INDICES_HISTORY,https://www.nseindia.com/reports-indices-historical-index-data#NIFTY_500_2023-08-28_2023-11-25.json,2023-09-11,OFFICIAL_NSE_INDEX_CLOSE_NO_FORWARD_FILL,BENCHMARK_CONTEXT_V1
2023-09-13,NIFTY_500,NIFTY 500,17458.4,17540.85,17364.35,17526.75,NSE_OFFICIAL_HISTORICAL_OR_INDICES_HISTORY,https://www.nseindia.com/reports-indices-historical-index-data#NIFTY_500_2023-08-28_2023-11-25.json,2023-09-12,OFFICIAL_NSE_INDEX_CLOSE_NO_FORWARD_FILL,BENCHMARK_CONTEXT_V1
2023-09-14,NIFTY_500,NIFTY 500,17593.25,17648.55,17546,17603.5,NSE_OFFICIAL_HISTORICAL_OR_INDICES_HISTORY,https://www.nseindia.com/reports-indices-historical-index-data#NIFTY_500_2023-08-28_2023-11-25.json,2023-09-13,OFFICIAL_NSE_INDEX_CLOSE_NO_FORWARD_FILL,BENCHMARK_CONTEXT_V1
2023-09-15,NIFTY_500,NIFTY 500,17662.8,17691.85,17620.9,17665.8,NSE_OFFICIAL_HISTORICAL_OR_INDICES_HISTORY,https://www.nseindia.com/reports-indices-historical-index-data#NIFTY_500_2023-08-28_2023-11-25.json,2023-09-14,OFFICIAL_NSE_INDEX_CLOSE_NO_FORWARD_FILL,BENCHMARK_CONTEXT_V1
2023-09-18,NIFTY_500,NIFTY 500,17666.85,17671.6,17601.55,17613.6,NSE_OFFICIAL_HISTORICAL_OR_INDICES_HISTORY,https://www.nseindia.com/reports-indices-historical-index-data#NIFTY_500_2023-08-28_2023-11-25.json,2023-09-17,OFFICIAL_NSE_INDEX_CLOSE_NO_FORWARD_FILL,BENCHMARK_CONTEXT_V1
2023-09-20,NIFTY_500,NIFTY 500,17513.2,17571.15,17419.75,17449.35,NSE_OFFICIAL_HISTORICAL_OR_INDICES_HISTORY,https://www.nseindia.com/reports-indices-historical-index-data#NIFTY_500_2023-08-28_2023-11-25.json,2023-09-19,OFFICIAL_NSE_INDEX_CLOSE_NO_FORWARD_FILL,BENCHMARK_CONTEXT_V1
2023-09-21,NIFTY_500,NIFTY 500,17409.1,17422.75,17273.1,17303.5,NSE_OFFICIAL_HISTORICAL_OR_INDICES_HISTORY,https://www.nseindia.com/reports-indices-historical-index-data#NIFTY_500_2023-08-28_2023-11-25.json,2023-09-20,OFFICIAL_NSE_INDEX_CLOSE_NO_FORWARD_FILL,BENCHMARK_CONTEXT_V1
2023-09-22,NIFTY_500,NIFTY 500,17314.4,17361.8,17226.05,17260.8,NSE_OFFICIAL_HISTORICAL_OR_INDICES_HISTORY,https://www.nseindia.com/reports-indices-historical-index-data#NIFTY_500_2023-08-28_2023-11-25.json,2023-09-21,OFFICIAL_NSE_INDEX_CLOSE_NO_FORWARD_FILL,BENCHMARK_CONTEXT_V1
2023-09-25,NIFTY_500,NIFTY 500,17276.35,17308.2,17198.2,17272.55,NSE_OFFICIAL_HISTORICAL_OR_INDICES_HISTORY,https://www.nseindia.com/reports-indices-historical-index-data#NIFTY_500_2023-08-28_2023-11-25.json,2023-09-24,OFFICIAL_NSE_INDEX_CLOSE_NO_FORWARD_FILL,BENCHMARK_CONTEXT_V1
2023-09-26,NIFTY_500,NIFTY 500,17284.9,17312.35,17250.3,17276.75,NSE_OFFICIAL_HISTORICAL_OR_INDICES_HISTORY,https://www.nseindia.com/reports-indices-historical-index-data#NIFTY_500_2023-08-28_2023-11-25.json,2023-09-25,OFFICIAL_NSE_INDEX_CLOSE_NO_FORWARD_FILL,BENCHMARK_CONTEXT_V1
2023-09-27,NIFTY_500,NIFTY 500,17270.4,17352.1,17217.45,17341.6,NSE_OFFICIAL_HISTORICAL_OR_INDICES_HISTORY,https://www.nseindia.com/reports-indices-historical-index-data#NIFTY_500_2023-08-28_2023-11-25.json,2023-09-26,OFFICIAL_NSE_INDEX_CLOSE_NO_FORWARD_FILL,BENCHMARK_CONTEXT_V1
2023-09-28,NIFTY_500,NIFTY 500,17384.05,17389.2,17147,17170.45,NSE_OFFICIAL_HISTORICAL_OR_INDICES_HISTORY,https://www.nseindia.com/reports-indices-historical-index-data#NIFTY_500_2023-08-28_2023-11-25.json,2023-09-27,OFFICIAL_NSE_INDEX_CLOSE_NO_FORWARD_FILL,BENCHMARK_CONTEXT_V1
2023-09-29,NIFTY_500,NIFTY 500,17227.55,17357.15,17205.2,17292.6,NSE_OFFICIAL_HISTORICAL_OR_INDICES_HISTORY,https://www.nseindia.com/reports-indices-historical-index-data#NIFTY_500_2023-08-28_2023-11-25.json,2023-09-28,OFFICIAL_NSE_INDEX_CLOSE_NO_FORWARD_FILL,BENCHMARK_CONTEXT_V1
2023-10-03,NIFTY_500,NIFTY 500,17294.5,17295.45,17201.7,17254.4,NSE_OFFICIAL_HISTORICAL_OR_INDICES_HISTORY,https://www.nseindia.com/reports-indices-historical-index-data#NIFTY_500_2023-08-28_2023-11-25.json,2023-10-02,OFFICIAL_NSE_INDEX_CLOSE_NO_FORWARD_FILL,BENCHMARK_CONTEXT_V1
2023-10-04,NIFTY_500,NIFTY 500,17195.55,17200.7,17032.6,17123.1,NSE_OFFICIAL_HISTORICAL_OR_INDICES_HISTORY,https://www.nseindia.com/reports-indices-historical-index-data#NIFTY_500_2023-08-28_2023-11-25.json,2023-10-03,OFFICIAL_NSE_INDEX_CLOSE_NO_FORWARD_FILL,BENCHMARK_CONTEXT_V1
2023-10-05,NIFTY_500,NIFTY 500,17202.25,17234,17154.3,17195.8,NSE_OFFICIAL_HISTORICAL_OR_INDICES_HISTORY,https://www.nseindia.com/reports-indices-historical-index-data#NIFTY_500_2023-08-28_2023-11-25.json,2023-10-04,OFFICIAL_NSE_INDEX_CLOSE_NO_FORWARD_FILL,BENCHMARK_CONTEXT_V1
2023-10-06,NIFTY_500,NIFTY 500,17263.35,17310.1,17237.1,17293.6,NSE_OFFICIAL_HISTORICAL_OR_INDICES_HISTORY,https://www.nseindia.com/reports-indices-historical-index-data#NIFTY_500_2023-08-28_2023-11-25.json,2023-10-05,OFFICIAL_NSE_INDEX_CLOSE_NO_FORWARD_FILL,BENCHMARK_CONTEXT_V1
2023-10-09,NIFTY_500,NIFTY 500,17170.5,17206.85,17096.65,17127.7,NSE_OFFICIAL_HISTORICAL_OR_INDICES_HISTORY,https://www.nseindia.com/reports-indices-historical-index-data#NIFTY_500_2023-08-28_2023-11-25.json,2023-10-08,OFFICIAL_NSE_INDEX_CLOSE_NO_FORWARD_FILL,BENCHMARK_CONTEXT_V1
2023-10-10,NIFTY_500,NIFTY 500,17184.55,17319.3,17184.55,17303.35,NSE_OFFICIAL_HISTORICAL_OR_INDICES_HISTORY,https://www.nseindia.com/reports-indices-historical-index-data#NIFTY_500_2023-08-28_2023-11-25.json,2023-10-09,OFFICIAL_NSE_INDEX_CLOSE_NO_FORWARD_FILL,BENCHMARK_CONTEXT_V1
2023-10-11,NIFTY_500,NIFTY 500,17380.65,17447.8,17375.5,17407.35,NSE_OFFICIAL_HISTORICAL_OR_INDICES_HISTORY,https://www.nseindia.com/reports-indices-historical-index-data#NIFTY_500_2023-08-28_2023-11-25.json,2023-10-10,OFFICIAL_NSE_INDEX_CLOSE_NO_FORWARD_FILL,BENCHMARK_CONTEXT_V1
2023-10-12,NIFTY_500,NIFTY 500,17438.3,17457.85,17402.45,17419.7,NSE_OFFICIAL_HISTORICAL_OR_INDICES_HISTORY,https://www.nseindia.com/reports-indices-historical-index-data#NIFTY_500_2023-08-28_2023-11-25.json,2023-10-11,OFFICIAL_NSE_INDEX_CLOSE_NO_FORWARD_FILL,BENCHMARK_CONTEXT_V1
2023-10-13,NIFTY_500,NIFTY 500,17323.05,17436.5,17306.55,17390.35,NSE_OFFICIAL_HISTORICAL_OR_INDICES_HISTORY,https://www.nseindia.com/reports-indices-historical-index-data#NIFTY_500_2023-08-28_2023-11-25.json,2023-10-12,OFFICIAL_NSE_INDEX_CLOSE_NO_FORWARD_FILL,BENCHMARK_CONTEXT_V1
2023-10-16,NIFTY_500,NIFTY 500,17390.35,17431.5,17353.15,17393,NSE_OFFICIAL_HISTORICAL_OR_INDICES_HISTORY,https://www.nseindia.com/reports-indices-historical-index-data#NIFTY_500_2023-08-28_2023-11-25.json,2023-10-15,OFFICIAL_NSE_INDEX_CLOSE_NO_FORWARD_FILL,BENCHMARK_CONTEXT_V1
2023-10-17,NIFTY_500,NIFTY 500,17490.05,17494.5,17437.95,17467.7,NSE_OFFICIAL_HISTORICAL_OR_INDICES_HISTORY,https://www.nseindia.com/reports-indices-historical-index-data#NIFTY_500_2023-08-28_2023-11-25.json,2023-10-16,OFFICIAL_NSE_INDEX_CLOSE_NO_FORWARD_FILL,BENCHMARK_CONTEXT_V1
2023-10-18,NIFTY_500,NIFTY 500,17484.35,17492.4,17332.3,17344,NSE_OFFICIAL_HISTORICAL_OR_INDICES_HISTORY,https://www.nseindia.com/reports-indices-historical-index-data#NIFTY_500_2023-08-28_2023-11-25.json,2023-10-17,OFFICIAL_NSE_INDEX_CLOSE_NO_FORWARD_FILL,BENCHMARK_CONTEXT_V1
2023-10-19,NIFTY_500,NIFTY 500,17251.2,17344.6,17202.25,17310.5,NSE_OFFICIAL_HISTORICAL_OR_INDICES_HISTORY,https://www.nseindia.com/reports-indices-historical-index-data#NIFTY_500_2023-08-28_2023-11-25.json,2023-10-18,OFFICIAL_NSE_INDEX_CLOSE_NO_FORWARD_FILL,BENCHMARK_CONTEXT_V1
2023-10-20,NIFTY_500,NIFTY 500,17258.3,17295.05,17190.6,17208.75,NSE_OFFICIAL_HISTORICAL_OR_INDICES_HISTORY,https://www.nseindia.com/reports-indices-historical-index-data#NIFTY_500_2023-08-28_2023-11-25.json,2023-10-19,OFFICIAL_NSE_INDEX_CLOSE_NO_FORWARD_FILL,BENCHMARK_CONTEXT_V1
2023-10-23,NIFTY_500,NIFTY 500,17204.75,17224.8,16859.85,16888.7,NSE_OFFICIAL_HISTORICAL_OR_INDICES_HISTORY,https://www.nseindia.com/reports-indices-historical-index-data#NIFTY_500_2023-08-28_2023-11-25.json,2023-10-22,OFFICIAL_NSE_INDEX_CLOSE_NO_FORWARD_FILL,BENCHMARK_CONTEXT_V1
2023-10-25,NIFTY_500,NIFTY 500,16912.4,16967.1,16677.15,16760.8,NSE_OFFICIAL_HISTORICAL_OR_INDICES_HISTORY,https://www.nseindia.com/reports-indices-historical-index-data#NIFTY_500_2023-08-28_2023-11-25.json,2023-10-24,OFFICIAL_NSE_INDEX_CLOSE_NO_FORWARD_FILL,BENCHMARK_CONTEXT_V1
2023-10-26,NIFTY_500,NIFTY 500,16678.7,16689.1,16466.25,16555.45,NSE_OFFICIAL_HISTORICAL_OR_INDICES_HISTORY,https://www.nseindia.com/reports-indices-historical-index-data#NIFTY_500_2023-08-28_2023-11-25.json,2023-10-25,OFFICIAL_NSE_INDEX_CLOSE_NO_FORWARD_FILL,BENCHMARK_CONTEXT_V1
2023-10-27,NIFTY_500,NIFTY 500,16636.05,16793.1,16634.6,16765.45,NSE_OFFICIAL_HISTORICAL_OR_INDICES_HISTORY,https://www.nseindia.com/reports-indices-historical-index-data#NIFTY_500_2023-08-28_2023-11-25.json,2023-10-26,OFFICIAL_NSE_INDEX_CLOSE_NO_FORWARD_FILL,BENCHMARK_CONTEXT_V1
2023-10-30,NIFTY_500,NIFTY 500,16784.95,16837.8,16661.95,16826.1,NSE_OFFICIAL_HISTORICAL_OR_INDICES_HISTORY,https://www.nseindia.com/reports-indices-historical-index-data#NIFTY_500_2023-08-28_2023-11-25.json,2023-10-29,OFFICIAL_NSE_INDEX_CLOSE_NO_FORWARD_FILL,BENCHMARK_CONTEXT_V1
2023-10-31,NIFTY_500,NIFTY 500,16909.7,16910,16785.55,16801.1,NSE_OFFICIAL_HISTORICAL_OR_INDICES_HISTORY,https://www.nseindia.com/reports-indices-historical-index-data#NIFTY_500_2023-08-28_2023-11-25.json,2023-10-30,OFFICIAL_NSE_INDEX_CLOSE_NO_FORWARD_FILL,BENCHMARK_CONTEXT_V1
2023-11-01,NIFTY_500,NIFTY 500,16808.5,16834.1,16719.1,16732.95,NSE_OFFICIAL_HISTORICAL_OR_INDICES_HISTORY,https://www.nseindia.com/reports-indices-historical-index-data#NIFTY_500_2023-08-28_2023-11-25.json,2023-10-31,OFFICIAL_NSE_INDEX_CLOSE_NO_FORWARD_FILL,BENCHMARK_CONTEXT_V1
2023-11-02,NIFTY_500,NIFTY 500,16849.95,16903.75,16823,16890.8,NSE_OFFICIAL_HISTORICAL_OR_INDICES_HISTORY,https://www.nseindia.com/reports-indices-historical-index-data#NIFTY_500_2023-08-28_2023-11-25.json,2023-11-01,OFFICIAL_NSE_INDEX_CLOSE_NO_FORWARD_FILL,BENCHMARK_CONTEXT_V1
2023-11-03,NIFTY_500,NIFTY 500,16990.35,17027.45,16983.05,17000.95,NSE_OFFICIAL_HISTORICAL_OR_INDICES_HISTORY,https://www.nseindia.com/reports-indices-historical-index-data#NIFTY_500_2023-08-28_2023-11-25.json,2023-11-02,OFFICIAL_NSE_INDEX_CLOSE_NO_FORWARD_FILL,BENCHMARK_CONTEXT_V1
2023-11-06,NIFTY_500,NIFTY 500,17105.35,17168.75,17080.95,17159.4,NSE_OFFICIAL_HISTORICAL_OR_INDICES_HISTORY,https://www.nseindia.com/reports-indices-historical-index-data#NIFTY_500_2023-08-28_2023-11-25.json,2023-11-05,OFFICIAL_NSE_INDEX_CLOSE_NO_FORWARD_FILL,BENCHMARK_CONTEXT_V1
2023-11-07,NIFTY_500,NIFTY 500,17170.35,17200.6,17120.75,17187.8,NSE_OFFICIAL_HISTORICAL_OR_INDICES_HISTORY,https://www.nseindia.com/reports-indices-historical-index-data#NIFTY_500_2023-08-28_2023-11-25.json,2023-11-06,OFFICIAL_NSE_INDEX_CLOSE_NO_FORWARD_FILL,BENCHMARK_CONTEXT_V1
2023-11-08,NIFTY_500,NIFTY 500,17242.65,17269.25,17215,17259.7,NSE_OFFICIAL_HISTORICAL_OR_INDICES_HISTORY,https://www.nseindia.com/reports-indices-historical-index-data#NIFTY_500_2023-08-28_2023-11-25.json,2023-11-07,OFFICIAL_NSE_INDEX_CLOSE_NO_FORWARD_FILL,BENCHMARK_CONTEXT_V1
2023-11-09,NIFTY_500,NIFTY 500,17284.95,17288.6,17209.55,17218.9,NSE_OFFICIAL_HISTORICAL_OR_INDICES_HISTORY,https://www.nseindia.com/reports-indices-historical-index-data#NIFTY_500_2023-08-28_2023-11-25.json,2023-11-08,OFFICIAL_NSE_INDEX_CLOSE_NO_FORWARD_FILL,BENCHMARK_CONTEXT_V1
2023-11-10,NIFTY_500,NIFTY 500,17189.7,17274.9,17156.85,17256.6,NSE_OFFICIAL_HISTORICAL_OR_INDICES_HISTORY,https://www.nseindia.com/reports-indices-historical-index-data#NIFTY_500_2023-08-28_2023-11-25.json,2023-11-09,OFFICIAL_NSE_INDEX_CLOSE_NO_FORWARD_FILL,BENCHMARK_CONTEXT_V1
2023-11-12,NIFTY_500,NIFTY 500,17380.5,17384.15,17347.45,17361.1,NSE_OFFICIAL_HISTORICAL_OR_INDICES_HISTORY,https://www.nseindia.com/reports-indices-historical-index-data#NIFTY_500_2023-08-28_2023-11-25.json,2023-11-11,OFFICIAL_NSE_INDEX_CLOSE_NO_FORWARD_FILL,BENCHMARK_CONTEXT_V1
2023-11-13,NIFTY_500,NIFTY 500,17335,17339.15,17278.65,17318.6,NSE_OFFICIAL_HISTORICAL_OR_INDICES_HISTORY,https://www.nseindia.com/reports-indices-historical-index-data#NIFTY_500_2023-08-28_2023-11-25.json,2023-11-12,OFFICIAL_NSE_INDEX_CLOSE_NO_FORWARD_FILL,BENCHMARK_CONTEXT_V1
2023-11-15,NIFTY_500,NIFTY 500,17493.3,17518.9,17448.3,17508.05,NSE_OFFICIAL_HISTORICAL_OR_INDICES_HISTORY,https://www.nseindia.com/reports-indices-historical-index-data#NIFTY_500_2023-08-28_2023-11-25.json,2023-11-14,OFFICIAL_NSE_INDEX_CLOSE_NO_FORWARD_FILL,BENCHMARK_CONTEXT_V1
2023-11-16,NIFTY_500,NIFTY 500,17518.1,17668.65,17486.5,17593.1,NSE_OFFICIAL_HISTORICAL_OR_INDICES_HISTORY,https://www.nseindia.com/reports-indices-historical-index-data#NIFTY_500_2023-08-28_2023-11-25.json,2023-11-15,OFFICIAL_NSE_INDEX_CLOSE_NO_FORWARD_FILL,BENCHMARK_CONTEXT_V1
2023-11-17,NIFTY_500,NIFTY 500,17537.45,17649.05,17528.85,17600.5,NSE_OFFICIAL_HISTORICAL_OR_INDICES_HISTORY,https://www.nseindia.com/reports-indices-historical-index-data#NIFTY_500_2023-08-28_2023-11-25.json,2023-11-16,OFFICIAL_NSE_INDEX_CLOSE_NO_FORWARD_FILL,BENCHMARK_CONTEXT_V1
2023-11-20,NIFTY_500,NIFTY 500,17618.55,17636.4,17556.1,17573.65,NSE_OFFICIAL_HISTORICAL_OR_INDICES_HISTORY,https://www.nseindia.com/reports-indices-historical-index-data#NIFTY_500_2023-08-28_2023-11-25.json,2023-11-19,OFFICIAL_NSE_INDEX_CLOSE_NO_FORWARD_FILL,BENCHMARK_CONTEXT_V1
2023-11-21,NIFTY_500,NIFTY 500,17644.5,17665,17617.2,17627.6,NSE_OFFICIAL_HISTORICAL_OR_INDICES_HISTORY,https://www.nseindia.com/reports-indices-historical-index-data#NIFTY_500_2023-08-28_2023-11-25.json,2023-11-20,OFFICIAL_NSE_INDEX_CLOSE_NO_FORWARD_FILL,BENCHMARK_CONTEXT_V1
2023-11-22,NIFTY_500,NIFTY 500,17637.45,17654.6,17533.75,17627.7,NSE_OFFICIAL_HISTORICAL_OR_INDICES_HISTORY,https://www.nseindia.com/reports-indices-historical-index-data#NIFTY_500_2023-08-28_2023-11-25.json,2023-11-21,OFFICIAL_NSE_INDEX_CLOSE_NO_FORWARD_FILL,BENCHMARK_CONTEXT_V1
2023-11-23,NIFTY_500,NIFTY 500,17654.15,17693.25,17627.35,17639.4,NSE_OFFICIAL_HISTORICAL_OR_INDICES_HISTORY,https://www.nseindia.com/reports-indices-historical-index-data#NIFTY_500_2023-08-28_2023-11-25.json,2023-11-22,OFFICIAL_NSE_INDEX_CLOSE_NO_FORWARD_FILL,BENCHMARK_CONTEXT_V1
2023-11-24,NIFTY_500,NIFTY 500,17661.3,17684.15,17631.75,17643.5,NSE_OFFICIAL_HISTORICAL_OR_INDICES_HISTORY,https://www.nseindia.com/reports-indices-historical-index-data#NIFTY_500_2023-08-28_2023-11-25.json,2023-11-23,OFFICIAL_NSE_INDEX_CLOSE_NO_FORWARD_FILL,BENCHMARK_CONTEXT_V1
2023-11-28,NIFTY_500,NIFTY 500,17701.05,17760,17665.65,17741.8,NSE_OFFICIAL_HISTORICAL_OR_INDICES_HISTORY,https://www.nseindia.com/reports-indices-historical-index-data#NIFTY_500_2023-11-26_2024-02-23.json,2023-11-27,OFFICIAL_NSE_INDEX_CLOSE_NO_FORWARD_FILL,BENCHMARK_CONTEXT_V1
2023-11-29,NIFTY_500,NIFTY 500,17831.65,17911.35,17823.45,17904.1,NSE_OFFICIAL_HISTORICAL_OR_INDICES_HISTORY,https://www.nseindia.com/reports-indices-historical-index-data#NIFTY_500_2023-11-26_2024-02-23.json,2023-11-28,OFFICIAL_NSE_INDEX_CLOSE_NO_FORWARD_FILL,BENCHMARK_CONTEXT_V1
2023-11-30,NIFTY_500,NIFTY 500,17926.9,18007.1,17845.9,17987.95,NSE_OFFICIAL_HISTORICAL_OR_INDICES_HISTORY,https://www.nseindia.com/reports-indices-historical-index-data#NIFTY_500_2023-11-26_2024-02-23.json,2023-11-29,OFFICIAL_NSE_INDEX_CLOSE_NO_FORWARD_FILL,BENCHMARK_CONTEXT_V1
2023-12-01,NIFTY_500,NIFTY 500,18061.8,18141.65,18053.15,18115.35,NSE_OFFICIAL_HISTORICAL_OR_INDICES_HISTORY,https://www.nseindia.com/reports-indices-historical-index-data#NIFTY_500_2023-11-26_2024-02-23.json,2023-11-30,OFFICIAL_NSE_INDEX_CLOSE_NO_FORWARD_FILL,BENCHMARK_CONTEXT_V1
2023-12-04,NIFTY_500,NIFTY 500,18422.35,18460,18315.45,18448.5,NSE_OFFICIAL_HISTORICAL_OR_INDICES_HISTORY,https://www.nseindia.com/reports-indices-historical-index-data#NIFTY_500_2023-11-26_2024-02-23.json,2023-12-03,OFFICIAL_NSE_INDEX_CLOSE_NO_FORWARD_FILL,BENCHMARK_CONTEXT_V1
2023-12-05,NIFTY_500,NIFTY 500,18541.3,18594.9,18453.65,18588.55,NSE_OFFICIAL_HISTORICAL_OR_INDICES_HISTORY,https://www.nseindia.com/reports-indices-historical-index-data#NIFTY_500_2023-11-26_2024-02-23.json,2023-12-04,OFFICIAL_NSE_INDEX_CLOSE_NO_FORWARD_FILL,BENCHMARK_CONTEXT_V1
2023-12-06,NIFTY_500,NIFTY 500,18677.25,18698.8,18594.4,18680,NSE_OFFICIAL_HISTORICAL_OR_INDICES_HISTORY,https://www.nseindia.com/reports-indices-historical-index-data#NIFTY_500_2023-11-26_2024-02-23.json,2023-12-05,OFFICIAL_NSE_INDEX_CLOSE_NO_FORWARD_FILL,BENCHMARK_CONTEXT_V1
2023-12-07,NIFTY_500,NIFTY 500,18696.75,18721.8,18619.75,18703.85,NSE_OFFICIAL_HISTORICAL_OR_INDICES_HISTORY,https://www.nseindia.com/reports-indices-historical-index-data#NIFTY_500_2023-11-26_2024-02-23.json,2023-12-06,OFFICIAL_NSE_INDEX_CLOSE_NO_FORWARD_FILL,BENCHMARK_CONTEXT_V1
2023-12-08,NIFTY_500,NIFTY 500,18752.25,18785.7,18588.15,18703.5,NSE_OFFICIAL_HISTORICAL_OR_INDICES_HISTORY,https://www.nseindia.com/reports-indices-historical-index-data#NIFTY_500_2023-11-26_2024-02-23.json,2023-12-07,OFFICIAL_NSE_INDEX_CLOSE_NO_FORWARD_FILL,BENCHMARK_CONTEXT_V1
2023-12-11,NIFTY_500,NIFTY 500,18726.35,18780.45,18710.15,18770.2,NSE_OFFICIAL_HISTORICAL_OR_INDICES_HISTORY,https://www.nseindia.com/reports-indices-historical-index-data#NIFTY_500_2023-11-26_2024-02-23.json,2023-12-10,OFFICIAL_NSE_INDEX_CLOSE_NO_FORWARD_FILL,BENCHMARK_CONTEXT_V1
2023-12-12,NIFTY_500,NIFTY 500,18809.9,18819.7,18635.35,18686.8,NSE_OFFICIAL_HISTORICAL_OR_INDICES_HISTORY,https://www.nseindia.com/reports-indices-historical-index-data#NIFTY_500_2023-11-26_2024-02-23.json,2023-12-11,OFFICIAL_NSE_INDEX_CLOSE_NO_FORWARD_FILL,BENCHMARK_CONTEXT_V1
2023-12-13,NIFTY_500,NIFTY 500,18723.7,18770.45,18601.5,18751.45,NSE_OFFICIAL_HISTORICAL_OR_INDICES_HISTORY,https://www.nseindia.com/reports-indices-historical-index-data#NIFTY_500_2023-11-26_2024-02-23.json,2023-12-12,OFFICIAL_NSE_INDEX_CLOSE_NO_FORWARD_FILL,BENCHMARK_CONTEXT_V1
2023-12-14,NIFTY_500,NIFTY 500,18906.4,18996.25,18893.75,18973.85,NSE_OFFICIAL_HISTORICAL_OR_INDICES_HISTORY,https://www.nseindia.com/reports-indices-historical-index-data#NIFTY_500_2023-11-26_2024-02-23.json,2023-12-13,OFFICIAL_NSE_INDEX_CLOSE_NO_FORWARD_FILL,BENCHMARK_CONTEXT_V1
2023-12-15,NIFTY_500,NIFTY 500,19071.95,19165.1,19020.55,19145.05,NSE_OFFICIAL_HISTORICAL_OR_INDICES_HISTORY,https://www.nseindia.com/reports-indices-historical-index-data#NIFTY_500_2023-11-26_2024-02-23.json,2023-12-14,OFFICIAL_NSE_INDEX_CLOSE_NO_FORWARD_FILL,BENCHMARK_CONTEXT_V1
2023-12-18,NIFTY_500,NIFTY 500,19149.15,19201.55,19073.1,19155.55,NSE_OFFICIAL_HISTORICAL_OR_INDICES_HISTORY,https://www.nseindia.com/reports-indices-historical-index-data#NIFTY_500_2023-11-26_2024-02-23.json,2023-12-17,OFFICIAL_NSE_INDEX_CLOSE_NO_FORWARD_FILL,BENCHMARK_CONTEXT_V1
2023-12-19,NIFTY_500,NIFTY 500,19212.55,19213.55,19067.2,19169.25,NSE_OFFICIAL_HISTORICAL_OR_INDICES_HISTORY,https://www.nseindia.com/reports-indices-historical-index-data#NIFTY_500_2023-11-26_2024-02-23.json,2023-12-18,OFFICIAL_NSE_INDEX_CLOSE_NO_FORWARD_FILL,BENCHMARK_CONTEXT_V1
2023-12-20,NIFTY_500,NIFTY 500,19264.4,19303.6,18727.1,18779.45,NSE_OFFICIAL_HISTORICAL_OR_INDICES_HISTORY,https://www.nseindia.com/reports-indices-historical-index-data#NIFTY_500_2023-11-26_2024-02-23.json,2023-12-19,OFFICIAL_NSE_INDEX_CLOSE_NO_FORWARD_FILL,BENCHMARK_CONTEXT_V1
2023-12-21,NIFTY_500,NIFTY 500,18647.85,18965.8,18582.95,18941.8,NSE_OFFICIAL_HISTORICAL_OR_INDICES_HISTORY,https://www.nseindia.com/reports-indices-historical-index-data#NIFTY_500_2023-11-26_2024-02-23.json,2023-12-20,OFFICIAL_NSE_INDEX_CLOSE_NO_FORWARD_FILL,BENCHMARK_CONTEXT_V1
2023-12-22,NIFTY_500,NIFTY 500,19011.25,19089.95,18934.75,19054.7,NSE_OFFICIAL_HISTORICAL_OR_INDICES_HISTORY,https://www.nseindia.com/reports-indices-historical-index-data#NIFTY_500_2023-11-26_2024-02-23.json,2023-12-21,OFFICIAL_NSE_INDEX_CLOSE_NO_FORWARD_FILL,BENCHMARK_CONTEXT_V1
2023-12-26,NIFTY_500,NIFTY 500,19095,19173.8,19059.4,19148.85,NSE_OFFICIAL_HISTORICAL_OR_INDICES_HISTORY,https://www.nseindia.com/reports-indices-historical-index-data#NIFTY_500_2023-11-26_2024-02-23.json,2023-12-25,OFFICIAL_NSE_INDEX_CLOSE_NO_FORWARD_FILL,BENCHMARK_CONTEXT_V1
2023-12-27,NIFTY_500,NIFTY 500,19219.4,19312.3,19189.8,19296.95,NSE_OFFICIAL_HISTORICAL_OR_INDICES_HISTORY,https://www.nseindia.com/reports-indices-historical-index-data#NIFTY_500_2023-11-26_2024-02-23.json,2023-12-26,OFFICIAL_NSE_INDEX_CLOSE_NO_FORWARD_FILL,BENCHMARK_CONTEXT_V1
2023-12-28,NIFTY_500,NIFTY 500,19358.35,19414.55,19313.1,19399.25,NSE_OFFICIAL_HISTORICAL_OR_INDICES_HISTORY,https://www.nseindia.com/reports-indices-historical-index-data#NIFTY_500_2023-11-26_2024-02-23.json,2023-12-27,OFFICIAL_NSE_INDEX_CLOSE_NO_FORWARD_FILL,BENCHMARK_CONTEXT_V1
2023-12-29,NIFTY_500,NIFTY 500,19394.5,19450.1,19338.35,19429.15,NSE_OFFICIAL_HISTORICAL_OR_INDICES_HISTORY,https://www.nseindia.com/reports-indices-historical-index-data#NIFTY_500_2023-11-26_2024-02-23.json,2023-12-28,OFFICIAL_NSE_INDEX_CLOSE_NO_FORWARD_FILL,BENCHMARK_CONTEXT_V1
2024-01-01,NIFTY_500,NIFTY 500,19452,19543.25,19421.4,19469.5,NSE_OFFICIAL_HISTORICAL_OR_INDICES_HISTORY,https://www.nseindia.com/reports-indices-historical-index-data#NIFTY_500_2023-11-26_2024-02-23.json,2023-12-31,OFFICIAL_NSE_INDEX_CLOSE_NO_FORWARD_FILL,BENCHMARK_CONTEXT_V1
2024-01-02,NIFTY_500,NIFTY 500,19496.8,19499.8,19271.65,19418.4,NSE_OFFICIAL_HISTORICAL_OR_INDICES_HISTORY,https://www.nseindia.com/reports-indices-historical-index-data#NIFTY_500_2023-11-26_2024-02-23.json,2024-01-01,OFFICIAL_NSE_INDEX_CLOSE_NO_FORWARD_FILL,BENCHMARK_CONTEXT_V1
2024-01-03,NIFTY_500,NIFTY 500,19434.3,19442.2,19343.15,19367.15,NSE_OFFICIAL_HISTORICAL_OR_INDICES_HISTORY,https://www.nseindia.com/reports-indices-historical-index-data#NIFTY_500_2023-11-26_2024-02-23.json,2024-01-02,OFFICIAL_NSE_INDEX_CLOSE_NO_FORWARD_FILL,BENCHMARK_CONTEXT_V1
2024-01-04,NIFTY_500,NIFTY 500,19451.8,19560.4,19433.5,19541.25,NSE_OFFICIAL_HISTORICAL_OR_INDICES_HISTORY,https://www.nseindia.com/reports-indices-historical-index-data#NIFTY_500_2023-11-26_2024-02-23.json,2024-01-03,OFFICIAL_NSE_INDEX_CLOSE_NO_FORWARD_FILL,BENCHMARK_CONTEXT_V1
2024-01-05,NIFTY_500,NIFTY 500,19602.1,19637.1,19490.95,19590.6,NSE_OFFICIAL_HISTORICAL_OR_INDICES_HISTORY,https://www.nseindia.com/reports-indices-historical-index-data#NIFTY_500_2023-11-26_2024-02-23.json,2024-01-04,OFFICIAL_NSE_INDEX_CLOSE_NO_FORWARD_FILL,BENCHMARK_CONTEXT_V1
2024-01-08,NIFTY_500,NIFTY 500,19636,19641.85,19400.6,19417.7,NSE_OFFICIAL_HISTORICAL_OR_INDICES_HISTORY,https://www.nseindia.com/reports-indices-historical-index-data#NIFTY_500_2023-11-26_2024-02-23.json,2024-01-07,OFFICIAL_NSE_INDEX_CLOSE_NO_FORWARD_FILL,BENCHMARK_CONTEXT_V1
2024-01-09,NIFTY_500,NIFTY 500,19549.5,19596.05,19439.1,19459.55,NSE_OFFICIAL_HISTORICAL_OR_INDICES_HISTORY,https://www.nseindia.com/reports-indices-historical-index-data#NIFTY_500_2023-11-26_2024-02-23.json,2024-01-08,OFFICIAL_NSE_INDEX_CLOSE_NO_FORWARD_FILL,BENCHMARK_CONTEXT_V1
2024-01-10,NIFTY_500,NIFTY 500,19463.55,19532.3,19354.1,19517.85,NSE_OFFICIAL_HISTORICAL_OR_INDICES_HISTORY,https://www.nseindia.com/reports-indices-historical-index-data#NIFTY_500_2023-11-26_2024-02-23.json,2024-01-09,OFFICIAL_NSE_INDEX_CLOSE_NO_FORWARD_FILL,BENCHMARK_CONTEXT_V1
2024-01-11,NIFTY_500,NIFTY 500,19589.75,19626.5,19532.3,19584.35,NSE_OFFICIAL_HISTORICAL_OR_INDICES_HISTORY,https://www.nseindia.com/reports-indices-historical-index-data#NIFTY_500_2023-11-26_2024-02-23.json,2024-01-10,OFFICIAL_NSE_INDEX_CLOSE_NO_FORWARD_FILL,BENCHMARK_CONTEXT_V1
2024-01-12,NIFTY_500,NIFTY 500,19691.25,19775.9,19635.75,19745.6,NSE_OFFICIAL_HISTORICAL_OR_INDICES_HISTORY,https://www.nseindia.com/reports-indices-historical-index-data#NIFTY_500_2023-11-26_2024-02-23.json,2024-01-11,OFFICIAL_NSE_INDEX_CLOSE_NO_FORWARD_FILL,BENCHMARK_CONTEXT_V1
2024-01-15,NIFTY_500,NIFTY 500,19876.5,19896.9,19763.8,19885.55,NSE_OFFICIAL_HISTORICAL_OR_INDICES_HISTORY,https://www.nseindia.com/reports-indices-historical-index-data#NIFTY_500_2023-11-26_2024-02-23.json,2024-01-14,OFFICIAL_NSE_INDEX_CLOSE_NO_FORWARD_FILL,BENCHMARK_CONTEXT_V1
2024-01-16,NIFTY_500,NIFTY 500,19894.3,19923.3,19736.2,19827.55,NSE_OFFICIAL_HISTORICAL_OR_INDICES_HISTORY,https://www.nseindia.com/reports-indices-historical-index-data#NIFTY_500_2023-11-26_2024-02-23.json,2024-01-15,OFFICIAL_NSE_INDEX_CLOSE_NO_FORWARD_FILL,BENCHMARK_CONTEXT_V1
2024-01-17,NIFTY_500,NIFTY 500,19556.4,19707.7,19470.05,19487.6,NSE_OFFICIAL_HISTORICAL_OR_INDICES_HISTORY,https://www.nseindia.com/reports-indices-historical-index-data#NIFTY_500_2023-11-26_2024-02-23.json,2024-01-16,OFFICIAL_NSE_INDEX_CLOSE_NO_FORWARD_FILL,BENCHMARK_CONTEXT_V1
2024-01-18,NIFTY_500,NIFTY 500,19388.4,19468.65,19143.5,19414.8,NSE_OFFICIAL_HISTORICAL_OR_INDICES_HISTORY,https://www.nseindia.com/reports-indices-historical-index-data#NIFTY_500_2023-11-26_2024-02-23.json,2024-01-17,OFFICIAL_NSE_INDEX_CLOSE_NO_FORWARD_FILL,BENCHMARK_CONTEXT_V1
2024-01-19,NIFTY_500,NIFTY 500,19555.95,19618.95,19537.15,19606.4,NSE_OFFICIAL_HISTORICAL_OR_INDICES_HISTORY,https://www.nseindia.com/reports-indices-historical-index-data#NIFTY_500_2023-11-26_2024-02-23.json,2024-01-18,OFFICIAL_NSE_INDEX_CLOSE_NO_FORWARD_FILL,BENCHMARK_CONTEXT_V1
2024-01-20,NIFTY_500,NIFTY 500,19698.05,19718.7,19582.7,19601.9,NSE_OFFICIAL_HISTORICAL_OR_INDICES_HISTORY,https://www.nseindia.com/reports-indices-historical-index-data#NIFTY_500_2023-11-26_2024-02-23.json,2024-01-19,OFFICIAL_NSE_INDEX_CLOSE_NO_FORWARD_FILL,BENCHMARK_CONTEXT_V1
2024-01-23,NIFTY_500,NIFTY 500,19743.5,19752.35,19158.75,19206.45,NSE_OFFICIAL_HISTORICAL_OR_INDICES_HISTORY,https://www.nseindia.com/reports-indices-historical-index-data#NIFTY_500_2023-11-26_2024-02-23.json,2024-01-22,OFFICIAL_NSE_INDEX_CLOSE_NO_FORWARD_FILL,BENCHMARK_CONTEXT_V1
2024-01-24,NIFTY_500,NIFTY 500,19193.15,19470.65,19080.5,19451,NSE_OFFICIAL_HISTORICAL_OR_INDICES_HISTORY,https://www.nseindia.com/reports-indices-historical-index-data#NIFTY_500_2023-11-26_2024-02-23.json,2024-01-23,OFFICIAL_NSE_INDEX_CLOSE_NO_FORWARD_FILL,BENCHMARK_CONTEXT_V1
2024-01-25,NIFTY_500,NIFTY 500,19479.65,19480.05,19289.8,19393,NSE_OFFICIAL_HISTORICAL_OR_INDICES_HISTORY,https://www.nseindia.com/reports-indices-historical-index-data#NIFTY_500_2023-11-26_2024-02-23.json,2024-01-24,OFFICIAL_NSE_INDEX_CLOSE_NO_FORWARD_FILL,BENCHMARK_CONTEXT_V1
2024-01-29,NIFTY_500,NIFTY 500,19475.4,19728.9,19470.05,19711.65,NSE_OFFICIAL_HISTORICAL_OR_INDICES_HISTORY,https://www.nseindia.com/reports-indices-historical-index-data#NIFTY_500_2023-11-26_2024-02-23.json,2024-01-28,OFFICIAL_NSE_INDEX_CLOSE_NO_FORWARD_FILL,BENCHMARK_CONTEXT_V1
2024-01-30,NIFTY_500,NIFTY 500,19770.25,19799.25,19558.8,19574.2,NSE_OFFICIAL_HISTORICAL_OR_INDICES_HISTORY,https://www.nseindia.com/reports-indices-historical-index-data#NIFTY_500_2023-11-26_2024-02-23.json,2024-01-29,OFFICIAL_NSE_INDEX_CLOSE_NO_FORWARD_FILL,BENCHMARK_CONTEXT_V1
2024-01-31,NIFTY_500,NIFTY 500,19574.15,19813.3,19546.4,19802.1,NSE_OFFICIAL_HISTORICAL_OR_INDICES_HISTORY,https://www.nseindia.com/reports-indices-historical-index-data#NIFTY_500_2023-11-26_2024-02-23.json,2024-01-30,OFFICIAL_NSE_INDEX_CLOSE_NO_FORWARD_FILL,BENCHMARK_CONTEXT_V1
2024-02-01,NIFTY_500,NIFTY 500,19869.95,19871.25,19703.75,19777.35,NSE_OFFICIAL_HISTORICAL_OR_INDICES_HISTORY,https://www.nseindia.com/reports-indices-historical-index-data#NIFTY_500_2023-11-26_2024-02-23.json,2024-01-31,OFFICIAL_NSE_INDEX_CLOSE_NO_FORWARD_FILL,BENCHMARK_CONTEXT_V1
2024-02-02,NIFTY_500,NIFTY 500,19884.65,20101.15,19874.8,19910.8,NSE_OFFICIAL_HISTORICAL_OR_INDICES_HISTORY,https://www.nseindia.com/reports-indices-historical-index-data#NIFTY_500_2023-11-26_2024-02-23.json,2024-02-01,OFFICIAL_NSE_INDEX_CLOSE_NO_FORWARD_FILL,BENCHMARK_CONTEXT_V1
2024-02-05,NIFTY_500,NIFTY 500,19989.65,20044,19805.75,19853.5,NSE_OFFICIAL_HISTORICAL_OR_INDICES_HISTORY,https://www.nseindia.com/reports-indices-historical-index-data#NIFTY_500_2023-11-26_2024-02-23.json,2024-02-04,OFFICIAL_NSE_INDEX_CLOSE_NO_FORWARD_FILL,BENCHMARK_CONTEXT_V1
2024-02-06,NIFTY_500,NIFTY 500,19923.2,20044.45,19824.85,20033.75,NSE_OFFICIAL_HISTORICAL_OR_INDICES_HISTORY,https://www.nseindia.com/reports-indices-historical-index-data#NIFTY_500_2023-11-26_2024-02-23.json,2024-02-05,OFFICIAL_NSE_INDEX_CLOSE_NO_FORWARD_FILL,BENCHMARK_CONTEXT_V1
2024-02-07,NIFTY_500,NIFTY 500,20157.2,20169.9,20011.45,20109.55,NSE_OFFICIAL_HISTORICAL_OR_INDICES_HISTORY,https://www.nseindia.com/reports-indices-historical-index-data#NIFTY_500_2023-11-26_2024-02-23.json,2024-02-06,OFFICIAL_NSE_INDEX_CLOSE_NO_FORWARD_FILL,BENCHMARK_CONTEXT_V1
2024-02-08,NIFTY_500,NIFTY 500,20207.55,20209.05,19949.35,19987.55,NSE_OFFICIAL_HISTORICAL_OR_INDICES_HISTORY,https://www.nseindia.com/reports-indices-historical-index-data#NIFTY_500_2023-11-26_2024-02-23.json,2024-02-07,OFFICIAL_NSE_INDEX_CLOSE_NO_FORWARD_FILL,BENCHMARK_CONTEXT_V1
2024-02-09,NIFTY_500,NIFTY 500,20015,20040.65,19745.45,19961.5,NSE_OFFICIAL_HISTORICAL_OR_INDICES_HISTORY,https://www.nseindia.com/reports-indices-historical-index-data#NIFTY_500_2023-11-26_2024-02-23.json,2024-02-08,OFFICIAL_NSE_INDEX_CLOSE_NO_FORWARD_FILL,BENCHMARK_CONTEXT_V1
2024-02-12,NIFTY_500,NIFTY 500,19999.95,20015,19634.6,19675.2,NSE_OFFICIAL_HISTORICAL_OR_INDICES_HISTORY,https://www.nseindia.com/reports-indices-historical-index-data#NIFTY_500_2023-11-26_2024-02-23.json,2024-02-11,OFFICIAL_NSE_INDEX_CLOSE_NO_FORWARD_FILL,BENCHMARK_CONTEXT_V1
2024-02-13,NIFTY_500,NIFTY 500,19709.8,19796.05,19508.75,19782.9,NSE_OFFICIAL_HISTORICAL_OR_INDICES_HISTORY,https://www.nseindia.com/reports-indices-historical-index-data#NIFTY_500_2023-11-26_2024-02-23.json,2024-02-12,OFFICIAL_NSE_INDEX_CLOSE_NO_FORWARD_FILL,BENCHMARK_CONTEXT_V1
2024-02-14,NIFTY_500,NIFTY 500,19618.1,19943.75,19579.2,19922.3,NSE_OFFICIAL_HISTORICAL_OR_INDICES_HISTORY,https://www.nseindia.com/reports-indices-historical-index-data#NIFTY_500_2023-11-26_2024-02-23.json,2024-02-13,OFFICIAL_NSE_INDEX_CLOSE_NO_FORWARD_FILL,BENCHMARK_CONTEXT_V1
2024-02-15,NIFTY_500,NIFTY 500,20011.7,20065.75,19952,20037,NSE_OFFICIAL_HISTORICAL_OR_INDICES_HISTORY,https://www.nseindia.com/reports-indices-historical-index-data#NIFTY_500_2023-11-26_2024-02-23.json,2024-02-14,OFFICIAL_NSE_INDEX_CLOSE_NO_FORWARD_FILL,BENCHMARK_CONTEXT_V1
2024-02-16,NIFTY_500,NIFTY 500,20136.85,20191.45,20098.1,20164.9,NSE_OFFICIAL_HISTORICAL_OR_INDICES_HISTORY,https://www.nseindia.com/reports-indices-historical-index-data#NIFTY_500_2023-11-26_2024-02-23.json,2024-02-15,OFFICIAL_NSE_INDEX_CLOSE_NO_FORWARD_FILL,BENCHMARK_CONTEXT_V1
2024-02-19,NIFTY_500,NIFTY 500,20244.25,20301,20174.9,20241.1,NSE_OFFICIAL_HISTORICAL_OR_INDICES_HISTORY,https://www.nseindia.com/reports-indices-historical-index-data#NIFTY_500_2023-11-26_2024-02-23.json,2024-02-18,OFFICIAL_NSE_INDEX_CLOSE_NO_FORWARD_FILL,BENCHMARK_CONTEXT_V1
2024-02-20,NIFTY_500,NIFTY 500,20242.65,20285.8,20190.7,20271.9,NSE_OFFICIAL_HISTORICAL_OR_INDICES_HISTORY,https://www.nseindia.com/reports-indices-historical-index-data#NIFTY_500_2023-11-26_2024-02-23.json,2024-02-19,OFFICIAL_NSE_INDEX_CLOSE_NO_FORWARD_FILL,BENCHMARK_CONTEXT_V1
2024-02-21,NIFTY_500,NIFTY 500,20329.1,20342.3,20077.8,20128.3,NSE_OFFICIAL_HISTORICAL_OR_INDICES_HISTORY,https://www.nseindia.com/reports-indices-historical-index-data#NIFTY_500_2023-11-26_2024-02-23.json,2024-02-20,OFFICIAL_NSE_INDEX_CLOSE_NO_FORWARD_FILL,BENCHMARK_CONTEXT_V1
2024-02-22,NIFTY_500,NIFTY 500,20179.25,20308.9,20004.1,20283.95,NSE_OFFICIAL_HISTORICAL_OR_INDICES_HISTORY,https://www.nseindia.com/reports-indices-historical-index-data#NIFTY_500_2023-11-26_2024-02-23.json,2024-02-21,OFFICIAL_NSE_INDEX_CLOSE_NO_FORWARD_FILL,BENCHMARK_CONTEXT_V1
2024-02-23,NIFTY_500,NIFTY 500,20358.7,20365.65,20280.15,20313.5,NSE_OFFICIAL_HISTORICAL_OR_INDICES_HISTORY,https://www.nseindia.com/reports-indices-historical-index-data#NIFTY_500_2023-11-26_2024-02-23.json,2024-02-22,OFFICIAL_NSE_INDEX_CLOSE_NO_FORWARD_FILL,BENCHMARK_CONTEXT_V1
2024-02-26,NIFTY_500,NIFTY 500,20299.5,20335.75,20210.35,20255.8,NSE_OFFICIAL_HISTORICAL_OR_INDICES_HISTORY,https://www.nseindia.com/reports-indices-historical-index-data#NIFTY_500_2024-02-24_2024-05-23.json,2024-02-25,OFFICIAL_NSE_INDEX_CLOSE_NO_FORWARD_FILL,BENCHMARK_CONTEXT_V1
2024-02-27,NIFTY_500,NIFTY 500,20249.25,20329.1,20234.95,20292.85,NSE_OFFICIAL_HISTORICAL_OR_INDICES_HISTORY,https://www.nseindia.com/reports-indices-historical-index-data#NIFTY_500_2024-02-24_2024-05-23.json,2024-02-26,OFFICIAL_NSE_INDEX_CLOSE_NO_FORWARD_FILL,BENCHMARK_CONTEXT_V1
2024-02-28,NIFTY_500,NIFTY 500,20323.5,20335.65,19987.35,20020.4,NSE_OFFICIAL_HISTORICAL_OR_INDICES_HISTORY,https://www.nseindia.com/reports-indices-historical-index-data#NIFTY_500_2024-02-24_2024-05-23.json,2024-02-27,OFFICIAL_NSE_INDEX_CLOSE_NO_FORWARD_FILL,BENCHMARK_CONTEXT_V1
2024-02-29,NIFTY_500,NIFTY 500,20009.25,20160.05,19901.3,20090.05,NSE_OFFICIAL_HISTORICAL_OR_INDICES_HISTORY,https://www.nseindia.com/reports-indices-historical-index-data#NIFTY_500_2024-02-24_2024-05-23.json,2024-02-28,OFFICIAL_NSE_INDEX_CLOSE_NO_FORWARD_FILL,BENCHMARK_CONTEXT_V1
2024-03-01,NIFTY_500,NIFTY 500,20171.9,20360.2,20171,20349.8,NSE_OFFICIAL_HISTORICAL_OR_INDICES_HISTORY,https://www.nseindia.com/reports-indices-historical-index-data#NIFTY_500_2024-02-24_2024-05-23.json,2024-02-29,OFFICIAL_NSE_INDEX_CLOSE_NO_FORWARD_FILL,BENCHMARK_CONTEXT_V1
2024-03-04,NIFTY_500,NIFTY 500,20456.75,20482.6,20383.15,20432.05,NSE_OFFICIAL_HISTORICAL_OR_INDICES_HISTORY,https://www.nseindia.com/reports-indices-historical-index-data#NIFTY_500_2024-02-24_2024-05-23.json,2024-03-03,OFFICIAL_NSE_INDEX_CLOSE_NO_FORWARD_FILL,BENCHMARK_CONTEXT_V1
2024-03-05,NIFTY_500,NIFTY 500,20422.3,20440.4,20328,20382,NSE_OFFICIAL_HISTORICAL_OR_INDICES_HISTORY,https://www.nseindia.com/reports-indices-historical-index-data#NIFTY_500_2024-02-24_2024-05-23.json,2024-03-04,OFFICIAL_NSE_INDEX_CLOSE_NO_FORWARD_FILL,BENCHMARK_CONTEXT_V1
2024-03-06,NIFTY_500,NIFTY 500,20368.75,20396.75,20139.35,20379.55,NSE_OFFICIAL_HISTORICAL_OR_INDICES_HISTORY,https://www.nseindia.com/reports-indices-historical-index-data#NIFTY_500_2024-02-24_2024-05-23.json,2024-03-05,OFFICIAL_NSE_INDEX_CLOSE_NO_FORWARD_FILL,BENCHMARK_CONTEXT_V1
2024-03-07,NIFTY_500,NIFTY 500,20413.65,20471.35,20384.5,20434.8,NSE_OFFICIAL_HISTORICAL_OR_INDICES_HISTORY,https://www.nseindia.com/reports-indices-historical-index-data#NIFTY_500_2024-02-24_2024-05-23.json,2024-03-06,OFFICIAL_NSE_INDEX_CLOSE_NO_FORWARD_FILL,BENCHMARK_CONTEXT_V1
2024-03-11,NIFTY_500,NIFTY 500,20478.75,20483.25,20264.3,20288.75,NSE_OFFICIAL_HISTORICAL_OR_INDICES_HISTORY,https://www.nseindia.com/reports-indices-historical-index-data#NIFTY_500_2024-02-24_2024-05-23.json,2024-03-10,OFFICIAL_NSE_INDEX_CLOSE_NO_FORWARD_FILL,BENCHMARK_CONTEXT_V1
2024-03-12,NIFTY_500,NIFTY 500,20299.8,20326.25,20135.3,20171.4,NSE_OFFICIAL_HISTORICAL_OR_INDICES_HISTORY,https://www.nseindia.com/reports-indices-historical-index-data#NIFTY_500_2024-02-24_2024-05-23.json,2024-03-11,OFFICIAL_NSE_INDEX_CLOSE_NO_FORWARD_FILL,BENCHMARK_CONTEXT_V1
2024-03-13,NIFTY_500,NIFTY 500,20236.8,20247.9,19549.5,19646.3,NSE_OFFICIAL_HISTORICAL_OR_INDICES_HISTORY,https://www.nseindia.com/reports-indices-historical-index-data#NIFTY_500_2024-02-24_2024-05-23.json,2024-03-12,OFFICIAL_NSE_INDEX_CLOSE_NO_FORWARD_FILL,BENCHMARK_CONTEXT_V1
2024-03-14,NIFTY_500,NIFTY 500,19598.4,19933.9,19514.7,19916.35,NSE_OFFICIAL_HISTORICAL_OR_INDICES_HISTORY,https://www.nseindia.com/reports-indices-historical-index-data#NIFTY_500_2024-02-24_2024-05-23.json,2024-03-13,OFFICIAL_NSE_INDEX_CLOSE_NO_FORWARD_FILL,BENCHMARK_CONTEXT_V1
2024-03-15,NIFTY_500,NIFTY 500,19867.75,19942.4,19671.15,19825.2,NSE_OFFICIAL_HISTORICAL_OR_INDICES_HISTORY,https://www.nseindia.com/reports-indices-historical-index-data#NIFTY_500_2024-02-24_2024-05-23.json,2024-03-14,OFFICIAL_NSE_INDEX_CLOSE_NO_FORWARD_FILL,BENCHMARK_CONTEXT_V1
2024-03-18,NIFTY_500,NIFTY 500,19804.3,19894.45,19709.2,19843.1,NSE_OFFICIAL_HISTORICAL_OR_INDICES_HISTORY,https://www.nseindia.com/reports-indices-historical-index-data#NIFTY_500_2024-02-24_2024-05-23.json,2024-03-17,OFFICIAL_NSE_INDEX_CLOSE_NO_FORWARD_FILL,BENCHMARK_CONTEXT_V1
2024-03-19,NIFTY_500,NIFTY 500,19785.8,19798.95,19594.1,19610.55,NSE_OFFICIAL_HISTORICAL_OR_INDICES_HISTORY,https://www.nseindia.com/reports-indices-historical-index-data#NIFTY_500_2024-02-24_2024-05-23.json,2024-03-18,OFFICIAL_NSE_INDEX_CLOSE_NO_FORWARD_FILL,BENCHMARK_CONTEXT_V1
2024-03-20,NIFTY_500,NIFTY 500,19651.7,19697.45,19465.85,19632.05,NSE_OFFICIAL_HISTORICAL_OR_INDICES_HISTORY,https://www.nseindia.com/reports-indices-historical-index-data#NIFTY_500_2024-02-24_2024-05-23.json,2024-03-19,OFFICIAL_NSE_INDEX_CLOSE_NO_FORWARD_FILL,BENCHMARK_CONTEXT_V1
2024-03-21,NIFTY_500,NIFTY 500,19790.85,19916.45,19790.85,19897.4,NSE_OFFICIAL_HISTORICAL_OR_INDICES_HISTORY,https://www.nseindia.com/reports-indices-historical-index-data#NIFTY_500_2024-02-24_2024-05-23.json,2024-03-20,OFFICIAL_NSE_INDEX_CLOSE_NO_FORWARD_FILL,BENCHMARK_CONTEXT_V1
2024-03-22,NIFTY_500,NIFTY 500,19855,20048.6,19806.7,19994.6,NSE_OFFICIAL_HISTORICAL_OR_INDICES_HISTORY,https://www.nseindia.com/reports-indices-historical-index-data#NIFTY_500_2024-02-24_2024-05-23.json,2024-03-21,OFFICIAL_NSE_INDEX_CLOSE_NO_FORWARD_FILL,BENCHMARK_CONTEXT_V1
2024-03-26,NIFTY_500,NIFTY 500,19895.55,20044.5,19895.3,20005.25,NSE_OFFICIAL_HISTORICAL_OR_INDICES_HISTORY,https://www.nseindia.com/reports-indices-historical-index-data#NIFTY_500_2024-02-24_2024-05-23.json,2024-03-25,OFFICIAL_NSE_INDEX_CLOSE_NO_FORWARD_FILL,BENCHMARK_CONTEXT_V1
2024-03-27,NIFTY_500,NIFTY 500,20063,20174.4,20063,20087.8,NSE_OFFICIAL_HISTORICAL_OR_INDICES_HISTORY,https://www.nseindia.com/reports-indices-historical-index-data#NIFTY_500_2024-02-24_2024-05-23.json,2024-03-26,OFFICIAL_NSE_INDEX_CLOSE_NO_FORWARD_FILL,BENCHMARK_CONTEXT_V1
2024-03-28,NIFTY_500,NIFTY 500,20150.35,20380.5,20146.15,20255.15,NSE_OFFICIAL_HISTORICAL_OR_INDICES_HISTORY,https://www.nseindia.com/reports-indices-historical-index-data#NIFTY_500_2024-02-24_2024-05-23.json,2024-03-27,OFFICIAL_NSE_INDEX_CLOSE_NO_FORWARD_FILL,BENCHMARK_CONTEXT_V1
2024-04-01,NIFTY_500,NIFTY 500,20392.25,20504.5,20387.05,20492.55,NSE_OFFICIAL_HISTORICAL_OR_INDICES_HISTORY,https://www.nseindia.com/reports-indices-historical-index-data#NIFTY_500_2024-02-24_2024-05-23.json,2024-03-31,OFFICIAL_NSE_INDEX_CLOSE_NO_FORWARD_FILL,BENCHMARK_CONTEXT_V1
2024-04-02,NIFTY_500,NIFTY 500,20524.15,20579.25,20481.85,20569.75,NSE_OFFICIAL_HISTORICAL_OR_INDICES_HISTORY,https://www.nseindia.com/reports-indices-historical-index-data#NIFTY_500_2024-02-24_2024-05-23.json,2024-04-01,OFFICIAL_NSE_INDEX_CLOSE_NO_FORWARD_FILL,BENCHMARK_CONTEXT_V1
2024-04-03,NIFTY_500,NIFTY 500,20528.2,20657.9,20496.55,20605.7,NSE_OFFICIAL_HISTORICAL_OR_INDICES_HISTORY,https://www.nseindia.com/reports-indices-historical-index-data#NIFTY_500_2024-02-24_2024-05-23.json,2024-04-02,OFFICIAL_NSE_INDEX_CLOSE_NO_FORWARD_FILL,BENCHMARK_CONTEXT_V1
2024-04-04,NIFTY_500,NIFTY 500,20755.35,20772.4,20537.5,20664.65,NSE_OFFICIAL_HISTORICAL_OR_INDICES_HISTORY,https://www.nseindia.com/reports-indices-historical-index-data#NIFTY_500_2024-02-24_2024-05-23.json,2024-04-03,OFFICIAL_NSE_INDEX_CLOSE_NO_FORWARD_FILL,BENCHMARK_CONTEXT_V1
2024-04-05,NIFTY_500,NIFTY 500,20654.75,20730.15,20609.9,20715.1,NSE_OFFICIAL_HISTORICAL_OR_INDICES_HISTORY,https://www.nseindia.com/reports-indices-historical-index-data#NIFTY_500_2024-02-24_2024-05-23.json,2024-04-04,OFFICIAL_NSE_INDEX_CLOSE_NO_FORWARD_FILL,BENCHMARK_CONTEXT_V1
2024-04-08,NIFTY_500,NIFTY 500,20806.85,20866.1,20768.5,20819.1,NSE_OFFICIAL_HISTORICAL_OR_INDICES_HISTORY,https://www.nseindia.com/reports-indices-historical-index-data#NIFTY_500_2024-02-24_2024-05-23.json,2024-04-07,OFFICIAL_NSE_INDEX_CLOSE_NO_FORWARD_FILL,BENCHMARK_CONTEXT_V1
2024-04-09,NIFTY_500,NIFTY 500,20912.75,20912.75,20741.5,20790.7,NSE_OFFICIAL_HISTORICAL_OR_INDICES_HISTORY,https://www.nseindia.com/reports-indices-historical-index-data#NIFTY_500_2024-02-24_2024-05-23.json,2024-04-08,OFFICIAL_NSE_INDEX_CLOSE_NO_FORWARD_FILL,BENCHMARK_CONTEXT_V1
2024-04-10,NIFTY_500,NIFTY 500,20864.55,20933.85,20822.85,20915.2,NSE_OFFICIAL_HISTORICAL_OR_INDICES_HISTORY,https://www.nseindia.com/reports-indices-historical-index-data#NIFTY_500_2024-02-24_2024-05-23.json,2024-04-09,OFFICIAL_NSE_INDEX_CLOSE_NO_FORWARD_FILL,BENCHMARK_CONTEXT_V1
2024-04-12,NIFTY_500,NIFTY 500,20873.2,20931.4,20735.15,20745.5,NSE_OFFICIAL_HISTORICAL_OR_INDICES_HISTORY,https://www.nseindia.com/reports-indices-historical-index-data#NIFTY_500_2024-02-24_2024-05-23.json,2024-04-11,OFFICIAL_NSE_INDEX_CLOSE_NO_FORWARD_FILL,BENCHMARK_CONTEXT_V1
2024-04-15,NIFTY_500,NIFTY 500,20493.3,20623.8,20362.3,20478.75,NSE_OFFICIAL_HISTORICAL_OR_INDICES_HISTORY,https://www.nseindia.com/reports-indices-historical-index-data#NIFTY_500_2024-02-24_2024-05-23.json,2024-04-14,OFFICIAL_NSE_INDEX_CLOSE_NO_FORWARD_FILL,BENCHMARK_CONTEXT_V1
2024-04-16,NIFTY_500,NIFTY 500,20361.25,20495.2,20326.25,20423,NSE_OFFICIAL_HISTORICAL_OR_INDICES_HISTORY,https://www.nseindia.com/reports-indices-historical-index-data#NIFTY_500_2024-02-24_2024-05-23.json,2024-04-15,OFFICIAL_NSE_INDEX_CLOSE_NO_FORWARD_FILL,BENCHMARK_CONTEXT_V1
2024-04-18,NIFTY_500,NIFTY 500,20515.15,20617.1,20291.15,20324.7,NSE_OFFICIAL_HISTORICAL_OR_INDICES_HISTORY,https://www.nseindia.com/reports-indices-historical-index-data#NIFTY_500_2024-02-24_2024-05-23.json,2024-04-17,OFFICIAL_NSE_INDEX_CLOSE_NO_FORWARD_FILL,BENCHMARK_CONTEXT_V1
2024-04-19,NIFTY_500,NIFTY 500,20178.25,20428.4,20038.35,20385.2,NSE_OFFICIAL_HISTORICAL_OR_INDICES_HISTORY,https://www.nseindia.com/reports-indices-historical-index-data#NIFTY_500_2024-02-24_2024-05-23.json,2024-04-18,OFFICIAL_NSE_INDEX_CLOSE_NO_FORWARD_FILL,BENCHMARK_CONTEXT_V1
2024-04-22,NIFTY_500,NIFTY 500,20566.2,20604.1,20468.1,20574.85,NSE_OFFICIAL_HISTORICAL_OR_INDICES_HISTORY,https://www.nseindia.com/reports-indices-historical-index-data#NIFTY_500_2024-02-24_2024-05-23.json,2024-04-21,OFFICIAL_NSE_INDEX_CLOSE_NO_FORWARD_FILL,BENCHMARK_CONTEXT_V1
2024-04-23,NIFTY_500,NIFTY 500,20687.9,20689.75,20621.55,20652.65,NSE_OFFICIAL_HISTORICAL_OR_INDICES_HISTORY,https://www.nseindia.com/reports-indices-historical-index-data#NIFTY_500_2024-02-24_2024-05-23.json,2024-04-22,OFFICIAL_NSE_INDEX_CLOSE_NO_FORWARD_FILL,BENCHMARK_CONTEXT_V1
2024-04-24,NIFTY_500,NIFTY 500,20723.2,20772.55,20710.2,20730.65,NSE_OFFICIAL_HISTORICAL_OR_INDICES_HISTORY,https://www.nseindia.com/reports-indices-historical-index-data#NIFTY_500_2024-02-24_2024-05-23.json,2024-04-23,OFFICIAL_NSE_INDEX_CLOSE_NO_FORWARD_FILL,BENCHMARK_CONTEXT_V1
2024-04-25,NIFTY_500,NIFTY 500,20690.85,20894,20686.7,20867.9,NSE_OFFICIAL_HISTORICAL_OR_INDICES_HISTORY,https://www.nseindia.com/reports-indices-historical-index-data#NIFTY_500_2024-02-24_2024-05-23.json,2024-04-24,OFFICIAL_NSE_INDEX_CLOSE_NO_FORWARD_FILL,BENCHMARK_CONTEXT_V1
2024-04-26,NIFTY_500,NIFTY 500,20926.4,20941.1,20814.5,20839.35,NSE_OFFICIAL_HISTORICAL_OR_INDICES_HISTORY,https://www.nseindia.com/reports-indices-historical-index-data#NIFTY_500_2024-02-24_2024-05-23.json,2024-04-25,OFFICIAL_NSE_INDEX_CLOSE_NO_FORWARD_FILL,BENCHMARK_CONTEXT_V1
2024-04-29,NIFTY_500,NIFTY 500,20911.1,21002.1,20847.85,20992.2,NSE_OFFICIAL_HISTORICAL_OR_INDICES_HISTORY,https://www.nseindia.com/reports-indices-historical-index-data#NIFTY_500_2024-02-24_2024-05-23.json,2024-04-28,OFFICIAL_NSE_INDEX_CLOSE_NO_FORWARD_FILL,BENCHMARK_CONTEXT_V1
2024-04-30,NIFTY_500,NIFTY 500,21052.35,21146.5,20971.85,20997.2,NSE_OFFICIAL_HISTORICAL_OR_INDICES_HISTORY,https://www.nseindia.com/reports-indices-historical-index-data#NIFTY_500_2024-02-24_2024-05-23.json,2024-04-29,OFFICIAL_NSE_INDEX_CLOSE_NO_FORWARD_FILL,BENCHMARK_CONTEXT_V1
2024-05-02,NIFTY_500,NIFTY 500,21010.45,21126.1,21009.35,21083.6,NSE_OFFICIAL_HISTORICAL_OR_INDICES_HISTORY,https://www.nseindia.com/reports-indices-historical-index-data#NIFTY_500_2024-02-24_2024-05-23.json,2024-05-01,OFFICIAL_NSE_INDEX_CLOSE_NO_FORWARD_FILL,BENCHMARK_CONTEXT_V1
2024-05-03,NIFTY_500,NIFTY 500,21193.45,21208.7,20830.65,20959.55,NSE_OFFICIAL_HISTORICAL_OR_INDICES_HISTORY,https://www.nseindia.com/reports-indices-historical-index-data#NIFTY_500_2024-02-24_2024-05-23.json,2024-05-02,OFFICIAL_NSE_INDEX_CLOSE_NO_FORWARD_FILL,BENCHMARK_CONTEXT_V1
2024-05-06,NIFTY_500,NIFTY 500,21044.1,21048.95,20805.05,20864.95,NSE_OFFICIAL_HISTORICAL_OR_INDICES_HISTORY,https://www.nseindia.com/reports-indices-historical-index-data#NIFTY_500_2024-02-24_2024-05-23.json,2024-05-05,OFFICIAL_NSE_INDEX_CLOSE_NO_FORWARD_FILL,BENCHMARK_CONTEXT_V1
2024-05-07,NIFTY_500,NIFTY 500,20911.35,20914.9,20548.8,20636.05,NSE_OFFICIAL_HISTORICAL_OR_INDICES_HISTORY,https://www.nseindia.com/reports-indices-historical-index-data#NIFTY_500_2024-02-24_2024-05-23.json,2024-05-06,OFFICIAL_NSE_INDEX_CLOSE_NO_FORWARD_FILL,BENCHMARK_CONTEXT_V1
2024-05-08,NIFTY_500,NIFTY 500,20586.8,20768.75,20516.25,20704.9,NSE_OFFICIAL_HISTORICAL_OR_INDICES_HISTORY,https://www.nseindia.com/reports-indices-historical-index-data#NIFTY_500_2024-02-24_2024-05-23.json,2024-05-07,OFFICIAL_NSE_INDEX_CLOSE_NO_FORWARD_FILL,BENCHMARK_CONTEXT_V1
2024-05-09,NIFTY_500,NIFTY 500,20681.1,20736.25,20318.9,20344.8,NSE_OFFICIAL_HISTORICAL_OR_INDICES_HISTORY,https://www.nseindia.com/reports-indices-historical-index-data#NIFTY_500_2024-02-24_2024-05-23.json,2024-05-08,OFFICIAL_NSE_INDEX_CLOSE_NO_FORWARD_FILL,BENCHMARK_CONTEXT_V1
2024-05-10,NIFTY_500,NIFTY 500,20398,20482.05,20299.1,20469.1,NSE_OFFICIAL_HISTORICAL_OR_INDICES_HISTORY,https://www.nseindia.com/reports-indices-historical-index-data#NIFTY_500_2024-02-24_2024-05-23.json,2024-05-09,OFFICIAL_NSE_INDEX_CLOSE_NO_FORWARD_FILL,BENCHMARK_CONTEXT_V1
2024-05-13,NIFTY_500,NIFTY 500,20471.65,20540.25,20184.1,20511,NSE_OFFICIAL_HISTORICAL_OR_INDICES_HISTORY,https://www.nseindia.com/reports-indices-historical-index-data#NIFTY_500_2024-02-24_2024-05-23.json,2024-05-12,OFFICIAL_NSE_INDEX_CLOSE_NO_FORWARD_FILL,BENCHMARK_CONTEXT_V1
2024-05-14,NIFTY_500,NIFTY 500,20544.35,20709.75,20508,20683.8,NSE_OFFICIAL_HISTORICAL_OR_INDICES_HISTORY,https://www.nseindia.com/reports-indices-historical-index-data#NIFTY_500_2024-02-24_2024-05-23.json,2024-05-13,OFFICIAL_NSE_INDEX_CLOSE_NO_FORWARD_FILL,BENCHMARK_CONTEXT_V1
2024-05-15,NIFTY_500,NIFTY 500,20744.5,20811.25,20681.9,20741.85,NSE_OFFICIAL_HISTORICAL_OR_INDICES_HISTORY,https://www.nseindia.com/reports-indices-historical-index-data#NIFTY_500_2024-02-24_2024-05-23.json,2024-05-14,OFFICIAL_NSE_INDEX_CLOSE_NO_FORWARD_FILL,BENCHMARK_CONTEXT_V1
2024-05-16,NIFTY_500,NIFTY 500,20846.85,20950.55,20667.8,20929.05,NSE_OFFICIAL_HISTORICAL_OR_INDICES_HISTORY,https://www.nseindia.com/reports-indices-historical-index-data#NIFTY_500_2024-02-24_2024-05-23.json,2024-05-15,OFFICIAL_NSE_INDEX_CLOSE_NO_FORWARD_FILL,BENCHMARK_CONTEXT_V1
2024-05-17,NIFTY_500,NIFTY 500,20967.4,21078.65,20934.45,21064.55,NSE_OFFICIAL_HISTORICAL_OR_INDICES_HISTORY,https://www.nseindia.com/reports-indices-historical-index-data#NIFTY_500_2024-02-24_2024-05-23.json,2024-05-16,OFFICIAL_NSE_INDEX_CLOSE_NO_FORWARD_FILL,BENCHMARK_CONTEXT_V1
2024-05-18,NIFTY_500,NIFTY 500,21131.45,21156.45,21115.8,21144.45,NSE_OFFICIAL_HISTORICAL_OR_INDICES_HISTORY,https://www.nseindia.com/reports-indices-historical-index-data#NIFTY_500_2024-02-24_2024-05-23.json,2024-05-17,OFFICIAL_NSE_INDEX_CLOSE_NO_FORWARD_FILL,BENCHMARK_CONTEXT_V1
2024-05-21,NIFTY_500,NIFTY 500,21114.65,21224.7,21068.85,21187.65,NSE_OFFICIAL_HISTORICAL_OR_INDICES_HISTORY,https://www.nseindia.com/reports-indices-historical-index-data#NIFTY_500_2024-02-24_2024-05-23.json,2024-05-20,OFFICIAL_NSE_INDEX_CLOSE_NO_FORWARD_FILL,BENCHMARK_CONTEXT_V1
2024-05-22,NIFTY_500,NIFTY 500,21255.2,21261.75,21103.2,21237.75,NSE_OFFICIAL_HISTORICAL_OR_INDICES_HISTORY,https://www.nseindia.com/reports-indices-historical-index-data#NIFTY_500_2024-02-24_2024-05-23.json,2024-05-21,OFFICIAL_NSE_INDEX_CLOSE_NO_FORWARD_FILL,BENCHMARK_CONTEXT_V1
2024-05-23,NIFTY_500,NIFTY 500,21280.05,21505.25,21249.15,21489.55,NSE_OFFICIAL_HISTORICAL_OR_INDICES_HISTORY,https://www.nseindia.com/reports-indices-historical-index-data#NIFTY_500_2024-02-24_2024-05-23.json,2024-05-22,OFFICIAL_NSE_INDEX_CLOSE_NO_FORWARD_FILL,BENCHMARK_CONTEXT_V1
2024-05-24,NIFTY_500,NIFTY 500,21483,21567.45,21444.95,21483.75,NSE_OFFICIAL_HISTORICAL_OR_INDICES_HISTORY,https://www.nseindia.com/reports-indices-historical-index-data#NIFTY_500_2024-05-24_2024-08-21.json,2024-05-23,OFFICIAL_NSE_INDEX_CLOSE_NO_FORWARD_FILL,BENCHMARK_CONTEXT_V1
2024-05-27,NIFTY_500,NIFTY 500,21573.8,21613.6,21439.15,21493,NSE_OFFICIAL_HISTORICAL_OR_INDICES_HISTORY,https://www.nseindia.com/reports-indices-historical-index-data#NIFTY_500_2024-05-24_2024-08-21.json,2024-05-26,OFFICIAL_NSE_INDEX_CLOSE_NO_FORWARD_FILL,BENCHMARK_CONTEXT_V1
2024-05-28,NIFTY_500,NIFTY 500,21542.5,21558.15,21345.35,21387.35,NSE_OFFICIAL_HISTORICAL_OR_INDICES_HISTORY,https://www.nseindia.com/reports-indices-historical-index-data#NIFTY_500_2024-05-24_2024-08-21.json,2024-05-27,OFFICIAL_NSE_INDEX_CLOSE_NO_FORWARD_FILL,BENCHMARK_CONTEXT_V1
2024-05-29,NIFTY_500,NIFTY 500,21288.35,21356.15,21243.2,21256.3,NSE_OFFICIAL_HISTORICAL_OR_INDICES_HISTORY,https://www.nseindia.com/reports-indices-historical-index-data#NIFTY_500_2024-05-24_2024-08-21.json,2024-05-28,OFFICIAL_NSE_INDEX_CLOSE_NO_FORWARD_FILL,BENCHMARK_CONTEXT_V1
2024-05-30,NIFTY_500,NIFTY 500,21201.8,21262.85,20983.95,21038.55,NSE_OFFICIAL_HISTORICAL_OR_INDICES_HISTORY,https://www.nseindia.com/reports-indices-historical-index-data#NIFTY_500_2024-05-24_2024-08-21.json,2024-05-29,OFFICIAL_NSE_INDEX_CLOSE_NO_FORWARD_FILL,BENCHMARK_CONTEXT_V1
2024-05-31,NIFTY_500,NIFTY 500,21129.35,21177.25,21003,21103.3,NSE_OFFICIAL_HISTORICAL_OR_INDICES_HISTORY,https://www.nseindia.com/reports-indices-historical-index-data#NIFTY_500_2024-05-24_2024-08-21.json,2024-05-30,OFFICIAL_NSE_INDEX_CLOSE_NO_FORWARD_FILL,BENCHMARK_CONTEXT_V1
2024-06-03,NIFTY_500,NIFTY 500,21926.6,21926.6,21629.3,21797.4,NSE_OFFICIAL_HISTORICAL_OR_INDICES_HISTORY,https://www.nseindia.com/reports-indices-historical-index-data#NIFTY_500_2024-05-24_2024-08-21.json,2024-06-02,OFFICIAL_NSE_INDEX_CLOSE_NO_FORWARD_FILL,BENCHMARK_CONTEXT_V1
2024-06-04,NIFTY_500,NIFTY 500,21753.35,21753.35,19624.25,20323.85,NSE_OFFICIAL_HISTORICAL_OR_INDICES_HISTORY,https://www.nseindia.com/reports-indices-historical-index-data#NIFTY_500_2024-05-24_2024-08-21.json,2024-06-03,OFFICIAL_NSE_INDEX_CLOSE_NO_FORWARD_FILL,BENCHMARK_CONTEXT_V1
2024-06-05,NIFTY_500,NIFTY 500,20570.75,21092.15,20116.6,21054.4,NSE_OFFICIAL_HISTORICAL_OR_INDICES_HISTORY,https://www.nseindia.com/reports-indices-historical-index-data#NIFTY_500_2024-05-24_2024-08-21.json,2024-06-04,OFFICIAL_NSE_INDEX_CLOSE_NO_FORWARD_FILL,BENCHMARK_CONTEXT_V1
2024-06-06,NIFTY_500,NIFTY 500,21253.7,21462.8,21193.2,21365,NSE_OFFICIAL_HISTORICAL_OR_INDICES_HISTORY,https://www.nseindia.com/reports-indices-historical-index-data#NIFTY_500_2024-05-24_2024-08-21.json,2024-06-05,OFFICIAL_NSE_INDEX_CLOSE_NO_FORWARD_FILL,BENCHMARK_CONTEXT_V1
2024-06-07,NIFTY_500,NIFTY 500,21390.2,21781.35,21333.5,21764.15,NSE_OFFICIAL_HISTORICAL_OR_INDICES_HISTORY,https://www.nseindia.com/reports-indices-historical-index-data#NIFTY_500_2024-05-24_2024-08-21.json,2024-06-06,OFFICIAL_NSE_INDEX_CLOSE_NO_FORWARD_FILL,BENCHMARK_CONTEXT_V1
2024-06-10,NIFTY_500,NIFTY 500,21844.3,21930.5,21758.3,21808.25,NSE_OFFICIAL_HISTORICAL_OR_INDICES_HISTORY,https://www.nseindia.com/reports-indices-historical-index-data#NIFTY_500_2024-05-24_2024-08-21.json,2024-06-09,OFFICIAL_NSE_INDEX_CLOSE_NO_FORWARD_FILL,BENCHMARK_CONTEXT_V1
2024-06-11,NIFTY_500,NIFTY 500,21856.35,21961.45,21782.35,21852,NSE_OFFICIAL_HISTORICAL_OR_INDICES_HISTORY,https://www.nseindia.com/reports-indices-historical-index-data#NIFTY_500_2024-05-24_2024-08-21.json,2024-06-10,OFFICIAL_NSE_INDEX_CLOSE_NO_FORWARD_FILL,BENCHMARK_CONTEXT_V1
2024-06-12,NIFTY_500,NIFTY 500,21935.2,22023.9,21904.7,21960.95,NSE_OFFICIAL_HISTORICAL_OR_INDICES_HISTORY,https://www.nseindia.com/reports-indices-historical-index-data#NIFTY_500_2024-05-24_2024-08-21.json,2024-06-11,OFFICIAL_NSE_INDEX_CLOSE_NO_FORWARD_FILL,BENCHMARK_CONTEXT_V1
2024-06-13,NIFTY_500,NIFTY 500,22120.75,22120.8,21992.15,22074.3,NSE_OFFICIAL_HISTORICAL_OR_INDICES_HISTORY,https://www.nseindia.com/reports-indices-historical-index-data#NIFTY_500_2024-05-24_2024-08-21.json,2024-06-12,OFFICIAL_NSE_INDEX_CLOSE_NO_FORWARD_FILL,BENCHMARK_CONTEXT_V1
2024-06-14,NIFTY_500,NIFTY 500,22148.25,22229.4,22054.15,22214.3,NSE_OFFICIAL_HISTORICAL_OR_INDICES_HISTORY,https://www.nseindia.com/reports-indices-historical-index-data#NIFTY_500_2024-05-24_2024-08-21.json,2024-06-13,OFFICIAL_NSE_INDEX_CLOSE_NO_FORWARD_FILL,BENCHMARK_CONTEXT_V1
2024-06-18,NIFTY_500,NIFTY 500,22323.55,22338.15,22253.35,22329.6,NSE_OFFICIAL_HISTORICAL_OR_INDICES_HISTORY,https://www.nseindia.com/reports-indices-historical-index-data#NIFTY_500_2024-05-24_2024-08-21.json,2024-06-17,OFFICIAL_NSE_INDEX_CLOSE_NO_FORWARD_FILL,BENCHMARK_CONTEXT_V1
2024-06-19,NIFTY_500,NIFTY 500,22406.3,22406.3,22127.25,22224.9,NSE_OFFICIAL_HISTORICAL_OR_INDICES_HISTORY,https://www.nseindia.com/reports-indices-historical-index-data#NIFTY_500_2024-05-24_2024-08-21.json,2024-06-18,OFFICIAL_NSE_INDEX_CLOSE_NO_FORWARD_FILL,BENCHMARK_CONTEXT_V1
2024-06-20,NIFTY_500,NIFTY 500,22293.55,22333.6,22182.2,22305.1,NSE_OFFICIAL_HISTORICAL_OR_INDICES_HISTORY,https://www.nseindia.com/reports-indices-historical-index-data#NIFTY_500_2024-05-24_2024-08-21.json,2024-06-19,OFFICIAL_NSE_INDEX_CLOSE_NO_FORWARD_FILL,BENCHMARK_CONTEXT_V1
2024-06-21,NIFTY_500,NIFTY 500,22392.6,22393.3,22186.2,22236.2,NSE_OFFICIAL_HISTORICAL_OR_INDICES_HISTORY,https://www.nseindia.com/reports-indices-historical-index-data#NIFTY_500_2024-05-24_2024-08-21.json,2024-06-20,OFFICIAL_NSE_INDEX_CLOSE_NO_FORWARD_FILL,BENCHMARK_CONTEXT_V1
2024-06-24,NIFTY_500,NIFTY 500,22150.65,22309.1,22073.65,22289.1,NSE_OFFICIAL_HISTORICAL_OR_INDICES_HISTORY,https://www.nseindia.com/reports-indices-historical-index-data#NIFTY_500_2024-05-24_2024-08-21.json,2024-06-23,OFFICIAL_NSE_INDEX_CLOSE_NO_FORWARD_FILL,BENCHMARK_CONTEXT_V1
2024-06-25,NIFTY_500,NIFTY 500,22349.75,22391.75,22287.1,22370.65,NSE_OFFICIAL_HISTORICAL_OR_INDICES_HISTORY,https://www.nseindia.com/reports-indices-historical-index-data#NIFTY_500_2024-05-24_2024-08-21.json,2024-06-24,OFFICIAL_NSE_INDEX_CLOSE_NO_FORWARD_FILL,BENCHMARK_CONTEXT_V1
2024-06-26,NIFTY_500,NIFTY 500,22379.5,22464.85,22309.5,22436.8,NSE_OFFICIAL_HISTORICAL_OR_INDICES_HISTORY,https://www.nseindia.com/reports-indices-historical-index-data#NIFTY_500_2024-05-24_2024-08-21.json,2024-06-25,OFFICIAL_NSE_INDEX_CLOSE_NO_FORWARD_FILL,BENCHMARK_CONTEXT_V1
2024-06-27,NIFTY_500,NIFTY 500,22459.9,22571.65,22395.9,22537.4,NSE_OFFICIAL_HISTORICAL_OR_INDICES_HISTORY,https://www.nseindia.com/reports-indices-historical-index-data#NIFTY_500_2024-05-24_2024-08-21.json,2024-06-26,OFFICIAL_NSE_INDEX_CLOSE_NO_FORWARD_FILL,BENCHMARK_CONTEXT_V1
2024-06-28,NIFTY_500,NIFTY 500,22592.25,22673.65,22537.7,22559.7,NSE_OFFICIAL_HISTORICAL_OR_INDICES_HISTORY,https://www.nseindia.com/reports-indices-historical-index-data#NIFTY_500_2024-05-24_2024-08-21.json,2024-06-27,OFFICIAL_NSE_INDEX_CLOSE_NO_FORWARD_FILL,BENCHMARK_CONTEXT_V1
2024-07-01,NIFTY_500,NIFTY 500,22580.4,22739.7,22570.4,22727.6,NSE_OFFICIAL_HISTORICAL_OR_INDICES_HISTORY,https://www.nseindia.com/reports-indices-historical-index-data#NIFTY_500_2024-05-24_2024-08-21.json,2024-06-30,OFFICIAL_NSE_INDEX_CLOSE_NO_FORWARD_FILL,BENCHMARK_CONTEXT_V1
2024-07-02,NIFTY_500,NIFTY 500,22806.3,22810.65,22592.2,22677.8,NSE_OFFICIAL_HISTORICAL_OR_INDICES_HISTORY,https://www.nseindia.com/reports-indices-historical-index-data#NIFTY_500_2024-05-24_2024-08-21.json,2024-07-01,OFFICIAL_NSE_INDEX_CLOSE_NO_FORWARD_FILL,BENCHMARK_CONTEXT_V1
2024-07-03,NIFTY_500,NIFTY 500,22820.55,22871.65,22764.1,22851.2,NSE_OFFICIAL_HISTORICAL_OR_INDICES_HISTORY,https://www.nseindia.com/reports-indices-historical-index-data#NIFTY_500_2024-05-24_2024-08-21.json,2024-07-02,OFFICIAL_NSE_INDEX_CLOSE_NO_FORWARD_FILL,BENCHMARK_CONTEXT_V1
2024-07-04,NIFTY_500,NIFTY 500,22937.6,22962.8,22866.7,22914.2,NSE_OFFICIAL_HISTORICAL_OR_INDICES_HISTORY,https://www.nseindia.com/reports-indices-historical-index-data#NIFTY_500_2024-05-24_2024-08-21.json,2024-07-03,OFFICIAL_NSE_INDEX_CLOSE_NO_FORWARD_FILL,BENCHMARK_CONTEXT_V1
2024-07-05,NIFTY_500,NIFTY 500,22878.5,23011.8,22838.2,22987.65,NSE_OFFICIAL_HISTORICAL_OR_INDICES_HISTORY,https://www.nseindia.com/reports-indices-historical-index-data#NIFTY_500_2024-05-24_2024-08-21.json,2024-07-04,OFFICIAL_NSE_INDEX_CLOSE_NO_FORWARD_FILL,BENCHMARK_CONTEXT_V1
2024-07-08,NIFTY_500,NIFTY 500,23029.35,23040.75,22897.95,22971.15,NSE_OFFICIAL_HISTORICAL_OR_INDICES_HISTORY,https://www.nseindia.com/reports-indices-historical-index-data#NIFTY_500_2024-05-24_2024-08-21.json,2024-07-07,OFFICIAL_NSE_INDEX_CLOSE_NO_FORWARD_FILL,BENCHMARK_CONTEXT_V1
2024-07-09,NIFTY_500,NIFTY 500,23035.05,23082.35,22974.95,23067.35,NSE_OFFICIAL_HISTORICAL_OR_INDICES_HISTORY,https://www.nseindia.com/reports-indices-historical-index-data#NIFTY_500_2024-05-24_2024-08-21.json,2024-07-08,OFFICIAL_NSE_INDEX_CLOSE_NO_FORWARD_FILL,BENCHMARK_CONTEXT_V1
2024-07-10,NIFTY_500,NIFTY 500,23124.15,23125.3,22685.65,22977.65,NSE_OFFICIAL_HISTORICAL_OR_INDICES_HISTORY,https://www.nseindia.com/reports-indices-historical-index-data#NIFTY_500_2024-05-24_2024-08-21.json,2024-07-09,OFFICIAL_NSE_INDEX_CLOSE_NO_FORWARD_FILL,BENCHMARK_CONTEXT_V1
2024-07-11,NIFTY_500,NIFTY 500,23059.95,23063.1,22904.3,23005.25,NSE_OFFICIAL_HISTORICAL_OR_INDICES_HISTORY,https://www.nseindia.com/reports-indices-historical-index-data#NIFTY_500_2024-05-24_2024-08-21.json,2024-07-10,OFFICIAL_NSE_INDEX_CLOSE_NO_FORWARD_FILL,BENCHMARK_CONTEXT_V1
2024-07-12,NIFTY_500,NIFTY 500,23086.25,23189.4,23021.4,23095.45,NSE_OFFICIAL_HISTORICAL_OR_INDICES_HISTORY,https://www.nseindia.com/reports-indices-historical-index-data#NIFTY_500_2024-05-24_2024-08-21.json,2024-07-11,OFFICIAL_NSE_INDEX_CLOSE_NO_FORWARD_FILL,BENCHMARK_CONTEXT_V1
2024-07-15,NIFTY_500,NIFTY 500,23188.8,23234.3,23081.3,23209.85,NSE_OFFICIAL_HISTORICAL_OR_INDICES_HISTORY,https://www.nseindia.com/reports-indices-historical-index-data#NIFTY_500_2024-05-24_2024-08-21.json,2024-07-14,OFFICIAL_NSE_INDEX_CLOSE_NO_FORWARD_FILL,BENCHMARK_CONTEXT_V1
2024-07-16,NIFTY_500,NIFTY 500,23258.2,23288.05,23181.35,23204.25,NSE_OFFICIAL_HISTORICAL_OR_INDICES_HISTORY,https://www.nseindia.com/reports-indices-historical-index-data#NIFTY_500_2024-05-24_2024-08-21.json,2024-07-15,OFFICIAL_NSE_INDEX_CLOSE_NO_FORWARD_FILL,BENCHMARK_CONTEXT_V1
2024-07-18,NIFTY_500,NIFTY 500,23167.65,23233.85,22993.55,23210.05,NSE_OFFICIAL_HISTORICAL_OR_INDICES_HISTORY,https://www.nseindia.com/reports-indices-historical-index-data#NIFTY_500_2024-05-24_2024-08-21.json,2024-07-17,OFFICIAL_NSE_INDEX_CLOSE_NO_FORWARD_FILL,BENCHMARK_CONTEXT_V1
2024-07-19,NIFTY_500,NIFTY 500,23232.5,23232.5,22833,22853.6,NSE_OFFICIAL_HISTORICAL_OR_INDICES_HISTORY,https://www.nseindia.com/reports-indices-historical-index-data#NIFTY_500_2024-05-24_2024-08-21.json,2024-07-18,OFFICIAL_NSE_INDEX_CLOSE_NO_FORWARD_FILL,BENCHMARK_CONTEXT_V1
2024-07-22,NIFTY_500,NIFTY 500,22761.5,23001.05,22667.75,22942.65,NSE_OFFICIAL_HISTORICAL_OR_INDICES_HISTORY,https://www.nseindia.com/reports-indices-historical-index-data#NIFTY_500_2024-05-24_2024-08-21.json,2024-07-21,OFFICIAL_NSE_INDEX_CLOSE_NO_FORWARD_FILL,BENCHMARK_CONTEXT_V1
2024-07-23,NIFTY_500,NIFTY 500,23022.8,23031.95,22307.2,22865.2,NSE_OFFICIAL_HISTORICAL_OR_INDICES_HISTORY,https://www.nseindia.com/reports-indices-historical-index-data#NIFTY_500_2024-05-24_2024-08-21.json,2024-07-22,OFFICIAL_NSE_INDEX_CLOSE_NO_FORWARD_FILL,BENCHMARK_CONTEXT_V1
2024-07-24,NIFTY_500,NIFTY 500,22856.85,22965.45,22816.75,22921.45,NSE_OFFICIAL_HISTORICAL_OR_INDICES_HISTORY,https://www.nseindia.com/reports-indices-historical-index-data#NIFTY_500_2024-05-24_2024-08-21.json,2024-07-23,OFFICIAL_NSE_INDEX_CLOSE_NO_FORWARD_FILL,BENCHMARK_CONTEXT_V1
2024-07-25,NIFTY_500,NIFTY 500,22753.2,22938.65,22732.2,22917.25,NSE_OFFICIAL_HISTORICAL_OR_INDICES_HISTORY,https://www.nseindia.com/reports-indices-historical-index-data#NIFTY_500_2024-05-24_2024-08-21.json,2024-07-24,OFFICIAL_NSE_INDEX_CLOSE_NO_FORWARD_FILL,BENCHMARK_CONTEXT_V1
2024-07-26,NIFTY_500,NIFTY 500,22970.4,23306.75,22965.5,23292.05,NSE_OFFICIAL_HISTORICAL_OR_INDICES_HISTORY,https://www.nseindia.com/reports-indices-historical-index-data#NIFTY_500_2024-05-24_2024-08-21.json,2024-07-25,OFFICIAL_NSE_INDEX_CLOSE_NO_FORWARD_FILL,BENCHMARK_CONTEXT_V1
2024-07-29,NIFTY_500,NIFTY 500,23423.15,23496.4,23326.05,23394.2,NSE_OFFICIAL_HISTORICAL_OR_INDICES_HISTORY,https://www.nseindia.com/reports-indices-historical-index-data#NIFTY_500_2024-05-24_2024-08-21.json,2024-07-28,OFFICIAL_NSE_INDEX_CLOSE_NO_FORWARD_FILL,BENCHMARK_CONTEXT_V1
2024-07-30,NIFTY_500,NIFTY 500,23421.2,23530,23381.35,23440.9,NSE_OFFICIAL_HISTORICAL_OR_INDICES_HISTORY,https://www.nseindia.com/reports-indices-historical-index-data#NIFTY_500_2024-05-24_2024-08-21.json,2024-07-29,OFFICIAL_NSE_INDEX_CLOSE_NO_FORWARD_FILL,BENCHMARK_CONTEXT_V1
2024-07-31,NIFTY_500,NIFTY 500,23495.85,23556,23459.6,23530.8,NSE_OFFICIAL_HISTORICAL_OR_INDICES_HISTORY,https://www.nseindia.com/reports-indices-historical-index-data#NIFTY_500_2024-05-24_2024-08-21.json,2024-07-30,OFFICIAL_NSE_INDEX_CLOSE_NO_FORWARD_FILL,BENCHMARK_CONTEXT_V1
2024-08-01,NIFTY_500,NIFTY 500,23608.85,23637.75,23429.55,23506.6,NSE_OFFICIAL_HISTORICAL_OR_INDICES_HISTORY,https://www.nseindia.com/reports-indices-historical-index-data#NIFTY_500_2024-05-24_2024-08-21.json,2024-07-31,OFFICIAL_NSE_INDEX_CLOSE_NO_FORWARD_FILL,BENCHMARK_CONTEXT_V1
2024-08-02,NIFTY_500,NIFTY 500,23296.1,23395.1,23225.65,23259.45,NSE_OFFICIAL_HISTORICAL_OR_INDICES_HISTORY,https://www.nseindia.com/reports-indices-historical-index-data#NIFTY_500_2024-05-24_2024-08-21.json,2024-08-01,OFFICIAL_NSE_INDEX_CLOSE_NO_FORWARD_FILL,BENCHMARK_CONTEXT_V1
2024-08-05,NIFTY_500,NIFTY 500,22772.55,22868.35,22397.7,22542.45,NSE_OFFICIAL_HISTORICAL_OR_INDICES_HISTORY,https://www.nseindia.com/reports-indices-historical-index-data#NIFTY_500_2024-05-24_2024-08-21.json,2024-08-04,OFFICIAL_NSE_INDEX_CLOSE_NO_FORWARD_FILL,BENCHMARK_CONTEXT_V1
2024-08-06,NIFTY_500,NIFTY 500,22696.95,22910.75,22406.05,22443.3,NSE_OFFICIAL_HISTORICAL_OR_INDICES_HISTORY,https://www.nseindia.com/reports-indices-historical-index-data#NIFTY_500_2024-05-24_2024-08-21.json,2024-08-05,OFFICIAL_NSE_INDEX_CLOSE_NO_FORWARD_FILL,BENCHMARK_CONTEXT_V1
2024-08-07,NIFTY_500,NIFTY 500,22773.45,22870.85,22650.8,22848.9,NSE_OFFICIAL_HISTORICAL_OR_INDICES_HISTORY,https://www.nseindia.com/reports-indices-historical-index-data#NIFTY_500_2024-05-24_2024-08-21.json,2024-08-06,OFFICIAL_NSE_INDEX_CLOSE_NO_FORWARD_FILL,BENCHMARK_CONTEXT_V1
2024-08-08,NIFTY_500,NIFTY 500,22842,22905.6,22676,22705.7,NSE_OFFICIAL_HISTORICAL_OR_INDICES_HISTORY,https://www.nseindia.com/reports-indices-historical-index-data#NIFTY_500_2024-05-24_2024-08-21.json,2024-08-07,OFFICIAL_NSE_INDEX_CLOSE_NO_FORWARD_FILL,BENCHMARK_CONTEXT_V1
2024-08-09,NIFTY_500,NIFTY 500,22948.15,22982.45,22869.4,22923.5,NSE_OFFICIAL_HISTORICAL_OR_INDICES_HISTORY,https://www.nseindia.com/reports-indices-historical-index-data#NIFTY_500_2024-05-24_2024-08-21.json,2024-08-08,OFFICIAL_NSE_INDEX_CLOSE_NO_FORWARD_FILL,BENCHMARK_CONTEXT_V1
2024-08-12,NIFTY_500,NIFTY 500,22862.9,22993.25,22753.75,22915.85,NSE_OFFICIAL_HISTORICAL_OR_INDICES_HISTORY,https://www.nseindia.com/reports-indices-historical-index-data#NIFTY_500_2024-05-24_2024-08-21.json,2024-08-11,OFFICIAL_NSE_INDEX_CLOSE_NO_FORWARD_FILL,BENCHMARK_CONTEXT_V1
2024-08-13,NIFTY_500,NIFTY 500,22952.7,22962.75,22684.45,22705.8,NSE_OFFICIAL_HISTORICAL_OR_INDICES_HISTORY,https://www.nseindia.com/reports-indices-historical-index-data#NIFTY_500_2024-05-24_2024-08-21.json,2024-08-12,OFFICIAL_NSE_INDEX_CLOSE_NO_FORWARD_FILL,BENCHMARK_CONTEXT_V1
2024-08-14,NIFTY_500,NIFTY 500,22765.65,22778.95,22599.95,22672.65,NSE_OFFICIAL_HISTORICAL_OR_INDICES_HISTORY,https://www.nseindia.com/reports-indices-historical-index-data#NIFTY_500_2024-05-24_2024-08-21.json,2024-08-13,OFFICIAL_NSE_INDEX_CLOSE_NO_FORWARD_FILL,BENCHMARK_CONTEXT_V1
2024-08-16,NIFTY_500,NIFTY 500,22846.1,23071.75,22750.3,23056.5,NSE_OFFICIAL_HISTORICAL_OR_INDICES_HISTORY,https://www.nseindia.com/reports-indices-historical-index-data#NIFTY_500_2024-05-24_2024-08-21.json,2024-08-15,OFFICIAL_NSE_INDEX_CLOSE_NO_FORWARD_FILL,BENCHMARK_CONTEXT_V1
2024-08-19,NIFTY_500,NIFTY 500,23174.2,23195.6,23104.1,23139.75,NSE_OFFICIAL_HISTORICAL_OR_INDICES_HISTORY,https://www.nseindia.com/reports-indices-historical-index-data#NIFTY_500_2024-05-24_2024-08-21.json,2024-08-18,OFFICIAL_NSE_INDEX_CLOSE_NO_FORWARD_FILL,BENCHMARK_CONTEXT_V1
2024-08-20,NIFTY_500,NIFTY 500,23223.6,23292.7,23175.4,23280.35,NSE_OFFICIAL_HISTORICAL_OR_INDICES_HISTORY,https://www.nseindia.com/reports-indices-historical-index-data#NIFTY_500_2024-05-24_2024-08-21.json,2024-08-19,OFFICIAL_NSE_INDEX_CLOSE_NO_FORWARD_FILL,BENCHMARK_CONTEXT_V1
2024-08-21,NIFTY_500,NIFTY 500,23283.75,23383.2,23256.25,23368.65,NSE_OFFICIAL_HISTORICAL_OR_INDICES_HISTORY,https://www.nseindia.com/reports-indices-historical-index-data#NIFTY_500_2024-05-24_2024-08-21.json,2024-08-20,OFFICIAL_NSE_INDEX_CLOSE_NO_FORWARD_FILL,BENCHMARK_CONTEXT_V1
2024-08-22,NIFTY_500,NIFTY 500,23467.15,23474.85,23408.95,23440.7,NSE_OFFICIAL_HISTORICAL_OR_INDICES_HISTORY,https://www.nseindia.com/reports-indices-historical-index-data#NIFTY_500_2024-08-22_2024-11-19.json,2024-08-21,OFFICIAL_NSE_INDEX_CLOSE_NO_FORWARD_FILL,BENCHMARK_CONTEXT_V1
2024-08-23,NIFTY_500,NIFTY 500,23485.3,23496.85,23401,23418.65,NSE_OFFICIAL_HISTORICAL_OR_INDICES_HISTORY,https://www.nseindia.com/reports-indices-historical-index-data#NIFTY_500_2024-08-22_2024-11-19.json,2024-08-22,OFFICIAL_NSE_INDEX_CLOSE_NO_FORWARD_FILL,BENCHMARK_CONTEXT_V1
2024-08-26,NIFTY_500,NIFTY 500,23514.3,23579.75,23466.75,23561.75,NSE_OFFICIAL_HISTORICAL_OR_INDICES_HISTORY,https://www.nseindia.com/reports-indices-historical-index-data#NIFTY_500_2024-08-22_2024-11-19.json,2024-08-25,OFFICIAL_NSE_INDEX_CLOSE_NO_FORWARD_FILL,BENCHMARK_CONTEXT_V1
2024-08-27,NIFTY_500,NIFTY 500,23592,23633.2,23555.55,23604.85,NSE_OFFICIAL_HISTORICAL_OR_INDICES_HISTORY,https://www.nseindia.com/reports-indices-historical-index-data#NIFTY_500_2024-08-22_2024-11-19.json,2024-08-26,OFFICIAL_NSE_INDEX_CLOSE_NO_FORWARD_FILL,BENCHMARK_CONTEXT_V1
2024-08-28,NIFTY_500,NIFTY 500,23646.8,23679.35,23547.25,23615.95,NSE_OFFICIAL_HISTORICAL_OR_INDICES_HISTORY,https://www.nseindia.com/reports-indices-historical-index-data#NIFTY_500_2024-08-22_2024-11-19.json,2024-08-27,OFFICIAL_NSE_INDEX_CLOSE_NO_FORWARD_FILL,BENCHMARK_CONTEXT_V1
2024-08-29,NIFTY_500,NIFTY 500,23618.25,23664.35,23494.45,23631.4,NSE_OFFICIAL_HISTORICAL_OR_INDICES_HISTORY,https://www.nseindia.com/reports-indices-historical-index-data#NIFTY_500_2024-08-22_2024-11-19.json,2024-08-28,OFFICIAL_NSE_INDEX_CLOSE_NO_FORWARD_FILL,BENCHMARK_CONTEXT_V1
2024-08-30,NIFTY_500,NIFTY 500,23728.55,23766.4,23673.95,23734.55,NSE_OFFICIAL_HISTORICAL_OR_INDICES_HISTORY,https://www.nseindia.com/reports-indices-historical-index-data#NIFTY_500_2024-08-22_2024-11-19.json,2024-08-29,OFFICIAL_NSE_INDEX_CLOSE_NO_FORWARD_FILL,BENCHMARK_CONTEXT_V1
2024-09-02,NIFTY_500,NIFTY 500,23835.2,23835.2,23693.65,23760.7,NSE_OFFICIAL_HISTORICAL_OR_INDICES_HISTORY,https://www.nseindia.com/reports-indices-historical-index-data#NIFTY_500_2024-08-22_2024-11-19.json,2024-09-01,OFFICIAL_NSE_INDEX_CLOSE_NO_FORWARD_FILL,BENCHMARK_CONTEXT_V1
2024-09-03,NIFTY_500,NIFTY 500,23817,23817.55,23771.2,23788.45,NSE_OFFICIAL_HISTORICAL_OR_INDICES_HISTORY,https://www.nseindia.com/reports-indices-historical-index-data#NIFTY_500_2024-08-22_2024-11-19.json,2024-09-02,OFFICIAL_NSE_INDEX_CLOSE_NO_FORWARD_FILL,BENCHMARK_CONTEXT_V1
2024-09-04,NIFTY_500,NIFTY 500,23611.8,23761.4,23605.35,23748.9,NSE_OFFICIAL_HISTORICAL_OR_INDICES_HISTORY,https://www.nseindia.com/reports-indices-historical-index-data#NIFTY_500_2024-08-22_2024-11-19.json,2024-09-03,OFFICIAL_NSE_INDEX_CLOSE_NO_FORWARD_FILL,BENCHMARK_CONTEXT_V1
2024-09-05,NIFTY_500,NIFTY 500,23821,23836.35,23749.05,23762.8,NSE_OFFICIAL_HISTORICAL_OR_INDICES_HISTORY,https://www.nseindia.com/reports-indices-historical-index-data#NIFTY_500_2024-08-22_2024-11-19.json,2024-09-04,OFFICIAL_NSE_INDEX_CLOSE_NO_FORWARD_FILL,BENCHMARK_CONTEXT_V1
2024-09-06,NIFTY_500,NIFTY 500,23746,23794.35,23434.9,23477.7,NSE_OFFICIAL_HISTORICAL_OR_INDICES_HISTORY,https://www.nseindia.com/reports-indices-historical-index-data#NIFTY_500_2024-08-22_2024-11-19.json,2024-09-05,OFFICIAL_NSE_INDEX_CLOSE_NO_FORWARD_FILL,BENCHMARK_CONTEXT_V1
2024-09-09,NIFTY_500,NIFTY 500,23452.85,23526.55,23294.45,23502.15,NSE_OFFICIAL_HISTORICAL_OR_INDICES_HISTORY,https://www.nseindia.com/reports-indices-historical-index-data#NIFTY_500_2024-08-22_2024-11-19.json,2024-09-08,OFFICIAL_NSE_INDEX_CLOSE_NO_FORWARD_FILL,BENCHMARK_CONTEXT_V1
2024-09-10,NIFTY_500,NIFTY 500,23591.85,23712.95,23531.65,23643.65,NSE_OFFICIAL_HISTORICAL_OR_INDICES_HISTORY,https://www.nseindia.com/reports-indices-historical-index-data#NIFTY_500_2024-08-22_2024-11-19.json,2024-09-09,OFFICIAL_NSE_INDEX_CLOSE_NO_FORWARD_FILL,BENCHMARK_CONTEXT_V1
2024-09-11,NIFTY_500,NIFTY 500,23665.1,23723.05,23498.15,23531.25,NSE_OFFICIAL_HISTORICAL_OR_INDICES_HISTORY,https://www.nseindia.com/reports-indices-historical-index-data#NIFTY_500_2024-08-22_2024-11-19.json,2024-09-10,OFFICIAL_NSE_INDEX_CLOSE_NO_FORWARD_FILL,BENCHMARK_CONTEXT_V1
2024-09-12,NIFTY_500,NIFTY 500,23680,23934.6,23593.6,23907.35,NSE_OFFICIAL_HISTORICAL_OR_INDICES_HISTORY,https://www.nseindia.com/reports-indices-historical-index-data#NIFTY_500_2024-08-22_2024-11-19.json,2024-09-11,OFFICIAL_NSE_INDEX_CLOSE_NO_FORWARD_FILL,BENCHMARK_CONTEXT_V1
2024-09-13,NIFTY_500,NIFTY 500,23966.5,23966.55,23885.2,23928.2,NSE_OFFICIAL_HISTORICAL_OR_INDICES_HISTORY,https://www.nseindia.com/reports-indices-historical-index-data#NIFTY_500_2024-08-22_2024-11-19.json,2024-09-12,OFFICIAL_NSE_INDEX_CLOSE_NO_FORWARD_FILL,BENCHMARK_CONTEXT_V1
2024-09-16,NIFTY_500,NIFTY 500,24006.15,24026,23917.5,23968.2,NSE_OFFICIAL_HISTORICAL_OR_INDICES_HISTORY,https://www.nseindia.com/reports-indices-historical-index-data#NIFTY_500_2024-08-22_2024-11-19.json,2024-09-15,OFFICIAL_NSE_INDEX_CLOSE_NO_FORWARD_FILL,BENCHMARK_CONTEXT_V1
2024-09-17,NIFTY_500,NIFTY 500,24008.25,24008.25,23912.55,23969.9,NSE_OFFICIAL_HISTORICAL_OR_INDICES_HISTORY,https://www.nseindia.com/reports-indices-historical-index-data#NIFTY_500_2024-08-22_2024-11-19.json,2024-09-16,OFFICIAL_NSE_INDEX_CLOSE_NO_FORWARD_FILL,BENCHMARK_CONTEXT_V1
2024-09-18,NIFTY_500,NIFTY 500,23972.55,24000.3,23800.85,23898.65,NSE_OFFICIAL_HISTORICAL_OR_INDICES_HISTORY,https://www.nseindia.com/reports-indices-historical-index-data#NIFTY_500_2024-08-22_2024-11-19.json,2024-09-17,OFFICIAL_NSE_INDEX_CLOSE_NO_FORWARD_FILL,BENCHMARK_CONTEXT_V1
2024-09-19,NIFTY_500,NIFTY 500,24012.3,24078,23702,23853.95,NSE_OFFICIAL_HISTORICAL_OR_INDICES_HISTORY,https://www.nseindia.com/reports-indices-historical-index-data#NIFTY_500_2024-08-22_2024-11-19.json,2024-09-18,OFFICIAL_NSE_INDEX_CLOSE_NO_FORWARD_FILL,BENCHMARK_CONTEXT_V1
2024-09-20,NIFTY_500,NIFTY 500,23956.55,24243.15,23885,24193.8,NSE_OFFICIAL_HISTORICAL_OR_INDICES_HISTORY,https://www.nseindia.com/reports-indices-historical-index-data#NIFTY_500_2024-08-22_2024-11-19.json,2024-09-19,OFFICIAL_NSE_INDEX_CLOSE_NO_FORWARD_FILL,BENCHMARK_CONTEXT_V1
2024-09-23,NIFTY_500,NIFTY 500,24294.8,24393.7,24262.3,24379.2,NSE_OFFICIAL_HISTORICAL_OR_INDICES_HISTORY,https://www.nseindia.com/reports-indices-historical-index-data#NIFTY_500_2024-08-22_2024-11-19.json,2024-09-22,OFFICIAL_NSE_INDEX_CLOSE_NO_FORWARD_FILL,BENCHMARK_CONTEXT_V1
2024-09-24,NIFTY_500,NIFTY 500,24390.05,24429,24353.75,24389.7,NSE_OFFICIAL_HISTORICAL_OR_INDICES_HISTORY,https://www.nseindia.com/reports-indices-historical-index-data#NIFTY_500_2024-08-22_2024-11-19.json,2024-09-23,OFFICIAL_NSE_INDEX_CLOSE_NO_FORWARD_FILL,BENCHMARK_CONTEXT_V1
2024-09-25,NIFTY_500,NIFTY 500,24377.25,24394.35,24268.5,24371.25,NSE_OFFICIAL_HISTORICAL_OR_INDICES_HISTORY,https://www.nseindia.com/reports-indices-historical-index-data#NIFTY_500_2024-08-22_2024-11-19.json,2024-09-24,OFFICIAL_NSE_INDEX_CLOSE_NO_FORWARD_FILL,BENCHMARK_CONTEXT_V1
2024-09-26,NIFTY_500,NIFTY 500,24399.15,24512.65,24338.4,24496.9,NSE_OFFICIAL_HISTORICAL_OR_INDICES_HISTORY,https://www.nseindia.com/reports-indices-historical-index-data#NIFTY_500_2024-08-22_2024-11-19.json,2024-09-25,OFFICIAL_NSE_INDEX_CLOSE_NO_FORWARD_FILL,BENCHMARK_CONTEXT_V1
2024-09-27,NIFTY_500,NIFTY 500,24529.55,24573.4,24469,24489.55,NSE_OFFICIAL_HISTORICAL_OR_INDICES_HISTORY,https://www.nseindia.com/reports-indices-historical-index-data#NIFTY_500_2024-08-22_2024-11-19.json,2024-09-26,OFFICIAL_NSE_INDEX_CLOSE_NO_FORWARD_FILL,BENCHMARK_CONTEXT_V1
2024-09-30,NIFTY_500,NIFTY 500,24410,24456.1,24217.4,24245.2,NSE_OFFICIAL_HISTORICAL_OR_INDICES_HISTORY,https://www.nseindia.com/reports-indices-historical-index-data#NIFTY_500_2024-08-22_2024-11-19.json,2024-09-29,OFFICIAL_NSE_INDEX_CLOSE_NO_FORWARD_FILL,BENCHMARK_CONTEXT_V1
2024-10-01,NIFTY_500,NIFTY 500,24248.5,24329.45,24191.05,24271.3,NSE_OFFICIAL_HISTORICAL_OR_INDICES_HISTORY,https://www.nseindia.com/reports-indices-historical-index-data#NIFTY_500_2024-08-22_2024-11-19.json,2024-09-30,OFFICIAL_NSE_INDEX_CLOSE_NO_FORWARD_FILL,BENCHMARK_CONTEXT_V1
2024-10-03,NIFTY_500,NIFTY 500,23931.85,24122,23713,23755.45,NSE_OFFICIAL_HISTORICAL_OR_INDICES_HISTORY,https://www.nseindia.com/reports-indices-historical-index-data#NIFTY_500_2024-08-22_2024-11-19.json,2024-10-02,OFFICIAL_NSE_INDEX_CLOSE_NO_FORWARD_FILL,BENCHMARK_CONTEXT_V1
2024-10-04,NIFTY_500,NIFTY 500,23704.95,23920.3,23483.4,23534.95,NSE_OFFICIAL_HISTORICAL_OR_INDICES_HISTORY,https://www.nseindia.com/reports-indices-historical-index-data#NIFTY_500_2024-08-22_2024-11-19.json,2024-10-03,OFFICIAL_NSE_INDEX_CLOSE_NO_FORWARD_FILL,BENCHMARK_CONTEXT_V1
2024-10-07,NIFTY_500,NIFTY 500,23616.35,23659.65,23089.5,23181.95,NSE_OFFICIAL_HISTORICAL_OR_INDICES_HISTORY,https://www.nseindia.com/reports-indices-historical-index-data#NIFTY_500_2024-08-22_2024-11-19.json,2024-10-06,OFFICIAL_NSE_INDEX_CLOSE_NO_FORWARD_FILL,BENCHMARK_CONTEXT_V1
2024-10-08,NIFTY_500,NIFTY 500,23175.2,23544.8,23106.5,23512.55,NSE_OFFICIAL_HISTORICAL_OR_INDICES_HISTORY,https://www.nseindia.com/reports-indices-historical-index-data#NIFTY_500_2024-08-22_2024-11-19.json,2024-10-07,OFFICIAL_NSE_INDEX_CLOSE_NO_FORWARD_FILL,BENCHMARK_CONTEXT_V1
2024-10-09,NIFTY_500,NIFTY 500,23600.1,23797.45,23570.7,23599.6,NSE_OFFICIAL_HISTORICAL_OR_INDICES_HISTORY,https://www.nseindia.com/reports-indices-historical-index-data#NIFTY_500_2024-08-22_2024-11-19.json,2024-10-08,OFFICIAL_NSE_INDEX_CLOSE_NO_FORWARD_FILL,BENCHMARK_CONTEXT_V1
2024-10-10,NIFTY_500,NIFTY 500,23695.55,23755.5,23580.6,23598.15,NSE_OFFICIAL_HISTORICAL_OR_INDICES_HISTORY,https://www.nseindia.com/reports-indices-historical-index-data#NIFTY_500_2024-08-22_2024-11-19.json,2024-10-09,OFFICIAL_NSE_INDEX_CLOSE_NO_FORWARD_FILL,BENCHMARK_CONTEXT_V1
2024-10-11,NIFTY_500,NIFTY 500,23608.3,23654,23546.3,23611.25,NSE_OFFICIAL_HISTORICAL_OR_INDICES_HISTORY,https://www.nseindia.com/reports-indices-historical-index-data#NIFTY_500_2024-08-22_2024-11-19.json,2024-10-10,OFFICIAL_NSE_INDEX_CLOSE_NO_FORWARD_FILL,BENCHMARK_CONTEXT_V1
2024-10-14,NIFTY_500,NIFTY 500,23670.5,23740.2,23646.1,23727.05,NSE_OFFICIAL_HISTORICAL_OR_INDICES_HISTORY,https://www.nseindia.com/reports-indices-historical-index-data#NIFTY_500_2024-08-22_2024-11-19.json,2024-10-13,OFFICIAL_NSE_INDEX_CLOSE_NO_FORWARD_FILL,BENCHMARK_CONTEXT_V1
2024-10-15,NIFTY_500,NIFTY 500,23800.4,23814.95,23662.3,23735.7,NSE_OFFICIAL_HISTORICAL_OR_INDICES_HISTORY,https://www.nseindia.com/reports-indices-historical-index-data#NIFTY_500_2024-08-22_2024-11-19.json,2024-10-14,OFFICIAL_NSE_INDEX_CLOSE_NO_FORWARD_FILL,BENCHMARK_CONTEXT_V1
2024-10-16,NIFTY_500,NIFTY 500,23702.85,23768.15,23588.8,23673.15,NSE_OFFICIAL_HISTORICAL_OR_INDICES_HISTORY,https://www.nseindia.com/reports-indices-historical-index-data#NIFTY_500_2024-08-22_2024-11-19.json,2024-10-15,OFFICIAL_NSE_INDEX_CLOSE_NO_FORWARD_FILL,BENCHMARK_CONTEXT_V1
2024-10-17,NIFTY_500,NIFTY 500,23717.3,23720.15,23366,23377,NSE_OFFICIAL_HISTORICAL_OR_INDICES_HISTORY,https://www.nseindia.com/reports-indices-historical-index-data#NIFTY_500_2024-08-22_2024-11-19.json,2024-10-16,OFFICIAL_NSE_INDEX_CLOSE_NO_FORWARD_FILL,BENCHMARK_CONTEXT_V1
2024-10-18,NIFTY_500,NIFTY 500,23285.65,23471.2,23120.95,23440.7,NSE_OFFICIAL_HISTORICAL_OR_INDICES_HISTORY,https://www.nseindia.com/reports-indices-historical-index-data#NIFTY_500_2024-08-22_2024-11-19.json,2024-10-17,OFFICIAL_NSE_INDEX_CLOSE_NO_FORWARD_FILL,BENCHMARK_CONTEXT_V1
2024-10-21,NIFTY_500,NIFTY 500,23527.6,23559.05,23224.55,23263.25,NSE_OFFICIAL_HISTORICAL_OR_INDICES_HISTORY,https://www.nseindia.com/reports-indices-historical-index-data#NIFTY_500_2024-08-22_2024-11-19.json,2024-10-20,OFFICIAL_NSE_INDEX_CLOSE_NO_FORWARD_FILL,BENCHMARK_CONTEXT_V1
2024-10-22,NIFTY_500,NIFTY 500,23277.1,23306.2,22789.7,22814.45,NSE_OFFICIAL_HISTORICAL_OR_INDICES_HISTORY,https://www.nseindia.com/reports-indices-historical-index-data#NIFTY_500_2024-08-22_2024-11-19.json,2024-10-21,OFFICIAL_NSE_INDEX_CLOSE_NO_FORWARD_FILL,BENCHMARK_CONTEXT_V1
2024-10-23,NIFTY_500,NIFTY 500,22751.8,22989.05,22673.3,22841.1,NSE_OFFICIAL_HISTORICAL_OR_INDICES_HISTORY,https://www.nseindia.com/reports-indices-historical-index-data#NIFTY_500_2024-08-22_2024-11-19.json,2024-10-22,OFFICIAL_NSE_INDEX_CLOSE_NO_FORWARD_FILL,BENCHMARK_CONTEXT_V1
2024-10-24,NIFTY_500,NIFTY 500,22841.85,22893.2,22747.55,22787.85,NSE_OFFICIAL_HISTORICAL_OR_INDICES_HISTORY,https://www.nseindia.com/reports-indices-historical-index-data#NIFTY_500_2024-08-22_2024-11-19.json,2024-10-23,OFFICIAL_NSE_INDEX_CLOSE_NO_FORWARD_FILL,BENCHMARK_CONTEXT_V1
2024-10-25,NIFTY_500,NIFTY 500,22819.8,22839.2,22362.8,22499.05,NSE_OFFICIAL_HISTORICAL_OR_INDICES_HISTORY,https://www.nseindia.com/reports-indices-historical-index-data#NIFTY_500_2024-08-22_2024-11-19.json,2024-10-24,OFFICIAL_NSE_INDEX_CLOSE_NO_FORWARD_FILL,BENCHMARK_CONTEXT_V1
2024-10-28,NIFTY_500,NIFTY 500,22548.7,22756.05,22407,22649.95,NSE_OFFICIAL_HISTORICAL_OR_INDICES_HISTORY,https://www.nseindia.com/reports-indices-historical-index-data#NIFTY_500_2024-08-22_2024-11-19.json,2024-10-27,OFFICIAL_NSE_INDEX_CLOSE_NO_FORWARD_FILL,BENCHMARK_CONTEXT_V1
2024-10-29,NIFTY_500,NIFTY 500,22670.8,22808.8,22450,22795.05,NSE_OFFICIAL_HISTORICAL_OR_INDICES_HISTORY,https://www.nseindia.com/reports-indices-historical-index-data#NIFTY_500_2024-08-22_2024-11-19.json,2024-10-28,OFFICIAL_NSE_INDEX_CLOSE_NO_FORWARD_FILL,BENCHMARK_CONTEXT_V1
2024-10-30,NIFTY_500,NIFTY 500,22731.15,22896.55,22685.4,22749.8,NSE_OFFICIAL_HISTORICAL_OR_INDICES_HISTORY,https://www.nseindia.com/reports-indices-historical-index-data#NIFTY_500_2024-08-22_2024-11-19.json,2024-10-29,OFFICIAL_NSE_INDEX_CLOSE_NO_FORWARD_FILL,BENCHMARK_CONTEXT_V1
2024-10-31,NIFTY_500,NIFTY 500,22758.6,22779.5,22621.1,22689.35,NSE_OFFICIAL_HISTORICAL_OR_INDICES_HISTORY,https://www.nseindia.com/reports-indices-historical-index-data#NIFTY_500_2024-08-22_2024-11-19.json,2024-10-30,OFFICIAL_NSE_INDEX_CLOSE_NO_FORWARD_FILL,BENCHMARK_CONTEXT_V1
2024-11-01,NIFTY_500,NIFTY 500,22806.95,22881.5,22799.7,22823.55,NSE_OFFICIAL_HISTORICAL_OR_INDICES_HISTORY,https://www.nseindia.com/reports-indices-historical-index-data#NIFTY_500_2024-08-22_2024-11-19.json,2024-10-31,OFFICIAL_NSE_INDEX_CLOSE_NO_FORWARD_FILL,BENCHMARK_CONTEXT_V1
2024-11-04,NIFTY_500,NIFTY 500,22831.8,22832.65,22362.65,22518.3,NSE_OFFICIAL_HISTORICAL_OR_INDICES_HISTORY,https://www.nseindia.com/reports-indices-historical-index-data#NIFTY_500_2024-08-22_2024-11-19.json,2024-11-03,OFFICIAL_NSE_INDEX_CLOSE_NO_FORWARD_FILL,BENCHMARK_CONTEXT_V1
2024-11-05,NIFTY_500,NIFTY 500,22458.3,22697.5,22343.95,22679.85,NSE_OFFICIAL_HISTORICAL_OR_INDICES_HISTORY,https://www.nseindia.com/reports-indices-historical-index-data#NIFTY_500_2024-08-22_2024-11-19.json,2024-11-04,OFFICIAL_NSE_INDEX_CLOSE_NO_FORWARD_FILL,BENCHMARK_CONTEXT_V1
2024-11-06,NIFTY_500,NIFTY 500,22782.2,23052.2,22720.3,23031.2,NSE_OFFICIAL_HISTORICAL_OR_INDICES_HISTORY,https://www.nseindia.com/reports-indices-historical-index-data#NIFTY_500_2024-08-22_2024-11-19.json,2024-11-05,OFFICIAL_NSE_INDEX_CLOSE_NO_FORWARD_FILL,BENCHMARK_CONTEXT_V1
2024-11-07,NIFTY_500,NIFTY 500,23067.15,23073.55,22793.9,22806.25,NSE_OFFICIAL_HISTORICAL_OR_INDICES_HISTORY,https://www.nseindia.com/reports-indices-historical-index-data#NIFTY_500_2024-08-22_2024-11-19.json,2024-11-06,OFFICIAL_NSE_INDEX_CLOSE_NO_FORWARD_FILL,BENCHMARK_CONTEXT_V1
2024-11-08,NIFTY_500,NIFTY 500,22821.9,22857.1,22600.25,22645.65,NSE_OFFICIAL_HISTORICAL_OR_INDICES_HISTORY,https://www.nseindia.com/reports-indices-historical-index-data#NIFTY_500_2024-08-22_2024-11-19.json,2024-11-07,OFFICIAL_NSE_INDEX_CLOSE_NO_FORWARD_FILL,BENCHMARK_CONTEXT_V1
2024-11-11,NIFTY_500,NIFTY 500,22590.1,22770.55,22478.7,22591.4,NSE_OFFICIAL_HISTORICAL_OR_INDICES_HISTORY,https://www.nseindia.com/reports-indices-historical-index-data#NIFTY_500_2024-08-22_2024-11-19.json,2024-11-10,OFFICIAL_NSE_INDEX_CLOSE_NO_FORWARD_FILL,BENCHMARK_CONTEXT_V1
2024-11-12,NIFTY_500,NIFTY 500,22664.2,22721.9,22286.85,22331.05,NSE_OFFICIAL_HISTORICAL_OR_INDICES_HISTORY,https://www.nseindia.com/reports-indices-historical-index-data#NIFTY_500_2024-08-22_2024-11-19.json,2024-11-11,OFFICIAL_NSE_INDEX_CLOSE_NO_FORWARD_FILL,BENCHMARK_CONTEXT_V1
2024-11-13,NIFTY_500,NIFTY 500,22263,22309.8,21867.7,21914.95,NSE_OFFICIAL_HISTORICAL_OR_INDICES_HISTORY,https://www.nseindia.com/reports-indices-historical-index-data#NIFTY_500_2024-08-22_2024-11-19.json,2024-11-12,OFFICIAL_NSE_INDEX_CLOSE_NO_FORWARD_FILL,BENCHMARK_CONTEXT_V1
2024-11-14,NIFTY_500,NIFTY 500,21924.1,22096.85,21907.55,21963.1,NSE_OFFICIAL_HISTORICAL_OR_INDICES_HISTORY,https://www.nseindia.com/reports-indices-historical-index-data#NIFTY_500_2024-08-22_2024-11-19.json,2024-11-13,OFFICIAL_NSE_INDEX_CLOSE_NO_FORWARD_FILL,BENCHMARK_CONTEXT_V1
2024-11-18,NIFTY_500,NIFTY 500,22045.9,22049.15,21787.35,21899.4,NSE_OFFICIAL_HISTORICAL_OR_INDICES_HISTORY,https://www.nseindia.com/reports-indices-historical-index-data#NIFTY_500_2024-08-22_2024-11-19.json,2024-11-17,OFFICIAL_NSE_INDEX_CLOSE_NO_FORWARD_FILL,BENCHMARK_CONTEXT_V1
2024-11-19,NIFTY_500,NIFTY 500,21977.65,22233.4,21948.45,22004.35,NSE_OFFICIAL_HISTORICAL_OR_INDICES_HISTORY,https://www.nseindia.com/reports-indices-historical-index-data#NIFTY_500_2024-08-22_2024-11-19.json,2024-11-18,OFFICIAL_NSE_INDEX_CLOSE_NO_FORWARD_FILL,BENCHMARK_CONTEXT_V1
2024-11-21,NIFTY_500,NIFTY 500,21947.75,21954.2,21692.8,21820.85,NSE_OFFICIAL_HISTORICAL_OR_INDICES_HISTORY,https://www.nseindia.com/reports-indices-historical-index-data#NIFTY_500_2024-11-20_2025-02-17.json,2024-11-20,OFFICIAL_NSE_INDEX_CLOSE_NO_FORWARD_FILL,BENCHMARK_CONTEXT_V1
2024-11-22,NIFTY_500,NIFTY 500,21864.65,22260.15,21819.2,22225.55,NSE_OFFICIAL_HISTORICAL_OR_INDICES_HISTORY,https://www.nseindia.com/reports-indices-historical-index-data#NIFTY_500_2024-11-20_2025-02-17.json,2024-11-21,OFFICIAL_NSE_INDEX_CLOSE_NO_FORWARD_FILL,BENCHMARK_CONTEXT_V1
2024-11-25,NIFTY_500,NIFTY 500,22578.65,22676.25,22510.8,22553.5,NSE_OFFICIAL_HISTORICAL_OR_INDICES_HISTORY,https://www.nseindia.com/reports-indices-historical-index-data#NIFTY_500_2024-11-20_2025-02-17.json,2024-11-24,OFFICIAL_NSE_INDEX_CLOSE_NO_FORWARD_FILL,BENCHMARK_CONTEXT_V1
2024-11-26,NIFTY_500,NIFTY 500,22649.3,22675.7,22523,22562.45,NSE_OFFICIAL_HISTORICAL_OR_INDICES_HISTORY,https://www.nseindia.com/reports-indices-historical-index-data#NIFTY_500_2024-11-20_2025-02-17.json,2024-11-25,OFFICIAL_NSE_INDEX_CLOSE_NO_FORWARD_FILL,BENCHMARK_CONTEXT_V1
2024-11-27,NIFTY_500,NIFTY 500,22594.2,22732.1,22526.1,22691.7,NSE_OFFICIAL_HISTORICAL_OR_INDICES_HISTORY,https://www.nseindia.com/reports-indices-historical-index-data#NIFTY_500_2024-11-20_2025-02-17.json,2024-11-26,OFFICIAL_NSE_INDEX_CLOSE_NO_FORWARD_FILL,BENCHMARK_CONTEXT_V1
2024-11-28,NIFTY_500,NIFTY 500,22722.3,22821.75,22472.25,22514.35,NSE_OFFICIAL_HISTORICAL_OR_INDICES_HISTORY,https://www.nseindia.com/reports-indices-historical-index-data#NIFTY_500_2024-11-20_2025-02-17.json,2024-11-27,OFFICIAL_NSE_INDEX_CLOSE_NO_FORWARD_FILL,BENCHMARK_CONTEXT_V1
2024-11-29,NIFTY_500,NIFTY 500,22537.8,22733.75,22531.9,22687,NSE_OFFICIAL_HISTORICAL_OR_INDICES_HISTORY,https://www.nseindia.com/reports-indices-historical-index-data#NIFTY_500_2024-11-20_2025-02-17.json,2024-11-28,OFFICIAL_NSE_INDEX_CLOSE_NO_FORWARD_FILL,BENCHMARK_CONTEXT_V1
2024-12-02,NIFTY_500,NIFTY 500,22695.4,22843.5,22603.1,22835.85,NSE_OFFICIAL_HISTORICAL_OR_INDICES_HISTORY,https://www.nseindia.com/reports-indices-historical-index-data#NIFTY_500_2024-11-20_2025-02-17.json,2024-12-01,OFFICIAL_NSE_INDEX_CLOSE_NO_FORWARD_FILL,BENCHMARK_CONTEXT_V1
2024-12-03,NIFTY_500,NIFTY 500,22922.6,23029.55,22876.8,23020.85,NSE_OFFICIAL_HISTORICAL_OR_INDICES_HISTORY,https://www.nseindia.com/reports-indices-historical-index-data#NIFTY_500_2024-11-20_2025-02-17.json,2024-12-02,OFFICIAL_NSE_INDEX_CLOSE_NO_FORWARD_FILL,BENCHMARK_CONTEXT_V1
2024-12-04,NIFTY_500,NIFTY 500,23075.95,23149.9,22978.85,23099.5,NSE_OFFICIAL_HISTORICAL_OR_INDICES_HISTORY,https://www.nseindia.com/reports-indices-historical-index-data#NIFTY_500_2024-11-20_2025-02-17.json,2024-12-03,OFFICIAL_NSE_INDEX_CLOSE_NO_FORWARD_FILL,BENCHMARK_CONTEXT_V1
2024-12-05,NIFTY_500,NIFTY 500,23183.3,23357.1,22993.85,23277.95,NSE_OFFICIAL_HISTORICAL_OR_INDICES_HISTORY,https://www.nseindia.com/reports-indices-historical-index-data#NIFTY_500_2024-11-20_2025-02-17.json,2024-12-04,OFFICIAL_NSE_INDEX_CLOSE_NO_FORWARD_FILL,BENCHMARK_CONTEXT_V1
2024-12-06,NIFTY_500,NIFTY 500,23315.8,23358.2,23221.7,23312.1,NSE_OFFICIAL_HISTORICAL_OR_INDICES_HISTORY,https://www.nseindia.com/reports-indices-historical-index-data#NIFTY_500_2024-11-20_2025-02-17.json,2024-12-05,OFFICIAL_NSE_INDEX_CLOSE_NO_FORWARD_FILL,BENCHMARK_CONTEXT_V1
2024-12-09,NIFTY_500,NIFTY 500,23289.4,23351.9,23243.3,23292,NSE_OFFICIAL_HISTORICAL_OR_INDICES_HISTORY,https://www.nseindia.com/reports-indices-historical-index-data#NIFTY_500_2024-11-20_2025-02-17.json,2024-12-08,OFFICIAL_NSE_INDEX_CLOSE_NO_FORWARD_FILL,BENCHMARK_CONTEXT_V1
2024-12-10,NIFTY_500,NIFTY 500,23328.8,23341.35,23216.25,23314.9,NSE_OFFICIAL_HISTORICAL_OR_INDICES_HISTORY,https://www.nseindia.com/reports-indices-historical-index-data#NIFTY_500_2024-11-20_2025-02-17.json,2024-12-09,OFFICIAL_NSE_INDEX_CLOSE_NO_FORWARD_FILL,BENCHMARK_CONTEXT_V1
2024-12-11,NIFTY_500,NIFTY 500,23326.7,23394.2,23301.15,23358.15,NSE_OFFICIAL_HISTORICAL_OR_INDICES_HISTORY,https://www.nseindia.com/reports-indices-historical-index-data#NIFTY_500_2024-11-20_2025-02-17.json,2024-12-10,OFFICIAL_NSE_INDEX_CLOSE_NO_FORWARD_FILL,BENCHMARK_CONTEXT_V1
2024-12-12,NIFTY_500,NIFTY 500,23348.7,23386.25,23242.75,23256.4,NSE_OFFICIAL_HISTORICAL_OR_INDICES_HISTORY,https://www.nseindia.com/reports-indices-historical-index-data#NIFTY_500_2024-11-20_2025-02-17.json,2024-12-11,OFFICIAL_NSE_INDEX_CLOSE_NO_FORWARD_FILL,BENCHMARK_CONTEXT_V1
2024-12-13,NIFTY_500,NIFTY 500,23208.35,23378.55,22879.9,23358.95,NSE_OFFICIAL_HISTORICAL_OR_INDICES_HISTORY,https://www.nseindia.com/reports-indices-historical-index-data#NIFTY_500_2024-11-20_2025-02-17.json,2024-12-12,OFFICIAL_NSE_INDEX_CLOSE_NO_FORWARD_FILL,BENCHMARK_CONTEXT_V1
2024-12-16,NIFTY_500,NIFTY 500,23370.55,23417.65,23281.2,23352.45,NSE_OFFICIAL_HISTORICAL_OR_INDICES_HISTORY,https://www.nseindia.com/reports-indices-historical-index-data#NIFTY_500_2024-11-20_2025-02-17.json,2024-12-15,OFFICIAL_NSE_INDEX_CLOSE_NO_FORWARD_FILL,BENCHMARK_CONTEXT_V1
2024-12-17,NIFTY_500,NIFTY 500,23308.9,23349.1,23067.3,23095.75,NSE_OFFICIAL_HISTORICAL_OR_INDICES_HISTORY,https://www.nseindia.com/reports-indices-historical-index-data#NIFTY_500_2024-11-20_2025-02-17.json,2024-12-16,OFFICIAL_NSE_INDEX_CLOSE_NO_FORWARD_FILL,BENCHMARK_CONTEXT_V1
2024-12-18,NIFTY_500,NIFTY 500,23076.95,23125.55,22876.7,22934.4,NSE_OFFICIAL_HISTORICAL_OR_INDICES_HISTORY,https://www.nseindia.com/reports-indices-historical-index-data#NIFTY_500_2024-11-20_2025-02-17.json,2024-12-17,OFFICIAL_NSE_INDEX_CLOSE_NO_FORWARD_FILL,BENCHMARK_CONTEXT_V1
2024-12-19,NIFTY_500,NIFTY 500,22594.95,22782.25,22590,22752.15,NSE_OFFICIAL_HISTORICAL_OR_INDICES_HISTORY,https://www.nseindia.com/reports-indices-historical-index-data#NIFTY_500_2024-11-20_2025-02-17.json,2024-12-18,OFFICIAL_NSE_INDEX_CLOSE_NO_FORWARD_FILL,BENCHMARK_CONTEXT_V1
2024-12-20,NIFTY_500,NIFTY 500,22783.65,22855,22279.9,22319.4,NSE_OFFICIAL_HISTORICAL_OR_INDICES_HISTORY,https://www.nseindia.com/reports-indices-historical-index-data#NIFTY_500_2024-11-20_2025-02-17.json,2024-12-19,OFFICIAL_NSE_INDEX_CLOSE_NO_FORWARD_FILL,BENCHMARK_CONTEXT_V1
2024-12-23,NIFTY_500,NIFTY 500,22446.6,22535.2,22331.5,22412.3,NSE_OFFICIAL_HISTORICAL_OR_INDICES_HISTORY,https://www.nseindia.com/reports-indices-historical-index-data#NIFTY_500_2024-11-20_2025-02-17.json,2024-12-22,OFFICIAL_NSE_INDEX_CLOSE_NO_FORWARD_FILL,BENCHMARK_CONTEXT_V1
2024-12-24,NIFTY_500,NIFTY 500,22431.6,22516.3,22340.1,22402.7,NSE_OFFICIAL_HISTORICAL_OR_INDICES_HISTORY,https://www.nseindia.com/reports-indices-historical-index-data#NIFTY_500_2024-11-20_2025-02-17.json,2024-12-23,OFFICIAL_NSE_INDEX_CLOSE_NO_FORWARD_FILL,BENCHMARK_CONTEXT_V1
2024-12-26,NIFTY_500,NIFTY 500,22444.7,22492.3,22324.6,22430.35,NSE_OFFICIAL_HISTORICAL_OR_INDICES_HISTORY,https://www.nseindia.com/reports-indices-historical-index-data#NIFTY_500_2024-11-20_2025-02-17.json,2024-12-25,OFFICIAL_NSE_INDEX_CLOSE_NO_FORWARD_FILL,BENCHMARK_CONTEXT_V1
2024-12-27,NIFTY_500,NIFTY 500,22473.9,22555.45,22435.55,22445.2,NSE_OFFICIAL_HISTORICAL_OR_INDICES_HISTORY,https://www.nseindia.com/reports-indices-historical-index-data#NIFTY_500_2024-11-20_2025-02-17.json,2024-12-26,OFFICIAL_NSE_INDEX_CLOSE_NO_FORWARD_FILL,BENCHMARK_CONTEXT_V1
2024-12-30,NIFTY_500,NIFTY 500,22438.15,22522.4,22266.15,22357.15,NSE_OFFICIAL_HISTORICAL_OR_INDICES_HISTORY,https://www.nseindia.com/reports-indices-historical-index-data#NIFTY_500_2024-11-20_2025-02-17.json,2024-12-29,OFFICIAL_NSE_INDEX_CLOSE_NO_FORWARD_FILL,BENCHMARK_CONTEXT_V1
2024-12-31,NIFTY_500,NIFTY 500,22273.7,22414.45,22160.15,22375.4,NSE_OFFICIAL_HISTORICAL_OR_INDICES_HISTORY,https://www.nseindia.com/reports-indices-historical-index-data#NIFTY_500_2024-11-20_2025-02-17.json,2024-12-30,OFFICIAL_NSE_INDEX_CLOSE_NO_FORWARD_FILL,BENCHMARK_CONTEXT_V1
2025-01-01,NIFTY_500,NIFTY 500,22375.85,22518.7,22313.75,22481.8,NSE_OFFICIAL_HISTORICAL_OR_INDICES_HISTORY,https://www.nseindia.com/reports-indices-historical-index-data#NIFTY_500_2024-11-20_2025-02-17.json,2024-12-31,OFFICIAL_NSE_INDEX_CLOSE_NO_FORWARD_FILL,BENCHMARK_CONTEXT_V1
2025-01-02,NIFTY_500,NIFTY 500,22521.75,22833.35,22482.7,22819.75,NSE_OFFICIAL_HISTORICAL_OR_INDICES_HISTORY,https://www.nseindia.com/reports-indices-historical-index-data#NIFTY_500_2024-11-20_2025-02-17.json,2025-01-01,OFFICIAL_NSE_INDEX_CLOSE_NO_FORWARD_FILL,BENCHMARK_CONTEXT_V1
2025-01-03,NIFTY_500,NIFTY 500,22850.1,22867.85,22681.3,22708.15,NSE_OFFICIAL_HISTORICAL_OR_INDICES_HISTORY,https://www.nseindia.com/reports-indices-historical-index-data#NIFTY_500_2024-11-20_2025-02-17.json,2025-01-02,OFFICIAL_NSE_INDEX_CLOSE_NO_FORWARD_FILL,BENCHMARK_CONTEXT_V1
2025-01-06,NIFTY_500,NIFTY 500,22753.65,22757.4,22163.55,22225.4,NSE_OFFICIAL_HISTORICAL_OR_INDICES_HISTORY,https://www.nseindia.com/reports-indices-historical-index-data#NIFTY_500_2024-11-20_2025-02-17.json,2025-01-05,OFFICIAL_NSE_INDEX_CLOSE_NO_FORWARD_FILL,BENCHMARK_CONTEXT_V1
2025-01-07,NIFTY_500,NIFTY 500,22278.15,22435.5,22247.75,22341.65,NSE_OFFICIAL_HISTORICAL_OR_INDICES_HISTORY,https://www.nseindia.com/reports-indices-historical-index-data#NIFTY_500_2024-11-20_2025-02-17.json,2025-01-06,OFFICIAL_NSE_INDEX_CLOSE_NO_FORWARD_FILL,BENCHMARK_CONTEXT_V1
2025-01-08,NIFTY_500,NIFTY 500,22378.15,22384.25,22065.2,22231.8,NSE_OFFICIAL_HISTORICAL_OR_INDICES_HISTORY,https://www.nseindia.com/reports-indices-historical-index-data#NIFTY_500_2024-11-20_2025-02-17.json,2025-01-07,OFFICIAL_NSE_INDEX_CLOSE_NO_FORWARD_FILL,BENCHMARK_CONTEXT_V1
2025-01-09,NIFTY_500,NIFTY 500,22231.05,22239.2,22028.5,22046.55,NSE_OFFICIAL_HISTORICAL_OR_INDICES_HISTORY,https://www.nseindia.com/reports-indices-historical-index-data#NIFTY_500_2024-11-20_2025-02-17.json,2025-01-08,OFFICIAL_NSE_INDEX_CLOSE_NO_FORWARD_FILL,BENCHMARK_CONTEXT_V1
2025-01-10,NIFTY_500,NIFTY 500,22049.4,22075.4,21738.45,21799,NSE_OFFICIAL_HISTORICAL_OR_INDICES_HISTORY,https://www.nseindia.com/reports-indices-historical-index-data#NIFTY_500_2024-11-20_2025-02-17.json,2025-01-09,OFFICIAL_NSE_INDEX_CLOSE_NO_FORWARD_FILL,BENCHMARK_CONTEXT_V1
2025-01-13,NIFTY_500,NIFTY 500,21557,21630.55,21194.45,21243.45,NSE_OFFICIAL_HISTORICAL_OR_INDICES_HISTORY,https://www.nseindia.com/reports-indices-historical-index-data#NIFTY_500_2024-11-20_2025-02-17.json,2025-01-12,OFFICIAL_NSE_INDEX_CLOSE_NO_FORWARD_FILL,BENCHMARK_CONTEXT_V1
2025-01-14,NIFTY_500,NIFTY 500,21328,21528.7,21325,21481.05,NSE_OFFICIAL_HISTORICAL_OR_INDICES_HISTORY,https://www.nseindia.com/reports-indices-historical-index-data#NIFTY_500_2024-11-20_2025-02-17.json,2025-01-13,OFFICIAL_NSE_INDEX_CLOSE_NO_FORWARD_FILL,BENCHMARK_CONTEXT_V1
2025-01-15,NIFTY_500,NIFTY 500,21572.45,21634.6,21445.4,21551.2,NSE_OFFICIAL_HISTORICAL_OR_INDICES_HISTORY,https://www.nseindia.com/reports-indices-historical-index-data#NIFTY_500_2024-11-20_2025-02-17.json,2025-01-14,OFFICIAL_NSE_INDEX_CLOSE_NO_FORWARD_FILL,BENCHMARK_CONTEXT_V1
2025-01-16,NIFTY_500,NIFTY 500,21734.4,21776.35,21687.45,21714.55,NSE_OFFICIAL_HISTORICAL_OR_INDICES_HISTORY,https://www.nseindia.com/reports-indices-historical-index-data#NIFTY_500_2024-11-20_2025-02-17.json,2025-01-15,OFFICIAL_NSE_INDEX_CLOSE_NO_FORWARD_FILL,BENCHMARK_CONTEXT_V1
2025-01-17,NIFTY_500,NIFTY 500,21699.45,21730.85,21563.8,21680.25,NSE_OFFICIAL_HISTORICAL_OR_INDICES_HISTORY,https://www.nseindia.com/reports-indices-historical-index-data#NIFTY_500_2024-11-20_2025-02-17.json,2025-01-16,OFFICIAL_NSE_INDEX_CLOSE_NO_FORWARD_FILL,BENCHMARK_CONTEXT_V1
2025-01-20,NIFTY_500,NIFTY 500,21769.95,21848.95,21628.5,21809,NSE_OFFICIAL_HISTORICAL_OR_INDICES_HISTORY,https://www.nseindia.com/reports-indices-historical-index-data#NIFTY_500_2024-11-20_2025-02-17.json,2025-01-19,OFFICIAL_NSE_INDEX_CLOSE_NO_FORWARD_FILL,BENCHMARK_CONTEXT_V1
2025-01-21,NIFTY_500,NIFTY 500,21855.1,21863.05,21411.3,21433.2,NSE_OFFICIAL_HISTORICAL_OR_INDICES_HISTORY,https://www.nseindia.com/reports-indices-historical-index-data#NIFTY_500_2024-11-20_2025-02-17.json,2025-01-20,OFFICIAL_NSE_INDEX_CLOSE_NO_FORWARD_FILL,BENCHMARK_CONTEXT_V1
2025-01-22,NIFTY_500,NIFTY 500,21484.45,21500.3,21178.8,21396.55,NSE_OFFICIAL_HISTORICAL_OR_INDICES_HISTORY,https://www.nseindia.com/reports-indices-historical-index-data#NIFTY_500_2024-11-20_2025-02-17.json,2025-01-21,OFFICIAL_NSE_INDEX_CLOSE_NO_FORWARD_FILL,BENCHMARK_CONTEXT_V1
2025-01-23,NIFTY_500,NIFTY 500,21377.8,21595,21338.95,21538.05,NSE_OFFICIAL_HISTORICAL_OR_INDICES_HISTORY,https://www.nseindia.com/reports-indices-historical-index-data#NIFTY_500_2024-11-20_2025-02-17.json,2025-01-22,OFFICIAL_NSE_INDEX_CLOSE_NO_FORWARD_FILL,BENCHMARK_CONTEXT_V1
2025-01-24,NIFTY_500,NIFTY 500,21533.05,21611.2,21279,21318.9,NSE_OFFICIAL_HISTORICAL_OR_INDICES_HISTORY,https://www.nseindia.com/reports-indices-historical-index-data#NIFTY_500_2024-11-20_2025-02-17.json,2025-01-23,OFFICIAL_NSE_INDEX_CLOSE_NO_FORWARD_FILL,BENCHMARK_CONTEXT_V1
2025-01-27,NIFTY_500,NIFTY 500,21158.85,21163,20861.15,20910.95,NSE_OFFICIAL_HISTORICAL_OR_INDICES_HISTORY,https://www.nseindia.com/reports-indices-historical-index-data#NIFTY_500_2024-11-20_2025-02-17.json,2025-01-26,OFFICIAL_NSE_INDEX_CLOSE_NO_FORWARD_FILL,BENCHMARK_CONTEXT_V1
2025-01-28,NIFTY_500,NIFTY 500,21009.2,21100.45,20757.9,20924.75,NSE_OFFICIAL_HISTORICAL_OR_INDICES_HISTORY,https://www.nseindia.com/reports-indices-historical-index-data#NIFTY_500_2024-11-20_2025-02-17.json,2025-01-27,OFFICIAL_NSE_INDEX_CLOSE_NO_FORWARD_FILL,BENCHMARK_CONTEXT_V1
2025-01-29,NIFTY_500,NIFTY 500,20971.4,21259.85,20968.35,21245.5,NSE_OFFICIAL_HISTORICAL_OR_INDICES_HISTORY,https://www.nseindia.com/reports-indices-historical-index-data#NIFTY_500_2024-11-20_2025-02-17.json,2025-01-28,OFFICIAL_NSE_INDEX_CLOSE_NO_FORWARD_FILL,BENCHMARK_CONTEXT_V1
2025-01-30,NIFTY_500,NIFTY 500,21282.1,21404.2,21209.6,21297.5,NSE_OFFICIAL_HISTORICAL_OR_INDICES_HISTORY,https://www.nseindia.com/reports-indices-historical-index-data#NIFTY_500_2024-11-20_2025-02-17.json,2025-01-29,OFFICIAL_NSE_INDEX_CLOSE_NO_FORWARD_FILL,BENCHMARK_CONTEXT_V1
2025-01-31,NIFTY_500,NIFTY 500,21339.35,21613,21310.3,21580.9,NSE_OFFICIAL_HISTORICAL_OR_INDICES_HISTORY,https://www.nseindia.com/reports-indices-historical-index-data#NIFTY_500_2024-11-20_2025-02-17.json,2025-01-30,OFFICIAL_NSE_INDEX_CLOSE_NO_FORWARD_FILL,BENCHMARK_CONTEXT_V1
2025-02-01,NIFTY_500,NIFTY 500,21628.65,21713.95,21388.2,21581.75,NSE_OFFICIAL_HISTORICAL_OR_INDICES_HISTORY,https://www.nseindia.com/reports-indices-historical-index-data#NIFTY_500_2024-11-20_2025-02-17.json,2025-01-31,OFFICIAL_NSE_INDEX_CLOSE_NO_FORWARD_FILL,BENCHMARK_CONTEXT_V1
2025-02-03,NIFTY_500,NIFTY 500,21422.85,21445.95,21286.7,21402.55,NSE_OFFICIAL_HISTORICAL_OR_INDICES_HISTORY,https://www.nseindia.com/reports-indices-historical-index-data#NIFTY_500_2024-11-20_2025-02-17.json,2025-02-02,OFFICIAL_NSE_INDEX_CLOSE_NO_FORWARD_FILL,BENCHMARK_CONTEXT_V1
2025-02-04,NIFTY_500,NIFTY 500,21551.4,21743.55,21474.45,21727.45,NSE_OFFICIAL_HISTORICAL_OR_INDICES_HISTORY,https://www.nseindia.com/reports-indices-historical-index-data#NIFTY_500_2024-11-20_2025-02-17.json,2025-02-03,OFFICIAL_NSE_INDEX_CLOSE_NO_FORWARD_FILL,BENCHMARK_CONTEXT_V1
2025-02-05,NIFTY_500,NIFTY 500,21797.7,21870.4,21763.7,21784.25,NSE_OFFICIAL_HISTORICAL_OR_INDICES_HISTORY,https://www.nseindia.com/reports-indices-historical-index-data#NIFTY_500_2024-11-20_2025-02-17.json,2025-02-04,OFFICIAL_NSE_INDEX_CLOSE_NO_FORWARD_FILL,BENCHMARK_CONTEXT_V1
2025-02-06,NIFTY_500,NIFTY 500,21860.1,21870.9,21620.15,21672.45,NSE_OFFICIAL_HISTORICAL_OR_INDICES_HISTORY,https://www.nseindia.com/reports-indices-historical-index-data#NIFTY_500_2024-11-20_2025-02-17.json,2025-02-05,OFFICIAL_NSE_INDEX_CLOSE_NO_FORWARD_FILL,BENCHMARK_CONTEXT_V1
2025-02-07,NIFTY_500,NIFTY 500,21703.75,21765.15,21521.75,21646.15,NSE_OFFICIAL_HISTORICAL_OR_INDICES_HISTORY,https://www.nseindia.com/reports-indices-historical-index-data#NIFTY_500_2024-11-20_2025-02-17.json,2025-02-06,OFFICIAL_NSE_INDEX_CLOSE_NO_FORWARD_FILL,BENCHMARK_CONTEXT_V1
2025-02-10,NIFTY_500,NIFTY 500,21636.2,21659.25,21301.85,21371.3,NSE_OFFICIAL_HISTORICAL_OR_INDICES_HISTORY,https://www.nseindia.com/reports-indices-historical-index-data#NIFTY_500_2024-11-20_2025-02-17.json,2025-02-09,OFFICIAL_NSE_INDEX_CLOSE_NO_FORWARD_FILL,BENCHMARK_CONTEXT_V1
2025-02-11,NIFTY_500,NIFTY 500,21366.25,21376.45,20860.6,20950.45,NSE_OFFICIAL_HISTORICAL_OR_INDICES_HISTORY,https://www.nseindia.com/reports-indices-historical-index-data#NIFTY_500_2024-11-20_2025-02-17.json,2025-02-10,OFFICIAL_NSE_INDEX_CLOSE_NO_FORWARD_FILL,BENCHMARK_CONTEXT_V1
2025-02-12,NIFTY_500,NIFTY 500,20924.15,21002,20545.75,20907.85,NSE_OFFICIAL_HISTORICAL_OR_INDICES_HISTORY,https://www.nseindia.com/reports-indices-historical-index-data#NIFTY_500_2024-11-20_2025-02-17.json,2025-02-11,OFFICIAL_NSE_INDEX_CLOSE_NO_FORWARD_FILL,BENCHMARK_CONTEXT_V1
2025-02-13,NIFTY_500,NIFTY 500,20926,21122,20866.5,20904.35,NSE_OFFICIAL_HISTORICAL_OR_INDICES_HISTORY,https://www.nseindia.com/reports-indices-historical-index-data#NIFTY_500_2024-11-20_2025-02-17.json,2025-02-12,OFFICIAL_NSE_INDEX_CLOSE_NO_FORWARD_FILL,BENCHMARK_CONTEXT_V1
2025-02-14,NIFTY_500,NIFTY 500,20964.6,20984.7,20476.65,20633.1,NSE_OFFICIAL_HISTORICAL_OR_INDICES_HISTORY,https://www.nseindia.com/reports-indices-historical-index-data#NIFTY_500_2024-11-20_2025-02-17.json,2025-02-13,OFFICIAL_NSE_INDEX_CLOSE_NO_FORWARD_FILL,BENCHMARK_CONTEXT_V1
2025-02-17,NIFTY_500,NIFTY 500,20511.05,20667.55,20339,20652.35,NSE_OFFICIAL_HISTORICAL_OR_INDICES_HISTORY,https://www.nseindia.com/reports-indices-historical-index-data#NIFTY_500_2024-11-20_2025-02-17.json,2025-02-16,OFFICIAL_NSE_INDEX_CLOSE_NO_FORWARD_FILL,BENCHMARK_CONTEXT_V1
2025-02-18,NIFTY_500,NIFTY 500,20663.6,20692.3,20466.75,20611.4,NSE_OFFICIAL_HISTORICAL_OR_INDICES_HISTORY,https://www.nseindia.com/reports-indices-historical-index-data#NIFTY_500_2025-02-18_2025-05-18.json,2025-02-17,OFFICIAL_NSE_INDEX_CLOSE_NO_FORWARD_FILL,BENCHMARK_CONTEXT_V1
2025-02-19,NIFTY_500,NIFTY 500,20511.2,20802.55,20459.2,20731.45,NSE_OFFICIAL_HISTORICAL_OR_INDICES_HISTORY,https://www.nseindia.com/reports-indices-historical-index-data#NIFTY_500_2025-02-18_2025-05-18.json,2025-02-18,OFFICIAL_NSE_INDEX_CLOSE_NO_FORWARD_FILL,BENCHMARK_CONTEXT_V1
2025-02-20,NIFTY_500,NIFTY 500,20645.7,20840.35,20630.2,20831.1,NSE_OFFICIAL_HISTORICAL_OR_INDICES_HISTORY,https://www.nseindia.com/reports-indices-historical-index-data#NIFTY_500_2025-02-18_2025-05-18.json,2025-02-19,OFFICIAL_NSE_INDEX_CLOSE_NO_FORWARD_FILL,BENCHMARK_CONTEXT_V1
2025-02-21,NIFTY_500,NIFTY 500,20792.05,20903.35,20616.6,20690.25,NSE_OFFICIAL_HISTORICAL_OR_INDICES_HISTORY,https://www.nseindia.com/reports-indices-historical-index-data#NIFTY_500_2025-02-18_2025-05-18.json,2025-02-20,OFFICIAL_NSE_INDEX_CLOSE_NO_FORWARD_FILL,BENCHMARK_CONTEXT_V1
2025-02-24,NIFTY_500,NIFTY 500,20510.95,20546.05,20429.3,20468.45,NSE_OFFICIAL_HISTORICAL_OR_INDICES_HISTORY,https://www.nseindia.com/reports-indices-historical-index-data#NIFTY_500_2025-02-18_2025-05-18.json,2025-02-23,OFFICIAL_NSE_INDEX_CLOSE_NO_FORWARD_FILL,BENCHMARK_CONTEXT_V1
2025-02-25,NIFTY_500,NIFTY 500,20445.55,20548.9,20388.75,20418.75,NSE_OFFICIAL_HISTORICAL_OR_INDICES_HISTORY,https://www.nseindia.com/reports-indices-historical-index-data#NIFTY_500_2025-02-18_2025-05-18.json,2025-02-24,OFFICIAL_NSE_INDEX_CLOSE_NO_FORWARD_FILL,BENCHMARK_CONTEXT_V1
2025-02-27,NIFTY_500,NIFTY 500,20436.5,20471.85,20278.65,20315.55,NSE_OFFICIAL_HISTORICAL_OR_INDICES_HISTORY,https://www.nseindia.com/reports-indices-historical-index-data#NIFTY_500_2025-02-18_2025-05-18.json,2025-02-26,OFFICIAL_NSE_INDEX_CLOSE_NO_FORWARD_FILL,BENCHMARK_CONTEXT_V1
2025-02-28,NIFTY_500,NIFTY 500,20185.4,20197.85,19816,19880.9,NSE_OFFICIAL_HISTORICAL_OR_INDICES_HISTORY,https://www.nseindia.com/reports-indices-historical-index-data#NIFTY_500_2025-02-18_2025-05-18.json,2025-02-27,OFFICIAL_NSE_INDEX_CLOSE_NO_FORWARD_FILL,BENCHMARK_CONTEXT_V1
2025-03-03,NIFTY_500,NIFTY 500,19935.55,19997.05,19658.3,19896.95,NSE_OFFICIAL_HISTORICAL_OR_INDICES_HISTORY,https://www.nseindia.com/reports-indices-historical-index-data#NIFTY_500_2025-02-18_2025-05-18.json,2025-03-02,OFFICIAL_NSE_INDEX_CLOSE_NO_FORWARD_FILL,BENCHMARK_CONTEXT_V1
2025-03-04,NIFTY_500,NIFTY 500,19736.05,19957.5,19681.65,19917.85,NSE_OFFICIAL_HISTORICAL_OR_INDICES_HISTORY,https://www.nseindia.com/reports-indices-historical-index-data#NIFTY_500_2025-02-18_2025-05-18.json,2025-03-03,OFFICIAL_NSE_INDEX_CLOSE_NO_FORWARD_FILL,BENCHMARK_CONTEXT_V1
2025-03-05,NIFTY_500,NIFTY 500,19901.6,20265.05,19901.6,20256.5,NSE_OFFICIAL_HISTORICAL_OR_INDICES_HISTORY,https://www.nseindia.com/reports-indices-historical-index-data#NIFTY_500_2025-02-18_2025-05-18.json,2025-03-04,OFFICIAL_NSE_INDEX_CLOSE_NO_FORWARD_FILL,BENCHMARK_CONTEXT_V1
2025-03-06,NIFTY_500,NIFTY 500,20411.45,20467.15,20262.75,20447.1,NSE_OFFICIAL_HISTORICAL_OR_INDICES_HISTORY,https://www.nseindia.com/reports-indices-historical-index-data#NIFTY_500_2025-02-18_2025-05-18.json,2025-03-05,OFFICIAL_NSE_INDEX_CLOSE_NO_FORWARD_FILL,BENCHMARK_CONTEXT_V1
2025-03-07,NIFTY_500,NIFTY 500,20428.15,20549.2,20377.6,20443.4,NSE_OFFICIAL_HISTORICAL_OR_INDICES_HISTORY,https://www.nseindia.com/reports-indices-historical-index-data#NIFTY_500_2025-02-18_2025-05-18.json,2025-03-06,OFFICIAL_NSE_INDEX_CLOSE_NO_FORWARD_FILL,BENCHMARK_CONTEXT_V1
2025-03-10,NIFTY_500,NIFTY 500,20434.95,20543.7,20230.65,20266.5,NSE_OFFICIAL_HISTORICAL_OR_INDICES_HISTORY,https://www.nseindia.com/reports-indices-historical-index-data#NIFTY_500_2025-02-18_2025-05-18.json,2025-03-09,OFFICIAL_NSE_INDEX_CLOSE_NO_FORWARD_FILL,BENCHMARK_CONTEXT_V1
2025-03-11,NIFTY_500,NIFTY 500,20122.55,20333.75,20073.4,20302.5,NSE_OFFICIAL_HISTORICAL_OR_INDICES_HISTORY,https://www.nseindia.com/reports-indices-historical-index-data#NIFTY_500_2025-02-18_2025-05-18.json,2025-03-10,OFFICIAL_NSE_INDEX_CLOSE_NO_FORWARD_FILL,BENCHMARK_CONTEXT_V1
2025-03-12,NIFTY_500,NIFTY 500,20351.9,20397.95,20108.7,20264.35,NSE_OFFICIAL_HISTORICAL_OR_INDICES_HISTORY,https://www.nseindia.com/reports-indices-historical-index-data#NIFTY_500_2025-02-18_2025-05-18.json,2025-03-11,OFFICIAL_NSE_INDEX_CLOSE_NO_FORWARD_FILL,BENCHMARK_CONTEXT_V1
2025-03-13,NIFTY_500,NIFTY 500,20337.85,20357.3,20157.5,20176.05,NSE_OFFICIAL_HISTORICAL_OR_INDICES_HISTORY,https://www.nseindia.com/reports-indices-historical-index-data#NIFTY_500_2025-02-18_2025-05-18.json,2025-03-12,OFFICIAL_NSE_INDEX_CLOSE_NO_FORWARD_FILL,BENCHMARK_CONTEXT_V1
2025-03-17,NIFTY_500,NIFTY 500,20166.6,20358.25,20166.5,20288.3,NSE_OFFICIAL_HISTORICAL_OR_INDICES_HISTORY,https://www.nseindia.com/reports-indices-historical-index-data#NIFTY_500_2025-02-18_2025-05-18.json,2025-03-16,OFFICIAL_NSE_INDEX_CLOSE_NO_FORWARD_FILL,BENCHMARK_CONTEXT_V1
2025-03-18,NIFTY_500,NIFTY 500,20418.55,20676.95,20370.2,20657.2,NSE_OFFICIAL_HISTORICAL_OR_INDICES_HISTORY,https://www.nseindia.com/reports-indices-historical-index-data#NIFTY_500_2025-02-18_2025-05-18.json,2025-03-17,OFFICIAL_NSE_INDEX_CLOSE_NO_FORWARD_FILL,BENCHMARK_CONTEXT_V1
2025-03-19,NIFTY_500,NIFTY 500,20713.25,20895.25,20664,20864.5,NSE_OFFICIAL_HISTORICAL_OR_INDICES_HISTORY,https://www.nseindia.com/reports-indices-historical-index-data#NIFTY_500_2025-02-18_2025-05-18.json,2025-03-18,OFFICIAL_NSE_INDEX_CLOSE_NO_FORWARD_FILL,BENCHMARK_CONTEXT_V1
2025-03-20,NIFTY_500,NIFTY 500,20989.35,21092.2,20873.55,21070.05,NSE_OFFICIAL_HISTORICAL_OR_INDICES_HISTORY,https://www.nseindia.com/reports-indices-historical-index-data#NIFTY_500_2025-02-18_2025-05-18.json,2025-03-19,OFFICIAL_NSE_INDEX_CLOSE_NO_FORWARD_FILL,BENCHMARK_CONTEXT_V1
2025-03-21,NIFTY_500,NIFTY 500,21065.25,21297,21031.45,21273.9,NSE_OFFICIAL_HISTORICAL_OR_INDICES_HISTORY,https://www.nseindia.com/reports-indices-historical-index-data#NIFTY_500_2025-02-18_2025-05-18.json,2025-03-20,OFFICIAL_NSE_INDEX_CLOSE_NO_FORWARD_FILL,BENCHMARK_CONTEXT_V1
2025-03-24,NIFTY_500,NIFTY 500,21427.2,21595.85,21346.8,21538.1,NSE_OFFICIAL_HISTORICAL_OR_INDICES_HISTORY,https://www.nseindia.com/reports-indices-historical-index-data#NIFTY_500_2025-02-18_2025-05-18.json,2025-03-23,OFFICIAL_NSE_INDEX_CLOSE_NO_FORWARD_FILL,BENCHMARK_CONTEXT_V1
2025-03-25,NIFTY_500,NIFTY 500,21652.85,21674.05,21385.8,21437.75,NSE_OFFICIAL_HISTORICAL_OR_INDICES_HISTORY,https://www.nseindia.com/reports-indices-historical-index-data#NIFTY_500_2025-02-18_2025-05-18.json,2025-03-24,OFFICIAL_NSE_INDEX_CLOSE_NO_FORWARD_FILL,BENCHMARK_CONTEXT_V1
2025-03-26,NIFTY_500,NIFTY 500,21464.95,21525.6,21255.7,21275.45,NSE_OFFICIAL_HISTORICAL_OR_INDICES_HISTORY,https://www.nseindia.com/reports-indices-historical-index-data#NIFTY_500_2025-02-18_2025-05-18.json,2025-03-25,OFFICIAL_NSE_INDEX_CLOSE_NO_FORWARD_FILL,BENCHMARK_CONTEXT_V1
2025-03-27,NIFTY_500,NIFTY 500,21218.4,21447.9,21195.7,21407.95,NSE_OFFICIAL_HISTORICAL_OR_INDICES_HISTORY,https://www.nseindia.com/reports-indices-historical-index-data#NIFTY_500_2025-02-18_2025-05-18.json,2025-03-26,OFFICIAL_NSE_INDEX_CLOSE_NO_FORWARD_FILL,BENCHMARK_CONTEXT_V1
2025-03-28,NIFTY_500,NIFTY 500,21439.2,21514.1,21277.9,21339.55,NSE_OFFICIAL_HISTORICAL_OR_INDICES_HISTORY,https://www.nseindia.com/reports-indices-historical-index-data#NIFTY_500_2025-02-18_2025-05-18.json,2025-03-27,OFFICIAL_NSE_INDEX_CLOSE_NO_FORWARD_FILL,BENCHMARK_CONTEXT_V1
2025-04-01,NIFTY_500,NIFTY 500,21227.1,21398.35,21042.45,21070.75,NSE_OFFICIAL_HISTORICAL_OR_INDICES_HISTORY,https://www.nseindia.com/reports-indices-historical-index-data#NIFTY_500_2025-02-18_2025-05-18.json,2025-03-31,OFFICIAL_NSE_INDEX_CLOSE_NO_FORWARD_FILL,BENCHMARK_CONTEXT_V1
2025-04-02,NIFTY_500,NIFTY 500,21101.85,21279.1,21007.15,21265.65,NSE_OFFICIAL_HISTORICAL_OR_INDICES_HISTORY,https://www.nseindia.com/reports-indices-historical-index-data#NIFTY_500_2025-02-18_2025-05-18.json,2025-04-01,OFFICIAL_NSE_INDEX_CLOSE_NO_FORWARD_FILL,BENCHMARK_CONTEXT_V1
2025-04-03,NIFTY_500,NIFTY 500,21100.55,21263.45,21096.75,21243.4,NSE_OFFICIAL_HISTORICAL_OR_INDICES_HISTORY,https://www.nseindia.com/reports-indices-historical-index-data#NIFTY_500_2025-02-18_2025-05-18.json,2025-04-02,OFFICIAL_NSE_INDEX_CLOSE_NO_FORWARD_FILL,BENCHMARK_CONTEXT_V1
2025-04-04,NIFTY_500,NIFTY 500,21199.2,21212.1,20736.8,20805.35,NSE_OFFICIAL_HISTORICAL_OR_INDICES_HISTORY,https://www.nseindia.com/reports-indices-historical-index-data#NIFTY_500_2025-02-18_2025-05-18.json,2025-04-03,OFFICIAL_NSE_INDEX_CLOSE_NO_FORWARD_FILL,BENCHMARK_CONTEXT_V1
2025-04-07,NIFTY_500,NIFTY 500,19524.25,20189.35,19519.85,20105.7,NSE_OFFICIAL_HISTORICAL_OR_INDICES_HISTORY,https://www.nseindia.com/reports-indices-historical-index-data#NIFTY_500_2025-02-18_2025-05-18.json,2025-04-06,OFFICIAL_NSE_INDEX_CLOSE_NO_FORWARD_FILL,BENCHMARK_CONTEXT_V1
2025-04-08,NIFTY_500,NIFTY 500,20430.1,20588.4,20227.15,20480.8,NSE_OFFICIAL_HISTORICAL_OR_INDICES_HISTORY,https://www.nseindia.com/reports-indices-historical-index-data#NIFTY_500_2025-02-18_2025-05-18.json,2025-04-07,OFFICIAL_NSE_INDEX_CLOSE_NO_FORWARD_FILL,BENCHMARK_CONTEXT_V1
2025-04-09,NIFTY_500,NIFTY 500,20422.95,20423.25,20252.35,20356.75,NSE_OFFICIAL_HISTORICAL_OR_INDICES_HISTORY,https://www.nseindia.com/reports-indices-historical-index-data#NIFTY_500_2025-02-18_2025-05-18.json,2025-04-08,OFFICIAL_NSE_INDEX_CLOSE_NO_FORWARD_FILL,BENCHMARK_CONTEXT_V1
2025-04-11,NIFTY_500,NIFTY 500,20684.85,20817.5,20629,20752.85,NSE_OFFICIAL_HISTORICAL_OR_INDICES_HISTORY,https://www.nseindia.com/reports-indices-historical-index-data#NIFTY_500_2025-02-18_2025-05-18.json,2025-04-10,OFFICIAL_NSE_INDEX_CLOSE_NO_FORWARD_FILL,BENCHMARK_CONTEXT_V1
2025-04-15,NIFTY_500,NIFTY 500,21199.05,21302.75,21067.6,21279.4,NSE_OFFICIAL_HISTORICAL_OR_INDICES_HISTORY,https://www.nseindia.com/reports-indices-historical-index-data#NIFTY_500_2025-02-18_2025-05-18.json,2025-04-14,OFFICIAL_NSE_INDEX_CLOSE_NO_FORWARD_FILL,BENCHMARK_CONTEXT_V1
2025-04-16,NIFTY_500,NIFTY 500,21302.75,21414.85,21246.4,21404.35,NSE_OFFICIAL_HISTORICAL_OR_INDICES_HISTORY,https://www.nseindia.com/reports-indices-historical-index-data#NIFTY_500_2025-02-18_2025-05-18.json,2025-04-15,OFFICIAL_NSE_INDEX_CLOSE_NO_FORWARD_FILL,BENCHMARK_CONTEXT_V1
2025-04-17,NIFTY_500,NIFTY 500,21379.35,21704.1,21296.35,21681.55,NSE_OFFICIAL_HISTORICAL_OR_INDICES_HISTORY,https://www.nseindia.com/reports-indices-historical-index-data#NIFTY_500_2025-02-18_2025-05-18.json,2025-04-16,OFFICIAL_NSE_INDEX_CLOSE_NO_FORWARD_FILL,BENCHMARK_CONTEXT_V1
2025-04-21,NIFTY_500,NIFTY 500,21787.05,22033.75,21732.45,22005.75,NSE_OFFICIAL_HISTORICAL_OR_INDICES_HISTORY,https://www.nseindia.com/reports-indices-historical-index-data#NIFTY_500_2025-02-18_2025-05-18.json,2025-04-20,OFFICIAL_NSE_INDEX_CLOSE_NO_FORWARD_FILL,BENCHMARK_CONTEXT_V1
2025-04-22,NIFTY_500,NIFTY 500,22072,22157.95,21953.4,22085.15,NSE_OFFICIAL_HISTORICAL_OR_INDICES_HISTORY,https://www.nseindia.com/reports-indices-historical-index-data#NIFTY_500_2025-02-18_2025-05-18.json,2025-04-21,OFFICIAL_NSE_INDEX_CLOSE_NO_FORWARD_FILL,BENCHMARK_CONTEXT_V1
2025-04-23,NIFTY_500,NIFTY 500,22238.6,22263.85,21988.35,22237.6,NSE_OFFICIAL_HISTORICAL_OR_INDICES_HISTORY,https://www.nseindia.com/reports-indices-historical-index-data#NIFTY_500_2025-02-18_2025-05-18.json,2025-04-22,OFFICIAL_NSE_INDEX_CLOSE_NO_FORWARD_FILL,BENCHMARK_CONTEXT_V1
2025-04-24,NIFTY_500,NIFTY 500,22217.65,22270.15,22155.4,22180.65,NSE_OFFICIAL_HISTORICAL_OR_INDICES_HISTORY,https://www.nseindia.com/reports-indices-historical-index-data#NIFTY_500_2025-02-18_2025-05-18.json,2025-04-23,OFFICIAL_NSE_INDEX_CLOSE_NO_FORWARD_FILL,BENCHMARK_CONTEXT_V1
2025-04-25,NIFTY_500,NIFTY 500,22220.3,22271.85,21661.6,21848.15,NSE_OFFICIAL_HISTORICAL_OR_INDICES_HISTORY,https://www.nseindia.com/reports-indices-historical-index-data#NIFTY_500_2025-02-18_2025-05-18.json,2025-04-24,OFFICIAL_NSE_INDEX_CLOSE_NO_FORWARD_FILL,BENCHMARK_CONTEXT_V1
2025-04-28,NIFTY_500,NIFTY 500,21843.45,22125.45,21841.4,22101.85,NSE_OFFICIAL_HISTORICAL_OR_INDICES_HISTORY,https://www.nseindia.com/reports-indices-historical-index-data#NIFTY_500_2025-02-18_2025-05-18.json,2025-04-27,OFFICIAL_NSE_INDEX_CLOSE_NO_FORWARD_FILL,BENCHMARK_CONTEXT_V1
2025-04-29,NIFTY_500,NIFTY 500,22160.75,22255.9,22084.55,22112.4,NSE_OFFICIAL_HISTORICAL_OR_INDICES_HISTORY,https://www.nseindia.com/reports-indices-historical-index-data#NIFTY_500_2025-02-18_2025-05-18.json,2025-04-28,OFFICIAL_NSE_INDEX_CLOSE_NO_FORWARD_FILL,BENCHMARK_CONTEXT_V1
2025-04-30,NIFTY_500,NIFTY 500,22119.2,22175,21920.55,22030.05,NSE_OFFICIAL_HISTORICAL_OR_INDICES_HISTORY,https://www.nseindia.com/reports-indices-historical-index-data#NIFTY_500_2025-02-18_2025-05-18.json,2025-04-29,OFFICIAL_NSE_INDEX_CLOSE_NO_FORWARD_FILL,BENCHMARK_CONTEXT_V1
2025-05-02,NIFTY_500,NIFTY 500,22009.95,22238.9,21920.85,22006,NSE_OFFICIAL_HISTORICAL_OR_INDICES_HISTORY,https://www.nseindia.com/reports-indices-historical-index-data#NIFTY_500_2025-02-18_2025-05-18.json,2025-05-01,OFFICIAL_NSE_INDEX_CLOSE_NO_FORWARD_FILL,BENCHMARK_CONTEXT_V1
2025-05-05,NIFTY_500,NIFTY 500,22086.25,22209.95,22070.95,22195.15,NSE_OFFICIAL_HISTORICAL_OR_INDICES_HISTORY,https://www.nseindia.com/reports-indices-historical-index-data#NIFTY_500_2025-02-18_2025-05-18.json,2025-05-04,OFFICIAL_NSE_INDEX_CLOSE_NO_FORWARD_FILL,BENCHMARK_CONTEXT_V1
2025-05-06,NIFTY_500,NIFTY 500,22235.6,22244.5,21916.9,21956.6,NSE_OFFICIAL_HISTORICAL_OR_INDICES_HISTORY,https://www.nseindia.com/reports-indices-historical-index-data#NIFTY_500_2025-02-18_2025-05-18.json,2025-05-05,OFFICIAL_NSE_INDEX_CLOSE_NO_FORWARD_FILL,BENCHMARK_CONTEXT_V1
2025-05-07,NIFTY_500,NIFTY 500,21756.8,22084.7,21752.9,22072.45,NSE_OFFICIAL_HISTORICAL_OR_INDICES_HISTORY,https://www.nseindia.com/reports-indices-historical-index-data#NIFTY_500_2025-02-18_2025-05-18.json,2025-05-06,OFFICIAL_NSE_INDEX_CLOSE_NO_FORWARD_FILL,BENCHMARK_CONTEXT_V1
2025-05-08,NIFTY_500,NIFTY 500,22109.35,22145.2,21730.55,21843.05,NSE_OFFICIAL_HISTORICAL_OR_INDICES_HISTORY,https://www.nseindia.com/reports-indices-historical-index-data#NIFTY_500_2025-02-18_2025-05-18.json,2025-05-07,OFFICIAL_NSE_INDEX_CLOSE_NO_FORWARD_FILL,BENCHMARK_CONTEXT_V1
2025-05-09,NIFTY_500,NIFTY 500,21463.75,21716.05,21463.75,21675.55,NSE_OFFICIAL_HISTORICAL_OR_INDICES_HISTORY,https://www.nseindia.com/reports-indices-historical-index-data#NIFTY_500_2025-02-18_2025-05-18.json,2025-05-08,OFFICIAL_NSE_INDEX_CLOSE_NO_FORWARD_FILL,BENCHMARK_CONTEXT_V1
2025-05-12,NIFTY_500,NIFTY 500,22149.4,22525,22126.4,22511.4,NSE_OFFICIAL_HISTORICAL_OR_INDICES_HISTORY,https://www.nseindia.com/reports-indices-historical-index-data#NIFTY_500_2025-02-18_2025-05-18.json,2025-05-11,OFFICIAL_NSE_INDEX_CLOSE_NO_FORWARD_FILL,BENCHMARK_CONTEXT_V1
2025-05-13,NIFTY_500,NIFTY 500,22491.5,22575.7,22317.5,22349.4,NSE_OFFICIAL_HISTORICAL_OR_INDICES_HISTORY,https://www.nseindia.com/reports-indices-historical-index-data#NIFTY_500_2025-02-18_2025-05-18.json,2025-05-12,OFFICIAL_NSE_INDEX_CLOSE_NO_FORWARD_FILL,BENCHMARK_CONTEXT_V1
2025-05-14,NIFTY_500,NIFTY 500,22402.65,22544.9,22366.4,22499.5,NSE_OFFICIAL_HISTORICAL_OR_INDICES_HISTORY,https://www.nseindia.com/reports-indices-historical-index-data#NIFTY_500_2025-02-18_2025-05-18.json,2025-05-13,OFFICIAL_NSE_INDEX_CLOSE_NO_FORWARD_FILL,BENCHMARK_CONTEXT_V1
2025-05-15,NIFTY_500,NIFTY 500,22547.05,22814.1,22408.65,22788.8,NSE_OFFICIAL_HISTORICAL_OR_INDICES_HISTORY,https://www.nseindia.com/reports-indices-historical-index-data#NIFTY_500_2025-02-18_2025-05-18.json,2025-05-14,OFFICIAL_NSE_INDEX_CLOSE_NO_FORWARD_FILL,BENCHMARK_CONTEXT_V1
2025-05-16,NIFTY_500,NIFTY 500,22825.55,22885.35,22750.35,22870.9,NSE_OFFICIAL_HISTORICAL_OR_INDICES_HISTORY,https://www.nseindia.com/reports-indices-historical-index-data#NIFTY_500_2025-02-18_2025-05-18.json,2025-05-15,OFFICIAL_NSE_INDEX_CLOSE_NO_FORWARD_FILL,BENCHMARK_CONTEXT_V1
2025-05-19,NIFTY_500,NIFTY 500,22896.25,22965.05,22827.65,22865.8,NSE_OFFICIAL_HISTORICAL_OR_INDICES_HISTORY,https://www.nseindia.com/reports-indices-historical-index-data#NIFTY_500_2025-05-19_2025-08-16.json,2025-05-18,OFFICIAL_NSE_INDEX_CLOSE_NO_FORWARD_FILL,BENCHMARK_CONTEXT_V1
2025-05-20,NIFTY_500,NIFTY 500,22942.65,22958.6,22565.55,22585.6,NSE_OFFICIAL_HISTORICAL_OR_INDICES_HISTORY,https://www.nseindia.com/reports-indices-historical-index-data#NIFTY_500_2025-05-19_2025-08-16.json,2025-05-19,OFFICIAL_NSE_INDEX_CLOSE_NO_FORWARD_FILL,BENCHMARK_CONTEXT_V1
2025-05-21,NIFTY_500,NIFTY 500,22632.4,22811.95,22577.4,22730.65,NSE_OFFICIAL_HISTORICAL_OR_INDICES_HISTORY,https://www.nseindia.com/reports-indices-historical-index-data#NIFTY_500_2025-05-19_2025-08-16.json,2025-05-20,OFFICIAL_NSE_INDEX_CLOSE_NO_FORWARD_FILL,BENCHMARK_CONTEXT_V1
2025-05-22,NIFTY_500,NIFTY 500,22674,22675.35,22464.45,22595,NSE_OFFICIAL_HISTORICAL_OR_INDICES_HISTORY,https://www.nseindia.com/reports-indices-historical-index-data#NIFTY_500_2025-05-19_2025-08-16.json,2025-05-21,OFFICIAL_NSE_INDEX_CLOSE_NO_FORWARD_FILL,BENCHMARK_CONTEXT_V1
2025-05-23,NIFTY_500,NIFTY 500,22628.75,22813.25,22580.8,22781.05,NSE_OFFICIAL_HISTORICAL_OR_INDICES_HISTORY,https://www.nseindia.com/reports-indices-historical-index-data#NIFTY_500_2025-05-19_2025-08-16.json,2025-05-22,OFFICIAL_NSE_INDEX_CLOSE_NO_FORWARD_FILL,BENCHMARK_CONTEXT_V1
2025-05-26,NIFTY_500,NIFTY 500,22852.7,22970.7,22845.4,22908.3,NSE_OFFICIAL_HISTORICAL_OR_INDICES_HISTORY,https://www.nseindia.com/reports-indices-historical-index-data#NIFTY_500_2025-05-19_2025-08-16.json,2025-05-25,OFFICIAL_NSE_INDEX_CLOSE_NO_FORWARD_FILL,BENCHMARK_CONTEXT_V1
2025-05-27,NIFTY_500,NIFTY 500,22895.05,22963.1,22721.8,22816.5,NSE_OFFICIAL_HISTORICAL_OR_INDICES_HISTORY,https://www.nseindia.com/reports-indices-historical-index-data#NIFTY_500_2025-05-19_2025-08-16.json,2025-05-26,OFFICIAL_NSE_INDEX_CLOSE_NO_FORWARD_FILL,BENCHMARK_CONTEXT_V1
2025-05-28,NIFTY_500,NIFTY 500,22843.25,22871.2,22765.7,22779.4,NSE_OFFICIAL_HISTORICAL_OR_INDICES_HISTORY,https://www.nseindia.com/reports-indices-historical-index-data#NIFTY_500_2025-05-19_2025-08-16.json,2025-05-27,OFFICIAL_NSE_INDEX_CLOSE_NO_FORWARD_FILL,BENCHMARK_CONTEXT_V1
2025-05-29,NIFTY_500,NIFTY 500,22859.45,22899.15,22750.15,22861.35,NSE_OFFICIAL_HISTORICAL_OR_INDICES_HISTORY,https://www.nseindia.com/reports-indices-historical-index-data#NIFTY_500_2025-05-19_2025-08-16.json,2025-05-28,OFFICIAL_NSE_INDEX_CLOSE_NO_FORWARD_FILL,BENCHMARK_CONTEXT_V1
2025-05-30,NIFTY_500,NIFTY 500,22868.25,22912.3,22759.15,22801.95,NSE_OFFICIAL_HISTORICAL_OR_INDICES_HISTORY,https://www.nseindia.com/reports-indices-historical-index-data#NIFTY_500_2025-05-19_2025-08-16.json,2025-05-29,OFFICIAL_NSE_INDEX_CLOSE_NO_FORWARD_FILL,BENCHMARK_CONTEXT_V1
2025-06-02,NIFTY_500,NIFTY 500,22758.6,22863.35,22664.15,22834.5,NSE_OFFICIAL_HISTORICAL_OR_INDICES_HISTORY,https://www.nseindia.com/reports-indices-historical-index-data#NIFTY_500_2025-05-19_2025-08-16.json,2025-06-01,OFFICIAL_NSE_INDEX_CLOSE_NO_FORWARD_FILL,BENCHMARK_CONTEXT_V1
2025-06-03,NIFTY_500,NIFTY 500,22906.2,22946.15,22691.25,22711.3,NSE_OFFICIAL_HISTORICAL_OR_INDICES_HISTORY,https://www.nseindia.com/reports-indices-historical-index-data#NIFTY_500_2025-05-19_2025-08-16.json,2025-06-02,OFFICIAL_NSE_INDEX_CLOSE_NO_FORWARD_FILL,BENCHMARK_CONTEXT_V1
2025-06-04,NIFTY_500,NIFTY 500,22742.2,22823.95,22667.9,22807.85,NSE_OFFICIAL_HISTORICAL_OR_INDICES_HISTORY,https://www.nseindia.com/reports-indices-historical-index-data#NIFTY_500_2025-05-19_2025-08-16.json,2025-06-03,OFFICIAL_NSE_INDEX_CLOSE_NO_FORWARD_FILL,BENCHMARK_CONTEXT_V1
2025-06-05,NIFTY_500,NIFTY 500,22879.2,23026.3,22828.85,22934.5,NSE_OFFICIAL_HISTORICAL_OR_INDICES_HISTORY,https://www.nseindia.com/reports-indices-historical-index-data#NIFTY_500_2025-05-19_2025-08-16.json,2025-06-04,OFFICIAL_NSE_INDEX_CLOSE_NO_FORWARD_FILL,BENCHMARK_CONTEXT_V1
2025-06-06,NIFTY_500,NIFTY 500,22962,23180.35,22891.6,23165.1,NSE_OFFICIAL_HISTORICAL_OR_INDICES_HISTORY,https://www.nseindia.com/reports-indices-historical-index-data#NIFTY_500_2025-05-19_2025-08-16.json,2025-06-05,OFFICIAL_NSE_INDEX_CLOSE_NO_FORWARD_FILL,BENCHMARK_CONTEXT_V1
2025-06-09,NIFTY_500,NIFTY 500,23308.65,23335.35,23254.55,23330.55,NSE_OFFICIAL_HISTORICAL_OR_INDICES_HISTORY,https://www.nseindia.com/reports-indices-historical-index-data#NIFTY_500_2025-05-19_2025-08-16.json,2025-06-08,OFFICIAL_NSE_INDEX_CLOSE_NO_FORWARD_FILL,BENCHMARK_CONTEXT_V1
2025-06-10,NIFTY_500,NIFTY 500,23422.3,23423.8,23287.35,23339.95,NSE_OFFICIAL_HISTORICAL_OR_INDICES_HISTORY,https://www.nseindia.com/reports-indices-historical-index-data#NIFTY_500_2025-05-19_2025-08-16.json,2025-06-09,OFFICIAL_NSE_INDEX_CLOSE_NO_FORWARD_FILL,BENCHMARK_CONTEXT_V1
2025-06-11,NIFTY_500,NIFTY 500,23376.6,23423.6,23271.4,23337.85,NSE_OFFICIAL_HISTORICAL_OR_INDICES_HISTORY,https://www.nseindia.com/reports-indices-historical-index-data#NIFTY_500_2025-05-19_2025-08-16.json,2025-06-10,OFFICIAL_NSE_INDEX_CLOSE_NO_FORWARD_FILL,BENCHMARK_CONTEXT_V1
2025-06-12,NIFTY_500,NIFTY 500,23363.5,23370.3,23009.65,23046.45,NSE_OFFICIAL_HISTORICAL_OR_INDICES_HISTORY,https://www.nseindia.com/reports-indices-historical-index-data#NIFTY_500_2025-05-19_2025-08-16.json,2025-06-11,OFFICIAL_NSE_INDEX_CLOSE_NO_FORWARD_FILL,BENCHMARK_CONTEXT_V1
2025-06-13,NIFTY_500,NIFTY 500,22631.7,22932.25,22631.7,22906.2,NSE_OFFICIAL_HISTORICAL_OR_INDICES_HISTORY,https://www.nseindia.com/reports-indices-historical-index-data#NIFTY_500_2025-05-19_2025-08-16.json,2025-06-12,OFFICIAL_NSE_INDEX_CLOSE_NO_FORWARD_FILL,BENCHMARK_CONTEXT_V1
2025-06-16,NIFTY_500,NIFTY 500,22914.85,23106.7,22789.4,23095.05,NSE_OFFICIAL_HISTORICAL_OR_INDICES_HISTORY,https://www.nseindia.com/reports-indices-historical-index-data#NIFTY_500_2025-05-19_2025-08-16.json,2025-06-15,OFFICIAL_NSE_INDEX_CLOSE_NO_FORWARD_FILL,BENCHMARK_CONTEXT_V1
2025-06-17,NIFTY_500,NIFTY 500,23126.8,23128.5,22959.15,22981.5,NSE_OFFICIAL_HISTORICAL_OR_INDICES_HISTORY,https://www.nseindia.com/reports-indices-historical-index-data#NIFTY_500_2025-05-19_2025-08-16.json,2025-06-16,OFFICIAL_NSE_INDEX_CLOSE_NO_FORWARD_FILL,BENCHMARK_CONTEXT_V1
2025-06-18,NIFTY_500,NIFTY 500,22937.75,23066.85,22868.35,22925.2,NSE_OFFICIAL_HISTORICAL_OR_INDICES_HISTORY,https://www.nseindia.com/reports-indices-historical-index-data#NIFTY_500_2025-05-19_2025-08-16.json,2025-06-17,OFFICIAL_NSE_INDEX_CLOSE_NO_FORWARD_FILL,BENCHMARK_CONTEXT_V1
2025-06-19,NIFTY_500,NIFTY 500,22921.6,22973.15,22712.55,22763.5,NSE_OFFICIAL_HISTORICAL_OR_INDICES_HISTORY,https://www.nseindia.com/reports-indices-historical-index-data#NIFTY_500_2025-05-19_2025-08-16.json,2025-06-18,OFFICIAL_NSE_INDEX_CLOSE_NO_FORWARD_FILL,BENCHMARK_CONTEXT_V1
2025-06-20,NIFTY_500,NIFTY 500,22760.65,23064.7,22760.6,23041.1,NSE_OFFICIAL_HISTORICAL_OR_INDICES_HISTORY,https://www.nseindia.com/reports-indices-historical-index-data#NIFTY_500_2025-05-19_2025-08-16.json,2025-06-19,OFFICIAL_NSE_INDEX_CLOSE_NO_FORWARD_FILL,BENCHMARK_CONTEXT_V1
2025-06-23,NIFTY_500,NIFTY 500,22880.35,23063.35,22837.8,23001.5,NSE_OFFICIAL_HISTORICAL_OR_INDICES_HISTORY,https://www.nseindia.com/reports-indices-historical-index-data#NIFTY_500_2025-05-19_2025-08-16.json,2025-06-22,OFFICIAL_NSE_INDEX_CLOSE_NO_FORWARD_FILL,BENCHMARK_CONTEXT_V1
2025-06-24,NIFTY_500,NIFTY 500,23212.3,23307.95,23074.25,23113.2,NSE_OFFICIAL_HISTORICAL_OR_INDICES_HISTORY,https://www.nseindia.com/reports-indices-historical-index-data#NIFTY_500_2025-05-19_2025-08-16.json,2025-06-23,OFFICIAL_NSE_INDEX_CLOSE_NO_FORWARD_FILL,BENCHMARK_CONTEXT_V1
2025-06-25,NIFTY_500,NIFTY 500,23216.15,23303.65,23190.85,23296.85,NSE_OFFICIAL_HISTORICAL_OR_INDICES_HISTORY,https://www.nseindia.com/reports-indices-historical-index-data#NIFTY_500_2025-05-19_2025-08-16.json,2025-06-24,OFFICIAL_NSE_INDEX_CLOSE_NO_FORWARD_FILL,BENCHMARK_CONTEXT_V1
2025-06-26,NIFTY_500,NIFTY 500,23341.2,23529.65,23319.85,23517.55,NSE_OFFICIAL_HISTORICAL_OR_INDICES_HISTORY,https://www.nseindia.com/reports-indices-historical-index-data#NIFTY_500_2025-05-19_2025-08-16.json,2025-06-25,OFFICIAL_NSE_INDEX_CLOSE_NO_FORWARD_FILL,BENCHMARK_CONTEXT_V1
2025-06-27,NIFTY_500,NIFTY 500,23566.7,23644.35,23538.55,23620.15,NSE_OFFICIAL_HISTORICAL_OR_INDICES_HISTORY,https://www.nseindia.com/reports-indices-historical-index-data#NIFTY_500_2025-05-19_2025-08-16.json,2025-06-26,OFFICIAL_NSE_INDEX_CLOSE_NO_FORWARD_FILL,BENCHMARK_CONTEXT_V1
2025-06-30,NIFTY_500,NIFTY 500,23672.35,23677.55,23563,23617.2,NSE_OFFICIAL_HISTORICAL_OR_INDICES_HISTORY,https://www.nseindia.com/reports-indices-historical-index-data#NIFTY_500_2025-05-19_2025-08-16.json,2025-06-29,OFFICIAL_NSE_INDEX_CLOSE_NO_FORWARD_FILL,BENCHMARK_CONTEXT_V1
2025-07-01,NIFTY_500,NIFTY 500,23659.75,23669.95,23558.9,23615.45,NSE_OFFICIAL_HISTORICAL_OR_INDICES_HISTORY,https://www.nseindia.com/reports-indices-historical-index-data#NIFTY_500_2025-05-19_2025-08-16.json,2025-06-30,OFFICIAL_NSE_INDEX_CLOSE_NO_FORWARD_FILL,BENCHMARK_CONTEXT_V1
2025-07-02,NIFTY_500,NIFTY 500,23653.05,23669.3,23463.85,23547.25,NSE_OFFICIAL_HISTORICAL_OR_INDICES_HISTORY,https://www.nseindia.com/reports-indices-historical-index-data#NIFTY_500_2025-05-19_2025-08-16.json,2025-07-01,OFFICIAL_NSE_INDEX_CLOSE_NO_FORWARD_FILL,BENCHMARK_CONTEXT_V1
2025-07-03,NIFTY_500,NIFTY 500,23591.8,23647.1,23503.55,23521.85,NSE_OFFICIAL_HISTORICAL_OR_INDICES_HISTORY,https://www.nseindia.com/reports-indices-historical-index-data#NIFTY_500_2025-05-19_2025-08-16.json,2025-07-02,OFFICIAL_NSE_INDEX_CLOSE_NO_FORWARD_FILL,BENCHMARK_CONTEXT_V1
2025-07-04,NIFTY_500,NIFTY 500,23553.45,23570.9,23448.9,23562.45,NSE_OFFICIAL_HISTORICAL_OR_INDICES_HISTORY,https://www.nseindia.com/reports-indices-historical-index-data#NIFTY_500_2025-05-19_2025-08-16.json,2025-07-03,OFFICIAL_NSE_INDEX_CLOSE_NO_FORWARD_FILL,BENCHMARK_CONTEXT_V1
2025-07-07,NIFTY_500,NIFTY 500,23561.6,23595.3,23506.5,23551.2,NSE_OFFICIAL_HISTORICAL_OR_INDICES_HISTORY,https://www.nseindia.com/reports-indices-historical-index-data#NIFTY_500_2025-05-19_2025-08-16.json,2025-07-06,OFFICIAL_NSE_INDEX_CLOSE_NO_FORWARD_FILL,BENCHMARK_CONTEXT_V1
2025-07-08,NIFTY_500,NIFTY 500,23540.6,23600.35,23469.95,23572.55,NSE_OFFICIAL_HISTORICAL_OR_INDICES_HISTORY,https://www.nseindia.com/reports-indices-historical-index-data#NIFTY_500_2025-05-19_2025-08-16.json,2025-07-07,OFFICIAL_NSE_INDEX_CLOSE_NO_FORWARD_FILL,BENCHMARK_CONTEXT_V1
2025-07-09,NIFTY_500,NIFTY 500,23576.45,23613.9,23513.85,23557.45,NSE_OFFICIAL_HISTORICAL_OR_INDICES_HISTORY,https://www.nseindia.com/reports-indices-historical-index-data#NIFTY_500_2025-05-19_2025-08-16.json,2025-07-08,OFFICIAL_NSE_INDEX_CLOSE_NO_FORWARD_FILL,BENCHMARK_CONTEXT_V1
2025-07-10,NIFTY_500,NIFTY 500,23595.85,23605.5,23444.95,23471.4,NSE_OFFICIAL_HISTORICAL_OR_INDICES_HISTORY,https://www.nseindia.com/reports-indices-historical-index-data#NIFTY_500_2025-05-19_2025-08-16.json,2025-07-09,OFFICIAL_NSE_INDEX_CLOSE_NO_FORWARD_FILL,BENCHMARK_CONTEXT_V1
2025-07-11,NIFTY_500,NIFTY 500,23408.8,23462.35,23256.3,23282.7,NSE_OFFICIAL_HISTORICAL_OR_INDICES_HISTORY,https://www.nseindia.com/reports-indices-historical-index-data#NIFTY_500_2025-05-19_2025-08-16.json,2025-07-10,OFFICIAL_NSE_INDEX_CLOSE_NO_FORWARD_FILL,BENCHMARK_CONTEXT_V1
2025-07-14,NIFTY_500,NIFTY 500,23290.15,23329.2,23200.1,23309.05,NSE_OFFICIAL_HISTORICAL_OR_INDICES_HISTORY,https://www.nseindia.com/reports-indices-historical-index-data#NIFTY_500_2025-05-19_2025-08-16.json,2025-07-13,OFFICIAL_NSE_INDEX_CLOSE_NO_FORWARD_FILL,BENCHMARK_CONTEXT_V1
2025-07-15,NIFTY_500,NIFTY 500,23334.55,23469.45,23332.8,23449.15,NSE_OFFICIAL_HISTORICAL_OR_INDICES_HISTORY,https://www.nseindia.com/reports-indices-historical-index-data#NIFTY_500_2025-05-19_2025-08-16.json,2025-07-14,OFFICIAL_NSE_INDEX_CLOSE_NO_FORWARD_FILL,BENCHMARK_CONTEXT_V1
2025-07-16,NIFTY_500,NIFTY 500,23458.9,23502.9,23403.5,23472.5,NSE_OFFICIAL_HISTORICAL_OR_INDICES_HISTORY,https://www.nseindia.com/reports-indices-historical-index-data#NIFTY_500_2025-05-19_2025-08-16.json,2025-07-15,OFFICIAL_NSE_INDEX_CLOSE_NO_FORWARD_FILL,BENCHMARK_CONTEXT_V1
2025-07-17,NIFTY_500,NIFTY 500,23507.65,23514.7,23409.05,23419.7,NSE_OFFICIAL_HISTORICAL_OR_INDICES_HISTORY,https://www.nseindia.com/reports-indices-historical-index-data#NIFTY_500_2025-05-19_2025-08-16.json,2025-07-16,OFFICIAL_NSE_INDEX_CLOSE_NO_FORWARD_FILL,BENCHMARK_CONTEXT_V1
2025-07-18,NIFTY_500,NIFTY 500,23430,23449.45,23240.85,23275.15,NSE_OFFICIAL_HISTORICAL_OR_INDICES_HISTORY,https://www.nseindia.com/reports-indices-historical-index-data#NIFTY_500_2025-05-19_2025-08-16.json,2025-07-17,OFFICIAL_NSE_INDEX_CLOSE_NO_FORWARD_FILL,BENCHMARK_CONTEXT_V1
2025-07-21,NIFTY_500,NIFTY 500,23296.75,23394.5,23184.9,23378.45,NSE_OFFICIAL_HISTORICAL_OR_INDICES_HISTORY,https://www.nseindia.com/reports-indices-historical-index-data#NIFTY_500_2025-05-19_2025-08-16.json,2025-07-20,OFFICIAL_NSE_INDEX_CLOSE_NO_FORWARD_FILL,BENCHMARK_CONTEXT_V1
2025-07-22,NIFTY_500,NIFTY 500,23449.75,23456,23306.4,23320.9,NSE_OFFICIAL_HISTORICAL_OR_INDICES_HISTORY,https://www.nseindia.com/reports-indices-historical-index-data#NIFTY_500_2025-05-19_2025-08-16.json,2025-07-21,OFFICIAL_NSE_INDEX_CLOSE_NO_FORWARD_FILL,BENCHMARK_CONTEXT_V1
2025-07-23,NIFTY_500,NIFTY 500,23382.4,23435.55,23296,23428.4,NSE_OFFICIAL_HISTORICAL_OR_INDICES_HISTORY,https://www.nseindia.com/reports-indices-historical-index-data#NIFTY_500_2025-05-19_2025-08-16.json,2025-07-22,OFFICIAL_NSE_INDEX_CLOSE_NO_FORWARD_FILL,BENCHMARK_CONTEXT_V1
2025-07-24,NIFTY_500,NIFTY 500,23447.35,23449.4,23257.6,23301.1,NSE_OFFICIAL_HISTORICAL_OR_INDICES_HISTORY,https://www.nseindia.com/reports-indices-historical-index-data#NIFTY_500_2025-05-19_2025-08-16.json,2025-07-23,OFFICIAL_NSE_INDEX_CLOSE_NO_FORWARD_FILL,BENCHMARK_CONTEXT_V1
2025-07-25,NIFTY_500,NIFTY 500,23255.25,23255.25,22993,23014.8,NSE_OFFICIAL_HISTORICAL_OR_INDICES_HISTORY,https://www.nseindia.com/reports-indices-historical-index-data#NIFTY_500_2025-05-19_2025-08-16.json,2025-07-24,OFFICIAL_NSE_INDEX_CLOSE_NO_FORWARD_FILL,BENCHMARK_CONTEXT_V1
2025-07-28,NIFTY_500,NIFTY 500,22967.4,23094.85,22818.15,22846.95,NSE_OFFICIAL_HISTORICAL_OR_INDICES_HISTORY,https://www.nseindia.com/reports-indices-historical-index-data#NIFTY_500_2025-05-19_2025-08-16.json,2025-07-27,OFFICIAL_NSE_INDEX_CLOSE_NO_FORWARD_FILL,BENCHMARK_CONTEXT_V1
2025-07-29,NIFTY_500,NIFTY 500,22793,23024.15,22777.7,23007.35,NSE_OFFICIAL_HISTORICAL_OR_INDICES_HISTORY,https://www.nseindia.com/reports-indices-historical-index-data#NIFTY_500_2025-05-19_2025-08-16.json,2025-07-28,OFFICIAL_NSE_INDEX_CLOSE_NO_FORWARD_FILL,BENCHMARK_CONTEXT_V1
2025-07-30,NIFTY_500,NIFTY 500,23064.25,23070.35,22959.45,23033.55,NSE_OFFICIAL_HISTORICAL_OR_INDICES_HISTORY,https://www.nseindia.com/reports-indices-historical-index-data#NIFTY_500_2025-05-19_2025-08-16.json,2025-07-29,OFFICIAL_NSE_INDEX_CLOSE_NO_FORWARD_FILL,BENCHMARK_CONTEXT_V1
2025-07-31,NIFTY_500,NIFTY 500,22804.2,23071.25,22802.15,22914.95,NSE_OFFICIAL_HISTORICAL_OR_INDICES_HISTORY,https://www.nseindia.com/reports-indices-historical-index-data#NIFTY_500_2025-05-19_2025-08-16.json,2025-07-30,OFFICIAL_NSE_INDEX_CLOSE_NO_FORWARD_FILL,BENCHMARK_CONTEXT_V1
2025-08-01,NIFTY_500,NIFTY 500,22901.6,22917.85,22646.75,22673.65,NSE_OFFICIAL_HISTORICAL_OR_INDICES_HISTORY,https://www.nseindia.com/reports-indices-historical-index-data#NIFTY_500_2025-05-19_2025-08-16.json,2025-07-31,OFFICIAL_NSE_INDEX_CLOSE_NO_FORWARD_FILL,BENCHMARK_CONTEXT_V1
2025-08-04,NIFTY_500,NIFTY 500,22699.7,22871.6,22648.6,22860.4,NSE_OFFICIAL_HISTORICAL_OR_INDICES_HISTORY,https://www.nseindia.com/reports-indices-historical-index-data#NIFTY_500_2025-05-19_2025-08-16.json,2025-08-03,OFFICIAL_NSE_INDEX_CLOSE_NO_FORWARD_FILL,BENCHMARK_CONTEXT_V1
2025-08-05,NIFTY_500,NIFTY 500,22869.5,22878.1,22736.05,22798.5,NSE_OFFICIAL_HISTORICAL_OR_INDICES_HISTORY,https://www.nseindia.com/reports-indices-historical-index-data#NIFTY_500_2025-05-19_2025-08-16.json,2025-08-04,OFFICIAL_NSE_INDEX_CLOSE_NO_FORWARD_FILL,BENCHMARK_CONTEXT_V1
2025-08-06,NIFTY_500,NIFTY 500,22807.55,22818.2,22622.35,22666.85,NSE_OFFICIAL_HISTORICAL_OR_INDICES_HISTORY,https://www.nseindia.com/reports-indices-historical-index-data#NIFTY_500_2025-05-19_2025-08-16.json,2025-08-05,OFFICIAL_NSE_INDEX_CLOSE_NO_FORWARD_FILL,BENCHMARK_CONTEXT_V1
2025-08-07,NIFTY_500,NIFTY 500,22563.4,22726.9,22425.85,22694.1,NSE_OFFICIAL_HISTORICAL_OR_INDICES_HISTORY,https://www.nseindia.com/reports-indices-historical-index-data#NIFTY_500_2025-05-19_2025-08-16.json,2025-08-06,OFFICIAL_NSE_INDEX_CLOSE_NO_FORWARD_FILL,BENCHMARK_CONTEXT_V1
2025-08-08,NIFTY_500,NIFTY 500,22680.9,22690.35,22419.7,22443.15,NSE_OFFICIAL_HISTORICAL_OR_INDICES_HISTORY,https://www.nseindia.com/reports-indices-historical-index-data#NIFTY_500_2025-05-19_2025-08-16.json,2025-08-07,OFFICIAL_NSE_INDEX_CLOSE_NO_FORWARD_FILL,BENCHMARK_CONTEXT_V1
2025-08-11,NIFTY_500,NIFTY 500,22447.55,22650.1,22406,22633.45,NSE_OFFICIAL_HISTORICAL_OR_INDICES_HISTORY,https://www.nseindia.com/reports-indices-historical-index-data#NIFTY_500_2025-05-19_2025-08-16.json,2025-08-10,OFFICIAL_NSE_INDEX_CLOSE_NO_FORWARD_FILL,BENCHMARK_CONTEXT_V1
2025-08-12,NIFTY_500,NIFTY 500,22633.65,22730.25,22554.3,22568.6,NSE_OFFICIAL_HISTORICAL_OR_INDICES_HISTORY,https://www.nseindia.com/reports-indices-historical-index-data#NIFTY_500_2025-05-19_2025-08-16.json,2025-08-11,OFFICIAL_NSE_INDEX_CLOSE_NO_FORWARD_FILL,BENCHMARK_CONTEXT_V1
2025-08-13,NIFTY_500,NIFTY 500,22655.15,22733.8,22624.45,22698.1,NSE_OFFICIAL_HISTORICAL_OR_INDICES_HISTORY,https://www.nseindia.com/reports-indices-historical-index-data#NIFTY_500_2025-05-19_2025-08-16.json,2025-08-12,OFFICIAL_NSE_INDEX_CLOSE_NO_FORWARD_FILL,BENCHMARK_CONTEXT_V1
2025-08-14,NIFTY_500,NIFTY 500,22713.65,22754.15,22646.7,22680.25,NSE_OFFICIAL_HISTORICAL_OR_INDICES_HISTORY,https://www.nseindia.com/reports-indices-historical-index-data#NIFTY_500_2025-05-19_2025-08-16.json,2025-08-13,OFFICIAL_NSE_INDEX_CLOSE_NO_FORWARD_FILL,BENCHMARK_CONTEXT_V1
2025-08-18,NIFTY_500,NIFTY 500,22958.3,23040.85,22913.05,22931.5,NSE_OFFICIAL_HISTORICAL_OR_INDICES_HISTORY,https://www.nseindia.com/reports-indices-historical-index-data#NIFTY_500_2025-08-17_2025-11-14.json,2025-08-17,OFFICIAL_NSE_INDEX_CLOSE_NO_FORWARD_FILL,BENCHMARK_CONTEXT_V1
2025-08-19,NIFTY_500,NIFTY 500,22959.5,23077.1,22908.15,23066.6,NSE_OFFICIAL_HISTORICAL_OR_INDICES_HISTORY,https://www.nseindia.com/reports-indices-historical-index-data#NIFTY_500_2025-08-17_2025-11-14.json,2025-08-18,OFFICIAL_NSE_INDEX_CLOSE_NO_FORWARD_FILL,BENCHMARK_CONTEXT_V1
2025-08-20,NIFTY_500,NIFTY 500,23067.7,23171.15,23025.85,23143.15,NSE_OFFICIAL_HISTORICAL_OR_INDICES_HISTORY,https://www.nseindia.com/reports-indices-historical-index-data#NIFTY_500_2025-08-17_2025-11-14.json,2025-08-19,OFFICIAL_NSE_INDEX_CLOSE_NO_FORWARD_FILL,BENCHMARK_CONTEXT_V1
2025-08-21,NIFTY_500,NIFTY 500,23221.75,23230.95,23126.75,23137.15,NSE_OFFICIAL_HISTORICAL_OR_INDICES_HISTORY,https://www.nseindia.com/reports-indices-historical-index-data#NIFTY_500_2025-08-17_2025-11-14.json,2025-08-20,OFFICIAL_NSE_INDEX_CLOSE_NO_FORWARD_FILL,BENCHMARK_CONTEXT_V1
2025-08-22,NIFTY_500,NIFTY 500,23133.85,23144.55,22980.85,22991.3,NSE_OFFICIAL_HISTORICAL_OR_INDICES_HISTORY,https://www.nseindia.com/reports-indices-historical-index-data#NIFTY_500_2025-08-17_2025-11-14.json,2025-08-21,OFFICIAL_NSE_INDEX_CLOSE_NO_FORWARD_FILL,BENCHMARK_CONTEXT_V1
2025-08-25,NIFTY_500,NIFTY 500,23069.3,23106.9,23022.1,23052,NSE_OFFICIAL_HISTORICAL_OR_INDICES_HISTORY,https://www.nseindia.com/reports-indices-historical-index-data#NIFTY_500_2025-08-17_2025-11-14.json,2025-08-24,OFFICIAL_NSE_INDEX_CLOSE_NO_FORWARD_FILL,BENCHMARK_CONTEXT_V1
2025-08-26,NIFTY_500,NIFTY 500,22994.85,23013.05,22746.75,22768.65,NSE_OFFICIAL_HISTORICAL_OR_INDICES_HISTORY,https://www.nseindia.com/reports-indices-historical-index-data#NIFTY_500_2025-08-17_2025-11-14.json,2025-08-25,OFFICIAL_NSE_INDEX_CLOSE_NO_FORWARD_FILL,BENCHMARK_CONTEXT_V1
2025-08-28,NIFTY_500,NIFTY 500,22762.25,22762.25,22529.6,22541.65,NSE_OFFICIAL_HISTORICAL_OR_INDICES_HISTORY,https://www.nseindia.com/reports-indices-historical-index-data#NIFTY_500_2025-08-17_2025-11-14.json,2025-08-27,OFFICIAL_NSE_INDEX_CLOSE_NO_FORWARD_FILL,BENCHMARK_CONTEXT_V1
2025-08-29,NIFTY_500,NIFTY 500,22524.15,22624.7,22443.8,22462.95,NSE_OFFICIAL_HISTORICAL_OR_INDICES_HISTORY,https://www.nseindia.com/reports-indices-historical-index-data#NIFTY_500_2025-08-17_2025-11-14.json,2025-08-28,OFFICIAL_NSE_INDEX_CLOSE_NO_FORWARD_FILL,BENCHMARK_CONTEXT_V1
2025-09-01,NIFTY_500,NIFTY 500,22491.9,22720.55,22491.9,22713.55,NSE_OFFICIAL_HISTORICAL_OR_INDICES_HISTORY,https://www.nseindia.com/reports-indices-historical-index-data#NIFTY_500_2025-08-17_2025-11-14.json,2025-08-31,OFFICIAL_NSE_INDEX_CLOSE_NO_FORWARD_FILL,BENCHMARK_CONTEXT_V1
2025-09-02,NIFTY_500,NIFTY 500,22758.2,22858.2,22678.45,22724.4,NSE_OFFICIAL_HISTORICAL_OR_INDICES_HISTORY,https://www.nseindia.com/reports-indices-historical-index-data#NIFTY_500_2025-08-17_2025-11-14.json,2025-09-01,OFFICIAL_NSE_INDEX_CLOSE_NO_FORWARD_FILL,BENCHMARK_CONTEXT_V1
2025-09-03,NIFTY_500,NIFTY 500,22764,22877.35,22709.2,22864.65,NSE_OFFICIAL_HISTORICAL_OR_INDICES_HISTORY,https://www.nseindia.com/reports-indices-historical-index-data#NIFTY_500_2025-08-17_2025-11-14.json,2025-09-02,OFFICIAL_NSE_INDEX_CLOSE_NO_FORWARD_FILL,BENCHMARK_CONTEXT_V1
2025-09-04,NIFTY_500,NIFTY 500,23116.9,23116.9,22795,22819.65,NSE_OFFICIAL_HISTORICAL_OR_INDICES_HISTORY,https://www.nseindia.com/reports-indices-historical-index-data#NIFTY_500_2025-08-17_2025-11-14.json,2025-09-03,OFFICIAL_NSE_INDEX_CLOSE_NO_FORWARD_FILL,BENCHMARK_CONTEXT_V1
2025-09-05,NIFTY_500,NIFTY 500,22891.75,22916,22718.5,22829.15,NSE_OFFICIAL_HISTORICAL_OR_INDICES_HISTORY,https://www.nseindia.com/reports-indices-historical-index-data#NIFTY_500_2025-08-17_2025-11-14.json,2025-09-04,OFFICIAL_NSE_INDEX_CLOSE_NO_FORWARD_FILL,BENCHMARK_CONTEXT_V1
2025-09-08,NIFTY_500,NIFTY 500,22892.8,22974.85,22835.9,22878.65,NSE_OFFICIAL_HISTORICAL_OR_INDICES_HISTORY,https://www.nseindia.com/reports-indices-historical-index-data#NIFTY_500_2025-08-17_2025-11-14.json,2025-09-07,OFFICIAL_NSE_INDEX_CLOSE_NO_FORWARD_FILL,BENCHMARK_CONTEXT_V1
2025-09-09,NIFTY_500,NIFTY 500,22949.55,22964.05,22893.05,22949.1,NSE_OFFICIAL_HISTORICAL_OR_INDICES_HISTORY,https://www.nseindia.com/reports-indices-historical-index-data#NIFTY_500_2025-08-17_2025-11-14.json,2025-09-08,OFFICIAL_NSE_INDEX_CLOSE_NO_FORWARD_FILL,BENCHMARK_CONTEXT_V1
2025-09-10,NIFTY_500,NIFTY 500,23056.8,23121.75,23027.05,23074.15,NSE_OFFICIAL_HISTORICAL_OR_INDICES_HISTORY,https://www.nseindia.com/reports-indices-historical-index-data#NIFTY_500_2025-08-17_2025-11-14.json,2025-09-09,OFFICIAL_NSE_INDEX_CLOSE_NO_FORWARD_FILL,BENCHMARK_CONTEXT_V1
2025-09-11,NIFTY_500,NIFTY 500,23073.45,23128.55,23065.7,23102.65,NSE_OFFICIAL_HISTORICAL_OR_INDICES_HISTORY,https://www.nseindia.com/reports-indices-historical-index-data#NIFTY_500_2025-08-17_2025-11-14.json,2025-09-10,OFFICIAL_NSE_INDEX_CLOSE_NO_FORWARD_FILL,BENCHMARK_CONTEXT_V1
2025-09-12,NIFTY_500,NIFTY 500,23171.55,23210.4,23129.9,23190.25,NSE_OFFICIAL_HISTORICAL_OR_INDICES_HISTORY,https://www.nseindia.com/reports-indices-historical-index-data#NIFTY_500_2025-08-17_2025-11-14.json,2025-09-11,OFFICIAL_NSE_INDEX_CLOSE_NO_FORWARD_FILL,BENCHMARK_CONTEXT_V1
2025-09-15,NIFTY_500,NIFTY 500,23213.15,23249.2,23182.05,23215.85,NSE_OFFICIAL_HISTORICAL_OR_INDICES_HISTORY,https://www.nseindia.com/reports-indices-historical-index-data#NIFTY_500_2025-08-17_2025-11-14.json,2025-09-14,OFFICIAL_NSE_INDEX_CLOSE_NO_FORWARD_FILL,BENCHMARK_CONTEXT_V1
2025-09-16,NIFTY_500,NIFTY 500,23240.25,23386.65,23217.3,23369.3,NSE_OFFICIAL_HISTORICAL_OR_INDICES_HISTORY,https://www.nseindia.com/reports-indices-historical-index-data#NIFTY_500_2025-08-17_2025-11-14.json,2025-09-15,OFFICIAL_NSE_INDEX_CLOSE_NO_FORWARD_FILL,BENCHMARK_CONTEXT_V1
2025-09-17,NIFTY_500,NIFTY 500,23419.1,23464.4,23395.75,23445.2,NSE_OFFICIAL_HISTORICAL_OR_INDICES_HISTORY,https://www.nseindia.com/reports-indices-historical-index-data#NIFTY_500_2025-08-17_2025-11-14.json,2025-09-16,OFFICIAL_NSE_INDEX_CLOSE_NO_FORWARD_FILL,BENCHMARK_CONTEXT_V1
2025-09-18,NIFTY_500,NIFTY 500,23534.15,23538.9,23434.45,23518.9,NSE_OFFICIAL_HISTORICAL_OR_INDICES_HISTORY,https://www.nseindia.com/reports-indices-historical-index-data#NIFTY_500_2025-08-17_2025-11-14.json,2025-09-17,OFFICIAL_NSE_INDEX_CLOSE_NO_FORWARD_FILL,BENCHMARK_CONTEXT_V1
2025-09-19,NIFTY_500,NIFTY 500,23530.6,23541.3,23451.6,23486.65,NSE_OFFICIAL_HISTORICAL_OR_INDICES_HISTORY,https://www.nseindia.com/reports-indices-historical-index-data#NIFTY_500_2025-08-17_2025-11-14.json,2025-09-18,OFFICIAL_NSE_INDEX_CLOSE_NO_FORWARD_FILL,BENCHMARK_CONTEXT_V1
2025-09-22,NIFTY_500,NIFTY 500,23434.75,23523.55,23335.1,23381.45,NSE_OFFICIAL_HISTORICAL_OR_INDICES_HISTORY,https://www.nseindia.com/reports-indices-historical-index-data#NIFTY_500_2025-08-17_2025-11-14.json,2025-09-21,OFFICIAL_NSE_INDEX_CLOSE_NO_FORWARD_FILL,BENCHMARK_CONTEXT_V1
2025-09-23,NIFTY_500,NIFTY 500,23408.2,23434.3,23253.1,23325.25,NSE_OFFICIAL_HISTORICAL_OR_INDICES_HISTORY,https://www.nseindia.com/reports-indices-historical-index-data#NIFTY_500_2025-08-17_2025-11-14.json,2025-09-22,OFFICIAL_NSE_INDEX_CLOSE_NO_FORWARD_FILL,BENCHMARK_CONTEXT_V1
2025-09-24,NIFTY_500,NIFTY 500,23293.4,23317.2,23165.95,23178.25,NSE_OFFICIAL_HISTORICAL_OR_INDICES_HISTORY,https://www.nseindia.com/reports-indices-historical-index-data#NIFTY_500_2025-08-17_2025-11-14.json,2025-09-23,OFFICIAL_NSE_INDEX_CLOSE_NO_FORWARD_FILL,BENCHMARK_CONTEXT_V1
2025-09-25,NIFTY_500,NIFTY 500,23169.45,23235.55,23009.55,23022.4,NSE_OFFICIAL_HISTORICAL_OR_INDICES_HISTORY,https://www.nseindia.com/reports-indices-historical-index-data#NIFTY_500_2025-08-17_2025-11-14.json,2025-09-24,OFFICIAL_NSE_INDEX_CLOSE_NO_FORWARD_FILL,BENCHMARK_CONTEXT_V1
2025-09-26,NIFTY_500,NIFTY 500,22965.9,22994.15,22692.7,22713.15,NSE_OFFICIAL_HISTORICAL_OR_INDICES_HISTORY,https://www.nseindia.com/reports-indices-historical-index-data#NIFTY_500_2025-08-17_2025-11-14.json,2025-09-25,OFFICIAL_NSE_INDEX_CLOSE_NO_FORWARD_FILL,BENCHMARK_CONTEXT_V1
2025-09-29,NIFTY_500,NIFTY 500,22783.9,22865.1,22677,22739.1,NSE_OFFICIAL_HISTORICAL_OR_INDICES_HISTORY,https://www.nseindia.com/reports-indices-historical-index-data#NIFTY_500_2025-08-17_2025-11-14.json,2025-09-28,OFFICIAL_NSE_INDEX_CLOSE_NO_FORWARD_FILL,BENCHMARK_CONTEXT_V1
2025-09-30,NIFTY_500,NIFTY 500,22793.65,22829.2,22669.3,22734.1,NSE_OFFICIAL_HISTORICAL_OR_INDICES_HISTORY,https://www.nseindia.com/reports-indices-historical-index-data#NIFTY_500_2025-08-17_2025-11-14.json,2025-09-29,OFFICIAL_NSE_INDEX_CLOSE_NO_FORWARD_FILL,BENCHMARK_CONTEXT_V1
2025-10-01,NIFTY_500,NIFTY 500,22745.95,22943.2,22726.25,22928.3,NSE_OFFICIAL_HISTORICAL_OR_INDICES_HISTORY,https://www.nseindia.com/reports-indices-historical-index-data#NIFTY_500_2025-08-17_2025-11-14.json,2025-09-30,OFFICIAL_NSE_INDEX_CLOSE_NO_FORWARD_FILL,BENCHMARK_CONTEXT_V1
2025-10-03,NIFTY_500,NIFTY 500,22905.1,23037.5,22874.15,23027.7,NSE_OFFICIAL_HISTORICAL_OR_INDICES_HISTORY,https://www.nseindia.com/reports-indices-historical-index-data#NIFTY_500_2025-08-17_2025-11-14.json,2025-10-02,OFFICIAL_NSE_INDEX_CLOSE_NO_FORWARD_FILL,BENCHMARK_CONTEXT_V1
2025-10-06,NIFTY_500,NIFTY 500,23055.15,23177.25,23008.3,23169.65,NSE_OFFICIAL_HISTORICAL_OR_INDICES_HISTORY,https://www.nseindia.com/reports-indices-historical-index-data#NIFTY_500_2025-08-17_2025-11-14.json,2025-10-05,OFFICIAL_NSE_INDEX_CLOSE_NO_FORWARD_FILL,BENCHMARK_CONTEXT_V1
2025-10-07,NIFTY_500,NIFTY 500,23191.35,23275.1,23170.85,23209.5,NSE_OFFICIAL_HISTORICAL_OR_INDICES_HISTORY,https://www.nseindia.com/reports-indices-historical-index-data#NIFTY_500_2025-08-17_2025-11-14.json,2025-10-06,OFFICIAL_NSE_INDEX_CLOSE_NO_FORWARD_FILL,BENCHMARK_CONTEXT_V1
2025-10-08,NIFTY_500,NIFTY 500,23197.95,23265.2,23087.9,23109.35,NSE_OFFICIAL_HISTORICAL_OR_INDICES_HISTORY,https://www.nseindia.com/reports-indices-historical-index-data#NIFTY_500_2025-08-17_2025-11-14.json,2025-10-07,OFFICIAL_NSE_INDEX_CLOSE_NO_FORWARD_FILL,BENCHMARK_CONTEXT_V1
2025-10-09,NIFTY_500,NIFTY 500,23144.3,23251.65,23101.85,23241.75,NSE_OFFICIAL_HISTORICAL_OR_INDICES_HISTORY,https://www.nseindia.com/reports-indices-historical-index-data#NIFTY_500_2025-08-17_2025-11-14.json,2025-10-08,OFFICIAL_NSE_INDEX_CLOSE_NO_FORWARD_FILL,BENCHMARK_CONTEXT_V1
2025-10-10,NIFTY_500,NIFTY 500,23247.45,23374.25,23220.05,23337.55,NSE_OFFICIAL_HISTORICAL_OR_INDICES_HISTORY,https://www.nseindia.com/reports-indices-historical-index-data#NIFTY_500_2025-08-17_2025-11-14.json,2025-10-09,OFFICIAL_NSE_INDEX_CLOSE_NO_FORWARD_FILL,BENCHMARK_CONTEXT_V1
2025-10-13,NIFTY_500,NIFTY 500,23245.05,23315.65,23201.55,23294.8,NSE_OFFICIAL_HISTORICAL_OR_INDICES_HISTORY,https://www.nseindia.com/reports-indices-historical-index-data#NIFTY_500_2025-08-17_2025-11-14.json,2025-10-12,OFFICIAL_NSE_INDEX_CLOSE_NO_FORWARD_FILL,BENCHMARK_CONTEXT_V1
2025-10-14,NIFTY_500,NIFTY 500,23349.75,23374,23121.5,23184.05,NSE_OFFICIAL_HISTORICAL_OR_INDICES_HISTORY,https://www.nseindia.com/reports-indices-historical-index-data#NIFTY_500_2025-08-17_2025-11-14.json,2025-10-13,OFFICIAL_NSE_INDEX_CLOSE_NO_FORWARD_FILL,BENCHMARK_CONTEXT_V1
2025-10-15,NIFTY_500,NIFTY 500,23227.55,23400.95,23224.15,23377.35,NSE_OFFICIAL_HISTORICAL_OR_INDICES_HISTORY,https://www.nseindia.com/reports-indices-historical-index-data#NIFTY_500_2025-08-17_2025-11-14.json,2025-10-14,OFFICIAL_NSE_INDEX_CLOSE_NO_FORWARD_FILL,BENCHMARK_CONTEXT_V1
2025-10-16,NIFTY_500,NIFTY 500,23443.3,23592.85,23428.15,23563.8,NSE_OFFICIAL_HISTORICAL_OR_INDICES_HISTORY,https://www.nseindia.com/reports-indices-historical-index-data#NIFTY_500_2025-08-17_2025-11-14.json,2025-10-15,OFFICIAL_NSE_INDEX_CLOSE_NO_FORWARD_FILL,BENCHMARK_CONTEXT_V1
2025-10-17,NIFTY_500,NIFTY 500,23547,23679.05,23515.85,23598.05,NSE_OFFICIAL_HISTORICAL_OR_INDICES_HISTORY,https://www.nseindia.com/reports-indices-historical-index-data#NIFTY_500_2025-08-17_2025-11-14.json,2025-10-16,OFFICIAL_NSE_INDEX_CLOSE_NO_FORWARD_FILL,BENCHMARK_CONTEXT_V1
2025-10-20,NIFTY_500,NIFTY 500,23699.35,23766.55,23654.75,23716.1,NSE_OFFICIAL_HISTORICAL_OR_INDICES_HISTORY,https://www.nseindia.com/reports-indices-historical-index-data#NIFTY_500_2025-08-17_2025-11-14.json,2025-10-19,OFFICIAL_NSE_INDEX_CLOSE_NO_FORWARD_FILL,BENCHMARK_CONTEXT_V1
2025-10-21,NIFTY_500,NIFTY 500,23791.9,23818.35,23723.4,23759.2,NSE_OFFICIAL_HISTORICAL_OR_INDICES_HISTORY,https://www.nseindia.com/reports-indices-historical-index-data#NIFTY_500_2025-08-17_2025-11-14.json,2025-10-20,OFFICIAL_NSE_INDEX_CLOSE_NO_FORWARD_FILL,BENCHMARK_CONTEXT_V1
2025-10-23,NIFTY_500,NIFTY 500,23899.75,23926.1,23727.6,23755.9,NSE_OFFICIAL_HISTORICAL_OR_INDICES_HISTORY,https://www.nseindia.com/reports-indices-historical-index-data#NIFTY_500_2025-08-17_2025-11-14.json,2025-10-22,OFFICIAL_NSE_INDEX_CLOSE_NO_FORWARD_FILL,BENCHMARK_CONTEXT_V1
2025-10-24,NIFTY_500,NIFTY 500,23796.2,23802.75,23622.8,23686.6,NSE_OFFICIAL_HISTORICAL_OR_INDICES_HISTORY,https://www.nseindia.com/reports-indices-historical-index-data#NIFTY_500_2025-08-17_2025-11-14.json,2025-10-23,OFFICIAL_NSE_INDEX_CLOSE_NO_FORWARD_FILL,BENCHMARK_CONTEXT_V1
2025-10-27,NIFTY_500,NIFTY 500,23742.7,23856.3,23723.4,23840.9,NSE_OFFICIAL_HISTORICAL_OR_INDICES_HISTORY,https://www.nseindia.com/reports-indices-historical-index-data#NIFTY_500_2025-08-17_2025-11-14.json,2025-10-26,OFFICIAL_NSE_INDEX_CLOSE_NO_FORWARD_FILL,BENCHMARK_CONTEXT_V1
2025-10-28,NIFTY_500,NIFTY 500,23844.75,23907.55,23717.05,23812.55,NSE_OFFICIAL_HISTORICAL_OR_INDICES_HISTORY,https://www.nseindia.com/reports-indices-historical-index-data#NIFTY_500_2025-08-17_2025-11-14.json,2025-10-27,OFFICIAL_NSE_INDEX_CLOSE_NO_FORWARD_FILL,BENCHMARK_CONTEXT_V1
2025-10-29,NIFTY_500,NIFTY 500,23851.55,23971.55,23821.3,23952.4,NSE_OFFICIAL_HISTORICAL_OR_INDICES_HISTORY,https://www.nseindia.com/reports-indices-historical-index-data#NIFTY_500_2025-08-17_2025-11-14.json,2025-10-28,OFFICIAL_NSE_INDEX_CLOSE_NO_FORWARD_FILL,BENCHMARK_CONTEXT_V1
2025-10-30,NIFTY_500,NIFTY 500,23933.65,23949.75,23804.45,23841.3,NSE_OFFICIAL_HISTORICAL_OR_INDICES_HISTORY,https://www.nseindia.com/reports-indices-historical-index-data#NIFTY_500_2025-08-17_2025-11-14.json,2025-10-29,OFFICIAL_NSE_INDEX_CLOSE_NO_FORWARD_FILL,BENCHMARK_CONTEXT_V1
2025-10-31,NIFTY_500,NIFTY 500,23847.6,23913.45,23698.05,23710.4,NSE_OFFICIAL_HISTORICAL_OR_INDICES_HISTORY,https://www.nseindia.com/reports-indices-historical-index-data#NIFTY_500_2025-08-17_2025-11-14.json,2025-10-30,OFFICIAL_NSE_INDEX_CLOSE_NO_FORWARD_FILL,BENCHMARK_CONTEXT_V1
2025-11-03,NIFTY_500,NIFTY 500,23711.95,23840.1,23695.15,23810.7,NSE_OFFICIAL_HISTORICAL_OR_INDICES_HISTORY,https://www.nseindia.com/reports-indices-historical-index-data#NIFTY_500_2025-08-17_2025-11-14.json,2025-11-02,OFFICIAL_NSE_INDEX_CLOSE_NO_FORWARD_FILL,BENCHMARK_CONTEXT_V1
2025-11-04,NIFTY_500,NIFTY 500,23811.3,23829.7,23660.2,23675.45,NSE_OFFICIAL_HISTORICAL_OR_INDICES_HISTORY,https://www.nseindia.com/reports-indices-historical-index-data#NIFTY_500_2025-08-17_2025-11-14.json,2025-11-03,OFFICIAL_NSE_INDEX_CLOSE_NO_FORWARD_FILL,BENCHMARK_CONTEXT_V1
2025-11-06,NIFTY_500,NIFTY 500,23683.35,23713.4,23501.05,23513.15,NSE_OFFICIAL_HISTORICAL_OR_INDICES_HISTORY,https://www.nseindia.com/reports-indices-historical-index-data#NIFTY_500_2025-08-17_2025-11-14.json,2025-11-05,OFFICIAL_NSE_INDEX_CLOSE_NO_FORWARD_FILL,BENCHMARK_CONTEXT_V1
2025-11-07,NIFTY_500,NIFTY 500,23441.05,23570.1,23291.2,23521.5,NSE_OFFICIAL_HISTORICAL_OR_INDICES_HISTORY,https://www.nseindia.com/reports-indices-historical-index-data#NIFTY_500_2025-08-17_2025-11-14.json,2025-11-06,OFFICIAL_NSE_INDEX_CLOSE_NO_FORWARD_FILL,BENCHMARK_CONTEXT_V1
2025-11-10,NIFTY_500,NIFTY 500,23545.35,23658.85,23542.1,23596.9,NSE_OFFICIAL_HISTORICAL_OR_INDICES_HISTORY,https://www.nseindia.com/reports-indices-historical-index-data#NIFTY_500_2025-08-17_2025-11-14.json,2025-11-09,OFFICIAL_NSE_INDEX_CLOSE_NO_FORWARD_FILL,BENCHMARK_CONTEXT_V1
2025-11-11,NIFTY_500,NIFTY 500,23634.65,23693.8,23476.3,23682.65,NSE_OFFICIAL_HISTORICAL_OR_INDICES_HISTORY,https://www.nseindia.com/reports-indices-historical-index-data#NIFTY_500_2025-08-17_2025-11-14.json,2025-11-10,OFFICIAL_NSE_INDEX_CLOSE_NO_FORWARD_FILL,BENCHMARK_CONTEXT_V1
2025-11-12,NIFTY_500,NIFTY 500,23796.95,23874.85,23766.2,23836.9,NSE_OFFICIAL_HISTORICAL_OR_INDICES_HISTORY,https://www.nseindia.com/reports-indices-historical-index-data#NIFTY_500_2025-08-17_2025-11-14.json,2025-11-11,OFFICIAL_NSE_INDEX_CLOSE_NO_FORWARD_FILL,BENCHMARK_CONTEXT_V1
2025-11-13,NIFTY_500,NIFTY 500,23867.65,23935.1,23793.65,23816,NSE_OFFICIAL_HISTORICAL_OR_INDICES_HISTORY,https://www.nseindia.com/reports-indices-historical-index-data#NIFTY_500_2025-08-17_2025-11-14.json,2025-11-12,OFFICIAL_NSE_INDEX_CLOSE_NO_FORWARD_FILL,BENCHMARK_CONTEXT_V1
2025-11-14,NIFTY_500,NIFTY 500,23751.25,23858.3,23717,23836.35,NSE_OFFICIAL_HISTORICAL_OR_INDICES_HISTORY,https://www.nseindia.com/reports-indices-historical-index-data#NIFTY_500_2025-08-17_2025-11-14.json,2025-11-13,OFFICIAL_NSE_INDEX_CLOSE_NO_FORWARD_FILL,BENCHMARK_CONTEXT_V1
2025-11-17,NIFTY_500,NIFTY 500,23889.55,23964.75,23863.55,23954.55,NSE_OFFICIAL_HISTORICAL_OR_INDICES_HISTORY,https://www.nseindia.com/reports-indices-historical-index-data#NIFTY_500_2025-11-15_2026-02-12.json,2025-11-16,OFFICIAL_NSE_INDEX_CLOSE_NO_FORWARD_FILL,BENCHMARK_CONTEXT_V1
2025-11-18,NIFTY_500,NIFTY 500,23970.45,23973.05,23800.95,23824.65,NSE_OFFICIAL_HISTORICAL_OR_INDICES_HISTORY,https://www.nseindia.com/reports-indices-historical-index-data#NIFTY_500_2025-11-15_2026-02-12.json,2025-11-17,OFFICIAL_NSE_INDEX_CLOSE_NO_FORWARD_FILL,BENCHMARK_CONTEXT_V1
2025-11-19,NIFTY_500,NIFTY 500,23832.55,23924.3,23766.6,23906.3,NSE_OFFICIAL_HISTORICAL_OR_INDICES_HISTORY,https://www.nseindia.com/reports-indices-historical-index-data#NIFTY_500_2025-11-15_2026-02-12.json,2025-11-18,OFFICIAL_NSE_INDEX_CLOSE_NO_FORWARD_FILL,BENCHMARK_CONTEXT_V1
2025-11-20,NIFTY_500,NIFTY 500,23984.4,24032.1,23918.8,23975.45,NSE_OFFICIAL_HISTORICAL_OR_INDICES_HISTORY,https://www.nseindia.com/reports-indices-historical-index-data#NIFTY_500_2025-11-15_2026-02-12.json,2025-11-19,OFFICIAL_NSE_INDEX_CLOSE_NO_FORWARD_FILL,BENCHMARK_CONTEXT_V1
2025-11-21,NIFTY_500,NIFTY 500,23917.5,23938.3,23776.3,23790.25,NSE_OFFICIAL_HISTORICAL_OR_INDICES_HISTORY,https://www.nseindia.com/reports-indices-historical-index-data#NIFTY_500_2025-11-15_2026-02-12.json,2025-11-20,OFFICIAL_NSE_INDEX_CLOSE_NO_FORWARD_FILL,BENCHMARK_CONTEXT_V1
2025-11-24,NIFTY_500,NIFTY 500,23827.25,23835.2,23642.55,23674.55,NSE_OFFICIAL_HISTORICAL_OR_INDICES_HISTORY,https://www.nseindia.com/reports-indices-historical-index-data#NIFTY_500_2025-11-15_2026-02-12.json,2025-11-23,OFFICIAL_NSE_INDEX_CLOSE_NO_FORWARD_FILL,BENCHMARK_CONTEXT_V1
2025-11-25,NIFTY_500,NIFTY 500,23700.55,23745.5,23635.8,23655.05,NSE_OFFICIAL_HISTORICAL_OR_INDICES_HISTORY,https://www.nseindia.com/reports-indices-historical-index-data#NIFTY_500_2025-11-15_2026-02-12.json,2025-11-24,OFFICIAL_NSE_INDEX_CLOSE_NO_FORWARD_FILL,BENCHMARK_CONTEXT_V1
2025-11-26,NIFTY_500,NIFTY 500,23654.75,23965.35,23654.75,23955.2,NSE_OFFICIAL_HISTORICAL_OR_INDICES_HISTORY,https://www.nseindia.com/reports-indices-historical-index-data#NIFTY_500_2025-11-15_2026-02-12.json,2025-11-25,OFFICIAL_NSE_INDEX_CLOSE_NO_FORWARD_FILL,BENCHMARK_CONTEXT_V1
2025-11-27,NIFTY_500,NIFTY 500,24011.9,24026.25,23879.6,23947.75,NSE_OFFICIAL_HISTORICAL_OR_INDICES_HISTORY,https://www.nseindia.com/reports-indices-historical-index-data#NIFTY_500_2025-11-15_2026-02-12.json,2025-11-26,OFFICIAL_NSE_INDEX_CLOSE_NO_FORWARD_FILL,BENCHMARK_CONTEXT_V1
2025-11-28,NIFTY_500,NIFTY 500,23968.8,23979.7,23907.75,23933.2,NSE_OFFICIAL_HISTORICAL_OR_INDICES_HISTORY,https://www.nseindia.com/reports-indices-historical-index-data#NIFTY_500_2025-11-15_2026-02-12.json,2025-11-27,OFFICIAL_NSE_INDEX_CLOSE_NO_FORWARD_FILL,BENCHMARK_CONTEXT_V1
2025-12-01,NIFTY_500,NIFTY 500,24034.95,24035,23871.75,23922.45,NSE_OFFICIAL_HISTORICAL_OR_INDICES_HISTORY,https://www.nseindia.com/reports-indices-historical-index-data#NIFTY_500_2025-11-15_2026-02-12.json,2025-11-30,OFFICIAL_NSE_INDEX_CLOSE_NO_FORWARD_FILL,BENCHMARK_CONTEXT_V1
2025-12-02,NIFTY_500,NIFTY 500,23870.6,23925.85,23782.75,23822.25,NSE_OFFICIAL_HISTORICAL_OR_INDICES_HISTORY,https://www.nseindia.com/reports-indices-historical-index-data#NIFTY_500_2025-11-15_2026-02-12.json,2025-12-01,OFFICIAL_NSE_INDEX_CLOSE_NO_FORWARD_FILL,BENCHMARK_CONTEXT_V1
2025-12-03,NIFTY_500,NIFTY 500,23813.45,23845.8,23641.75,23716.3,NSE_OFFICIAL_HISTORICAL_OR_INDICES_HISTORY,https://www.nseindia.com/reports-indices-historical-index-data#NIFTY_500_2025-11-15_2026-02-12.json,2025-12-02,OFFICIAL_NSE_INDEX_CLOSE_NO_FORWARD_FILL,BENCHMARK_CONTEXT_V1
2025-12-04,NIFTY_500,NIFTY 500,23718.1,23820.45,23680.25,23741.1,NSE_OFFICIAL_HISTORICAL_OR_INDICES_HISTORY,https://www.nseindia.com/reports-indices-historical-index-data#NIFTY_500_2025-11-15_2026-02-12.json,2025-12-03,OFFICIAL_NSE_INDEX_CLOSE_NO_FORWARD_FILL,BENCHMARK_CONTEXT_V1
2025-12-05,NIFTY_500,NIFTY 500,23720.7,23848.45,23672.35,23835.25,NSE_OFFICIAL_HISTORICAL_OR_INDICES_HISTORY,https://www.nseindia.com/reports-indices-historical-index-data#NIFTY_500_2025-11-15_2026-02-12.json,2025-12-04,OFFICIAL_NSE_INDEX_CLOSE_NO_FORWARD_FILL,BENCHMARK_CONTEXT_V1
2025-12-08,NIFTY_500,NIFTY 500,23821.75,23833.15,23460.7,23526.2,NSE_OFFICIAL_HISTORICAL_OR_INDICES_HISTORY,https://www.nseindia.com/reports-indices-historical-index-data#NIFTY_500_2025-11-15_2026-02-12.json,2025-12-07,OFFICIAL_NSE_INDEX_CLOSE_NO_FORWARD_FILL,BENCHMARK_CONTEXT_V1
2025-12-09,NIFTY_500,NIFTY 500,23447.05,23556.35,23259.7,23516.25,NSE_OFFICIAL_HISTORICAL_OR_INDICES_HISTORY,https://www.nseindia.com/reports-indices-historical-index-data#NIFTY_500_2025-11-15_2026-02-12.json,2025-12-08,OFFICIAL_NSE_INDEX_CLOSE_NO_FORWARD_FILL,BENCHMARK_CONTEXT_V1
2025-12-10,NIFTY_500,NIFTY 500,23540.15,23628.3,23386.8,23408.8,NSE_OFFICIAL_HISTORICAL_OR_INDICES_HISTORY,https://www.nseindia.com/reports-indices-historical-index-data#NIFTY_500_2025-11-15_2026-02-12.json,2025-12-09,OFFICIAL_NSE_INDEX_CLOSE_NO_FORWARD_FILL,BENCHMARK_CONTEXT_V1
2025-12-11,NIFTY_500,NIFTY 500,23421.9,23562.15,23344.25,23550.85,NSE_OFFICIAL_HISTORICAL_OR_INDICES_HISTORY,https://www.nseindia.com/reports-indices-historical-index-data#NIFTY_500_2025-11-15_2026-02-12.json,2025-12-10,OFFICIAL_NSE_INDEX_CLOSE_NO_FORWARD_FILL,BENCHMARK_CONTEXT_V1
2025-12-12,NIFTY_500,NIFTY 500,23620.35,23737.7,23613,23726.2,NSE_OFFICIAL_HISTORICAL_OR_INDICES_HISTORY,https://www.nseindia.com/reports-indices-historical-index-data#NIFTY_500_2025-11-15_2026-02-12.json,2025-12-11,OFFICIAL_NSE_INDEX_CLOSE_NO_FORWARD_FILL,BENCHMARK_CONTEXT_V1
2025-12-15,NIFTY_500,NIFTY 500,23654,23735.7,23591.3,23725.2,NSE_OFFICIAL_HISTORICAL_OR_INDICES_HISTORY,https://www.nseindia.com/reports-indices-historical-index-data#NIFTY_500_2025-11-15_2026-02-12.json,2025-12-14,OFFICIAL_NSE_INDEX_CLOSE_NO_FORWARD_FILL,BENCHMARK_CONTEXT_V1
2025-12-16,NIFTY_500,NIFTY 500,23676.8,23687.35,23542.55,23570.15,NSE_OFFICIAL_HISTORICAL_OR_INDICES_HISTORY,https://www.nseindia.com/reports-indices-historical-index-data#NIFTY_500_2025-11-15_2026-02-12.json,2025-12-15,OFFICIAL_NSE_INDEX_CLOSE_NO_FORWARD_FILL,BENCHMARK_CONTEXT_V1
2025-12-17,NIFTY_500,NIFTY 500,23597.6,23635.05,23449.5,23496.05,NSE_OFFICIAL_HISTORICAL_OR_INDICES_HISTORY,https://www.nseindia.com/reports-indices-historical-index-data#NIFTY_500_2025-11-15_2026-02-12.json,2025-12-16,OFFICIAL_NSE_INDEX_CLOSE_NO_FORWARD_FILL,BENCHMARK_CONTEXT_V1
2025-12-18,NIFTY_500,NIFTY 500,23469.8,23553.25,23363.5,23491.5,NSE_OFFICIAL_HISTORICAL_OR_INDICES_HISTORY,https://www.nseindia.com/reports-indices-historical-index-data#NIFTY_500_2025-11-15_2026-02-12.json,2025-12-17,OFFICIAL_NSE_INDEX_CLOSE_NO_FORWARD_FILL,BENCHMARK_CONTEXT_V1
2025-12-19,NIFTY_500,NIFTY 500,23562.65,23688.35,23548.95,23677.55,NSE_OFFICIAL_HISTORICAL_OR_INDICES_HISTORY,https://www.nseindia.com/reports-indices-historical-index-data#NIFTY_500_2025-11-15_2026-02-12.json,2025-12-18,OFFICIAL_NSE_INDEX_CLOSE_NO_FORWARD_FILL,BENCHMARK_CONTEXT_V1
2025-12-22,NIFTY_500,NIFTY 500,23760.95,23878.65,23743.25,23867.65,NSE_OFFICIAL_HISTORICAL_OR_INDICES_HISTORY,https://www.nseindia.com/reports-indices-historical-index-data#NIFTY_500_2025-11-15_2026-02-12.json,2025-12-21,OFFICIAL_NSE_INDEX_CLOSE_NO_FORWARD_FILL,BENCHMARK_CONTEXT_V1
2025-12-23,NIFTY_500,NIFTY 500,23906.1,23929.25,23825.15,23895.15,NSE_OFFICIAL_HISTORICAL_OR_INDICES_HISTORY,https://www.nseindia.com/reports-indices-historical-index-data#NIFTY_500_2025-11-15_2026-02-12.json,2025-12-22,OFFICIAL_NSE_INDEX_CLOSE_NO_FORWARD_FILL,BENCHMARK_CONTEXT_V1
2025-12-24,NIFTY_500,NIFTY 500,23903.1,23956.8,23836.55,23850.25,NSE_OFFICIAL_HISTORICAL_OR_INDICES_HISTORY,https://www.nseindia.com/reports-indices-historical-index-data#NIFTY_500_2025-11-15_2026-02-12.json,2025-12-23,OFFICIAL_NSE_INDEX_CLOSE_NO_FORWARD_FILL,BENCHMARK_CONTEXT_V1
2025-12-26,NIFTY_500,NIFTY 500,23841.95,23885.35,23752.55,23780.25,NSE_OFFICIAL_HISTORICAL_OR_INDICES_HISTORY,https://www.nseindia.com/reports-indices-historical-index-data#NIFTY_500_2025-11-15_2026-02-12.json,2025-12-25,OFFICIAL_NSE_INDEX_CLOSE_NO_FORWARD_FILL,BENCHMARK_CONTEXT_V1
2025-12-29,NIFTY_500,NIFTY 500,23804.4,23826.75,23660.3,23682.1,NSE_OFFICIAL_HISTORICAL_OR_INDICES_HISTORY,https://www.nseindia.com/reports-indices-historical-index-data#NIFTY_500_2025-11-15_2026-02-12.json,2025-12-28,OFFICIAL_NSE_INDEX_CLOSE_NO_FORWARD_FILL,BENCHMARK_CONTEXT_V1
2025-12-30,NIFTY_500,NIFTY 500,23675.3,23704.2,23599.9,23668.8,NSE_OFFICIAL_HISTORICAL_OR_INDICES_HISTORY,https://www.nseindia.com/reports-indices-historical-index-data#NIFTY_500_2025-11-15_2026-02-12.json,2025-12-29,OFFICIAL_NSE_INDEX_CLOSE_NO_FORWARD_FILL,BENCHMARK_CONTEXT_V1
2025-12-31,NIFTY_500,NIFTY 500,23710.45,23921.45,23709.55,23871.55,NSE_OFFICIAL_HISTORICAL_OR_INDICES_HISTORY,https://www.nseindia.com/reports-indices-historical-index-data#NIFTY_500_2025-11-15_2026-02-12.json,2025-12-30,OFFICIAL_NSE_INDEX_CLOSE_NO_FORWARD_FILL,BENCHMARK_CONTEXT_V1
2026-01-01,NIFTY_500,NIFTY 500,23914.65,23925.55,23835.55,23909.55,NSE_OFFICIAL_HISTORICAL_OR_INDICES_HISTORY,https://www.nseindia.com/reports-indices-historical-index-data#NIFTY_500_2025-11-15_2026-02-12.json,2025-12-31,OFFICIAL_NSE_INDEX_CLOSE_NO_FORWARD_FILL,BENCHMARK_CONTEXT_V1
2026-01-02,NIFTY_500,NIFTY 500,23935.95,24107.7,23921.45,24099,NSE_OFFICIAL_HISTORICAL_OR_INDICES_HISTORY,https://www.nseindia.com/reports-indices-historical-index-data#NIFTY_500_2025-11-15_2026-02-12.json,2026-01-01,OFFICIAL_NSE_INDEX_CLOSE_NO_FORWARD_FILL,BENCHMARK_CONTEXT_V1
2026-01-05,NIFTY_500,NIFTY 500,24123.1,24144.2,23999.15,24058.45,NSE_OFFICIAL_HISTORICAL_OR_INDICES_HISTORY,https://www.nseindia.com/reports-indices-historical-index-data#NIFTY_500_2025-11-15_2026-02-12.json,2026-01-04,OFFICIAL_NSE_INDEX_CLOSE_NO_FORWARD_FILL,BENCHMARK_CONTEXT_V1
2026-01-06,NIFTY_500,NIFTY 500,24042.9,24089.75,23941.4,24010.5,NSE_OFFICIAL_HISTORICAL_OR_INDICES_HISTORY,https://www.nseindia.com/reports-indices-historical-index-data#NIFTY_500_2025-11-15_2026-02-12.json,2026-01-05,OFFICIAL_NSE_INDEX_CLOSE_NO_FORWARD_FILL,BENCHMARK_CONTEXT_V1
2026-01-07,NIFTY_500,NIFTY 500,23995.85,24050.55,23942.25,24016.6,NSE_OFFICIAL_HISTORICAL_OR_INDICES_HISTORY,https://www.nseindia.com/reports-indices-historical-index-data#NIFTY_500_2025-11-15_2026-02-12.json,2026-01-06,OFFICIAL_NSE_INDEX_CLOSE_NO_FORWARD_FILL,BENCHMARK_CONTEXT_V1
2026-01-08,NIFTY_500,NIFTY 500,23996.2,24010.45,23657.35,23680.1,NSE_OFFICIAL_HISTORICAL_OR_INDICES_HISTORY,https://www.nseindia.com/reports-indices-historical-index-data#NIFTY_500_2025-11-15_2026-02-12.json,2026-01-07,OFFICIAL_NSE_INDEX_CLOSE_NO_FORWARD_FILL,BENCHMARK_CONTEXT_V1
2026-01-09,NIFTY_500,NIFTY 500,23646.75,23741.75,23407.7,23467.35,NSE_OFFICIAL_HISTORICAL_OR_INDICES_HISTORY,https://www.nseindia.com/reports-indices-historical-index-data#NIFTY_500_2025-11-15_2026-02-12.json,2026-01-08,OFFICIAL_NSE_INDEX_CLOSE_NO_FORWARD_FILL,BENCHMARK_CONTEXT_V1
2026-01-12,NIFTY_500,NIFTY 500,23459.4,23533.45,23199.5,23510.45,NSE_OFFICIAL_HISTORICAL_OR_INDICES_HISTORY,https://www.nseindia.com/reports-indices-historical-index-data#NIFTY_500_2025-11-15_2026-02-12.json,2026-01-11,OFFICIAL_NSE_INDEX_CLOSE_NO_FORWARD_FILL,BENCHMARK_CONTEXT_V1
2026-01-13,NIFTY_500,NIFTY 500,23603.45,23627.05,23336.05,23480.65,NSE_OFFICIAL_HISTORICAL_OR_INDICES_HISTORY,https://www.nseindia.com/reports-indices-historical-index-data#NIFTY_500_2025-11-15_2026-02-12.json,2026-01-12,OFFICIAL_NSE_INDEX_CLOSE_NO_FORWARD_FILL,BENCHMARK_CONTEXT_V1
2026-01-14,NIFTY_500,NIFTY 500,23422.1,23558.7,23399.9,23475.85,NSE_OFFICIAL_HISTORICAL_OR_INDICES_HISTORY,https://www.nseindia.com/reports-indices-historical-index-data#NIFTY_500_2025-11-15_2026-02-12.json,2026-01-13,OFFICIAL_NSE_INDEX_CLOSE_NO_FORWARD_FILL,BENCHMARK_CONTEXT_V1
2026-01-16,NIFTY_500,NIFTY 500,23502.85,23652.7,23455.5,23485.3,NSE_OFFICIAL_HISTORICAL_OR_INDICES_HISTORY,https://www.nseindia.com/reports-indices-historical-index-data#NIFTY_500_2025-11-15_2026-02-12.json,2026-01-15,OFFICIAL_NSE_INDEX_CLOSE_NO_FORWARD_FILL,BENCHMARK_CONTEXT_V1
2026-01-19,NIFTY_500,NIFTY 500,23443.3,23443.35,23324.85,23373.75,NSE_OFFICIAL_HISTORICAL_OR_INDICES_HISTORY,https://www.nseindia.com/reports-indices-historical-index-data#NIFTY_500_2025-11-15_2026-02-12.json,2026-01-18,OFFICIAL_NSE_INDEX_CLOSE_NO_FORWARD_FILL,BENCHMARK_CONTEXT_V1
2026-01-20,NIFTY_500,NIFTY 500,23365.65,23368.15,22888.65,22946.65,NSE_OFFICIAL_HISTORICAL_OR_INDICES_HISTORY,https://www.nseindia.com/reports-indices-historical-index-data#NIFTY_500_2025-11-15_2026-02-12.json,2026-01-19,OFFICIAL_NSE_INDEX_CLOSE_NO_FORWARD_FILL,BENCHMARK_CONTEXT_V1
2026-01-21,NIFTY_500,NIFTY 500,22864.5,22981.8,22586.8,22835.15,NSE_OFFICIAL_HISTORICAL_OR_INDICES_HISTORY,https://www.nseindia.com/reports-indices-historical-index-data#NIFTY_500_2025-11-15_2026-02-12.json,2026-01-20,OFFICIAL_NSE_INDEX_CLOSE_NO_FORWARD_FILL,BENCHMARK_CONTEXT_V1
2026-01-22,NIFTY_500,NIFTY 500,23013.45,23144.55,22888.5,23008.75,NSE_OFFICIAL_HISTORICAL_OR_INDICES_HISTORY,https://www.nseindia.com/reports-indices-historical-index-data#NIFTY_500_2025-11-15_2026-02-12.json,2026-01-21,OFFICIAL_NSE_INDEX_CLOSE_NO_FORWARD_FILL,BENCHMARK_CONTEXT_V1
2026-01-23,NIFTY_500,NIFTY 500,23072.3,23073.35,22679.7,22706.2,NSE_OFFICIAL_HISTORICAL_OR_INDICES_HISTORY,https://www.nseindia.com/reports-indices-historical-index-data#NIFTY_500_2025-11-15_2026-02-12.json,2026-01-22,OFFICIAL_NSE_INDEX_CLOSE_NO_FORWARD_FILL,BENCHMARK_CONTEXT_V1
2026-01-27,NIFTY_500,NIFTY 500,22752.7,22886.95,22562.95,22819.25,NSE_OFFICIAL_HISTORICAL_OR_INDICES_HISTORY,https://www.nseindia.com/reports-indices-historical-index-data#NIFTY_500_2025-11-15_2026-02-12.json,2026-01-26,OFFICIAL_NSE_INDEX_CLOSE_NO_FORWARD_FILL,BENCHMARK_CONTEXT_V1
2026-01-28,NIFTY_500,NIFTY 500,22899.6,23101.75,22884.5,23082.1,NSE_OFFICIAL_HISTORICAL_OR_INDICES_HISTORY,https://www.nseindia.com/reports-indices-historical-index-data#NIFTY_500_2025-11-15_2026-02-12.json,2026-01-27,OFFICIAL_NSE_INDEX_CLOSE_NO_FORWARD_FILL,BENCHMARK_CONTEXT_V1
2026-01-29,NIFTY_500,NIFTY 500,23107.5,23158.6,22922.6,23134.8,NSE_OFFICIAL_HISTORICAL_OR_INDICES_HISTORY,https://www.nseindia.com/reports-indices-historical-index-data#NIFTY_500_2025-11-15_2026-02-12.json,2026-01-28,OFFICIAL_NSE_INDEX_CLOSE_NO_FORWARD_FILL,BENCHMARK_CONTEXT_V1
2026-01-30,NIFTY_500,NIFTY 500,22994.3,23110.2,22916,23079.5,NSE_OFFICIAL_HISTORICAL_OR_INDICES_HISTORY,https://www.nseindia.com/reports-indices-historical-index-data#NIFTY_500_2025-11-15_2026-02-12.json,2026-01-29,OFFICIAL_NSE_INDEX_CLOSE_NO_FORWARD_FILL,BENCHMARK_CONTEXT_V1
2026-02-01,NIFTY_500,NIFTY 500,23067.5,23160.1,22337.3,22611.3,NSE_OFFICIAL_HISTORICAL_OR_INDICES_HISTORY,https://www.nseindia.com/reports-indices-historical-index-data#NIFTY_500_2025-11-15_2026-02-12.json,2026-01-31,OFFICIAL_NSE_INDEX_CLOSE_NO_FORWARD_FILL,BENCHMARK_CONTEXT_V1
2026-02-02,NIFTY_500,NIFTY 500,22595.45,22869.7,22408.5,22837,NSE_OFFICIAL_HISTORICAL_OR_INDICES_HISTORY,https://www.nseindia.com/reports-indices-historical-index-data#NIFTY_500_2025-11-15_2026-02-12.json,2026-02-01,OFFICIAL_NSE_INDEX_CLOSE_NO_FORWARD_FILL,BENCHMARK_CONTEXT_V1
2026-02-03,NIFTY_500,NIFTY 500,23870.2,23912.35,23355.5,23446.3,NSE_OFFICIAL_HISTORICAL_OR_INDICES_HISTORY,https://www.nseindia.com/reports-indices-historical-index-data#NIFTY_500_2025-11-15_2026-02-12.json,2026-02-02,OFFICIAL_NSE_INDEX_CLOSE_NO_FORWARD_FILL,BENCHMARK_CONTEXT_V1
2026-02-04,NIFTY_500,NIFTY 500,23414.1,23562.7,23284.45,23534.95,NSE_OFFICIAL_HISTORICAL_OR_INDICES_HISTORY,https://www.nseindia.com/reports-indices-historical-index-data#NIFTY_500_2025-11-15_2026-02-12.json,2026-02-03,OFFICIAL_NSE_INDEX_CLOSE_NO_FORWARD_FILL,BENCHMARK_CONTEXT_V1
2026-02-05,NIFTY_500,NIFTY 500,23509.75,23509.95,23337.35,23411.7,NSE_OFFICIAL_HISTORICAL_OR_INDICES_HISTORY,https://www.nseindia.com/reports-indices-historical-index-data#NIFTY_500_2025-11-15_2026-02-12.json,2026-02-04,OFFICIAL_NSE_INDEX_CLOSE_NO_FORWARD_FILL,BENCHMARK_CONTEXT_V1
2026-02-06,NIFTY_500,NIFTY 500,23366.5,23447,23211.4,23434,NSE_OFFICIAL_HISTORICAL_OR_INDICES_HISTORY,https://www.nseindia.com/reports-indices-historical-index-data#NIFTY_500_2025-11-15_2026-02-12.json,2026-02-05,OFFICIAL_NSE_INDEX_CLOSE_NO_FORWARD_FILL,BENCHMARK_CONTEXT_V1
2026-02-09,NIFTY_500,NIFTY 500,23600.85,23693.05,23535.4,23683.4,NSE_OFFICIAL_HISTORICAL_OR_INDICES_HISTORY,https://www.nseindia.com/reports-indices-historical-index-data#NIFTY_500_2025-11-15_2026-02-12.json,2026-02-08,OFFICIAL_NSE_INDEX_CLOSE_NO_FORWARD_FILL,BENCHMARK_CONTEXT_V1
2026-02-10,NIFTY_500,NIFTY 500,23752.6,23796.4,23691.5,23753.75,NSE_OFFICIAL_HISTORICAL_OR_INDICES_HISTORY,https://www.nseindia.com/reports-indices-historical-index-data#NIFTY_500_2025-11-15_2026-02-12.json,2026-02-09,OFFICIAL_NSE_INDEX_CLOSE_NO_FORWARD_FILL,BENCHMARK_CONTEXT_V1
2026-02-11,NIFTY_500,NIFTY 500,23808.1,23811.15,23707.15,23783.05,NSE_OFFICIAL_HISTORICAL_OR_INDICES_HISTORY,https://www.nseindia.com/reports-indices-historical-index-data#NIFTY_500_2025-11-15_2026-02-12.json,2026-02-10,OFFICIAL_NSE_INDEX_CLOSE_NO_FORWARD_FILL,BENCHMARK_CONTEXT_V1
2026-02-12,NIFTY_500,NIFTY 500,23753.8,23753.8,23589.05,23651.55,NSE_OFFICIAL_HISTORICAL_OR_INDICES_HISTORY,https://www.nseindia.com/reports-indices-historical-index-data#NIFTY_500_2025-11-15_2026-02-12.json,2026-02-11,OFFICIAL_NSE_INDEX_CLOSE_NO_FORWARD_FILL,BENCHMARK_CONTEXT_V1
2026-02-13,NIFTY_500,NIFTY 500,23448.7,23464.05,23285,23313.15,NSE_OFFICIAL_HISTORICAL_OR_INDICES_HISTORY,https://www.nseindia.com/reports-indices-historical-index-data#NIFTY_500_2026-02-13_2026-05-13.json,2026-02-12,OFFICIAL_NSE_INDEX_CLOSE_NO_FORWARD_FILL,BENCHMARK_CONTEXT_V1
2026-02-16,NIFTY_500,NIFTY 500,23248.55,23487.35,23190.2,23472.45,NSE_OFFICIAL_HISTORICAL_OR_INDICES_HISTORY,https://www.nseindia.com/reports-indices-historical-index-data#NIFTY_500_2026-02-13_2026-05-13.json,2026-02-15,OFFICIAL_NSE_INDEX_CLOSE_NO_FORWARD_FILL,BENCHMARK_CONTEXT_V1
2026-02-17,NIFTY_500,NIFTY 500,23445.3,23563.25,23394.8,23540.05,NSE_OFFICIAL_HISTORICAL_OR_INDICES_HISTORY,https://www.nseindia.com/reports-indices-historical-index-data#NIFTY_500_2026-02-13_2026-05-13.json,2026-02-16,OFFICIAL_NSE_INDEX_CLOSE_NO_FORWARD_FILL,BENCHMARK_CONTEXT_V1
2026-02-18,NIFTY_500,NIFTY 500,23571.5,23657.75,23490.35,23645.8,NSE_OFFICIAL_HISTORICAL_OR_INDICES_HISTORY,https://www.nseindia.com/reports-indices-historical-index-data#NIFTY_500_2026-02-13_2026-05-13.json,2026-02-17,OFFICIAL_NSE_INDEX_CLOSE_NO_FORWARD_FILL,BENCHMARK_CONTEXT_V1
2026-02-19,NIFTY_500,NIFTY 500,23691.6,23697.9,23235.35,23297.45,NSE_OFFICIAL_HISTORICAL_OR_INDICES_HISTORY,https://www.nseindia.com/reports-indices-historical-index-data#NIFTY_500_2026-02-13_2026-05-13.json,2026-02-18,OFFICIAL_NSE_INDEX_CLOSE_NO_FORWARD_FILL,BENCHMARK_CONTEXT_V1
2026-02-20,NIFTY_500,NIFTY 500,23252.75,23467.4,23221.15,23395,NSE_OFFICIAL_HISTORICAL_OR_INDICES_HISTORY,https://www.nseindia.com/reports-indices-historical-index-data#NIFTY_500_2026-02-13_2026-05-13.json,2026-02-19,OFFICIAL_NSE_INDEX_CLOSE_NO_FORWARD_FILL,BENCHMARK_CONTEXT_V1
2026-02-23,NIFTY_500,NIFTY 500,23493.3,23566.85,23394.25,23484.95,NSE_OFFICIAL_HISTORICAL_OR_INDICES_HISTORY,https://www.nseindia.com/reports-indices-historical-index-data#NIFTY_500_2026-02-13_2026-05-13.json,2026-02-22,OFFICIAL_NSE_INDEX_CLOSE_NO_FORWARD_FILL,BENCHMARK_CONTEXT_V1
2026-02-24,NIFTY_500,NIFTY 500,23418.1,23418.1,23168.05,23304.6,NSE_OFFICIAL_HISTORICAL_OR_INDICES_HISTORY,https://www.nseindia.com/reports-indices-historical-index-data#NIFTY_500_2026-02-13_2026-05-13.json,2026-02-23,OFFICIAL_NSE_INDEX_CLOSE_NO_FORWARD_FILL,BENCHMARK_CONTEXT_V1
2026-02-25,NIFTY_500,NIFTY 500,23388.45,23500.1,23325.9,23403.8,NSE_OFFICIAL_HISTORICAL_OR_INDICES_HISTORY,https://www.nseindia.com/reports-indices-historical-index-data#NIFTY_500_2026-02-13_2026-05-13.json,2026-02-24,OFFICIAL_NSE_INDEX_CLOSE_NO_FORWARD_FILL,BENCHMARK_CONTEXT_V1
2026-02-26,NIFTY_500,NIFTY 500,23462.05,23502.95,23340.75,23448.5,NSE_OFFICIAL_HISTORICAL_OR_INDICES_HISTORY,https://www.nseindia.com/reports-indices-historical-index-data#NIFTY_500_2026-02-13_2026-05-13.json,2026-02-25,OFFICIAL_NSE_INDEX_CLOSE_NO_FORWARD_FILL,BENCHMARK_CONTEXT_V1
2026-02-27,NIFTY_500,NIFTY 500,23423.95,23433.55,23136.75,23166.85,NSE_OFFICIAL_HISTORICAL_OR_INDICES_HISTORY,https://www.nseindia.com/reports-indices-historical-index-data#NIFTY_500_2026-02-13_2026-05-13.json,2026-02-26,OFFICIAL_NSE_INDEX_CLOSE_NO_FORWARD_FILL,BENCHMARK_CONTEXT_V1
2026-03-02,NIFTY_500,NIFTY 500,22547,22992.35,22539.65,22835.95,NSE_OFFICIAL_HISTORICAL_OR_INDICES_HISTORY,https://www.nseindia.com/reports-indices-historical-index-data#NIFTY_500_2026-02-13_2026-05-13.json,2026-03-01,OFFICIAL_NSE_INDEX_CLOSE_NO_FORWARD_FILL,BENCHMARK_CONTEXT_V1
2026-03-04,NIFTY_500,NIFTY 500,22438,22517.4,22283.15,22409.8,NSE_OFFICIAL_HISTORICAL_OR_INDICES_HISTORY,https://www.nseindia.com/reports-indices-historical-index-data#NIFTY_500_2026-02-13_2026-05-13.json,2026-03-03,OFFICIAL_NSE_INDEX_CLOSE_NO_FORWARD_FILL,BENCHMARK_CONTEXT_V1
2026-03-05,NIFTY_500,NIFTY 500,22536.75,22760.85,22468.2,22697.8,NSE_OFFICIAL_HISTORICAL_OR_INDICES_HISTORY,https://www.nseindia.com/reports-indices-historical-index-data#NIFTY_500_2026-02-13_2026-05-13.json,2026-03-04,OFFICIAL_NSE_INDEX_CLOSE_NO_FORWARD_FILL,BENCHMARK_CONTEXT_V1
2026-03-06,NIFTY_500,NIFTY 500,22621.55,22701.6,22456.45,22481.3,NSE_OFFICIAL_HISTORICAL_OR_INDICES_HISTORY,https://www.nseindia.com/reports-indices-historical-index-data#NIFTY_500_2026-02-13_2026-05-13.json,2026-03-05,OFFICIAL_NSE_INDEX_CLOSE_NO_FORWARD_FILL,BENCHMARK_CONTEXT_V1
2026-03-09,NIFTY_500,NIFTY 500,21995.15,22090.7,21743.15,22056.55,NSE_OFFICIAL_HISTORICAL_OR_INDICES_HISTORY,https://www.nseindia.com/reports-indices-historical-index-data#NIFTY_500_2026-02-13_2026-05-13.json,2026-03-08,OFFICIAL_NSE_INDEX_CLOSE_NO_FORWARD_FILL,BENCHMARK_CONTEXT_V1
2026-03-10,NIFTY_500,NIFTY 500,22310.8,22385.65,22141.85,22342.95,NSE_OFFICIAL_HISTORICAL_OR_INDICES_HISTORY,https://www.nseindia.com/reports-indices-historical-index-data#NIFTY_500_2026-02-13_2026-05-13.json,2026-03-09,OFFICIAL_NSE_INDEX_CLOSE_NO_FORWARD_FILL,BENCHMARK_CONTEXT_V1
2026-03-11,NIFTY_500,NIFTY 500,22351.85,22440.9,22009.3,22042.3,NSE_OFFICIAL_HISTORICAL_OR_INDICES_HISTORY,https://www.nseindia.com/reports-indices-historical-index-data#NIFTY_500_2026-02-13_2026-05-13.json,2026-03-10,OFFICIAL_NSE_INDEX_CLOSE_NO_FORWARD_FILL,BENCHMARK_CONTEXT_V1
2026-03-12,NIFTY_500,NIFTY 500,21888.4,22059.6,21703.9,21897.5,NSE_OFFICIAL_HISTORICAL_OR_INDICES_HISTORY,https://www.nseindia.com/reports-indices-historical-index-data#NIFTY_500_2026-02-13_2026-05-13.json,2026-03-11,OFFICIAL_NSE_INDEX_CLOSE_NO_FORWARD_FILL,BENCHMARK_CONTEXT_V1
2026-03-13,NIFTY_500,NIFTY 500,21763.25,21780.75,21351.1,21391.2,NSE_OFFICIAL_HISTORICAL_OR_INDICES_HISTORY,https://www.nseindia.com/reports-indices-historical-index-data#NIFTY_500_2026-02-13_2026-05-13.json,2026-03-12,OFFICIAL_NSE_INDEX_CLOSE_NO_FORWARD_FILL,BENCHMARK_CONTEXT_V1
2026-03-16,NIFTY_500,NIFTY 500,21355.95,21593.25,21110,21498.8,NSE_OFFICIAL_HISTORICAL_OR_INDICES_HISTORY,https://www.nseindia.com/reports-indices-historical-index-data#NIFTY_500_2026-02-13_2026-05-13.json,2026-03-15,OFFICIAL_NSE_INDEX_CLOSE_NO_FORWARD_FILL,BENCHMARK_CONTEXT_V1
2026-03-17,NIFTY_500,NIFTY 500,21585.05,21729.65,21446.15,21669.3,NSE_OFFICIAL_HISTORICAL_OR_INDICES_HISTORY,https://www.nseindia.com/reports-indices-historical-index-data#NIFTY_500_2026-02-13_2026-05-13.json,2026-03-16,OFFICIAL_NSE_INDEX_CLOSE_NO_FORWARD_FILL,BENCHMARK_CONTEXT_V1
2026-03-18,NIFTY_500,NIFTY 500,21721.45,21990.4,21713.4,21917.4,NSE_OFFICIAL_HISTORICAL_OR_INDICES_HISTORY,https://www.nseindia.com/reports-indices-historical-index-data#NIFTY_500_2026-02-13_2026-05-13.json,2026-03-17,OFFICIAL_NSE_INDEX_CLOSE_NO_FORWARD_FILL,BENCHMARK_CONTEXT_V1
2026-03-19,NIFTY_500,NIFTY 500,21466.4,21562.8,21156.2,21225.8,NSE_OFFICIAL_HISTORICAL_OR_INDICES_HISTORY,https://www.nseindia.com/reports-indices-historical-index-data#NIFTY_500_2026-02-13_2026-05-13.json,2026-03-18,OFFICIAL_NSE_INDEX_CLOSE_NO_FORWARD_FILL,BENCHMARK_CONTEXT_V1
2026-03-20,NIFTY_500,NIFTY 500,21349.95,21558,21294.85,21327.9,NSE_OFFICIAL_HISTORICAL_OR_INDICES_HISTORY,https://www.nseindia.com/reports-indices-historical-index-data#NIFTY_500_2026-02-13_2026-05-13.json,2026-03-19,OFFICIAL_NSE_INDEX_CLOSE_NO_FORWARD_FILL,BENCHMARK_CONTEXT_V1
2026-03-23,NIFTY_500,NIFTY 500,21079.6,21090.05,20611.8,20664.25,NSE_OFFICIAL_HISTORICAL_OR_INDICES_HISTORY,https://www.nseindia.com/reports-indices-historical-index-data#NIFTY_500_2026-02-13_2026-05-13.json,2026-03-22,OFFICIAL_NSE_INDEX_CLOSE_NO_FORWARD_FILL,BENCHMARK_CONTEXT_V1
2026-03-24,NIFTY_500,NIFTY 500,21045.45,21183.15,20743.9,21067,NSE_OFFICIAL_HISTORICAL_OR_INDICES_HISTORY,https://www.nseindia.com/reports-indices-historical-index-data#NIFTY_500_2026-02-13_2026-05-13.json,2026-03-23,OFFICIAL_NSE_INDEX_CLOSE_NO_FORWARD_FILL,BENCHMARK_CONTEXT_V1
2026-03-25,NIFTY_500,NIFTY 500,21236.25,21612.45,21236.05,21478.2,NSE_OFFICIAL_HISTORICAL_OR_INDICES_HISTORY,https://www.nseindia.com/reports-indices-historical-index-data#NIFTY_500_2026-02-13_2026-05-13.json,2026-03-24,OFFICIAL_NSE_INDEX_CLOSE_NO_FORWARD_FILL,BENCHMARK_CONTEXT_V1
2026-03-27,NIFTY_500,NIFTY 500,21357.35,21364.35,21007.15,21020.15,NSE_OFFICIAL_HISTORICAL_OR_INDICES_HISTORY,https://www.nseindia.com/reports-indices-historical-index-data#NIFTY_500_2026-02-13_2026-05-13.json,2026-03-26,OFFICIAL_NSE_INDEX_CLOSE_NO_FORWARD_FILL,BENCHMARK_CONTEXT_V1
2026-03-30,NIFTY_500,NIFTY 500,20762.35,20889.25,20490.45,20528.05,NSE_OFFICIAL_HISTORICAL_OR_INDICES_HISTORY,https://www.nseindia.com/reports-indices-historical-index-data#NIFTY_500_2026-02-13_2026-05-13.json,2026-03-29,OFFICIAL_NSE_INDEX_CLOSE_NO_FORWARD_FILL,BENCHMARK_CONTEXT_V1
2026-04-01,NIFTY_500,NIFTY 500,21067.15,21153.25,20867.4,20935.15,NSE_OFFICIAL_HISTORICAL_OR_INDICES_HISTORY,https://www.nseindia.com/reports-indices-historical-index-data#NIFTY_500_2026-02-13_2026-05-13.json,2026-03-31,OFFICIAL_NSE_INDEX_CLOSE_NO_FORWARD_FILL,BENCHMARK_CONTEXT_V1
2026-04-02,NIFTY_500,NIFTY 500,20666.7,20990.05,20385.65,20938.35,NSE_OFFICIAL_HISTORICAL_OR_INDICES_HISTORY,https://www.nseindia.com/reports-indices-historical-index-data#NIFTY_500_2026-02-13_2026-05-13.json,2026-04-01,OFFICIAL_NSE_INDEX_CLOSE_NO_FORWARD_FILL,BENCHMARK_CONTEXT_V1
2026-04-06,NIFTY_500,NIFTY 500,20990.85,21217.95,20789.45,21194.05,NSE_OFFICIAL_HISTORICAL_OR_INDICES_HISTORY,https://www.nseindia.com/reports-indices-historical-index-data#NIFTY_500_2026-02-13_2026-05-13.json,2026-04-05,OFFICIAL_NSE_INDEX_CLOSE_NO_FORWARD_FILL,BENCHMARK_CONTEXT_V1
2026-04-07,NIFTY_500,NIFTY 500,21085.3,21313.1,20959.35,21296.45,NSE_OFFICIAL_HISTORICAL_OR_INDICES_HISTORY,https://www.nseindia.com/reports-indices-historical-index-data#NIFTY_500_2026-02-13_2026-05-13.json,2026-04-06,OFFICIAL_NSE_INDEX_CLOSE_NO_FORWARD_FILL,BENCHMARK_CONTEXT_V1
2026-04-08,NIFTY_500,NIFTY 500,21998.6,22159.5,21952.4,22137.1,NSE_OFFICIAL_HISTORICAL_OR_INDICES_HISTORY,https://www.nseindia.com/reports-indices-historical-index-data#NIFTY_500_2026-02-13_2026-05-13.json,2026-04-07,OFFICIAL_NSE_INDEX_CLOSE_NO_FORWARD_FILL,BENCHMARK_CONTEXT_V1
2026-04-09,NIFTY_500,NIFTY 500,22090.7,22189.5,21943.2,22037.5,NSE_OFFICIAL_HISTORICAL_OR_INDICES_HISTORY,https://www.nseindia.com/reports-indices-historical-index-data#NIFTY_500_2026-02-13_2026-05-13.json,2026-04-08,OFFICIAL_NSE_INDEX_CLOSE_NO_FORWARD_FILL,BENCHMARK_CONTEXT_V1
2026-04-10,NIFTY_500,NIFTY 500,22151.05,22364.3,22133.15,22346.75,NSE_OFFICIAL_HISTORICAL_OR_INDICES_HISTORY,https://www.nseindia.com/reports-indices-historical-index-data#NIFTY_500_2026-02-13_2026-05-13.json,2026-04-09,OFFICIAL_NSE_INDEX_CLOSE_NO_FORWARD_FILL,BENCHMARK_CONTEXT_V1
2026-04-13,NIFTY_500,NIFTY 500,21906.15,22244.9,21816.35,22179.05,NSE_OFFICIAL_HISTORICAL_OR_INDICES_HISTORY,https://www.nseindia.com/reports-indices-historical-index-data#NIFTY_500_2026-02-13_2026-05-13.json,2026-04-12,OFFICIAL_NSE_INDEX_CLOSE_NO_FORWARD_FILL,BENCHMARK_CONTEXT_V1
2026-04-15,NIFTY_500,NIFTY 500,22506.95,22621.9,22496.75,22595.55,NSE_OFFICIAL_HISTORICAL_OR_INDICES_HISTORY,https://www.nseindia.com/reports-indices-historical-index-data#NIFTY_500_2026-02-13_2026-05-13.json,2026-04-14,OFFICIAL_NSE_INDEX_CLOSE_NO_FORWARD_FILL,BENCHMARK_CONTEXT_V1
2026-04-16,NIFTY_500,NIFTY 500,22757.05,22792.25,22529.65,22656.3,NSE_OFFICIAL_HISTORICAL_OR_INDICES_HISTORY,https://www.nseindia.com/reports-indices-historical-index-data#NIFTY_500_2026-02-13_2026-05-13.json,2026-04-15,OFFICIAL_NSE_INDEX_CLOSE_NO_FORWARD_FILL,BENCHMARK_CONTEXT_V1
2026-04-17,NIFTY_500,NIFTY 500,22660.55,22882.15,22605.15,22869.4,NSE_OFFICIAL_HISTORICAL_OR_INDICES_HISTORY,https://www.nseindia.com/reports-indices-historical-index-data#NIFTY_500_2026-02-13_2026-05-13.json,2026-04-16,OFFICIAL_NSE_INDEX_CLOSE_NO_FORWARD_FILL,BENCHMARK_CONTEXT_V1
2026-04-20,NIFTY_500,NIFTY 500,22906.65,22987.6,22717.55,22865.8,NSE_OFFICIAL_HISTORICAL_OR_INDICES_HISTORY,https://www.nseindia.com/reports-indices-historical-index-data#NIFTY_500_2026-02-13_2026-05-13.json,2026-04-19,OFFICIAL_NSE_INDEX_CLOSE_NO_FORWARD_FILL,BENCHMARK_CONTEXT_V1
2026-04-21,NIFTY_500,NIFTY 500,22898.95,23064.35,22893.6,23042.35,NSE_OFFICIAL_HISTORICAL_OR_INDICES_HISTORY,https://www.nseindia.com/reports-indices-historical-index-data#NIFTY_500_2026-02-13_2026-05-13.json,2026-04-20,OFFICIAL_NSE_INDEX_CLOSE_NO_FORWARD_FILL,BENCHMARK_CONTEXT_V1
2026-04-22,NIFTY_500,NIFTY 500,22975.85,23054.5,22923.55,22991.5,NSE_OFFICIAL_HISTORICAL_OR_INDICES_HISTORY,https://www.nseindia.com/reports-indices-historical-index-data#NIFTY_500_2026-02-13_2026-05-13.json,2026-04-21,OFFICIAL_NSE_INDEX_CLOSE_NO_FORWARD_FILL,BENCHMARK_CONTEXT_V1
2026-04-23,NIFTY_500,NIFTY 500,22873.15,22957.6,22788.6,22810.85,NSE_OFFICIAL_HISTORICAL_OR_INDICES_HISTORY,https://www.nseindia.com/reports-indices-historical-index-data#NIFTY_500_2026-02-13_2026-05-13.json,2026-04-22,OFFICIAL_NSE_INDEX_CLOSE_NO_FORWARD_FILL,BENCHMARK_CONTEXT_V1
2026-04-24,NIFTY_500,NIFTY 500,22788.8,22872.05,22472.5,22570.05,NSE_OFFICIAL_HISTORICAL_OR_INDICES_HISTORY,https://www.nseindia.com/reports-indices-historical-index-data#NIFTY_500_2026-02-13_2026-05-13.json,2026-04-23,OFFICIAL_NSE_INDEX_CLOSE_NO_FORWARD_FILL,BENCHMARK_CONTEXT_V1
2026-04-27,NIFTY_500,NIFTY 500,22645.85,22853.85,22640.85,22821.4,NSE_OFFICIAL_HISTORICAL_OR_INDICES_HISTORY,https://www.nseindia.com/reports-indices-historical-index-data#NIFTY_500_2026-02-13_2026-05-13.json,2026-04-26,OFFICIAL_NSE_INDEX_CLOSE_NO_FORWARD_FILL,BENCHMARK_CONTEXT_V1
2026-04-28,NIFTY_500,NIFTY 500,22808.15,22904,22733.9,22765.6,NSE_OFFICIAL_HISTORICAL_OR_INDICES_HISTORY,https://www.nseindia.com/reports-indices-historical-index-data#NIFTY_500_2026-02-13_2026-05-13.json,2026-04-27,OFFICIAL_NSE_INDEX_CLOSE_NO_FORWARD_FILL,BENCHMARK_CONTEXT_V1
2026-04-29,NIFTY_500,NIFTY 500,22875.3,23026.95,22825.15,22871,NSE_OFFICIAL_HISTORICAL_OR_INDICES_HISTORY,https://www.nseindia.com/reports-indices-historical-index-data#NIFTY_500_2026-02-13_2026-05-13.json,2026-04-28,OFFICIAL_NSE_INDEX_CLOSE_NO_FORWARD_FILL,BENCHMARK_CONTEXT_V1
2026-04-30,NIFTY_500,NIFTY 500,22736.8,22759,22498,22683.55,NSE_OFFICIAL_HISTORICAL_OR_INDICES_HISTORY,https://www.nseindia.com/reports-indices-historical-index-data#NIFTY_500_2026-02-13_2026-05-13.json,2026-04-29,OFFICIAL_NSE_INDEX_CLOSE_NO_FORWARD_FILL,BENCHMARK_CONTEXT_V1
2026-05-04,NIFTY_500,NIFTY 500,22783.8,22954.3,22709.75,22830.75,NSE_OFFICIAL_HISTORICAL_OR_INDICES_HISTORY,https://www.nseindia.com/reports-indices-historical-index-data#NIFTY_500_2026-02-13_2026-05-13.json,2026-05-03,OFFICIAL_NSE_INDEX_CLOSE_NO_FORWARD_FILL,BENCHMARK_CONTEXT_V1
2026-05-05,NIFTY_500,NIFTY 500,22796.65,22842.25,22672.8,22808.25,NSE_OFFICIAL_HISTORICAL_OR_INDICES_HISTORY,https://www.nseindia.com/reports-indices-historical-index-data#NIFTY_500_2026-02-13_2026-05-13.json,2026-05-04,OFFICIAL_NSE_INDEX_CLOSE_NO_FORWARD_FILL,BENCHMARK_CONTEXT_V1
2026-05-06,NIFTY_500,NIFTY 500,22978.95,23150.9,22849.95,23133.4,NSE_OFFICIAL_HISTORICAL_OR_INDICES_HISTORY,https://www.nseindia.com/reports-indices-historical-index-data#NIFTY_500_2026-02-13_2026-05-13.json,2026-05-05,OFFICIAL_NSE_INDEX_CLOSE_NO_FORWARD_FILL,BENCHMARK_CONTEXT_V1
2026-05-07,NIFTY_500,NIFTY 500,23219.35,23304.5,23142.45,23214,NSE_OFFICIAL_HISTORICAL_OR_INDICES_HISTORY,https://www.nseindia.com/reports-indices-historical-index-data#NIFTY_500_2026-02-13_2026-05-13.json,2026-05-06,OFFICIAL_NSE_INDEX_CLOSE_NO_FORWARD_FILL,BENCHMARK_CONTEXT_V1
2026-05-08,NIFTY_500,NIFTY 500,23166.05,23185.65,23080.3,23115.65,NSE_OFFICIAL_HISTORICAL_OR_INDICES_HISTORY,https://www.nseindia.com/reports-indices-historical-index-data#NIFTY_500_2026-02-13_2026-05-13.json,2026-05-07,OFFICIAL_NSE_INDEX_CLOSE_NO_FORWARD_FILL,BENCHMARK_CONTEXT_V1
2026-05-11,NIFTY_500,NIFTY 500,22957.4,22962.15,22777.45,22795.75,NSE_OFFICIAL_HISTORICAL_OR_INDICES_HISTORY,https://www.nseindia.com/reports-indices-historical-index-data#NIFTY_500_2026-02-13_2026-05-13.json,2026-05-10,OFFICIAL_NSE_INDEX_CLOSE_NO_FORWARD_FILL,BENCHMARK_CONTEXT_V1
2026-05-12,NIFTY_500,NIFTY 500,22728.7,22768.1,22270.95,22299.9,NSE_OFFICIAL_HISTORICAL_OR_INDICES_HISTORY,https://www.nseindia.com/reports-indices-historical-index-data#NIFTY_500_2026-02-13_2026-05-13.json,2026-05-11,OFFICIAL_NSE_INDEX_CLOSE_NO_FORWARD_FILL,BENCHMARK_CONTEXT_V1
2026-05-13,NIFTY_500,NIFTY 500,22292.15,22532,22208.5,22377.35,NSE_OFFICIAL_HISTORICAL_OR_INDICES_HISTORY,https://www.nseindia.com/reports-indices-historical-index-data#NIFTY_500_2026-02-13_2026-05-13.json,2026-05-12,OFFICIAL_NSE_INDEX_CLOSE_NO_FORWARD_FILL,BENCHMARK_CONTEXT_V1
2026-05-14,NIFTY_500,NIFTY 500,22505,22675.8,22338.65,22613.1,NSE_OFFICIAL_HISTORICAL_OR_INDICES_HISTORY,https://www.nseindia.com/reports-indices-historical-index-data#NIFTY_500_2026-05-14_2026-08-11.json,2026-05-13,OFFICIAL_NSE_INDEX_CLOSE_NO_FORWARD_FILL,BENCHMARK_CONTEXT_V1
2026-05-15,NIFTY_500,NIFTY 500,22664.4,22710.85,22502.6,22531.15,NSE_OFFICIAL_HISTORICAL_OR_INDICES_HISTORY,https://www.nseindia.com/reports-indices-historical-index-data#NIFTY_500_2026-05-14_2026-08-11.json,2026-05-14,OFFICIAL_NSE_INDEX_CLOSE_NO_FORWARD_FILL,BENCHMARK_CONTEXT_V1
2026-05-18,NIFTY_500,NIFTY 500,22382,22494.1,22150.5,22461.05,NSE_OFFICIAL_HISTORICAL_OR_INDICES_HISTORY,https://www.nseindia.com/reports-indices-historical-index-data#NIFTY_500_2026-05-14_2026-08-11.json,2026-05-17,OFFICIAL_NSE_INDEX_CLOSE_NO_FORWARD_FILL,BENCHMARK_CONTEXT_V1
2026-05-19,NIFTY_500,NIFTY 500,22501.15,22646.65,22485.45,22521.75,NSE_OFFICIAL_HISTORICAL_OR_INDICES_HISTORY,https://www.nseindia.com/reports-indices-historical-index-data#NIFTY_500_2026-05-14_2026-08-11.json,2026-05-18,OFFICIAL_NSE_INDEX_CLOSE_NO_FORWARD_FILL,BENCHMARK_CONTEXT_V1
2026-05-20,NIFTY_500,NIFTY 500,22379.85,22597.65,22316.45,22578.15,NSE_OFFICIAL_HISTORICAL_OR_INDICES_HISTORY,https://www.nseindia.com/reports-indices-historical-index-data#NIFTY_500_2026-05-14_2026-08-11.json,2026-05-19,OFFICIAL_NSE_INDEX_CLOSE_NO_FORWARD_FILL,BENCHMARK_CONTEXT_V1
2026-05-21,NIFTY_500,NIFTY 500,22745.9,22781,22557,22602.85,NSE_OFFICIAL_HISTORICAL_OR_INDICES_HISTORY,https://www.nseindia.com/reports-indices-historical-index-data#NIFTY_500_2026-05-14_2026-08-11.json,2026-05-20,OFFICIAL_NSE_INDEX_CLOSE_NO_FORWARD_FILL,BENCHMARK_CONTEXT_V1
2026-05-22,NIFTY_500,NIFTY 500,22639.7,22727.9,22604.8,22651.3,NSE_OFFICIAL_HISTORICAL_OR_INDICES_HISTORY,https://www.nseindia.com/reports-indices-historical-index-data#NIFTY_500_2026-05-14_2026-08-11.json,2026-05-21,OFFICIAL_NSE_INDEX_CLOSE_NO_FORWARD_FILL,BENCHMARK_CONTEXT_V1
2026-05-25,NIFTY_500,NIFTY 500,22859.5,22949.95,22849.1,22929.45,NSE_OFFICIAL_HISTORICAL_OR_INDICES_HISTORY,https://www.nseindia.com/reports-indices-historical-index-data#NIFTY_500_2026-05-14_2026-08-11.json,2026-05-24,OFFICIAL_NSE_INDEX_CLOSE_NO_FORWARD_FILL,BENCHMARK_CONTEXT_V1
2026-05-26,NIFTY_500,NIFTY 500,22925.65,23015,22858.2,22897.2,NSE_OFFICIAL_HISTORICAL_OR_INDICES_HISTORY,https://www.nseindia.com/reports-indices-historical-index-data#NIFTY_500_2026-05-14_2026-08-11.json,2026-05-25,OFFICIAL_NSE_INDEX_CLOSE_NO_FORWARD_FILL,BENCHMARK_CONTEXT_V1
2026-05-27,NIFTY_500,NIFTY 500,22895.75,22999.45,22886.45,22967.4,NSE_OFFICIAL_HISTORICAL_OR_INDICES_HISTORY,https://www.nseindia.com/reports-indices-historical-index-data#NIFTY_500_2026-05-14_2026-08-11.json,2026-05-26,OFFICIAL_NSE_INDEX_CLOSE_NO_FORWARD_FILL,BENCHMARK_CONTEXT_V1
2026-05-29,NIFTY_500,NIFTY 500,23012.8,23075.25,22598.45,22657,NSE_OFFICIAL_HISTORICAL_OR_INDICES_HISTORY,https://www.nseindia.com/reports-indices-historical-index-data#NIFTY_500_2026-05-14_2026-08-11.json,2026-05-28,OFFICIAL_NSE_INDEX_CLOSE_NO_FORWARD_FILL,BENCHMARK_CONTEXT_V1
2026-06-01,NIFTY_500,NIFTY 500,22760.8,22810.2,22414.8,22437.95,NSE_OFFICIAL_HISTORICAL_OR_INDICES_HISTORY,https://www.nseindia.com/reports-indices-historical-index-data#NIFTY_500_2026-05-14_2026-08-11.json,2026-05-31,OFFICIAL_NSE_INDEX_CLOSE_NO_FORWARD_FILL,BENCHMARK_CONTEXT_V1
2026-06-02,NIFTY_500,NIFTY 500,22302.05,22563.25,22253,22521.1,NSE_OFFICIAL_HISTORICAL_OR_INDICES_HISTORY,https://www.nseindia.com/reports-indices-historical-index-data#NIFTY_500_2026-05-14_2026-08-11.json,2026-06-01,OFFICIAL_NSE_INDEX_CLOSE_NO_FORWARD_FILL,BENCHMARK_CONTEXT_V1
2026-06-03,NIFTY_500,NIFTY 500,22488.15,22505,22202.6,22451.85,NSE_OFFICIAL_HISTORICAL_OR_INDICES_HISTORY,https://www.nseindia.com/reports-indices-historical-index-data#NIFTY_500_2026-05-14_2026-08-11.json,2026-06-02,OFFICIAL_NSE_INDEX_CLOSE_NO_FORWARD_FILL,BENCHMARK_CONTEXT_V1
2026-06-04,NIFTY_500,NIFTY 500,22362.4,22559.85,22328.35,22497.7,NSE_OFFICIAL_HISTORICAL_OR_INDICES_HISTORY,https://www.nseindia.com/reports-indices-historical-index-data#NIFTY_500_2026-05-14_2026-08-11.json,2026-06-03,OFFICIAL_NSE_INDEX_CLOSE_NO_FORWARD_FILL,BENCHMARK_CONTEXT_V1
2026-06-05,NIFTY_500,NIFTY 500,22569.45,22614.65,22379.05,22465.35,NSE_OFFICIAL_HISTORICAL_OR_INDICES_HISTORY,https://www.nseindia.com/reports-indices-historical-index-data#NIFTY_500_2026-05-14_2026-08-11.json,2026-06-04,OFFICIAL_NSE_INDEX_CLOSE_NO_FORWARD_FILL,BENCHMARK_CONTEXT_V1
2026-06-08,NIFTY_500,NIFTY 500,22191.55,22357.7,22119.3,22173.7,NSE_OFFICIAL_HISTORICAL_OR_INDICES_HISTORY,https://www.nseindia.com/reports-indices-historical-index-data#NIFTY_500_2026-05-14_2026-08-11.json,2026-06-07,OFFICIAL_NSE_INDEX_CLOSE_NO_FORWARD_FILL,BENCHMARK_CONTEXT_V1
2026-06-09,NIFTY_500,NIFTY 500,22298.85,22390.5,22233.45,22370.15,NSE_OFFICIAL_HISTORICAL_OR_INDICES_HISTORY,https://www.nseindia.com/reports-indices-historical-index-data#NIFTY_500_2026-05-14_2026-08-11.json,2026-06-08,OFFICIAL_NSE_INDEX_CLOSE_NO_FORWARD_FILL,BENCHMARK_CONTEXT_V1
2026-06-10,NIFTY_500,NIFTY 500,22377,22455.9,22200.35,22233.85,NSE_OFFICIAL_HISTORICAL_OR_INDICES_HISTORY,https://www.nseindia.com/reports-indices-historical-index-data#NIFTY_500_2026-05-14_2026-08-11.json,2026-06-09,OFFICIAL_NSE_INDEX_CLOSE_NO_FORWARD_FILL,BENCHMARK_CONTEXT_V1
2026-06-11,NIFTY_500,NIFTY 500,22128.55,22258.9,22063.75,22114.45,NSE_OFFICIAL_HISTORICAL_OR_INDICES_HISTORY,https://www.nseindia.com/reports-indices-historical-index-data#NIFTY_500_2026-05-14_2026-08-11.json,2026-06-10,OFFICIAL_NSE_INDEX_CLOSE_NO_FORWARD_FILL,BENCHMARK_CONTEXT_V1
2026-06-12,NIFTY_500,NIFTY 500,22376.45,22618.7,22295.15,22599.8,NSE_OFFICIAL_HISTORICAL_OR_INDICES_HISTORY,https://www.nseindia.com/reports-indices-historical-index-data#NIFTY_500_2026-05-14_2026-08-11.json,2026-06-11,OFFICIAL_NSE_INDEX_CLOSE_NO_FORWARD_FILL,BENCHMARK_CONTEXT_V1
2026-06-15,NIFTY_500,NIFTY 500,22955.8,23019.45,22859.65,22891.3,NSE_OFFICIAL_HISTORICAL_OR_INDICES_HISTORY,https://www.nseindia.com/reports-indices-historical-index-data#NIFTY_500_2026-05-14_2026-08-11.json,2026-06-14,OFFICIAL_NSE_INDEX_CLOSE_NO_FORWARD_FILL,BENCHMARK_CONTEXT_V1
2026-06-16,NIFTY_500,NIFTY 500,22962.45,23009.4,22902.35,22997.25,NSE_OFFICIAL_HISTORICAL_OR_INDICES_HISTORY,https://www.nseindia.com/reports-indices-historical-index-data#NIFTY_500_2026-05-14_2026-08-11.json,2026-06-15,OFFICIAL_NSE_INDEX_CLOSE_NO_FORWARD_FILL,BENCHMARK_CONTEXT_V1
2026-06-17,NIFTY_500,NIFTY 500,23048.7,23120.9,22990.95,23109.7,NSE_OFFICIAL_HISTORICAL_OR_INDICES_HISTORY,https://www.nseindia.com/reports-indices-historical-index-data#NIFTY_500_2026-05-14_2026-08-11.json,2026-06-16,OFFICIAL_NSE_INDEX_CLOSE_NO_FORWARD_FILL,BENCHMARK_CONTEXT_V1
2026-06-18,NIFTY_500,NIFTY 500,23129.9,23221.35,23090.35,23206.45,NSE_OFFICIAL_HISTORICAL_OR_INDICES_HISTORY,https://www.nseindia.com/reports-indices-historical-index-data#NIFTY_500_2026-05-14_2026-08-11.json,2026-06-17,OFFICIAL_NSE_INDEX_CLOSE_NO_FORWARD_FILL,BENCHMARK_CONTEXT_V1
2026-06-19,NIFTY_500,NIFTY 500,23082.7,23174.65,23023.35,23144.2,NSE_OFFICIAL_HISTORICAL_OR_INDICES_HISTORY,https://www.nseindia.com/reports-indices-historical-index-data#NIFTY_500_2026-05-14_2026-08-11.json,2026-06-18,OFFICIAL_NSE_INDEX_CLOSE_NO_FORWARD_FILL,BENCHMARK_CONTEXT_V1
2026-06-22,NIFTY_500,NIFTY 500,23240.9,23289.75,23213.85,23261.85,NSE_OFFICIAL_HISTORICAL_OR_INDICES_HISTORY,https://www.nseindia.com/reports-indices-historical-index-data#NIFTY_500_2026-05-14_2026-08-11.json,2026-06-21,OFFICIAL_NSE_INDEX_CLOSE_NO_FORWARD_FILL,BENCHMARK_CONTEXT_V1
2026-06-23,NIFTY_500,NIFTY 500,23260,23302.25,22976.95,23010.95,NSE_OFFICIAL_HISTORICAL_OR_INDICES_HISTORY,https://www.nseindia.com/reports-indices-historical-index-data#NIFTY_500_2026-05-14_2026-08-11.json,2026-06-22,OFFICIAL_NSE_INDEX_CLOSE_NO_FORWARD_FILL,BENCHMARK_CONTEXT_V1
2026-06-24,NIFTY_500,NIFTY 500,22992.9,23183.6,22941.05,23126.3,NSE_OFFICIAL_HISTORICAL_OR_INDICES_HISTORY,https://www.nseindia.com/reports-indices-historical-index-data#NIFTY_500_2026-05-14_2026-08-11.json,2026-06-23,OFFICIAL_NSE_INDEX_CLOSE_NO_FORWARD_FILL,BENCHMARK_CONTEXT_V1
2026-06-25,NIFTY_500,NIFTY 500,23224.4,23289.95,23093.9,23113.7,NSE_OFFICIAL_HISTORICAL_OR_INDICES_HISTORY,https://www.nseindia.com/reports-indices-historical-index-data#NIFTY_500_2026-05-14_2026-08-11.json,2026-06-24,OFFICIAL_NSE_INDEX_CLOSE_NO_FORWARD_FILL,BENCHMARK_CONTEXT_V1
2026-06-29,NIFTY_500,NIFTY 500,23112.6,23148.75,22943.85,23000,NSE_OFFICIAL_HISTORICAL_OR_INDICES_HISTORY,https://www.nseindia.com/reports-indices-historical-index-data#NIFTY_500_2026-05-14_2026-08-11.json,2026-06-28,OFFICIAL_NSE_INDEX_CLOSE_NO_FORWARD_FILL,BENCHMARK_CONTEXT_V1
2026-06-30,NIFTY_500,NIFTY 500,23074.15,23088.95,22932.05,22995.65,NSE_OFFICIAL_HISTORICAL_OR_INDICES_HISTORY,https://www.nseindia.com/reports-indices-historical-index-data#NIFTY_500_2026-05-14_2026-08-11.json,2026-06-29,OFFICIAL_NSE_INDEX_CLOSE_NO_FORWARD_FILL,BENCHMARK_CONTEXT_V1
2026-07-01,NIFTY_500,NIFTY 500,23038.65,23144.1,23032.95,23111.65,NSE_OFFICIAL_HISTORICAL_OR_INDICES_HISTORY,https://www.nseindia.com/reports-indices-historical-index-data#NIFTY_500_2026-05-14_2026-08-11.json,2026-06-30,OFFICIAL_NSE_INDEX_CLOSE_NO_FORWARD_FILL,BENCHMARK_CONTEXT_V1
2026-07-02,NIFTY_500,NIFTY 500,23182.05,23276.2,23170.75,23264.8,NSE_OFFICIAL_HISTORICAL_OR_INDICES_HISTORY,https://www.nseindia.com/reports-indices-historical-index-data#NIFTY_500_2026-05-14_2026-08-11.json,2026-07-01,OFFICIAL_NSE_INDEX_CLOSE_NO_FORWARD_FILL,BENCHMARK_CONTEXT_V1
2026-07-03,NIFTY_500,NIFTY 500,23416.65,23416.65,23284.3,23301.15,NSE_OFFICIAL_HISTORICAL_OR_INDICES_HISTORY,https://www.nseindia.com/reports-indices-historical-index-data#NIFTY_500_2026-05-14_2026-08-11.json,2026-07-02,OFFICIAL_NSE_INDEX_CLOSE_NO_FORWARD_FILL,BENCHMARK_CONTEXT_V1
2026-07-06,NIFTY_500,NIFTY 500,23342.5,23447.3,23319.65,23433.95,NSE_OFFICIAL_HISTORICAL_OR_INDICES_HISTORY,https://www.nseindia.com/reports-indices-historical-index-data#NIFTY_500_2026-05-14_2026-08-11.json,2026-07-05,OFFICIAL_NSE_INDEX_CLOSE_NO_FORWARD_FILL,BENCHMARK_CONTEXT_V1
2026-07-07,NIFTY_500,NIFTY 500,23472.4,23485.35,23332.9,23368.85,NSE_OFFICIAL_HISTORICAL_OR_INDICES_HISTORY,https://www.nseindia.com/reports-indices-historical-index-data#NIFTY_500_2026-05-14_2026-08-11.json,2026-07-06,OFFICIAL_NSE_INDEX_CLOSE_NO_FORWARD_FILL,BENCHMARK_CONTEXT_V1
2026-07-08,NIFTY_500,NIFTY 500,23239.65,23307,22822.8,22908.05,NSE_OFFICIAL_HISTORICAL_OR_INDICES_HISTORY,https://www.nseindia.com/reports-indices-historical-index-data#NIFTY_500_2026-05-14_2026-08-11.json,2026-07-07,OFFICIAL_NSE_INDEX_CLOSE_NO_FORWARD_FILL,BENCHMARK_CONTEXT_V1
2026-07-09,NIFTY_500,NIFTY 500,22958.35,23175.25,22956.4,23081.15,NSE_OFFICIAL_HISTORICAL_OR_INDICES_HISTORY,https://www.nseindia.com/reports-indices-historical-index-data#NIFTY_500_2026-05-14_2026-08-11.json,2026-07-08,OFFICIAL_NSE_INDEX_CLOSE_NO_FORWARD_FILL,BENCHMARK_CONTEXT_V1
2026-07-10,NIFTY_500,NIFTY 500,23239.7,23358.35,23234.45,23348.4,NSE_OFFICIAL_HISTORICAL_OR_INDICES_HISTORY,https://www.nseindia.com/reports-indices-historical-index-data#NIFTY_500_2026-05-14_2026-08-11.json,2026-07-09,OFFICIAL_NSE_INDEX_CLOSE_NO_FORWARD_FILL,BENCHMARK_CONTEXT_V1
2026-07-13,NIFTY_500,NIFTY 500,23194.8,23379.35,23135.3,23347.05,NSE_OFFICIAL_HISTORICAL_OR_INDICES_HISTORY,https://www.nseindia.com/reports-indices-historical-index-data#NIFTY_500_2026-05-14_2026-08-11.json,2026-07-12,OFFICIAL_NSE_INDEX_CLOSE_NO_FORWARD_FILL,BENCHMARK_CONTEXT_V1
2026-07-14,NIFTY_500,NIFTY 500,23235.25,23287.45,23167.85,23199.45,NSE_OFFICIAL_HISTORICAL_OR_INDICES_HISTORY,https://www.nseindia.com/reports-indices-historical-index-data#NIFTY_500_2026-05-14_2026-08-11.json,2026-07-13,OFFICIAL_NSE_INDEX_CLOSE_NO_FORWARD_FILL,BENCHMARK_CONTEXT_V1
2026-07-15,NIFTY_500,NIFTY 500,23250.85,23368.9,23203.95,23263.9,NSE_OFFICIAL_HISTORICAL_OR_INDICES_HISTORY,https://www.nseindia.com/reports-indices-historical-index-data#NIFTY_500_2026-05-14_2026-08-11.json,2026-07-14,OFFICIAL_NSE_INDEX_CLOSE_NO_FORWARD_FILL,BENCHMARK_CONTEXT_V1
2026-07-16,NIFTY_500,NIFTY 500,23332.8,23348.2,23212.9,23232.65,NSE_OFFICIAL_HISTORICAL_OR_INDICES_HISTORY,https://www.nseindia.com/reports-indices-historical-index-data#NIFTY_500_2026-05-14_2026-08-11.json,2026-07-15,OFFICIAL_NSE_INDEX_CLOSE_NO_FORWARD_FILL,BENCHMARK_CONTEXT_V1
2026-07-17,NIFTY_500,NIFTY 500,23272.3,23357.9,23235.05,23336.3,NSE_OFFICIAL_HISTORICAL_OR_INDICES_HISTORY,https://www.nseindia.com/reports-indices-historical-index-data#NIFTY_500_2026-05-14_2026-08-11.json,2026-07-16,OFFICIAL_NSE_INDEX_CLOSE_NO_FORWARD_FILL,BENCHMARK_CONTEXT_V1
2026-07-20,NIFTY_500,NIFTY 500,23244.3,23363.3,23219.45,23338.05,NSE_OFFICIAL_HISTORICAL_OR_INDICES_HISTORY,https://www.nseindia.com/reports-indices-historical-index-data#NIFTY_500_2026-05-14_2026-08-11.json,2026-07-19,OFFICIAL_NSE_INDEX_CLOSE_NO_FORWARD_FILL,BENCHMARK_CONTEXT_V1
2026-07-21,NIFTY_500,NIFTY 500,23340.7,23383.1,23286.15,23352.15,NSE_OFFICIAL_HISTORICAL_OR_INDICES_HISTORY,https://www.nseindia.com/reports-indices-historical-index-data#NIFTY_500_2026-05-14_2026-08-11.json,2026-07-20,OFFICIAL_NSE_INDEX_CLOSE_NO_FORWARD_FILL,BENCHMARK_CONTEXT_V1
2026-07-22,NIFTY_500,NIFTY 500,23334.3,23335.6,23118.05,23145.05,NSE_OFFICIAL_HISTORICAL_OR_INDICES_HISTORY,https://www.nseindia.com/reports-indices-historical-index-data#NIFTY_500_2026-05-14_2026-08-11.json,2026-07-21,OFFICIAL_NSE_INDEX_CLOSE_NO_FORWARD_FILL,BENCHMARK_CONTEXT_V1
2026-07-23,NIFTY_500,NIFTY 500,23069.1,23148.9,22937.75,22982.4,NSE_OFFICIAL_HISTORICAL_OR_INDICES_HISTORY,https://www.nseindia.com/reports-indices-historical-index-data#NIFTY_500_2026-05-14_2026-08-11.json,2026-07-22,OFFICIAL_NSE_INDEX_CLOSE_NO_FORWARD_FILL,BENCHMARK_CONTEXT_V1
2026-07-24,NIFTY_500,NIFTY 500,22805.55,22956.95,22713.5,22913.3,NSE_OFFICIAL_HISTORICAL_OR_INDICES_HISTORY,https://www.nseindia.com/reports-indices-historical-index-data#NIFTY_500_2026-05-14_2026-08-11.json,2026-07-23,OFFICIAL_NSE_INDEX_CLOSE_NO_FORWARD_FILL,BENCHMARK_CONTEXT_V1
2026-07-27,NIFTY_500,NIFTY 500,23070.6,23160.6,23061.35,23153.1,NSE_OFFICIAL_HISTORICAL_OR_INDICES_HISTORY,https://www.nseindia.com/reports-indices-historical-index-data#NIFTY_500_2026-05-14_2026-08-11.json,2026-07-26,OFFICIAL_NSE_INDEX_CLOSE_NO_FORWARD_FILL,BENCHMARK_CONTEXT_V1
2026-07-28,NIFTY_500,NIFTY 500,23146.65,23172.1,23087.1,23114.9,NSE_OFFICIAL_HISTORICAL_OR_INDICES_HISTORY,https://www.nseindia.com/reports-indices-historical-index-data#NIFTY_500_2026-05-14_2026-08-11.json,2026-07-27,OFFICIAL_NSE_INDEX_CLOSE_NO_FORWARD_FILL,BENCHMARK_CONTEXT_V1
2026-07-29,NIFTY_500,NIFTY 500,23261.05,23377.8,23233.4,23352.6,NSE_OFFICIAL_HISTORICAL_OR_INDICES_HISTORY,https://www.nseindia.com/reports-indices-historical-index-data#NIFTY_500_2026-05-14_2026-08-11.json,2026-07-28,OFFICIAL_NSE_INDEX_CLOSE_NO_FORWARD_FILL,BENCHMARK_CONTEXT_V1
2026-07-30,NIFTY_500,NIFTY 500,23347.2,23384.65,23274.15,23353.55,NSE_OFFICIAL_HISTORICAL_OR_INDICES_HISTORY,https://www.nseindia.com/reports-indices-historical-index-data#NIFTY_500_2026-05-14_2026-08-11.json,2026-07-29,OFFICIAL_NSE_INDEX_CLOSE_NO_FORWARD_FILL,BENCHMARK_CONTEXT_V1
2026-07-31,NIFTY_500,NIFTY 500,23409.85,23506.55,23375.55,23460.7,NSE_OFFICIAL_HISTORICAL_OR_INDICES_HISTORY,https://www.nseindia.com/reports-indices-historical-index-data#NIFTY_500_2026-05-14_2026-08-11.json,2026-07-30,OFFICIAL_NSE_INDEX_CLOSE_NO_FORWARD_FILL,BENCHMARK_CONTEXT_V1
2026-08-03,NIFTY_500,NIFTY 500,23619.15,23803.75,23578.55,23802.85,NSE_OFFICIAL_HISTORICAL_OR_INDICES_HISTORY,https://www.nseindia.com/reports-indices-historical-index-data#NIFTY_500_2026-05-14_2026-08-11.json,2026-08-02,OFFICIAL_NSE_INDEX_CLOSE_NO_FORWARD_FILL,BENCHMARK_CONTEXT_V1
2026-08-04,NIFTY_500,NIFTY 500,23771.45,23771.45,23573.6,23690.15,NSE_OFFICIAL_HISTORICAL_OR_INDICES_HISTORY,https://www.nseindia.com/reports-indices-historical-index-data#NIFTY_500_2026-05-14_2026-08-11.json,2026-08-03,OFFICIAL_NSE_INDEX_CLOSE_NO_FORWARD_FILL,BENCHMARK_CONTEXT_V1
2026-08-05,NIFTY_500,NIFTY 500,23779.35,23782.7,23643.3,23735.55,NSE_OFFICIAL_HISTORICAL_OR_INDICES_HISTORY,https://www.nseindia.com/reports-indices-historical-index-data#NIFTY_500_2026-05-14_2026-08-11.json,2026-08-04,OFFICIAL_NSE_INDEX_CLOSE_NO_FORWARD_FILL,BENCHMARK_CONTEXT_V1
2026-08-06,NIFTY_500,NIFTY 500,23756.15,23783.85,23708.55,23729.45,NSE_OFFICIAL_HISTORICAL_OR_INDICES_HISTORY,https://www.nseindia.com/reports-indices-historical-index-data#NIFTY_500_2026-05-14_2026-08-11.json,2026-08-05,OFFICIAL_NSE_INDEX_CLOSE_NO_FORWARD_FILL,BENCHMARK_CONTEXT_V1
2026-08-07,NIFTY_500,NIFTY 500,23665.6,23754.5,23657.1,23712.1,NSE_OFFICIAL_HISTORICAL_OR_INDICES_HISTORY,https://www.nseindia.com/reports-indices-historical-index-data#NIFTY_500_2026-05-14_2026-08-11.json,2026-08-06,OFFICIAL_NSE_INDEX_CLOSE_NO_FORWARD_FILL,BENCHMARK_CONTEXT_V1
2026-08-10,NIFTY_500,NIFTY 500,23732.75,23777.4,23667.4,23743.2,NSE_OFFICIAL_HISTORICAL_OR_INDICES_HISTORY,https://www.nseindia.com/reports-indices-historical-index-data#NIFTY_500_2026-05-14_2026-08-11.json,2026-08-09,OFFICIAL_NSE_INDEX_CLOSE_NO_FORWARD_FILL,BENCHMARK_CONTEXT_V1
2026-08-11,NIFTY_500,NIFTY 500,23755.4,23756.05,23638.55,23681.15,NSE_OFFICIAL_HISTORICAL_OR_INDICES_HISTORY,https://www.nseindia.com/reports-indices-historical-index-data#NIFTY_500_2026-05-14_2026-08-11.json,2026-08-10,OFFICIAL_NSE_INDEX_CLOSE_NO_FORWARD_FILL,BENCHMARK_CONTEXT_V1
2026-08-12,NIFTY_500,NIFTY 500,23689.55,23690.05,23526.2,23672.45,NSE_OFFICIAL_HISTORICAL_OR_INDICES_HISTORY,https://www.nseindia.com/reports-indices-historical-index-data#NIFTY_500_2026-08-12_2026-09-07.json,2026-08-11,OFFICIAL_NSE_INDEX_CLOSE_NO_FORWARD_FILL,BENCHMARK_CONTEXT_V1
2026-08-13,NIFTY_500,NIFTY 500,23678.7,23678.7,23585.6,23658.1,NSE_OFFICIAL_HISTORICAL_OR_INDICES_HISTORY,https://www.nseindia.com/reports-indices-historical-index-data#NIFTY_500_2026-08-12_2026-09-07.json,2026-08-12,OFFICIAL_NSE_INDEX_CLOSE_NO_FORWARD_FILL,BENCHMARK_CONTEXT_V1
2026-08-14,NIFTY_500,NIFTY 500,23635.65,23638.3,23564.3,23594.9,NSE_OFFICIAL_HISTORICAL_OR_INDICES_HISTORY,https://www.nseindia.com/reports-indices-historical-index-data#NIFTY_500_2026-08-12_2026-09-07.json,2026-08-13,OFFICIAL_NSE_INDEX_CLOSE_NO_FORWARD_FILL,BENCHMARK_CONTEXT_V1
2026-08-17,NIFTY_500,NIFTY 500,23581.75,23617.3,23488.45,23564.45,NSE_OFFICIAL_HISTORICAL_OR_INDICES_HISTORY,https://www.nseindia.com/reports-indices-historical-index-data#NIFTY_500_2026-08-12_2026-09-07.json,2026-08-16,OFFICIAL_NSE_INDEX_CLOSE_NO_FORWARD_FILL,BENCHMARK_CONTEXT_V1
2026-08-18,NIFTY_500,NIFTY 500,23521.85,23555.3,23470.9,23472.4,NSE_OFFICIAL_HISTORICAL_OR_INDICES_HISTORY,https://www.nseindia.com/reports-indices-historical-index-data#NIFTY_500_2026-08-12_2026-09-07.json,2026-08-17,OFFICIAL_NSE_INDEX_CLOSE_NO_FORWARD_FILL,BENCHMARK_CONTEXT_V1
2026-08-19,NIFTY_500,NIFTY 500,23475.35,23488.25,23348.3,23386.2,NSE_OFFICIAL_HISTORICAL_OR_INDICES_HISTORY,https://www.nseindia.com/reports-indices-historical-index-data#NIFTY_500_2026-08-12_2026-09-07.json,2026-08-18,OFFICIAL_NSE_INDEX_CLOSE_NO_FORWARD_FILL,BENCHMARK_CONTEXT_V1
2026-08-20,NIFTY_500,NIFTY 500,23519.8,23565.9,23491.6,23512.95,NSE_OFFICIAL_HISTORICAL_OR_INDICES_HISTORY,https://www.nseindia.com/reports-indices-historical-index-data#NIFTY_500_2026-08-12_2026-09-07.json,2026-08-19,OFFICIAL_NSE_INDEX_CLOSE_NO_FORWARD_FILL,BENCHMARK_CONTEXT_V1
2026-08-21,NIFTY_500,NIFTY 500,23554.15,23554.15,23477,23530.3,NSE_OFFICIAL_HISTORICAL_OR_INDICES_HISTORY,https://www.nseindia.com/reports-indices-historical-index-data#NIFTY_500_2026-08-12_2026-09-07.json,2026-08-20,OFFICIAL_NSE_INDEX_CLOSE_NO_FORWARD_FILL,BENCHMARK_CONTEXT_V1
2026-08-24,NIFTY_500,NIFTY 500,23560.6,23587.85,23454.1,23511.75,NSE_OFFICIAL_HISTORICAL_OR_INDICES_HISTORY,https://www.nseindia.com/reports-indices-historical-index-data#NIFTY_500_2026-08-12_2026-09-07.json,2026-08-23,OFFICIAL_NSE_INDEX_CLOSE_NO_FORWARD_FILL,BENCHMARK_CONTEXT_V1
2026-08-25,NIFTY_500,NIFTY 500,23483.95,23613.9,23423.35,23611.6,NSE_OFFICIAL_HISTORICAL_OR_INDICES_HISTORY,https://www.nseindia.com/reports-indices-historical-index-data#NIFTY_500_2026-08-12_2026-09-07.json,2026-08-24,OFFICIAL_NSE_INDEX_CLOSE_NO_FORWARD_FILL,BENCHMARK_CONTEXT_V1
2026-08-26,NIFTY_500,NIFTY 500,23641.35,23684.1,23557.95,23559.2,NSE_OFFICIAL_HISTORICAL_OR_INDICES_HISTORY,https://www.nseindia.com/reports-indices-historical-index-data#NIFTY_500_2026-08-12_2026-09-07.json,2026-08-25,OFFICIAL_NSE_INDEX_CLOSE_NO_FORWARD_FILL,BENCHMARK_CONTEXT_V1
2026-08-27,NIFTY_500,NIFTY 500,23615.65,23642.85,23480.15,23482,NSE_OFFICIAL_HISTORICAL_OR_INDICES_HISTORY,https://www.nseindia.com/reports-indices-historical-index-data#NIFTY_500_2026-08-12_2026-09-07.json,2026-08-26,OFFICIAL_NSE_INDEX_CLOSE_NO_FORWARD_FILL,BENCHMARK_CONTEXT_V1
2026-08-28,NIFTY_500,NIFTY 500,23513.05,23552.3,23451.1,23528.55,NSE_OFFICIAL_HISTORICAL_OR_INDICES_HISTORY,https://www.nseindia.com/reports-indices-historical-index-data#NIFTY_500_2026-08-12_2026-09-07.json,2026-08-27,OFFICIAL_NSE_INDEX_CLOSE_NO_FORWARD_FILL,BENCHMARK_CONTEXT_V1
2026-08-31,NIFTY_500,NIFTY 500,23477.75,23485.15,23307.2,23450.35,NSE_OFFICIAL_HISTORICAL_OR_INDICES_HISTORY,https://www.nseindia.com/reports-indices-historical-index-data#NIFTY_500_2026-08-12_2026-09-07.json,2026-08-30,OFFICIAL_NSE_INDEX_CLOSE_NO_FORWARD_FILL,BENCHMARK_CONTEXT_V1
2026-09-01,NIFTY_500,NIFTY 500,23429.65,23435.65,23243.25,23339.9,NSE_OFFICIAL_HISTORICAL_OR_INDICES_HISTORY,https://www.nseindia.com/reports-indices-historical-index-data#NIFTY_500_2026-08-12_2026-09-07.json,2026-08-31,OFFICIAL_NSE_INDEX_CLOSE_NO_FORWARD_FILL,BENCHMARK_CONTEXT_V1
2026-09-02,NIFTY_500,NIFTY 500,23176.95,23226.2,23058.3,23222.8,NSE_OFFICIAL_HISTORICAL_OR_INDICES_HISTORY,https://www.nseindia.com/reports-indices-historical-index-data#NIFTY_500_2026-08-12_2026-09-07.json,2026-09-01,OFFICIAL_NSE_INDEX_CLOSE_NO_FORWARD_FILL,BENCHMARK_CONTEXT_V1
2026-09-03,NIFTY_500,NIFTY 500,23300.75,23332.85,23237.25,23254.05,NSE_OFFICIAL_HISTORICAL_OR_INDICES_HISTORY,https://www.nseindia.com/reports-indices-historical-index-data#NIFTY_500_2026-08-12_2026-09-07.json,2026-09-02,OFFICIAL_NSE_INDEX_CLOSE_NO_FORWARD_FILL,BENCHMARK_CONTEXT_V1
2026-09-04,NIFTY_500,NIFTY 500,23286.5,23349.9,23254.15,23254.15,NSE_OFFICIAL_HISTORICAL_OR_INDICES_HISTORY,https://www.nseindia.com/reports-indices-historical-index-data#NIFTY_500_2026-08-12_2026-09-07.json,2026-09-03,OFFICIAL_NSE_INDEX_CLOSE_NO_FORWARD_FILL,BENCHMARK_CONTEXT_V1
2026-09-07,NIFTY_500,NIFTY 500,23248.05,23260.4,23124.1,23156.2,NSE_OFFICIAL_HISTORICAL_OR_INDICES_HISTORY,https://www.nseindia.com/reports-indices-historical-index-data#NIFTY_500_2026-08-12_2026-09-07.json,2026-09-06,OFFICIAL_NSE_INDEX_CLOSE_NO_FORWARD_FILL,BENCHMARK_CONTEXT_V1
