symbol,isin,sector_name,sector_index_id,valid_from,valid_to,mapping_source,mapping_status,confidence,notes
360ONE,INE466L01038,Financial Services,NIFTY_FINANCIAL_SERVICES,,,https://www.niftyindices.com/IndexConstituent/ind_nifty500list.csv,CURRENT_ONLY,CURRENT_OFFICIAL_SNAPSHOT_ONLY,Current official Nifty 500 industry metadata retained for diagnostics only; not projected backward for historical sector-relative features.
3MINDIA,INE470A01017,Diversified,,,,https://www.niftyindices.com/IndexConstituent/ind_nifty500list.csv,UNAVAILABLE,NONE,No supported official sector index mapping was assigned from current metadata.
ABB,INE117A01022,Capital Goods,NIFTY_CAPITAL_GOODS,,,https://www.niftyindices.com/IndexConstituent/ind_nifty500list.csv,CURRENT_ONLY,CURRENT_OFFICIAL_SNAPSHOT_ONLY,Current official Nifty 500 industry metadata retained for diagnostics only; not projected backward for historical sector-relative features.
ACC,INE012A01025,Construction Materials,,,,https://www.niftyindices.com/IndexConstituent/ind_nifty500list.csv,UNAVAILABLE,NONE,No supported official sector index mapping was assigned from current metadata.
ACMESOLAR,INE622W01025,Power,NIFTY_POWER,,,https://www.niftyindices.com/IndexConstituent/ind_nifty500list.csv,CURRENT_ONLY,CURRENT_OFFICIAL_SNAPSHOT_ONLY,Current official Nifty 500 industry metadata retained for diagnostics only; not projected backward for historical sector-relative features.
AIAENG,INE212H01026,Capital Goods,NIFTY_CAPITAL_GOODS,,,https://www.niftyindices.com/IndexConstituent/ind_nifty500list.csv,CURRENT_ONLY,CURRENT_OFFICIAL_SNAPSHOT_ONLY,Current official Nifty 500 industry metadata retained for diagnostics only; not projected backward for historical sector-relative features.
APLAPOLLO,INE702C01027,Capital Goods,NIFTY_CAPITAL_GOODS,,,https://www.niftyindices.com/IndexConstituent/ind_nifty500list.csv,CURRENT_ONLY,CURRENT_OFFICIAL_SNAPSHOT_ONLY,Current official Nifty 500 industry metadata retained for diagnostics only; not projected backward for historical sector-relative features.
AUBANK,INE949L01017,Financial Services,NIFTY_FINANCIAL_SERVICES,,,https://www.niftyindices.com/IndexConstituent/ind_nifty500list.csv,CURRENT_ONLY,CURRENT_OFFICIAL_SNAPSHOT_ONLY,Current official Nifty 500 industry metadata retained for diagnostics only; not projected backward for historical sector-relative features.
AWL,INE699H01024,Fast Moving Consumer Goods,NIFTY_FMCG,,,https://www.niftyindices.com/IndexConstituent/ind_nifty500list.csv,CURRENT_ONLY,CURRENT_OFFICIAL_SNAPSHOT_ONLY,Current official Nifty 500 industry metadata retained for diagnostics only; not projected backward for historical sector-relative features.
AADHARHFC,INE883F01010,Financial Services,NIFTY_FINANCIAL_SERVICES,,,https://www.niftyindices.com/IndexConstituent/ind_nifty500list.csv,CURRENT_ONLY,CURRENT_OFFICIAL_SNAPSHOT_ONLY,Current official Nifty 500 industry metadata retained for diagnostics only; not projected backward for historical sector-relative features.
AARTIIND,INE769A01020,Chemicals,NIFTY_CHEMICALS,,,https://www.niftyindices.com/IndexConstituent/ind_nifty500list.csv,CURRENT_ONLY,CURRENT_OFFICIAL_SNAPSHOT_ONLY,Current official Nifty 500 industry metadata retained for diagnostics only; not projected backward for historical sector-relative features.
AAVAS,INE216P01012,Financial Services,NIFTY_FINANCIAL_SERVICES,,,https://www.niftyindices.com/IndexConstituent/ind_nifty500list.csv,CURRENT_ONLY,CURRENT_OFFICIAL_SNAPSHOT_ONLY,Current official Nifty 500 industry metadata retained for diagnostics only; not projected backward for historical sector-relative features.
ABBOTINDIA,INE358A01014,Healthcare,NIFTY_HEALTHCARE_INDEX,,,https://www.niftyindices.com/IndexConstituent/ind_nifty500list.csv,CURRENT_ONLY,CURRENT_OFFICIAL_SNAPSHOT_ONLY,Current official Nifty 500 industry metadata retained for diagnostics only; not projected backward for historical sector-relative features.
ACE,INE731H01025,Capital Goods,NIFTY_CAPITAL_GOODS,,,https://www.niftyindices.com/IndexConstituent/ind_nifty500list.csv,CURRENT_ONLY,CURRENT_OFFICIAL_SNAPSHOT_ONLY,Current official Nifty 500 industry metadata retained for diagnostics only; not projected backward for historical sector-relative features.
ACUTAAS,INE00FF01025,Healthcare,NIFTY_HEALTHCARE_INDEX,,,https://www.niftyindices.com/IndexConstituent/ind_nifty500list.csv,CURRENT_ONLY,CURRENT_OFFICIAL_SNAPSHOT_ONLY,Current official Nifty 500 industry metadata retained for diagnostics only; not projected backward for historical sector-relative features.
ADANIENSOL,INE931S01010,Power,NIFTY_POWER,,,https://www.niftyindices.com/IndexConstituent/ind_nifty500list.csv,CURRENT_ONLY,CURRENT_OFFICIAL_SNAPSHOT_ONLY,Current official Nifty 500 industry metadata retained for diagnostics only; not projected backward for historical sector-relative features.
ADANIENT,INE423A01024,Metals & Mining,NIFTY_METAL,,,https://www.niftyindices.com/IndexConstituent/ind_nifty500list.csv,CURRENT_ONLY,CURRENT_OFFICIAL_SNAPSHOT_ONLY,Current official Nifty 500 industry metadata retained for diagnostics only; not projected backward for historical sector-relative features.
ADANIGREEN,INE364U01010,Power,NIFTY_POWER,,,https://www.niftyindices.com/IndexConstituent/ind_nifty500list.csv,CURRENT_ONLY,CURRENT_OFFICIAL_SNAPSHOT_ONLY,Current official Nifty 500 industry metadata retained for diagnostics only; not projected backward for historical sector-relative features.
ADANIPORTS,INE742F01042,Services,,,,https://www.niftyindices.com/IndexConstituent/ind_nifty500list.csv,UNAVAILABLE,NONE,No supported official sector index mapping was assigned from current metadata.
ADANIPOWER,INE814H01029,Power,NIFTY_POWER,,,https://www.niftyindices.com/IndexConstituent/ind_nifty500list.csv,CURRENT_ONLY,CURRENT_OFFICIAL_SNAPSHOT_ONLY,Current official Nifty 500 industry metadata retained for diagnostics only; not projected backward for historical sector-relative features.
ATGL,INE399L01023,Oil Gas & Consumable Fuels,NIFTY_OIL_AND_GAS,,,https://www.niftyindices.com/IndexConstituent/ind_nifty500list.csv,CURRENT_ONLY,CURRENT_OFFICIAL_SNAPSHOT_ONLY,Current official Nifty 500 industry metadata retained for diagnostics only; not projected backward for historical sector-relative features.
ABCAPITAL,INE674K01013,Financial Services,NIFTY_FINANCIAL_SERVICES,,,https://www.niftyindices.com/IndexConstituent/ind_nifty500list.csv,CURRENT_ONLY,CURRENT_OFFICIAL_SNAPSHOT_ONLY,Current official Nifty 500 industry metadata retained for diagnostics only; not projected backward for historical sector-relative features.
ABFRL,INE647O01011,Consumer Services,NIFTY_CONSUMER_SERVICES,,,https://www.niftyindices.com/IndexConstituent/ind_nifty500list.csv,CURRENT_ONLY,CURRENT_OFFICIAL_SNAPSHOT_ONLY,Current official Nifty 500 industry metadata retained for diagnostics only; not projected backward for historical sector-relative features.
ABLBL,INE14LE01019,Consumer Services,NIFTY_CONSUMER_SERVICES,,,https://www.niftyindices.com/IndexConstituent/ind_nifty500list.csv,CURRENT_ONLY,CURRENT_OFFICIAL_SNAPSHOT_ONLY,Current official Nifty 500 industry metadata retained for diagnostics only; not projected backward for historical sector-relative features.
ABREL,INE055A01016,Realty,NIFTY_REALTY,,,https://www.niftyindices.com/IndexConstituent/ind_nifty500list.csv,CURRENT_ONLY,CURRENT_OFFICIAL_SNAPSHOT_ONLY,Current official Nifty 500 industry metadata retained for diagnostics only; not projected backward for historical sector-relative features.
ABSLAMC,INE404A01024,Financial Services,NIFTY_FINANCIAL_SERVICES,,,https://www.niftyindices.com/IndexConstituent/ind_nifty500list.csv,CURRENT_ONLY,CURRENT_OFFICIAL_SNAPSHOT_ONLY,Current official Nifty 500 industry metadata retained for diagnostics only; not projected backward for historical sector-relative features.
CPPLUS,INE819V01029,Capital Goods,NIFTY_CAPITAL_GOODS,,,https://www.niftyindices.com/IndexConstituent/ind_nifty500list.csv,CURRENT_ONLY,CURRENT_OFFICIAL_SNAPSHOT_ONLY,Current official Nifty 500 industry metadata retained for diagnostics only; not projected backward for historical sector-relative features.
AEGISLOG,INE208C01025,Oil Gas & Consumable Fuels,NIFTY_OIL_AND_GAS,,,https://www.niftyindices.com/IndexConstituent/ind_nifty500list.csv,CURRENT_ONLY,CURRENT_OFFICIAL_SNAPSHOT_ONLY,Current official Nifty 500 industry metadata retained for diagnostics only; not projected backward for historical sector-relative features.
AEGISVOPAK,INE0INX01018,Oil Gas & Consumable Fuels,NIFTY_OIL_AND_GAS,,,https://www.niftyindices.com/IndexConstituent/ind_nifty500list.csv,CURRENT_ONLY,CURRENT_OFFICIAL_SNAPSHOT_ONLY,Current official Nifty 500 industry metadata retained for diagnostics only; not projected backward for historical sector-relative features.
AFCONS,INE101I01011,Construction,NIFTY_CONSTRUCTION,,,https://www.niftyindices.com/IndexConstituent/ind_nifty500list.csv,CURRENT_ONLY,CURRENT_OFFICIAL_SNAPSHOT_ONLY,Current official Nifty 500 industry metadata retained for diagnostics only; not projected backward for historical sector-relative features.
AFFLE,INE00WC01027,Information Technology,NIFTY_IT,,,https://www.niftyindices.com/IndexConstituent/ind_nifty500list.csv,CURRENT_ONLY,CURRENT_OFFICIAL_SNAPSHOT_ONLY,Current official Nifty 500 industry metadata retained for diagnostics only; not projected backward for historical sector-relative features.
AJANTPHARM,INE031B01049,Healthcare,NIFTY_HEALTHCARE_INDEX,,,https://www.niftyindices.com/IndexConstituent/ind_nifty500list.csv,CURRENT_ONLY,CURRENT_OFFICIAL_SNAPSHOT_ONLY,Current official Nifty 500 industry metadata retained for diagnostics only; not projected backward for historical sector-relative features.
ALKEM,INE540L01014,Healthcare,NIFTY_HEALTHCARE_INDEX,,,https://www.niftyindices.com/IndexConstituent/ind_nifty500list.csv,CURRENT_ONLY,CURRENT_OFFICIAL_SNAPSHOT_ONLY,Current official Nifty 500 industry metadata retained for diagnostics only; not projected backward for historical sector-relative features.
ABDL,INE552Z01027,Fast Moving Consumer Goods,NIFTY_FMCG,,,https://www.niftyindices.com/IndexConstituent/ind_nifty500list.csv,CURRENT_ONLY,CURRENT_OFFICIAL_SNAPSHOT_ONLY,Current official Nifty 500 industry metadata retained for diagnostics only; not projected backward for historical sector-relative features.
ARE&M,INE885A01032,Automobile and Auto Components,NIFTY_AUTO,,,https://www.niftyindices.com/IndexConstituent/ind_nifty500list.csv,CURRENT_ONLY,CURRENT_OFFICIAL_SNAPSHOT_ONLY,Current official Nifty 500 industry metadata retained for diagnostics only; not projected backward for historical sector-relative features.
AMBER,INE371P01015,Consumer Durables,NIFTY_CONSUMER_DURABLES,,,https://www.niftyindices.com/IndexConstituent/ind_nifty500list.csv,CURRENT_ONLY,CURRENT_OFFICIAL_SNAPSHOT_ONLY,Current official Nifty 500 industry metadata retained for diagnostics only; not projected backward for historical sector-relative features.
AMBUJACEM,INE079A01024,Construction Materials,,,,https://www.niftyindices.com/IndexConstituent/ind_nifty500list.csv,UNAVAILABLE,NONE,No supported official sector index mapping was assigned from current metadata.
ANANDRATHI,INE463V01026,Financial Services,NIFTY_FINANCIAL_SERVICES,,,https://www.niftyindices.com/IndexConstituent/ind_nifty500list.csv,CURRENT_ONLY,CURRENT_OFFICIAL_SNAPSHOT_ONLY,Current official Nifty 500 industry metadata retained for diagnostics only; not projected backward for historical sector-relative features.
ANANTRAJ,INE242C01024,Realty,NIFTY_REALTY,,,https://www.niftyindices.com/IndexConstituent/ind_nifty500list.csv,CURRENT_ONLY,CURRENT_OFFICIAL_SNAPSHOT_ONLY,Current official Nifty 500 industry metadata retained for diagnostics only; not projected backward for historical sector-relative features.
ANGELONE,INE732I01021,Financial Services,NIFTY_FINANCIAL_SERVICES,,,https://www.niftyindices.com/IndexConstituent/ind_nifty500list.csv,CURRENT_ONLY,CURRENT_OFFICIAL_SNAPSHOT_ONLY,Current official Nifty 500 industry metadata retained for diagnostics only; not projected backward for historical sector-relative features.
ANTHEM,INE0CZ201020,Healthcare,NIFTY_HEALTHCARE_INDEX,,,https://www.niftyindices.com/IndexConstituent/ind_nifty500list.csv,CURRENT_ONLY,CURRENT_OFFICIAL_SNAPSHOT_ONLY,Current official Nifty 500 industry metadata retained for diagnostics only; not projected backward for historical sector-relative features.
ANURAS,INE930P01018,Chemicals,NIFTY_CHEMICALS,,,https://www.niftyindices.com/IndexConstituent/ind_nifty500list.csv,CURRENT_ONLY,CURRENT_OFFICIAL_SNAPSHOT_ONLY,Current official Nifty 500 industry metadata retained for diagnostics only; not projected backward for historical sector-relative features.
APARINDS,INE372A01015,Capital Goods,NIFTY_CAPITAL_GOODS,,,https://www.niftyindices.com/IndexConstituent/ind_nifty500list.csv,CURRENT_ONLY,CURRENT_OFFICIAL_SNAPSHOT_ONLY,Current official Nifty 500 industry metadata retained for diagnostics only; not projected backward for historical sector-relative features.
APOLLOHOSP,INE437A01024,Healthcare,NIFTY_HEALTHCARE_INDEX,,,https://www.niftyindices.com/IndexConstituent/ind_nifty500list.csv,CURRENT_ONLY,CURRENT_OFFICIAL_SNAPSHOT_ONLY,Current official Nifty 500 industry metadata retained for diagnostics only; not projected backward for historical sector-relative features.
APOLLOTYRE,INE438A01022,Automobile and Auto Components,NIFTY_AUTO,,,https://www.niftyindices.com/IndexConstituent/ind_nifty500list.csv,CURRENT_ONLY,CURRENT_OFFICIAL_SNAPSHOT_ONLY,Current official Nifty 500 industry metadata retained for diagnostics only; not projected backward for historical sector-relative features.
APTUS,INE852O01025,Financial Services,NIFTY_FINANCIAL_SERVICES,,,https://www.niftyindices.com/IndexConstituent/ind_nifty500list.csv,CURRENT_ONLY,CURRENT_OFFICIAL_SNAPSHOT_ONLY,Current official Nifty 500 industry metadata retained for diagnostics only; not projected backward for historical sector-relative features.
ASAHIINDIA,INE439A01020,Automobile and Auto Components,NIFTY_AUTO,,,https://www.niftyindices.com/IndexConstituent/ind_nifty500list.csv,CURRENT_ONLY,CURRENT_OFFICIAL_SNAPSHOT_ONLY,Current official Nifty 500 industry metadata retained for diagnostics only; not projected backward for historical sector-relative features.
ASHOKLEY,INE208A01029,Capital Goods,NIFTY_CAPITAL_GOODS,,,https://www.niftyindices.com/IndexConstituent/ind_nifty500list.csv,CURRENT_ONLY,CURRENT_OFFICIAL_SNAPSHOT_ONLY,Current official Nifty 500 industry metadata retained for diagnostics only; not projected backward for historical sector-relative features.
ASIANPAINT,INE021A01026,Consumer Durables,NIFTY_CONSUMER_DURABLES,,,https://www.niftyindices.com/IndexConstituent/ind_nifty500list.csv,CURRENT_ONLY,CURRENT_OFFICIAL_SNAPSHOT_ONLY,Current official Nifty 500 industry metadata retained for diagnostics only; not projected backward for historical sector-relative features.
ASTERDM,INE914M01019,Healthcare,NIFTY_HEALTHCARE_INDEX,,,https://www.niftyindices.com/IndexConstituent/ind_nifty500list.csv,CURRENT_ONLY,CURRENT_OFFICIAL_SNAPSHOT_ONLY,Current official Nifty 500 industry metadata retained for diagnostics only; not projected backward for historical sector-relative features.
ASTRAL,INE006I01046,Capital Goods,NIFTY_CAPITAL_GOODS,,,https://www.niftyindices.com/IndexConstituent/ind_nifty500list.csv,CURRENT_ONLY,CURRENT_OFFICIAL_SNAPSHOT_ONLY,Current official Nifty 500 industry metadata retained for diagnostics only; not projected backward for historical sector-relative features.
ATHERENERG,INE0LEZ01016,Automobile and Auto Components,NIFTY_AUTO,,,https://www.niftyindices.com/IndexConstituent/ind_nifty500list.csv,CURRENT_ONLY,CURRENT_OFFICIAL_SNAPSHOT_ONLY,Current official Nifty 500 industry metadata retained for diagnostics only; not projected backward for historical sector-relative features.
ATUL,INE100A01010,Chemicals,NIFTY_CHEMICALS,,,https://www.niftyindices.com/IndexConstituent/ind_nifty500list.csv,CURRENT_ONLY,CURRENT_OFFICIAL_SNAPSHOT_ONLY,Current official Nifty 500 industry metadata retained for diagnostics only; not projected backward for historical sector-relative features.
AUROPHARMA,INE406A01037,Healthcare,NIFTY_HEALTHCARE_INDEX,,,https://www.niftyindices.com/IndexConstituent/ind_nifty500list.csv,CURRENT_ONLY,CURRENT_OFFICIAL_SNAPSHOT_ONLY,Current official Nifty 500 industry metadata retained for diagnostics only; not projected backward for historical sector-relative features.
AIIL,INE206F01022,Financial Services,NIFTY_FINANCIAL_SERVICES,,,https://www.niftyindices.com/IndexConstituent/ind_nifty500list.csv,CURRENT_ONLY,CURRENT_OFFICIAL_SNAPSHOT_ONLY,Current official Nifty 500 industry metadata retained for diagnostics only; not projected backward for historical sector-relative features.
DMART,INE192R01011,Consumer Services,NIFTY_CONSUMER_SERVICES,,,https://www.niftyindices.com/IndexConstituent/ind_nifty500list.csv,CURRENT_ONLY,CURRENT_OFFICIAL_SNAPSHOT_ONLY,Current official Nifty 500 industry metadata retained for diagnostics only; not projected backward for historical sector-relative features.
AXISBANK,INE238A01034,Financial Services,NIFTY_FINANCIAL_SERVICES,,,https://www.niftyindices.com/IndexConstituent/ind_nifty500list.csv,CURRENT_ONLY,CURRENT_OFFICIAL_SNAPSHOT_ONLY,Current official Nifty 500 industry metadata retained for diagnostics only; not projected backward for historical sector-relative features.
BEML,INE258A01024,Capital Goods,NIFTY_CAPITAL_GOODS,,,https://www.niftyindices.com/IndexConstituent/ind_nifty500list.csv,CURRENT_ONLY,CURRENT_OFFICIAL_SNAPSHOT_ONLY,Current official Nifty 500 industry metadata retained for diagnostics only; not projected backward for historical sector-relative features.
BLS,INE153T01027,Consumer Services,NIFTY_CONSUMER_SERVICES,,,https://www.niftyindices.com/IndexConstituent/ind_nifty500list.csv,CURRENT_ONLY,CURRENT_OFFICIAL_SNAPSHOT_ONLY,Current official Nifty 500 industry metadata retained for diagnostics only; not projected backward for historical sector-relative features.
BSE,INE118H01025,Financial Services,NIFTY_FINANCIAL_SERVICES,,,https://www.niftyindices.com/IndexConstituent/ind_nifty500list.csv,CURRENT_ONLY,CURRENT_OFFICIAL_SNAPSHOT_ONLY,Current official Nifty 500 industry metadata retained for diagnostics only; not projected backward for historical sector-relative features.
BAJAJ-AUTO,INE917I01010,Automobile and Auto Components,NIFTY_AUTO,,,https://www.niftyindices.com/IndexConstituent/ind_nifty500list.csv,CURRENT_ONLY,CURRENT_OFFICIAL_SNAPSHOT_ONLY,Current official Nifty 500 industry metadata retained for diagnostics only; not projected backward for historical sector-relative features.
BAJFINANCE,INE296A01032,Financial Services,NIFTY_FINANCIAL_SERVICES,,,https://www.niftyindices.com/IndexConstituent/ind_nifty500list.csv,CURRENT_ONLY,CURRENT_OFFICIAL_SNAPSHOT_ONLY,Current official Nifty 500 industry metadata retained for diagnostics only; not projected backward for historical sector-relative features.
BAJAJFINSV,INE918I01026,Financial Services,NIFTY_FINANCIAL_SERVICES,,,https://www.niftyindices.com/IndexConstituent/ind_nifty500list.csv,CURRENT_ONLY,CURRENT_OFFICIAL_SNAPSHOT_ONLY,Current official Nifty 500 industry metadata retained for diagnostics only; not projected backward for historical sector-relative features.
BAJAJHLDNG,INE118A01012,Financial Services,NIFTY_FINANCIAL_SERVICES,,,https://www.niftyindices.com/IndexConstituent/ind_nifty500list.csv,CURRENT_ONLY,CURRENT_OFFICIAL_SNAPSHOT_ONLY,Current official Nifty 500 industry metadata retained for diagnostics only; not projected backward for historical sector-relative features.
BAJAJHFL,INE377Y01014,Financial Services,NIFTY_FINANCIAL_SERVICES,,,https://www.niftyindices.com/IndexConstituent/ind_nifty500list.csv,CURRENT_ONLY,CURRENT_OFFICIAL_SNAPSHOT_ONLY,Current official Nifty 500 industry metadata retained for diagnostics only; not projected backward for historical sector-relative features.
BALKRISIND,INE787D01026,Automobile and Auto Components,NIFTY_AUTO,,,https://www.niftyindices.com/IndexConstituent/ind_nifty500list.csv,CURRENT_ONLY,CURRENT_OFFICIAL_SNAPSHOT_ONLY,Current official Nifty 500 industry metadata retained for diagnostics only; not projected backward for historical sector-relative features.
BALRAMCHIN,INE119A01028,Fast Moving Consumer Goods,NIFTY_FMCG,,,https://www.niftyindices.com/IndexConstituent/ind_nifty500list.csv,CURRENT_ONLY,CURRENT_OFFICIAL_SNAPSHOT_ONLY,Current official Nifty 500 industry metadata retained for diagnostics only; not projected backward for historical sector-relative features.
BANDHANBNK,INE545U01014,Financial Services,NIFTY_FINANCIAL_SERVICES,,,https://www.niftyindices.com/IndexConstituent/ind_nifty500list.csv,CURRENT_ONLY,CURRENT_OFFICIAL_SNAPSHOT_ONLY,Current official Nifty 500 industry metadata retained for diagnostics only; not projected backward for historical sector-relative features.
BANKBARODA,INE028A01039,Financial Services,NIFTY_FINANCIAL_SERVICES,,,https://www.niftyindices.com/IndexConstituent/ind_nifty500list.csv,CURRENT_ONLY,CURRENT_OFFICIAL_SNAPSHOT_ONLY,Current official Nifty 500 industry metadata retained for diagnostics only; not projected backward for historical sector-relative features.
BANKINDIA,INE084A01016,Financial Services,NIFTY_FINANCIAL_SERVICES,,,https://www.niftyindices.com/IndexConstituent/ind_nifty500list.csv,CURRENT_ONLY,CURRENT_OFFICIAL_SNAPSHOT_ONLY,Current official Nifty 500 industry metadata retained for diagnostics only; not projected backward for historical sector-relative features.
MAHABANK,INE457A01014,Financial Services,NIFTY_FINANCIAL_SERVICES,,,https://www.niftyindices.com/IndexConstituent/ind_nifty500list.csv,CURRENT_ONLY,CURRENT_OFFICIAL_SNAPSHOT_ONLY,Current official Nifty 500 industry metadata retained for diagnostics only; not projected backward for historical sector-relative features.
BATAINDIA,INE176A01028,Consumer Durables,NIFTY_CONSUMER_DURABLES,,,https://www.niftyindices.com/IndexConstituent/ind_nifty500list.csv,CURRENT_ONLY,CURRENT_OFFICIAL_SNAPSHOT_ONLY,Current official Nifty 500 industry metadata retained for diagnostics only; not projected backward for historical sector-relative features.
BAYERCROP,INE462A01022,Chemicals,NIFTY_CHEMICALS,,,https://www.niftyindices.com/IndexConstituent/ind_nifty500list.csv,CURRENT_ONLY,CURRENT_OFFICIAL_SNAPSHOT_ONLY,Current official Nifty 500 industry metadata retained for diagnostics only; not projected backward for historical sector-relative features.
BELRISE,INE894V01022,Automobile and Auto Components,NIFTY_AUTO,,,https://www.niftyindices.com/IndexConstituent/ind_nifty500list.csv,CURRENT_ONLY,CURRENT_OFFICIAL_SNAPSHOT_ONLY,Current official Nifty 500 industry metadata retained for diagnostics only; not projected backward for historical sector-relative features.
BERGEPAINT,INE463A01038,Consumer Durables,NIFTY_CONSUMER_DURABLES,,,https://www.niftyindices.com/IndexConstituent/ind_nifty500list.csv,CURRENT_ONLY,CURRENT_OFFICIAL_SNAPSHOT_ONLY,Current official Nifty 500 industry metadata retained for diagnostics only; not projected backward for historical sector-relative features.
BDL,INE171Z01026,Capital Goods,NIFTY_CAPITAL_GOODS,,,https://www.niftyindices.com/IndexConstituent/ind_nifty500list.csv,CURRENT_ONLY,CURRENT_OFFICIAL_SNAPSHOT_ONLY,Current official Nifty 500 industry metadata retained for diagnostics only; not projected backward for historical sector-relative features.
BEL,INE263A01024,Capital Goods,NIFTY_CAPITAL_GOODS,,,https://www.niftyindices.com/IndexConstituent/ind_nifty500list.csv,CURRENT_ONLY,CURRENT_OFFICIAL_SNAPSHOT_ONLY,Current official Nifty 500 industry metadata retained for diagnostics only; not projected backward for historical sector-relative features.
BHARATFORG,INE465A01025,Automobile and Auto Components,NIFTY_AUTO,,,https://www.niftyindices.com/IndexConstituent/ind_nifty500list.csv,CURRENT_ONLY,CURRENT_OFFICIAL_SNAPSHOT_ONLY,Current official Nifty 500 industry metadata retained for diagnostics only; not projected backward for historical sector-relative features.
BHEL,INE257A01026,Capital Goods,NIFTY_CAPITAL_GOODS,,,https://www.niftyindices.com/IndexConstituent/ind_nifty500list.csv,CURRENT_ONLY,CURRENT_OFFICIAL_SNAPSHOT_ONLY,Current official Nifty 500 industry metadata retained for diagnostics only; not projected backward for historical sector-relative features.
BPCL,INE029A01011,Oil Gas & Consumable Fuels,NIFTY_OIL_AND_GAS,,,https://www.niftyindices.com/IndexConstituent/ind_nifty500list.csv,CURRENT_ONLY,CURRENT_OFFICIAL_SNAPSHOT_ONLY,Current official Nifty 500 industry metadata retained for diagnostics only; not projected backward for historical sector-relative features.
BHARTIARTL,INE397D01024,Telecommunication,NIFTY_TELECOMMUNICATIONS,,,https://www.niftyindices.com/IndexConstituent/ind_nifty500list.csv,CURRENT_ONLY,CURRENT_OFFICIAL_SNAPSHOT_ONLY,Current official Nifty 500 industry metadata retained for diagnostics only; not projected backward for historical sector-relative features.
BHARTIHEXA,INE343G01021,Telecommunication,NIFTY_TELECOMMUNICATIONS,,,https://www.niftyindices.com/IndexConstituent/ind_nifty500list.csv,CURRENT_ONLY,CURRENT_OFFICIAL_SNAPSHOT_ONLY,Current official Nifty 500 industry metadata retained for diagnostics only; not projected backward for historical sector-relative features.
BIKAJI,INE00E101023,Fast Moving Consumer Goods,NIFTY_FMCG,,,https://www.niftyindices.com/IndexConstituent/ind_nifty500list.csv,CURRENT_ONLY,CURRENT_OFFICIAL_SNAPSHOT_ONLY,Current official Nifty 500 industry metadata retained for diagnostics only; not projected backward for historical sector-relative features.
GROWW,INE0HOQ01053,Financial Services,NIFTY_FINANCIAL_SERVICES,,,https://www.niftyindices.com/IndexConstituent/ind_nifty500list.csv,CURRENT_ONLY,CURRENT_OFFICIAL_SNAPSHOT_ONLY,Current official Nifty 500 industry metadata retained for diagnostics only; not projected backward for historical sector-relative features.
BIOCON,INE376G01013,Healthcare,NIFTY_HEALTHCARE_INDEX,,,https://www.niftyindices.com/IndexConstituent/ind_nifty500list.csv,CURRENT_ONLY,CURRENT_OFFICIAL_SNAPSHOT_ONLY,Current official Nifty 500 industry metadata retained for diagnostics only; not projected backward for historical sector-relative features.
BSOFT,INE836A01035,Information Technology,NIFTY_IT,,,https://www.niftyindices.com/IndexConstituent/ind_nifty500list.csv,CURRENT_ONLY,CURRENT_OFFICIAL_SNAPSHOT_ONLY,Current official Nifty 500 industry metadata retained for diagnostics only; not projected backward for historical sector-relative features.
BLUEDART,INE233B01017,Services,,,,https://www.niftyindices.com/IndexConstituent/ind_nifty500list.csv,UNAVAILABLE,NONE,No supported official sector index mapping was assigned from current metadata.
BLUEJET,INE0KBH01020,Healthcare,NIFTY_HEALTHCARE_INDEX,,,https://www.niftyindices.com/IndexConstituent/ind_nifty500list.csv,CURRENT_ONLY,CURRENT_OFFICIAL_SNAPSHOT_ONLY,Current official Nifty 500 industry metadata retained for diagnostics only; not projected backward for historical sector-relative features.
BLUESTARCO,INE472A01039,Consumer Durables,NIFTY_CONSUMER_DURABLES,,,https://www.niftyindices.com/IndexConstituent/ind_nifty500list.csv,CURRENT_ONLY,CURRENT_OFFICIAL_SNAPSHOT_ONLY,Current official Nifty 500 industry metadata retained for diagnostics only; not projected backward for historical sector-relative features.
BBTC,INE050A01025,Fast Moving Consumer Goods,NIFTY_FMCG,,,https://www.niftyindices.com/IndexConstituent/ind_nifty500list.csv,CURRENT_ONLY,CURRENT_OFFICIAL_SNAPSHOT_ONLY,Current official Nifty 500 industry metadata retained for diagnostics only; not projected backward for historical sector-relative features.
BOSCHLTD,INE323A01026,Automobile and Auto Components,NIFTY_AUTO,,,https://www.niftyindices.com/IndexConstituent/ind_nifty500list.csv,CURRENT_ONLY,CURRENT_OFFICIAL_SNAPSHOT_ONLY,Current official Nifty 500 industry metadata retained for diagnostics only; not projected backward for historical sector-relative features.
FIRSTCRY,INE02RE01045,Consumer Services,NIFTY_CONSUMER_SERVICES,,,https://www.niftyindices.com/IndexConstituent/ind_nifty500list.csv,CURRENT_ONLY,CURRENT_OFFICIAL_SNAPSHOT_ONLY,Current official Nifty 500 industry metadata retained for diagnostics only; not projected backward for historical sector-relative features.
BRIGADE,INE791I01019,Realty,NIFTY_REALTY,,,https://www.niftyindices.com/IndexConstituent/ind_nifty500list.csv,CURRENT_ONLY,CURRENT_OFFICIAL_SNAPSHOT_ONLY,Current official Nifty 500 industry metadata retained for diagnostics only; not projected backward for historical sector-relative features.
BRITANNIA,INE216A01030,Fast Moving Consumer Goods,NIFTY_FMCG,,,https://www.niftyindices.com/IndexConstituent/ind_nifty500list.csv,CURRENT_ONLY,CURRENT_OFFICIAL_SNAPSHOT_ONLY,Current official Nifty 500 industry metadata retained for diagnostics only; not projected backward for historical sector-relative features.
MAPMYINDIA,INE0BV301023,Information Technology,NIFTY_IT,,,https://www.niftyindices.com/IndexConstituent/ind_nifty500list.csv,CURRENT_ONLY,CURRENT_OFFICIAL_SNAPSHOT_ONLY,Current official Nifty 500 industry metadata retained for diagnostics only; not projected backward for historical sector-relative features.
CCL,INE421D01022,Fast Moving Consumer Goods,NIFTY_FMCG,,,https://www.niftyindices.com/IndexConstituent/ind_nifty500list.csv,CURRENT_ONLY,CURRENT_OFFICIAL_SNAPSHOT_ONLY,Current official Nifty 500 industry metadata retained for diagnostics only; not projected backward for historical sector-relative features.
CESC,INE486A01021,Power,NIFTY_POWER,,,https://www.niftyindices.com/IndexConstituent/ind_nifty500list.csv,CURRENT_ONLY,CURRENT_OFFICIAL_SNAPSHOT_ONLY,Current official Nifty 500 industry metadata retained for diagnostics only; not projected backward for historical sector-relative features.
CGPOWER,INE067A01029,Capital Goods,NIFTY_CAPITAL_GOODS,,,https://www.niftyindices.com/IndexConstituent/ind_nifty500list.csv,CURRENT_ONLY,CURRENT_OFFICIAL_SNAPSHOT_ONLY,Current official Nifty 500 industry metadata retained for diagnostics only; not projected backward for historical sector-relative features.
CIEINDIA,INE536H01010,Automobile and Auto Components,NIFTY_AUTO,,,https://www.niftyindices.com/IndexConstituent/ind_nifty500list.csv,CURRENT_ONLY,CURRENT_OFFICIAL_SNAPSHOT_ONLY,Current official Nifty 500 industry metadata retained for diagnostics only; not projected backward for historical sector-relative features.
CRISIL,INE007A01025,Financial Services,NIFTY_FINANCIAL_SERVICES,,,https://www.niftyindices.com/IndexConstituent/ind_nifty500list.csv,CURRENT_ONLY,CURRENT_OFFICIAL_SNAPSHOT_ONLY,Current official Nifty 500 industry metadata retained for diagnostics only; not projected backward for historical sector-relative features.
CANFINHOME,INE477A01020,Financial Services,NIFTY_FINANCIAL_SERVICES,,,https://www.niftyindices.com/IndexConstituent/ind_nifty500list.csv,CURRENT_ONLY,CURRENT_OFFICIAL_SNAPSHOT_ONLY,Current official Nifty 500 industry metadata retained for diagnostics only; not projected backward for historical sector-relative features.
CANBK,INE476A01022,Financial Services,NIFTY_FINANCIAL_SERVICES,,,https://www.niftyindices.com/IndexConstituent/ind_nifty500list.csv,CURRENT_ONLY,CURRENT_OFFICIAL_SNAPSHOT_ONLY,Current official Nifty 500 industry metadata retained for diagnostics only; not projected backward for historical sector-relative features.
CANHLIFE,INE01TY01017,Financial Services,NIFTY_FINANCIAL_SERVICES,,,https://www.niftyindices.com/IndexConstituent/ind_nifty500list.csv,CURRENT_ONLY,CURRENT_OFFICIAL_SNAPSHOT_ONLY,Current official Nifty 500 industry metadata retained for diagnostics only; not projected backward for historical sector-relative features.
CAPLIPOINT,INE475E01026,Healthcare,NIFTY_HEALTHCARE_INDEX,,,https://www.niftyindices.com/IndexConstituent/ind_nifty500list.csv,CURRENT_ONLY,CURRENT_OFFICIAL_SNAPSHOT_ONLY,Current official Nifty 500 industry metadata retained for diagnostics only; not projected backward for historical sector-relative features.
CGCL,INE180C01042,Financial Services,NIFTY_FINANCIAL_SERVICES,,,https://www.niftyindices.com/IndexConstituent/ind_nifty500list.csv,CURRENT_ONLY,CURRENT_OFFICIAL_SNAPSHOT_ONLY,Current official Nifty 500 industry metadata retained for diagnostics only; not projected backward for historical sector-relative features.
CARBORUNIV,INE120A01034,Capital Goods,NIFTY_CAPITAL_GOODS,,,https://www.niftyindices.com/IndexConstituent/ind_nifty500list.csv,CURRENT_ONLY,CURRENT_OFFICIAL_SNAPSHOT_ONLY,Current official Nifty 500 industry metadata retained for diagnostics only; not projected backward for historical sector-relative features.
CARTRADE,INE290S01011,Consumer Services,NIFTY_CONSUMER_SERVICES,,,https://www.niftyindices.com/IndexConstituent/ind_nifty500list.csv,CURRENT_ONLY,CURRENT_OFFICIAL_SNAPSHOT_ONLY,Current official Nifty 500 industry metadata retained for diagnostics only; not projected backward for historical sector-relative features.
CASTROLIND,INE172A01027,Oil Gas & Consumable Fuels,NIFTY_OIL_AND_GAS,,,https://www.niftyindices.com/IndexConstituent/ind_nifty500list.csv,CURRENT_ONLY,CURRENT_OFFICIAL_SNAPSHOT_ONLY,Current official Nifty 500 industry metadata retained for diagnostics only; not projected backward for historical sector-relative features.
CEATLTD,INE482A01020,Automobile and Auto Components,NIFTY_AUTO,,,https://www.niftyindices.com/IndexConstituent/ind_nifty500list.csv,CURRENT_ONLY,CURRENT_OFFICIAL_SNAPSHOT_ONLY,Current official Nifty 500 industry metadata retained for diagnostics only; not projected backward for historical sector-relative features.
CEMPRO,INE686A01026,Construction,NIFTY_CONSTRUCTION,,,https://www.niftyindices.com/IndexConstituent/ind_nifty500list.csv,CURRENT_ONLY,CURRENT_OFFICIAL_SNAPSHOT_ONLY,Current official Nifty 500 industry metadata retained for diagnostics only; not projected backward for historical sector-relative features.
CENTRALBK,INE483A01010,Financial Services,NIFTY_FINANCIAL_SERVICES,,,https://www.niftyindices.com/IndexConstituent/ind_nifty500list.csv,CURRENT_ONLY,CURRENT_OFFICIAL_SNAPSHOT_ONLY,Current official Nifty 500 industry metadata retained for diagnostics only; not projected backward for historical sector-relative features.
CDSL,INE736A01011,Financial Services,NIFTY_FINANCIAL_SERVICES,,,https://www.niftyindices.com/IndexConstituent/ind_nifty500list.csv,CURRENT_ONLY,CURRENT_OFFICIAL_SNAPSHOT_ONLY,Current official Nifty 500 industry metadata retained for diagnostics only; not projected backward for historical sector-relative features.
CHALET,INE427F01016,Consumer Services,NIFTY_CONSUMER_SERVICES,,,https://www.niftyindices.com/IndexConstituent/ind_nifty500list.csv,CURRENT_ONLY,CURRENT_OFFICIAL_SNAPSHOT_ONLY,Current official Nifty 500 industry metadata retained for diagnostics only; not projected backward for historical sector-relative features.
CHAMBLFERT,INE085A01013,Chemicals,NIFTY_CHEMICALS,,,https://www.niftyindices.com/IndexConstituent/ind_nifty500list.csv,CURRENT_ONLY,CURRENT_OFFICIAL_SNAPSHOT_ONLY,Current official Nifty 500 industry metadata retained for diagnostics only; not projected backward for historical sector-relative features.
CHENNPETRO,INE178A01016,Oil Gas & Consumable Fuels,NIFTY_OIL_AND_GAS,,,https://www.niftyindices.com/IndexConstituent/ind_nifty500list.csv,CURRENT_ONLY,CURRENT_OFFICIAL_SNAPSHOT_ONLY,Current official Nifty 500 industry metadata retained for diagnostics only; not projected backward for historical sector-relative features.
CHOICEIN,INE102B01014,Financial Services,NIFTY_FINANCIAL_SERVICES,,,https://www.niftyindices.com/IndexConstituent/ind_nifty500list.csv,CURRENT_ONLY,CURRENT_OFFICIAL_SNAPSHOT_ONLY,Current official Nifty 500 industry metadata retained for diagnostics only; not projected backward for historical sector-relative features.
CHOLAHLDNG,INE149A01033,Financial Services,NIFTY_FINANCIAL_SERVICES,,,https://www.niftyindices.com/IndexConstituent/ind_nifty500list.csv,CURRENT_ONLY,CURRENT_OFFICIAL_SNAPSHOT_ONLY,Current official Nifty 500 industry metadata retained for diagnostics only; not projected backward for historical sector-relative features.
CHOLAFIN,INE121A01024,Financial Services,NIFTY_FINANCIAL_SERVICES,,,https://www.niftyindices.com/IndexConstituent/ind_nifty500list.csv,CURRENT_ONLY,CURRENT_OFFICIAL_SNAPSHOT_ONLY,Current official Nifty 500 industry metadata retained for diagnostics only; not projected backward for historical sector-relative features.
CIPLA,INE059A01026,Healthcare,NIFTY_HEALTHCARE_INDEX,,,https://www.niftyindices.com/IndexConstituent/ind_nifty500list.csv,CURRENT_ONLY,CURRENT_OFFICIAL_SNAPSHOT_ONLY,Current official Nifty 500 industry metadata retained for diagnostics only; not projected backward for historical sector-relative features.
CUB,INE491A01021,Financial Services,NIFTY_FINANCIAL_SERVICES,,,https://www.niftyindices.com/IndexConstituent/ind_nifty500list.csv,CURRENT_ONLY,CURRENT_OFFICIAL_SNAPSHOT_ONLY,Current official Nifty 500 industry metadata retained for diagnostics only; not projected backward for historical sector-relative features.
CLEAN,INE227W01023,Chemicals,NIFTY_CHEMICALS,,,https://www.niftyindices.com/IndexConstituent/ind_nifty500list.csv,CURRENT_ONLY,CURRENT_OFFICIAL_SNAPSHOT_ONLY,Current official Nifty 500 industry metadata retained for diagnostics only; not projected backward for historical sector-relative features.
COALINDIA,INE522F01014,Oil Gas & Consumable Fuels,NIFTY_OIL_AND_GAS,,,https://www.niftyindices.com/IndexConstituent/ind_nifty500list.csv,CURRENT_ONLY,CURRENT_OFFICIAL_SNAPSHOT_ONLY,Current official Nifty 500 industry metadata retained for diagnostics only; not projected backward for historical sector-relative features.
COCHINSHIP,INE704P01025,Capital Goods,NIFTY_CAPITAL_GOODS,,,https://www.niftyindices.com/IndexConstituent/ind_nifty500list.csv,CURRENT_ONLY,CURRENT_OFFICIAL_SNAPSHOT_ONLY,Current official Nifty 500 industry metadata retained for diagnostics only; not projected backward for historical sector-relative features.
COFORGE,INE591G01025,Information Technology,NIFTY_IT,,,https://www.niftyindices.com/IndexConstituent/ind_nifty500list.csv,CURRENT_ONLY,CURRENT_OFFICIAL_SNAPSHOT_ONLY,Current official Nifty 500 industry metadata retained for diagnostics only; not projected backward for historical sector-relative features.
COHANCE,INE03QK01018,Healthcare,NIFTY_HEALTHCARE_INDEX,,,https://www.niftyindices.com/IndexConstituent/ind_nifty500list.csv,CURRENT_ONLY,CURRENT_OFFICIAL_SNAPSHOT_ONLY,Current official Nifty 500 industry metadata retained for diagnostics only; not projected backward for historical sector-relative features.
COLPAL,INE259A01022,Fast Moving Consumer Goods,NIFTY_FMCG,,,https://www.niftyindices.com/IndexConstituent/ind_nifty500list.csv,CURRENT_ONLY,CURRENT_OFFICIAL_SNAPSHOT_ONLY,Current official Nifty 500 industry metadata retained for diagnostics only; not projected backward for historical sector-relative features.
CAMS,INE596I01020,Financial Services,NIFTY_FINANCIAL_SERVICES,,,https://www.niftyindices.com/IndexConstituent/ind_nifty500list.csv,CURRENT_ONLY,CURRENT_OFFICIAL_SNAPSHOT_ONLY,Current official Nifty 500 industry metadata retained for diagnostics only; not projected backward for historical sector-relative features.
CONCORDBIO,INE338H01029,Healthcare,NIFTY_HEALTHCARE_INDEX,,,https://www.niftyindices.com/IndexConstituent/ind_nifty500list.csv,CURRENT_ONLY,CURRENT_OFFICIAL_SNAPSHOT_ONLY,Current official Nifty 500 industry metadata retained for diagnostics only; not projected backward for historical sector-relative features.
CONCOR,INE111A01025,Services,,,,https://www.niftyindices.com/IndexConstituent/ind_nifty500list.csv,UNAVAILABLE,NONE,No supported official sector index mapping was assigned from current metadata.
COROMANDEL,INE169A01031,Chemicals,NIFTY_CHEMICALS,,,https://www.niftyindices.com/IndexConstituent/ind_nifty500list.csv,CURRENT_ONLY,CURRENT_OFFICIAL_SNAPSHOT_ONLY,Current official Nifty 500 industry metadata retained for diagnostics only; not projected backward for historical sector-relative features.
CRAFTSMAN,INE00LO01017,Automobile and Auto Components,NIFTY_AUTO,,,https://www.niftyindices.com/IndexConstituent/ind_nifty500list.csv,CURRENT_ONLY,CURRENT_OFFICIAL_SNAPSHOT_ONLY,Current official Nifty 500 industry metadata retained for diagnostics only; not projected backward for historical sector-relative features.
CREDITACC,INE741K01010,Financial Services,NIFTY_FINANCIAL_SERVICES,,,https://www.niftyindices.com/IndexConstituent/ind_nifty500list.csv,CURRENT_ONLY,CURRENT_OFFICIAL_SNAPSHOT_ONLY,Current official Nifty 500 industry metadata retained for diagnostics only; not projected backward for historical sector-relative features.
CROMPTON,INE299U01018,Consumer Durables,NIFTY_CONSUMER_DURABLES,,,https://www.niftyindices.com/IndexConstituent/ind_nifty500list.csv,CURRENT_ONLY,CURRENT_OFFICIAL_SNAPSHOT_ONLY,Current official Nifty 500 industry metadata retained for diagnostics only; not projected backward for historical sector-relative features.
CUMMINSIND,INE298A01020,Capital Goods,NIFTY_CAPITAL_GOODS,,,https://www.niftyindices.com/IndexConstituent/ind_nifty500list.csv,CURRENT_ONLY,CURRENT_OFFICIAL_SNAPSHOT_ONLY,Current official Nifty 500 industry metadata retained for diagnostics only; not projected backward for historical sector-relative features.
CYIENT,INE136B01020,Information Technology,NIFTY_IT,,,https://www.niftyindices.com/IndexConstituent/ind_nifty500list.csv,CURRENT_ONLY,CURRENT_OFFICIAL_SNAPSHOT_ONLY,Current official Nifty 500 industry metadata retained for diagnostics only; not projected backward for historical sector-relative features.
DCMSHRIRAM,INE499A01024,Diversified,,,,https://www.niftyindices.com/IndexConstituent/ind_nifty500list.csv,UNAVAILABLE,NONE,No supported official sector index mapping was assigned from current metadata.
DLF,INE271C01023,Realty,NIFTY_REALTY,,,https://www.niftyindices.com/IndexConstituent/ind_nifty500list.csv,CURRENT_ONLY,CURRENT_OFFICIAL_SNAPSHOT_ONLY,Current official Nifty 500 industry metadata retained for diagnostics only; not projected backward for historical sector-relative features.
DOMS,INE321T01012,Fast Moving Consumer Goods,NIFTY_FMCG,,,https://www.niftyindices.com/IndexConstituent/ind_nifty500list.csv,CURRENT_ONLY,CURRENT_OFFICIAL_SNAPSHOT_ONLY,Current official Nifty 500 industry metadata retained for diagnostics only; not projected backward for historical sector-relative features.
DABUR,INE016A01026,Fast Moving Consumer Goods,NIFTY_FMCG,,,https://www.niftyindices.com/IndexConstituent/ind_nifty500list.csv,CURRENT_ONLY,CURRENT_OFFICIAL_SNAPSHOT_ONLY,Current official Nifty 500 industry metadata retained for diagnostics only; not projected backward for historical sector-relative features.
DALBHARAT,INE00R701025,Construction Materials,,,,https://www.niftyindices.com/IndexConstituent/ind_nifty500list.csv,UNAVAILABLE,NONE,No supported official sector index mapping was assigned from current metadata.
DATAPATTNS,INE0IX101010,Capital Goods,NIFTY_CAPITAL_GOODS,,,https://www.niftyindices.com/IndexConstituent/ind_nifty500list.csv,CURRENT_ONLY,CURRENT_OFFICIAL_SNAPSHOT_ONLY,Current official Nifty 500 industry metadata retained for diagnostics only; not projected backward for historical sector-relative features.
DEEPAKFERT,INE501A01019,Chemicals,NIFTY_CHEMICALS,,,https://www.niftyindices.com/IndexConstituent/ind_nifty500list.csv,CURRENT_ONLY,CURRENT_OFFICIAL_SNAPSHOT_ONLY,Current official Nifty 500 industry metadata retained for diagnostics only; not projected backward for historical sector-relative features.
DEEPAKNTR,INE288B01029,Chemicals,NIFTY_CHEMICALS,,,https://www.niftyindices.com/IndexConstituent/ind_nifty500list.csv,CURRENT_ONLY,CURRENT_OFFICIAL_SNAPSHOT_ONLY,Current official Nifty 500 industry metadata retained for diagnostics only; not projected backward for historical sector-relative features.
DELHIVERY,INE148O01028,Services,,,,https://www.niftyindices.com/IndexConstituent/ind_nifty500list.csv,UNAVAILABLE,NONE,No supported official sector index mapping was assigned from current metadata.
DEVYANI,INE872J01023,Consumer Services,NIFTY_CONSUMER_SERVICES,,,https://www.niftyindices.com/IndexConstituent/ind_nifty500list.csv,CURRENT_ONLY,CURRENT_OFFICIAL_SNAPSHOT_ONLY,Current official Nifty 500 industry metadata retained for diagnostics only; not projected backward for historical sector-relative features.
DIVISLAB,INE361B01024,Healthcare,NIFTY_HEALTHCARE_INDEX,,,https://www.niftyindices.com/IndexConstituent/ind_nifty500list.csv,CURRENT_ONLY,CURRENT_OFFICIAL_SNAPSHOT_ONLY,Current official Nifty 500 industry metadata retained for diagnostics only; not projected backward for historical sector-relative features.
DIXON,INE935N01020,Consumer Durables,NIFTY_CONSUMER_DURABLES,,,https://www.niftyindices.com/IndexConstituent/ind_nifty500list.csv,CURRENT_ONLY,CURRENT_OFFICIAL_SNAPSHOT_ONLY,Current official Nifty 500 industry metadata retained for diagnostics only; not projected backward for historical sector-relative features.
LALPATHLAB,INE600L01024,Healthcare,NIFTY_HEALTHCARE_INDEX,,,https://www.niftyindices.com/IndexConstituent/ind_nifty500list.csv,CURRENT_ONLY,CURRENT_OFFICIAL_SNAPSHOT_ONLY,Current official Nifty 500 industry metadata retained for diagnostics only; not projected backward for historical sector-relative features.
DRREDDY,INE089A01031,Healthcare,NIFTY_HEALTHCARE_INDEX,,,https://www.niftyindices.com/IndexConstituent/ind_nifty500list.csv,CURRENT_ONLY,CURRENT_OFFICIAL_SNAPSHOT_ONLY,Current official Nifty 500 industry metadata retained for diagnostics only; not projected backward for historical sector-relative features.
DUMMYHEG,DUM545A01024,Metals & Mining,NIFTY_METAL,,,https://www.niftyindices.com/IndexConstituent/ind_nifty500list.csv,CURRENT_ONLY,CURRENT_OFFICIAL_SNAPSHOT_ONLY,Current official Nifty 500 industry metadata retained for diagnostics only; not projected backward for historical sector-relative features.
EIDPARRY,INE126A01031,Fast Moving Consumer Goods,NIFTY_FMCG,,,https://www.niftyindices.com/IndexConstituent/ind_nifty500list.csv,CURRENT_ONLY,CURRENT_OFFICIAL_SNAPSHOT_ONLY,Current official Nifty 500 industry metadata retained for diagnostics only; not projected backward for historical sector-relative features.
EIHOTEL,INE230A01023,Consumer Services,NIFTY_CONSUMER_SERVICES,,,https://www.niftyindices.com/IndexConstituent/ind_nifty500list.csv,CURRENT_ONLY,CURRENT_OFFICIAL_SNAPSHOT_ONLY,Current official Nifty 500 industry metadata retained for diagnostics only; not projected backward for historical sector-relative features.
EICHERMOT,INE066A01021,Automobile and Auto Components,NIFTY_AUTO,,,https://www.niftyindices.com/IndexConstituent/ind_nifty500list.csv,CURRENT_ONLY,CURRENT_OFFICIAL_SNAPSHOT_ONLY,Current official Nifty 500 industry metadata retained for diagnostics only; not projected backward for historical sector-relative features.
ELECON,INE205B01031,Capital Goods,NIFTY_CAPITAL_GOODS,,,https://www.niftyindices.com/IndexConstituent/ind_nifty500list.csv,CURRENT_ONLY,CURRENT_OFFICIAL_SNAPSHOT_ONLY,Current official Nifty 500 industry metadata retained for diagnostics only; not projected backward for historical sector-relative features.
ELGIEQUIP,INE285A01027,Capital Goods,NIFTY_CAPITAL_GOODS,,,https://www.niftyindices.com/IndexConstituent/ind_nifty500list.csv,CURRENT_ONLY,CURRENT_OFFICIAL_SNAPSHOT_ONLY,Current official Nifty 500 industry metadata retained for diagnostics only; not projected backward for historical sector-relative features.
EMAMILTD,INE548C01032,Fast Moving Consumer Goods,NIFTY_FMCG,,,https://www.niftyindices.com/IndexConstituent/ind_nifty500list.csv,CURRENT_ONLY,CURRENT_OFFICIAL_SNAPSHOT_ONLY,Current official Nifty 500 industry metadata retained for diagnostics only; not projected backward for historical sector-relative features.
EMCURE,INE168P01015,Healthcare,NIFTY_HEALTHCARE_INDEX,,,https://www.niftyindices.com/IndexConstituent/ind_nifty500list.csv,CURRENT_ONLY,CURRENT_OFFICIAL_SNAPSHOT_ONLY,Current official Nifty 500 industry metadata retained for diagnostics only; not projected backward for historical sector-relative features.
EMMVEE,INE1C6T01020,Capital Goods,NIFTY_CAPITAL_GOODS,,,https://www.niftyindices.com/IndexConstituent/ind_nifty500list.csv,CURRENT_ONLY,CURRENT_OFFICIAL_SNAPSHOT_ONLY,Current official Nifty 500 industry metadata retained for diagnostics only; not projected backward for historical sector-relative features.
ENDURANCE,INE913H01037,Automobile and Auto Components,NIFTY_AUTO,,,https://www.niftyindices.com/IndexConstituent/ind_nifty500list.csv,CURRENT_ONLY,CURRENT_OFFICIAL_SNAPSHOT_ONLY,Current official Nifty 500 industry metadata retained for diagnostics only; not projected backward for historical sector-relative features.
ENGINERSIN,INE510A01028,Construction,NIFTY_CONSTRUCTION,,,https://www.niftyindices.com/IndexConstituent/ind_nifty500list.csv,CURRENT_ONLY,CURRENT_OFFICIAL_SNAPSHOT_ONLY,Current official Nifty 500 industry metadata retained for diagnostics only; not projected backward for historical sector-relative features.
ERIS,INE406M01024,Healthcare,NIFTY_HEALTHCARE_INDEX,,,https://www.niftyindices.com/IndexConstituent/ind_nifty500list.csv,CURRENT_ONLY,CURRENT_OFFICIAL_SNAPSHOT_ONLY,Current official Nifty 500 industry metadata retained for diagnostics only; not projected backward for historical sector-relative features.
ESCORTS,INE042A01014,Capital Goods,NIFTY_CAPITAL_GOODS,,,https://www.niftyindices.com/IndexConstituent/ind_nifty500list.csv,CURRENT_ONLY,CURRENT_OFFICIAL_SNAPSHOT_ONLY,Current official Nifty 500 industry metadata retained for diagnostics only; not projected backward for historical sector-relative features.
ETERNAL,INE758T01015,Consumer Services,NIFTY_CONSUMER_SERVICES,,,https://www.niftyindices.com/IndexConstituent/ind_nifty500list.csv,CURRENT_ONLY,CURRENT_OFFICIAL_SNAPSHOT_ONLY,Current official Nifty 500 industry metadata retained for diagnostics only; not projected backward for historical sector-relative features.
EXIDEIND,INE302A01020,Automobile and Auto Components,NIFTY_AUTO,,,https://www.niftyindices.com/IndexConstituent/ind_nifty500list.csv,CURRENT_ONLY,CURRENT_OFFICIAL_SNAPSHOT_ONLY,Current official Nifty 500 industry metadata retained for diagnostics only; not projected backward for historical sector-relative features.
NYKAA,INE388Y01029,Consumer Services,NIFTY_CONSUMER_SERVICES,,,https://www.niftyindices.com/IndexConstituent/ind_nifty500list.csv,CURRENT_ONLY,CURRENT_OFFICIAL_SNAPSHOT_ONLY,Current official Nifty 500 industry metadata retained for diagnostics only; not projected backward for historical sector-relative features.
FEDERALBNK,INE171A01029,Financial Services,NIFTY_FINANCIAL_SERVICES,,,https://www.niftyindices.com/IndexConstituent/ind_nifty500list.csv,CURRENT_ONLY,CURRENT_OFFICIAL_SNAPSHOT_ONLY,Current official Nifty 500 industry metadata retained for diagnostics only; not projected backward for historical sector-relative features.
FACT,INE188A01015,Chemicals,NIFTY_CHEMICALS,,,https://www.niftyindices.com/IndexConstituent/ind_nifty500list.csv,CURRENT_ONLY,CURRENT_OFFICIAL_SNAPSHOT_ONLY,Current official Nifty 500 industry metadata retained for diagnostics only; not projected backward for historical sector-relative features.
FINCABLES,INE235A01022,Capital Goods,NIFTY_CAPITAL_GOODS,,,https://www.niftyindices.com/IndexConstituent/ind_nifty500list.csv,CURRENT_ONLY,CURRENT_OFFICIAL_SNAPSHOT_ONLY,Current official Nifty 500 industry metadata retained for diagnostics only; not projected backward for historical sector-relative features.
FSL,INE684F01012,Services,,,,https://www.niftyindices.com/IndexConstituent/ind_nifty500list.csv,UNAVAILABLE,NONE,No supported official sector index mapping was assigned from current metadata.
FIVESTAR,INE128S01021,Financial Services,NIFTY_FINANCIAL_SERVICES,,,https://www.niftyindices.com/IndexConstituent/ind_nifty500list.csv,CURRENT_ONLY,CURRENT_OFFICIAL_SNAPSHOT_ONLY,Current official Nifty 500 industry metadata retained for diagnostics only; not projected backward for historical sector-relative features.
FORCEMOT,INE451A01017,Automobile and Auto Components,NIFTY_AUTO,,,https://www.niftyindices.com/IndexConstituent/ind_nifty500list.csv,CURRENT_ONLY,CURRENT_OFFICIAL_SNAPSHOT_ONLY,Current official Nifty 500 industry metadata retained for diagnostics only; not projected backward for historical sector-relative features.
FORTIS,INE061F01013,Healthcare,NIFTY_HEALTHCARE_INDEX,,,https://www.niftyindices.com/IndexConstituent/ind_nifty500list.csv,CURRENT_ONLY,CURRENT_OFFICIAL_SNAPSHOT_ONLY,Current official Nifty 500 industry metadata retained for diagnostics only; not projected backward for historical sector-relative features.
GAIL,INE129A01019,Oil Gas & Consumable Fuels,NIFTY_OIL_AND_GAS,,,https://www.niftyindices.com/IndexConstituent/ind_nifty500list.csv,CURRENT_ONLY,CURRENT_OFFICIAL_SNAPSHOT_ONLY,Current official Nifty 500 industry metadata retained for diagnostics only; not projected backward for historical sector-relative features.
GVT&D,INE200A01026,Capital Goods,NIFTY_CAPITAL_GOODS,,,https://www.niftyindices.com/IndexConstituent/ind_nifty500list.csv,CURRENT_ONLY,CURRENT_OFFICIAL_SNAPSHOT_ONLY,Current official Nifty 500 industry metadata retained for diagnostics only; not projected backward for historical sector-relative features.
GMRAIRPORT,INE776C01039,Services,,,,https://www.niftyindices.com/IndexConstituent/ind_nifty500list.csv,UNAVAILABLE,NONE,No supported official sector index mapping was assigned from current metadata.
GABRIEL,INE524A01029,Automobile and Auto Components,NIFTY_AUTO,,,https://www.niftyindices.com/IndexConstituent/ind_nifty500list.csv,CURRENT_ONLY,CURRENT_OFFICIAL_SNAPSHOT_ONLY,Current official Nifty 500 industry metadata retained for diagnostics only; not projected backward for historical sector-relative features.
GALLANTT,INE297H01019,Capital Goods,NIFTY_CAPITAL_GOODS,,,https://www.niftyindices.com/IndexConstituent/ind_nifty500list.csv,CURRENT_ONLY,CURRENT_OFFICIAL_SNAPSHOT_ONLY,Current official Nifty 500 industry metadata retained for diagnostics only; not projected backward for historical sector-relative features.
GRSE,INE382Z01011,Capital Goods,NIFTY_CAPITAL_GOODS,,,https://www.niftyindices.com/IndexConstituent/ind_nifty500list.csv,CURRENT_ONLY,CURRENT_OFFICIAL_SNAPSHOT_ONLY,Current official Nifty 500 industry metadata retained for diagnostics only; not projected backward for historical sector-relative features.
GICRE,INE481Y01014,Financial Services,NIFTY_FINANCIAL_SERVICES,,,https://www.niftyindices.com/IndexConstituent/ind_nifty500list.csv,CURRENT_ONLY,CURRENT_OFFICIAL_SNAPSHOT_ONLY,Current official Nifty 500 industry metadata retained for diagnostics only; not projected backward for historical sector-relative features.
GILLETTE,INE322A01010,Fast Moving Consumer Goods,NIFTY_FMCG,,,https://www.niftyindices.com/IndexConstituent/ind_nifty500list.csv,CURRENT_ONLY,CURRENT_OFFICIAL_SNAPSHOT_ONLY,Current official Nifty 500 industry metadata retained for diagnostics only; not projected backward for historical sector-relative features.
GLAND,INE068V01023,Healthcare,NIFTY_HEALTHCARE_INDEX,,,https://www.niftyindices.com/IndexConstituent/ind_nifty500list.csv,CURRENT_ONLY,CURRENT_OFFICIAL_SNAPSHOT_ONLY,Current official Nifty 500 industry metadata retained for diagnostics only; not projected backward for historical sector-relative features.
GLAXO,INE159A01016,Healthcare,NIFTY_HEALTHCARE_INDEX,,,https://www.niftyindices.com/IndexConstituent/ind_nifty500list.csv,CURRENT_ONLY,CURRENT_OFFICIAL_SNAPSHOT_ONLY,Current official Nifty 500 industry metadata retained for diagnostics only; not projected backward for historical sector-relative features.
GLENMARK,INE935A01035,Healthcare,NIFTY_HEALTHCARE_INDEX,,,https://www.niftyindices.com/IndexConstituent/ind_nifty500list.csv,CURRENT_ONLY,CURRENT_OFFICIAL_SNAPSHOT_ONLY,Current official Nifty 500 industry metadata retained for diagnostics only; not projected backward for historical sector-relative features.
MEDANTA,INE474Q01031,Healthcare,NIFTY_HEALTHCARE_INDEX,,,https://www.niftyindices.com/IndexConstituent/ind_nifty500list.csv,CURRENT_ONLY,CURRENT_OFFICIAL_SNAPSHOT_ONLY,Current official Nifty 500 industry metadata retained for diagnostics only; not projected backward for historical sector-relative features.
GODIGIT,INE03JT01014,Financial Services,NIFTY_FINANCIAL_SERVICES,,,https://www.niftyindices.com/IndexConstituent/ind_nifty500list.csv,CURRENT_ONLY,CURRENT_OFFICIAL_SNAPSHOT_ONLY,Current official Nifty 500 industry metadata retained for diagnostics only; not projected backward for historical sector-relative features.
GPIL,INE177H01039,Capital Goods,NIFTY_CAPITAL_GOODS,,,https://www.niftyindices.com/IndexConstituent/ind_nifty500list.csv,CURRENT_ONLY,CURRENT_OFFICIAL_SNAPSHOT_ONLY,Current official Nifty 500 industry metadata retained for diagnostics only; not projected backward for historical sector-relative features.
GODFRYPHLP,INE260B01028,Fast Moving Consumer Goods,NIFTY_FMCG,,,https://www.niftyindices.com/IndexConstituent/ind_nifty500list.csv,CURRENT_ONLY,CURRENT_OFFICIAL_SNAPSHOT_ONLY,Current official Nifty 500 industry metadata retained for diagnostics only; not projected backward for historical sector-relative features.
GODREJCP,INE102D01028,Fast Moving Consumer Goods,NIFTY_FMCG,,,https://www.niftyindices.com/IndexConstituent/ind_nifty500list.csv,CURRENT_ONLY,CURRENT_OFFICIAL_SNAPSHOT_ONLY,Current official Nifty 500 industry metadata retained for diagnostics only; not projected backward for historical sector-relative features.
GODREJIND,INE233A01035,Diversified,,,,https://www.niftyindices.com/IndexConstituent/ind_nifty500list.csv,UNAVAILABLE,NONE,No supported official sector index mapping was assigned from current metadata.
GODREJPROP,INE484J01027,Realty,NIFTY_REALTY,,,https://www.niftyindices.com/IndexConstituent/ind_nifty500list.csv,CURRENT_ONLY,CURRENT_OFFICIAL_SNAPSHOT_ONLY,Current official Nifty 500 industry metadata retained for diagnostics only; not projected backward for historical sector-relative features.
GRANULES,INE101D01020,Healthcare,NIFTY_HEALTHCARE_INDEX,,,https://www.niftyindices.com/IndexConstituent/ind_nifty500list.csv,CURRENT_ONLY,CURRENT_OFFICIAL_SNAPSHOT_ONLY,Current official Nifty 500 industry metadata retained for diagnostics only; not projected backward for historical sector-relative features.
GRAPHITE,INE371A01025,Capital Goods,NIFTY_CAPITAL_GOODS,,,https://www.niftyindices.com/IndexConstituent/ind_nifty500list.csv,CURRENT_ONLY,CURRENT_OFFICIAL_SNAPSHOT_ONLY,Current official Nifty 500 industry metadata retained for diagnostics only; not projected backward for historical sector-relative features.
GRASIM,INE047A01021,Construction Materials,,,,https://www.niftyindices.com/IndexConstituent/ind_nifty500list.csv,UNAVAILABLE,NONE,No supported official sector index mapping was assigned from current metadata.
GRAVITA,INE024L01027,Metals & Mining,NIFTY_METAL,,,https://www.niftyindices.com/IndexConstituent/ind_nifty500list.csv,CURRENT_ONLY,CURRENT_OFFICIAL_SNAPSHOT_ONLY,Current official Nifty 500 industry metadata retained for diagnostics only; not projected backward for historical sector-relative features.
GESHIP,INE017A01032,Services,,,,https://www.niftyindices.com/IndexConstituent/ind_nifty500list.csv,UNAVAILABLE,NONE,No supported official sector index mapping was assigned from current metadata.
FLUOROCHEM,INE09N301011,Chemicals,NIFTY_CHEMICALS,,,https://www.niftyindices.com/IndexConstituent/ind_nifty500list.csv,CURRENT_ONLY,CURRENT_OFFICIAL_SNAPSHOT_ONLY,Current official Nifty 500 industry metadata retained for diagnostics only; not projected backward for historical sector-relative features.
GMDCLTD,INE131A01031,Metals & Mining,NIFTY_METAL,,,https://www.niftyindices.com/IndexConstituent/ind_nifty500list.csv,CURRENT_ONLY,CURRENT_OFFICIAL_SNAPSHOT_ONLY,Current official Nifty 500 industry metadata retained for diagnostics only; not projected backward for historical sector-relative features.
HBLENGINE,INE292B01021,Capital Goods,NIFTY_CAPITAL_GOODS,,,https://www.niftyindices.com/IndexConstituent/ind_nifty500list.csv,CURRENT_ONLY,CURRENT_OFFICIAL_SNAPSHOT_ONLY,Current official Nifty 500 industry metadata retained for diagnostics only; not projected backward for historical sector-relative features.
HCLTECH,INE860A01027,Information Technology,NIFTY_IT,,,https://www.niftyindices.com/IndexConstituent/ind_nifty500list.csv,CURRENT_ONLY,CURRENT_OFFICIAL_SNAPSHOT_ONLY,Current official Nifty 500 industry metadata retained for diagnostics only; not projected backward for historical sector-relative features.
HDBFS,INE756I01012,Financial Services,NIFTY_FINANCIAL_SERVICES,,,https://www.niftyindices.com/IndexConstituent/ind_nifty500list.csv,CURRENT_ONLY,CURRENT_OFFICIAL_SNAPSHOT_ONLY,Current official Nifty 500 industry metadata retained for diagnostics only; not projected backward for historical sector-relative features.
HDFCAMC,INE127D01025,Financial Services,NIFTY_FINANCIAL_SERVICES,,,https://www.niftyindices.com/IndexConstituent/ind_nifty500list.csv,CURRENT_ONLY,CURRENT_OFFICIAL_SNAPSHOT_ONLY,Current official Nifty 500 industry metadata retained for diagnostics only; not projected backward for historical sector-relative features.
HDFCBANK,INE040A01034,Financial Services,NIFTY_FINANCIAL_SERVICES,,,https://www.niftyindices.com/IndexConstituent/ind_nifty500list.csv,CURRENT_ONLY,CURRENT_OFFICIAL_SNAPSHOT_ONLY,Current official Nifty 500 industry metadata retained for diagnostics only; not projected backward for historical sector-relative features.
HDFCLIFE,INE795G01014,Financial Services,NIFTY_FINANCIAL_SERVICES,,,https://www.niftyindices.com/IndexConstituent/ind_nifty500list.csv,CURRENT_ONLY,CURRENT_OFFICIAL_SNAPSHOT_ONLY,Current official Nifty 500 industry metadata retained for diagnostics only; not projected backward for historical sector-relative features.
HEG,INE545A01024,Capital Goods,NIFTY_CAPITAL_GOODS,,,https://www.niftyindices.com/IndexConstituent/ind_nifty500list.csv,CURRENT_ONLY,CURRENT_OFFICIAL_SNAPSHOT_ONLY,Current official Nifty 500 industry metadata retained for diagnostics only; not projected backward for historical sector-relative features.
HFCL,INE548A01028,Telecommunication,NIFTY_TELECOMMUNICATIONS,,,https://www.niftyindices.com/IndexConstituent/ind_nifty500list.csv,CURRENT_ONLY,CURRENT_OFFICIAL_SNAPSHOT_ONLY,Current official Nifty 500 industry metadata retained for diagnostics only; not projected backward for historical sector-relative features.
HAVELLS,INE176B01034,Consumer Durables,NIFTY_CONSUMER_DURABLES,,,https://www.niftyindices.com/IndexConstituent/ind_nifty500list.csv,CURRENT_ONLY,CURRENT_OFFICIAL_SNAPSHOT_ONLY,Current official Nifty 500 industry metadata retained for diagnostics only; not projected backward for historical sector-relative features.
HEROMOTOCO,INE158A01026,Automobile and Auto Components,NIFTY_AUTO,,,https://www.niftyindices.com/IndexConstituent/ind_nifty500list.csv,CURRENT_ONLY,CURRENT_OFFICIAL_SNAPSHOT_ONLY,Current official Nifty 500 industry metadata retained for diagnostics only; not projected backward for historical sector-relative features.
HEXT,INE093A01041,Information Technology,NIFTY_IT,,,https://www.niftyindices.com/IndexConstituent/ind_nifty500list.csv,CURRENT_ONLY,CURRENT_OFFICIAL_SNAPSHOT_ONLY,Current official Nifty 500 industry metadata retained for diagnostics only; not projected backward for historical sector-relative features.
HSCL,INE019C01026,Chemicals,NIFTY_CHEMICALS,,,https://www.niftyindices.com/IndexConstituent/ind_nifty500list.csv,CURRENT_ONLY,CURRENT_OFFICIAL_SNAPSHOT_ONLY,Current official Nifty 500 industry metadata retained for diagnostics only; not projected backward for historical sector-relative features.
HINDALCO,INE038A01020,Metals & Mining,NIFTY_METAL,,,https://www.niftyindices.com/IndexConstituent/ind_nifty500list.csv,CURRENT_ONLY,CURRENT_OFFICIAL_SNAPSHOT_ONLY,Current official Nifty 500 industry metadata retained for diagnostics only; not projected backward for historical sector-relative features.
HAL,INE066F01020,Capital Goods,NIFTY_CAPITAL_GOODS,,,https://www.niftyindices.com/IndexConstituent/ind_nifty500list.csv,CURRENT_ONLY,CURRENT_OFFICIAL_SNAPSHOT_ONLY,Current official Nifty 500 industry metadata retained for diagnostics only; not projected backward for historical sector-relative features.
HINDCOPPER,INE531E01026,Metals & Mining,NIFTY_METAL,,,https://www.niftyindices.com/IndexConstituent/ind_nifty500list.csv,CURRENT_ONLY,CURRENT_OFFICIAL_SNAPSHOT_ONLY,Current official Nifty 500 industry metadata retained for diagnostics only; not projected backward for historical sector-relative features.
HINDPETRO,INE094A01015,Oil Gas & Consumable Fuels,NIFTY_OIL_AND_GAS,,,https://www.niftyindices.com/IndexConstituent/ind_nifty500list.csv,CURRENT_ONLY,CURRENT_OFFICIAL_SNAPSHOT_ONLY,Current official Nifty 500 industry metadata retained for diagnostics only; not projected backward for historical sector-relative features.
HINDUNILVR,INE030A01027,Fast Moving Consumer Goods,NIFTY_FMCG,,,https://www.niftyindices.com/IndexConstituent/ind_nifty500list.csv,CURRENT_ONLY,CURRENT_OFFICIAL_SNAPSHOT_ONLY,Current official Nifty 500 industry metadata retained for diagnostics only; not projected backward for historical sector-relative features.
HINDZINC,INE267A01025,Metals & Mining,NIFTY_METAL,,,https://www.niftyindices.com/IndexConstituent/ind_nifty500list.csv,CURRENT_ONLY,CURRENT_OFFICIAL_SNAPSHOT_ONLY,Current official Nifty 500 industry metadata retained for diagnostics only; not projected backward for historical sector-relative features.
POWERINDIA,INE07Y701011,Capital Goods,NIFTY_CAPITAL_GOODS,,,https://www.niftyindices.com/IndexConstituent/ind_nifty500list.csv,CURRENT_ONLY,CURRENT_OFFICIAL_SNAPSHOT_ONLY,Current official Nifty 500 industry metadata retained for diagnostics only; not projected backward for historical sector-relative features.
HOMEFIRST,INE481N01025,Financial Services,NIFTY_FINANCIAL_SERVICES,,,https://www.niftyindices.com/IndexConstituent/ind_nifty500list.csv,CURRENT_ONLY,CURRENT_OFFICIAL_SNAPSHOT_ONLY,Current official Nifty 500 industry metadata retained for diagnostics only; not projected backward for historical sector-relative features.
HONASA,INE0J5401028,Fast Moving Consumer Goods,NIFTY_FMCG,,,https://www.niftyindices.com/IndexConstituent/ind_nifty500list.csv,CURRENT_ONLY,CURRENT_OFFICIAL_SNAPSHOT_ONLY,Current official Nifty 500 industry metadata retained for diagnostics only; not projected backward for historical sector-relative features.
HONAUT,INE671A01010,Capital Goods,NIFTY_CAPITAL_GOODS,,,https://www.niftyindices.com/IndexConstituent/ind_nifty500list.csv,CURRENT_ONLY,CURRENT_OFFICIAL_SNAPSHOT_ONLY,Current official Nifty 500 industry metadata retained for diagnostics only; not projected backward for historical sector-relative features.
HUDCO,INE031A01017,Financial Services,NIFTY_FINANCIAL_SERVICES,,,https://www.niftyindices.com/IndexConstituent/ind_nifty500list.csv,CURRENT_ONLY,CURRENT_OFFICIAL_SNAPSHOT_ONLY,Current official Nifty 500 industry metadata retained for diagnostics only; not projected backward for historical sector-relative features.
HYUNDAI,INE0V6F01027,Automobile and Auto Components,NIFTY_AUTO,,,https://www.niftyindices.com/IndexConstituent/ind_nifty500list.csv,CURRENT_ONLY,CURRENT_OFFICIAL_SNAPSHOT_ONLY,Current official Nifty 500 industry metadata retained for diagnostics only; not projected backward for historical sector-relative features.
ICICIBANK,INE090A01021,Financial Services,NIFTY_FINANCIAL_SERVICES,,,https://www.niftyindices.com/IndexConstituent/ind_nifty500list.csv,CURRENT_ONLY,CURRENT_OFFICIAL_SNAPSHOT_ONLY,Current official Nifty 500 industry metadata retained for diagnostics only; not projected backward for historical sector-relative features.
ICICIGI,INE765G01017,Financial Services,NIFTY_FINANCIAL_SERVICES,,,https://www.niftyindices.com/IndexConstituent/ind_nifty500list.csv,CURRENT_ONLY,CURRENT_OFFICIAL_SNAPSHOT_ONLY,Current official Nifty 500 industry metadata retained for diagnostics only; not projected backward for historical sector-relative features.
ICICIAMC,INE346A01027,Financial Services,NIFTY_FINANCIAL_SERVICES,,,https://www.niftyindices.com/IndexConstituent/ind_nifty500list.csv,CURRENT_ONLY,CURRENT_OFFICIAL_SNAPSHOT_ONLY,Current official Nifty 500 industry metadata retained for diagnostics only; not projected backward for historical sector-relative features.
ICICIPRULI,INE726G01019,Financial Services,NIFTY_FINANCIAL_SERVICES,,,https://www.niftyindices.com/IndexConstituent/ind_nifty500list.csv,CURRENT_ONLY,CURRENT_OFFICIAL_SNAPSHOT_ONLY,Current official Nifty 500 industry metadata retained for diagnostics only; not projected backward for historical sector-relative features.
IDBI,INE008A01015,Financial Services,NIFTY_FINANCIAL_SERVICES,,,https://www.niftyindices.com/IndexConstituent/ind_nifty500list.csv,CURRENT_ONLY,CURRENT_OFFICIAL_SNAPSHOT_ONLY,Current official Nifty 500 industry metadata retained for diagnostics only; not projected backward for historical sector-relative features.
IDFCFIRSTB,INE092T01019,Financial Services,NIFTY_FINANCIAL_SERVICES,,,https://www.niftyindices.com/IndexConstituent/ind_nifty500list.csv,CURRENT_ONLY,CURRENT_OFFICIAL_SNAPSHOT_ONLY,Current official Nifty 500 industry metadata retained for diagnostics only; not projected backward for historical sector-relative features.
IFCI,INE039A01010,Financial Services,NIFTY_FINANCIAL_SERVICES,,,https://www.niftyindices.com/IndexConstituent/ind_nifty500list.csv,CURRENT_ONLY,CURRENT_OFFICIAL_SNAPSHOT_ONLY,Current official Nifty 500 industry metadata retained for diagnostics only; not projected backward for historical sector-relative features.
IIFL,INE530B01024,Financial Services,NIFTY_FINANCIAL_SERVICES,,,https://www.niftyindices.com/IndexConstituent/ind_nifty500list.csv,CURRENT_ONLY,CURRENT_OFFICIAL_SNAPSHOT_ONLY,Current official Nifty 500 industry metadata retained for diagnostics only; not projected backward for historical sector-relative features.
IRB,INE821I01022,Construction,NIFTY_CONSTRUCTION,,,https://www.niftyindices.com/IndexConstituent/ind_nifty500list.csv,CURRENT_ONLY,CURRENT_OFFICIAL_SNAPSHOT_ONLY,Current official Nifty 500 industry metadata retained for diagnostics only; not projected backward for historical sector-relative features.
IRCON,INE962Y01021,Construction,NIFTY_CONSTRUCTION,,,https://www.niftyindices.com/IndexConstituent/ind_nifty500list.csv,CURRENT_ONLY,CURRENT_OFFICIAL_SNAPSHOT_ONLY,Current official Nifty 500 industry metadata retained for diagnostics only; not projected backward for historical sector-relative features.
ITCHOTELS,INE379A01028,Consumer Services,NIFTY_CONSUMER_SERVICES,,,https://www.niftyindices.com/IndexConstituent/ind_nifty500list.csv,CURRENT_ONLY,CURRENT_OFFICIAL_SNAPSHOT_ONLY,Current official Nifty 500 industry metadata retained for diagnostics only; not projected backward for historical sector-relative features.
ITC,INE154A01025,Fast Moving Consumer Goods,NIFTY_FMCG,,,https://www.niftyindices.com/IndexConstituent/ind_nifty500list.csv,CURRENT_ONLY,CURRENT_OFFICIAL_SNAPSHOT_ONLY,Current official Nifty 500 industry metadata retained for diagnostics only; not projected backward for historical sector-relative features.
ITI,INE248A01017,Telecommunication,NIFTY_TELECOMMUNICATIONS,,,https://www.niftyindices.com/IndexConstituent/ind_nifty500list.csv,CURRENT_ONLY,CURRENT_OFFICIAL_SNAPSHOT_ONLY,Current official Nifty 500 industry metadata retained for diagnostics only; not projected backward for historical sector-relative features.
INDGN,INE065X01017,Healthcare,NIFTY_HEALTHCARE_INDEX,,,https://www.niftyindices.com/IndexConstituent/ind_nifty500list.csv,CURRENT_ONLY,CURRENT_OFFICIAL_SNAPSHOT_ONLY,Current official Nifty 500 industry metadata retained for diagnostics only; not projected backward for historical sector-relative features.
INDIACEM,INE383A01012,Construction Materials,,,,https://www.niftyindices.com/IndexConstituent/ind_nifty500list.csv,UNAVAILABLE,NONE,No supported official sector index mapping was assigned from current metadata.
INDIAMART,INE933S01016,Consumer Services,NIFTY_CONSUMER_SERVICES,,,https://www.niftyindices.com/IndexConstituent/ind_nifty500list.csv,CURRENT_ONLY,CURRENT_OFFICIAL_SNAPSHOT_ONLY,Current official Nifty 500 industry metadata retained for diagnostics only; not projected backward for historical sector-relative features.
INDIANB,INE562A01011,Financial Services,NIFTY_FINANCIAL_SERVICES,,,https://www.niftyindices.com/IndexConstituent/ind_nifty500list.csv,CURRENT_ONLY,CURRENT_OFFICIAL_SNAPSHOT_ONLY,Current official Nifty 500 industry metadata retained for diagnostics only; not projected backward for historical sector-relative features.
IEX,INE022Q01020,Financial Services,NIFTY_FINANCIAL_SERVICES,,,https://www.niftyindices.com/IndexConstituent/ind_nifty500list.csv,CURRENT_ONLY,CURRENT_OFFICIAL_SNAPSHOT_ONLY,Current official Nifty 500 industry metadata retained for diagnostics only; not projected backward for historical sector-relative features.
INDHOTEL,INE053A01029,Consumer Services,NIFTY_CONSUMER_SERVICES,,,https://www.niftyindices.com/IndexConstituent/ind_nifty500list.csv,CURRENT_ONLY,CURRENT_OFFICIAL_SNAPSHOT_ONLY,Current official Nifty 500 industry metadata retained for diagnostics only; not projected backward for historical sector-relative features.
IOC,INE242A01010,Oil Gas & Consumable Fuels,NIFTY_OIL_AND_GAS,,,https://www.niftyindices.com/IndexConstituent/ind_nifty500list.csv,CURRENT_ONLY,CURRENT_OFFICIAL_SNAPSHOT_ONLY,Current official Nifty 500 industry metadata retained for diagnostics only; not projected backward for historical sector-relative features.
IOB,INE565A01014,Financial Services,NIFTY_FINANCIAL_SERVICES,,,https://www.niftyindices.com/IndexConstituent/ind_nifty500list.csv,CURRENT_ONLY,CURRENT_OFFICIAL_SNAPSHOT_ONLY,Current official Nifty 500 industry metadata retained for diagnostics only; not projected backward for historical sector-relative features.
IRCTC,INE335Y01020,Consumer Services,NIFTY_CONSUMER_SERVICES,,,https://www.niftyindices.com/IndexConstituent/ind_nifty500list.csv,CURRENT_ONLY,CURRENT_OFFICIAL_SNAPSHOT_ONLY,Current official Nifty 500 industry metadata retained for diagnostics only; not projected backward for historical sector-relative features.
IRFC,INE053F01010,Financial Services,NIFTY_FINANCIAL_SERVICES,,,https://www.niftyindices.com/IndexConstituent/ind_nifty500list.csv,CURRENT_ONLY,CURRENT_OFFICIAL_SNAPSHOT_ONLY,Current official Nifty 500 industry metadata retained for diagnostics only; not projected backward for historical sector-relative features.
IREDA,INE202E01016,Financial Services,NIFTY_FINANCIAL_SERVICES,,,https://www.niftyindices.com/IndexConstituent/ind_nifty500list.csv,CURRENT_ONLY,CURRENT_OFFICIAL_SNAPSHOT_ONLY,Current official Nifty 500 industry metadata retained for diagnostics only; not projected backward for historical sector-relative features.
IGL,INE203G01027,Oil Gas & Consumable Fuels,NIFTY_OIL_AND_GAS,,,https://www.niftyindices.com/IndexConstituent/ind_nifty500list.csv,CURRENT_ONLY,CURRENT_OFFICIAL_SNAPSHOT_ONLY,Current official Nifty 500 industry metadata retained for diagnostics only; not projected backward for historical sector-relative features.
INDUSTOWER,INE121J01017,Telecommunication,NIFTY_TELECOMMUNICATIONS,,,https://www.niftyindices.com/IndexConstituent/ind_nifty500list.csv,CURRENT_ONLY,CURRENT_OFFICIAL_SNAPSHOT_ONLY,Current official Nifty 500 industry metadata retained for diagnostics only; not projected backward for historical sector-relative features.
INDUSINDBK,INE095A01012,Financial Services,NIFTY_FINANCIAL_SERVICES,,,https://www.niftyindices.com/IndexConstituent/ind_nifty500list.csv,CURRENT_ONLY,CURRENT_OFFICIAL_SNAPSHOT_ONLY,Current official Nifty 500 industry metadata retained for diagnostics only; not projected backward for historical sector-relative features.
NAUKRI,INE663F01032,Consumer Services,NIFTY_CONSUMER_SERVICES,,,https://www.niftyindices.com/IndexConstituent/ind_nifty500list.csv,CURRENT_ONLY,CURRENT_OFFICIAL_SNAPSHOT_ONLY,Current official Nifty 500 industry metadata retained for diagnostics only; not projected backward for historical sector-relative features.
INFY,INE009A01021,Information Technology,NIFTY_IT,,,https://www.niftyindices.com/IndexConstituent/ind_nifty500list.csv,CURRENT_ONLY,CURRENT_OFFICIAL_SNAPSHOT_ONLY,Current official Nifty 500 industry metadata retained for diagnostics only; not projected backward for historical sector-relative features.
INOXWIND,INE066P01011,Capital Goods,NIFTY_CAPITAL_GOODS,,,https://www.niftyindices.com/IndexConstituent/ind_nifty500list.csv,CURRENT_ONLY,CURRENT_OFFICIAL_SNAPSHOT_ONLY,Current official Nifty 500 industry metadata retained for diagnostics only; not projected backward for historical sector-relative features.
INTELLECT,INE306R01017,Information Technology,NIFTY_IT,,,https://www.niftyindices.com/IndexConstituent/ind_nifty500list.csv,CURRENT_ONLY,CURRENT_OFFICIAL_SNAPSHOT_ONLY,Current official Nifty 500 industry metadata retained for diagnostics only; not projected backward for historical sector-relative features.
INDIGO,INE646L01027,Services,,,,https://www.niftyindices.com/IndexConstituent/ind_nifty500list.csv,UNAVAILABLE,NONE,No supported official sector index mapping was assigned from current metadata.
IGIL,INE0Q9301021,Services,,,,https://www.niftyindices.com/IndexConstituent/ind_nifty500list.csv,UNAVAILABLE,NONE,No supported official sector index mapping was assigned from current metadata.
IKS,INE115Q01022,Information Technology,NIFTY_IT,,,https://www.niftyindices.com/IndexConstituent/ind_nifty500list.csv,CURRENT_ONLY,CURRENT_OFFICIAL_SNAPSHOT_ONLY,Current official Nifty 500 industry metadata retained for diagnostics only; not projected backward for historical sector-relative features.
IPCALAB,INE571A01038,Healthcare,NIFTY_HEALTHCARE_INDEX,,,https://www.niftyindices.com/IndexConstituent/ind_nifty500list.csv,CURRENT_ONLY,CURRENT_OFFICIAL_SNAPSHOT_ONLY,Current official Nifty 500 industry metadata retained for diagnostics only; not projected backward for historical sector-relative features.
JKCEMENT,INE823G01014,Construction Materials,,,,https://www.niftyindices.com/IndexConstituent/ind_nifty500list.csv,UNAVAILABLE,NONE,No supported official sector index mapping was assigned from current metadata.
JBMA,INE927D01051,Automobile and Auto Components,NIFTY_AUTO,,,https://www.niftyindices.com/IndexConstituent/ind_nifty500list.csv,CURRENT_ONLY,CURRENT_OFFICIAL_SNAPSHOT_ONLY,Current official Nifty 500 industry metadata retained for diagnostics only; not projected backward for historical sector-relative features.
JKTYRE,INE573A01042,Automobile and Auto Components,NIFTY_AUTO,,,https://www.niftyindices.com/IndexConstituent/ind_nifty500list.csv,CURRENT_ONLY,CURRENT_OFFICIAL_SNAPSHOT_ONLY,Current official Nifty 500 industry metadata retained for diagnostics only; not projected backward for historical sector-relative features.
JMFINANCIL,INE780C01023,Financial Services,NIFTY_FINANCIAL_SERVICES,,,https://www.niftyindices.com/IndexConstituent/ind_nifty500list.csv,CURRENT_ONLY,CURRENT_OFFICIAL_SNAPSHOT_ONLY,Current official Nifty 500 industry metadata retained for diagnostics only; not projected backward for historical sector-relative features.
JSWCEMENT,INE718I01012,Construction Materials,,,,https://www.niftyindices.com/IndexConstituent/ind_nifty500list.csv,UNAVAILABLE,NONE,No supported official sector index mapping was assigned from current metadata.
JSWDULUX,INE133A01011,Consumer Durables,NIFTY_CONSUMER_DURABLES,,,https://www.niftyindices.com/IndexConstituent/ind_nifty500list.csv,CURRENT_ONLY,CURRENT_OFFICIAL_SNAPSHOT_ONLY,Current official Nifty 500 industry metadata retained for diagnostics only; not projected backward for historical sector-relative features.
JSWENERGY,INE121E01018,Power,NIFTY_POWER,,,https://www.niftyindices.com/IndexConstituent/ind_nifty500list.csv,CURRENT_ONLY,CURRENT_OFFICIAL_SNAPSHOT_ONLY,Current official Nifty 500 industry metadata retained for diagnostics only; not projected backward for historical sector-relative features.
JSWINFRA,INE880J01026,Services,,,,https://www.niftyindices.com/IndexConstituent/ind_nifty500list.csv,UNAVAILABLE,NONE,No supported official sector index mapping was assigned from current metadata.
JSWSTEEL,INE019A01038,Metals & Mining,NIFTY_METAL,,,https://www.niftyindices.com/IndexConstituent/ind_nifty500list.csv,CURRENT_ONLY,CURRENT_OFFICIAL_SNAPSHOT_ONLY,Current official Nifty 500 industry metadata retained for diagnostics only; not projected backward for historical sector-relative features.
JAINREC,INE0YD401026,Metals & Mining,NIFTY_METAL,,,https://www.niftyindices.com/IndexConstituent/ind_nifty500list.csv,CURRENT_ONLY,CURRENT_OFFICIAL_SNAPSHOT_ONLY,Current official Nifty 500 industry metadata retained for diagnostics only; not projected backward for historical sector-relative features.
JPPOWER,INE351F01018,Power,NIFTY_POWER,,,https://www.niftyindices.com/IndexConstituent/ind_nifty500list.csv,CURRENT_ONLY,CURRENT_OFFICIAL_SNAPSHOT_ONLY,Current official Nifty 500 industry metadata retained for diagnostics only; not projected backward for historical sector-relative features.
J&KBANK,INE168A01041,Financial Services,NIFTY_FINANCIAL_SERVICES,,,https://www.niftyindices.com/IndexConstituent/ind_nifty500list.csv,CURRENT_ONLY,CURRENT_OFFICIAL_SNAPSHOT_ONLY,Current official Nifty 500 industry metadata retained for diagnostics only; not projected backward for historical sector-relative features.
JINDALSAW,INE324A01032,Capital Goods,NIFTY_CAPITAL_GOODS,,,https://www.niftyindices.com/IndexConstituent/ind_nifty500list.csv,CURRENT_ONLY,CURRENT_OFFICIAL_SNAPSHOT_ONLY,Current official Nifty 500 industry metadata retained for diagnostics only; not projected backward for historical sector-relative features.
JSL,INE220G01021,Metals & Mining,NIFTY_METAL,,,https://www.niftyindices.com/IndexConstituent/ind_nifty500list.csv,CURRENT_ONLY,CURRENT_OFFICIAL_SNAPSHOT_ONLY,Current official Nifty 500 industry metadata retained for diagnostics only; not projected backward for historical sector-relative features.
JINDALSTEL,INE749A01030,Metals & Mining,NIFTY_METAL,,,https://www.niftyindices.com/IndexConstituent/ind_nifty500list.csv,CURRENT_ONLY,CURRENT_OFFICIAL_SNAPSHOT_ONLY,Current official Nifty 500 industry metadata retained for diagnostics only; not projected backward for historical sector-relative features.
JIOFIN,INE758E01017,Financial Services,NIFTY_FINANCIAL_SERVICES,,,https://www.niftyindices.com/IndexConstituent/ind_nifty500list.csv,CURRENT_ONLY,CURRENT_OFFICIAL_SNAPSHOT_ONLY,Current official Nifty 500 industry metadata retained for diagnostics only; not projected backward for historical sector-relative features.
JUBLFOOD,INE797F01020,Consumer Services,NIFTY_CONSUMER_SERVICES,,,https://www.niftyindices.com/IndexConstituent/ind_nifty500list.csv,CURRENT_ONLY,CURRENT_OFFICIAL_SNAPSHOT_ONLY,Current official Nifty 500 industry metadata retained for diagnostics only; not projected backward for historical sector-relative features.
JUBLINGREA,INE0BY001018,Chemicals,NIFTY_CHEMICALS,,,https://www.niftyindices.com/IndexConstituent/ind_nifty500list.csv,CURRENT_ONLY,CURRENT_OFFICIAL_SNAPSHOT_ONLY,Current official Nifty 500 industry metadata retained for diagnostics only; not projected backward for historical sector-relative features.
JUBLPHARMA,INE700A01033,Healthcare,NIFTY_HEALTHCARE_INDEX,,,https://www.niftyindices.com/IndexConstituent/ind_nifty500list.csv,CURRENT_ONLY,CURRENT_OFFICIAL_SNAPSHOT_ONLY,Current official Nifty 500 industry metadata retained for diagnostics only; not projected backward for historical sector-relative features.
JWL,INE209L01016,Capital Goods,NIFTY_CAPITAL_GOODS,,,https://www.niftyindices.com/IndexConstituent/ind_nifty500list.csv,CURRENT_ONLY,CURRENT_OFFICIAL_SNAPSHOT_ONLY,Current official Nifty 500 industry metadata retained for diagnostics only; not projected backward for historical sector-relative features.
JYOTICNC,INE980O01024,Capital Goods,NIFTY_CAPITAL_GOODS,,,https://www.niftyindices.com/IndexConstituent/ind_nifty500list.csv,CURRENT_ONLY,CURRENT_OFFICIAL_SNAPSHOT_ONLY,Current official Nifty 500 industry metadata retained for diagnostics only; not projected backward for historical sector-relative features.
KPRMILL,INE930H01031,Textiles,,,,https://www.niftyindices.com/IndexConstituent/ind_nifty500list.csv,UNAVAILABLE,NONE,No supported official sector index mapping was assigned from current metadata.
KEI,INE878B01027,Capital Goods,NIFTY_CAPITAL_GOODS,,,https://www.niftyindices.com/IndexConstituent/ind_nifty500list.csv,CURRENT_ONLY,CURRENT_OFFICIAL_SNAPSHOT_ONLY,Current official Nifty 500 industry metadata retained for diagnostics only; not projected backward for historical sector-relative features.
KPITTECH,INE04I401011,Information Technology,NIFTY_IT,,,https://www.niftyindices.com/IndexConstituent/ind_nifty500list.csv,CURRENT_ONLY,CURRENT_OFFICIAL_SNAPSHOT_ONLY,Current official Nifty 500 industry metadata retained for diagnostics only; not projected backward for historical sector-relative features.
KAJARIACER,INE217B01036,Consumer Durables,NIFTY_CONSUMER_DURABLES,,,https://www.niftyindices.com/IndexConstituent/ind_nifty500list.csv,CURRENT_ONLY,CURRENT_OFFICIAL_SNAPSHOT_ONLY,Current official Nifty 500 industry metadata retained for diagnostics only; not projected backward for historical sector-relative features.
KPIL,INE220B01022,Construction,NIFTY_CONSTRUCTION,,,https://www.niftyindices.com/IndexConstituent/ind_nifty500list.csv,CURRENT_ONLY,CURRENT_OFFICIAL_SNAPSHOT_ONLY,Current official Nifty 500 industry metadata retained for diagnostics only; not projected backward for historical sector-relative features.
KALYANKJIL,INE303R01014,Consumer Durables,NIFTY_CONSUMER_DURABLES,,,https://www.niftyindices.com/IndexConstituent/ind_nifty500list.csv,CURRENT_ONLY,CURRENT_OFFICIAL_SNAPSHOT_ONLY,Current official Nifty 500 industry metadata retained for diagnostics only; not projected backward for historical sector-relative features.
KARURVYSYA,INE036D01028,Financial Services,NIFTY_FINANCIAL_SERVICES,,,https://www.niftyindices.com/IndexConstituent/ind_nifty500list.csv,CURRENT_ONLY,CURRENT_OFFICIAL_SNAPSHOT_ONLY,Current official Nifty 500 industry metadata retained for diagnostics only; not projected backward for historical sector-relative features.
KAYNES,INE918Z01012,Capital Goods,NIFTY_CAPITAL_GOODS,,,https://www.niftyindices.com/IndexConstituent/ind_nifty500list.csv,CURRENT_ONLY,CURRENT_OFFICIAL_SNAPSHOT_ONLY,Current official Nifty 500 industry metadata retained for diagnostics only; not projected backward for historical sector-relative features.
KEC,INE389H01022,Construction,NIFTY_CONSTRUCTION,,,https://www.niftyindices.com/IndexConstituent/ind_nifty500list.csv,CURRENT_ONLY,CURRENT_OFFICIAL_SNAPSHOT_ONLY,Current official Nifty 500 industry metadata retained for diagnostics only; not projected backward for historical sector-relative features.
KFINTECH,INE138Y01010,Financial Services,NIFTY_FINANCIAL_SERVICES,,,https://www.niftyindices.com/IndexConstituent/ind_nifty500list.csv,CURRENT_ONLY,CURRENT_OFFICIAL_SNAPSHOT_ONLY,Current official Nifty 500 industry metadata retained for diagnostics only; not projected backward for historical sector-relative features.
KIRLOSENG,INE146L01010,Capital Goods,NIFTY_CAPITAL_GOODS,,,https://www.niftyindices.com/IndexConstituent/ind_nifty500list.csv,CURRENT_ONLY,CURRENT_OFFICIAL_SNAPSHOT_ONLY,Current official Nifty 500 industry metadata retained for diagnostics only; not projected backward for historical sector-relative features.
KOTAKBANK,INE237A01036,Financial Services,NIFTY_FINANCIAL_SERVICES,,,https://www.niftyindices.com/IndexConstituent/ind_nifty500list.csv,CURRENT_ONLY,CURRENT_OFFICIAL_SNAPSHOT_ONLY,Current official Nifty 500 industry metadata retained for diagnostics only; not projected backward for historical sector-relative features.
KIMS,INE967H01025,Healthcare,NIFTY_HEALTHCARE_INDEX,,,https://www.niftyindices.com/IndexConstituent/ind_nifty500list.csv,CURRENT_ONLY,CURRENT_OFFICIAL_SNAPSHOT_ONLY,Current official Nifty 500 industry metadata retained for diagnostics only; not projected backward for historical sector-relative features.
LTF,INE498L01015,Financial Services,NIFTY_FINANCIAL_SERVICES,,,https://www.niftyindices.com/IndexConstituent/ind_nifty500list.csv,CURRENT_ONLY,CURRENT_OFFICIAL_SNAPSHOT_ONLY,Current official Nifty 500 industry metadata retained for diagnostics only; not projected backward for historical sector-relative features.
LTTS,INE010V01017,Information Technology,NIFTY_IT,,,https://www.niftyindices.com/IndexConstituent/ind_nifty500list.csv,CURRENT_ONLY,CURRENT_OFFICIAL_SNAPSHOT_ONLY,Current official Nifty 500 industry metadata retained for diagnostics only; not projected backward for historical sector-relative features.
LGEINDIA,INE324D01010,Consumer Durables,NIFTY_CONSUMER_DURABLES,,,https://www.niftyindices.com/IndexConstituent/ind_nifty500list.csv,CURRENT_ONLY,CURRENT_OFFICIAL_SNAPSHOT_ONLY,Current official Nifty 500 industry metadata retained for diagnostics only; not projected backward for historical sector-relative features.
LICHSGFIN,INE115A01026,Financial Services,NIFTY_FINANCIAL_SERVICES,,,https://www.niftyindices.com/IndexConstituent/ind_nifty500list.csv,CURRENT_ONLY,CURRENT_OFFICIAL_SNAPSHOT_ONLY,Current official Nifty 500 industry metadata retained for diagnostics only; not projected backward for historical sector-relative features.
LTFOODS,INE818H01020,Fast Moving Consumer Goods,NIFTY_FMCG,,,https://www.niftyindices.com/IndexConstituent/ind_nifty500list.csv,CURRENT_ONLY,CURRENT_OFFICIAL_SNAPSHOT_ONLY,Current official Nifty 500 industry metadata retained for diagnostics only; not projected backward for historical sector-relative features.
LTM,INE214T01019,Information Technology,NIFTY_IT,,,https://www.niftyindices.com/IndexConstituent/ind_nifty500list.csv,CURRENT_ONLY,CURRENT_OFFICIAL_SNAPSHOT_ONLY,Current official Nifty 500 industry metadata retained for diagnostics only; not projected backward for historical sector-relative features.
LT,INE018A01030,Construction,NIFTY_CONSTRUCTION,,,https://www.niftyindices.com/IndexConstituent/ind_nifty500list.csv,CURRENT_ONLY,CURRENT_OFFICIAL_SNAPSHOT_ONLY,Current official Nifty 500 industry metadata retained for diagnostics only; not projected backward for historical sector-relative features.
LATENTVIEW,INE0I7C01011,Information Technology,NIFTY_IT,,,https://www.niftyindices.com/IndexConstituent/ind_nifty500list.csv,CURRENT_ONLY,CURRENT_OFFICIAL_SNAPSHOT_ONLY,Current official Nifty 500 industry metadata retained for diagnostics only; not projected backward for historical sector-relative features.
LAURUSLABS,INE947Q01028,Healthcare,NIFTY_HEALTHCARE_INDEX,,,https://www.niftyindices.com/IndexConstituent/ind_nifty500list.csv,CURRENT_ONLY,CURRENT_OFFICIAL_SNAPSHOT_ONLY,Current official Nifty 500 industry metadata retained for diagnostics only; not projected backward for historical sector-relative features.
THELEELA,INE0AQ201015,Consumer Services,NIFTY_CONSUMER_SERVICES,,,https://www.niftyindices.com/IndexConstituent/ind_nifty500list.csv,CURRENT_ONLY,CURRENT_OFFICIAL_SNAPSHOT_ONLY,Current official Nifty 500 industry metadata retained for diagnostics only; not projected backward for historical sector-relative features.
LEMONTREE,INE970X01018,Consumer Services,NIFTY_CONSUMER_SERVICES,,,https://www.niftyindices.com/IndexConstituent/ind_nifty500list.csv,CURRENT_ONLY,CURRENT_OFFICIAL_SNAPSHOT_ONLY,Current official Nifty 500 industry metadata retained for diagnostics only; not projected backward for historical sector-relative features.
LENSKART,INE956O01016,Consumer Services,NIFTY_CONSUMER_SERVICES,,,https://www.niftyindices.com/IndexConstituent/ind_nifty500list.csv,CURRENT_ONLY,CURRENT_OFFICIAL_SNAPSHOT_ONLY,Current official Nifty 500 industry metadata retained for diagnostics only; not projected backward for historical sector-relative features.
LICI,INE0J1Y01017,Financial Services,NIFTY_FINANCIAL_SERVICES,,,https://www.niftyindices.com/IndexConstituent/ind_nifty500list.csv,CURRENT_ONLY,CURRENT_OFFICIAL_SNAPSHOT_ONLY,Current official Nifty 500 industry metadata retained for diagnostics only; not projected backward for historical sector-relative features.
LINDEINDIA,INE473A01011,Chemicals,NIFTY_CHEMICALS,,,https://www.niftyindices.com/IndexConstituent/ind_nifty500list.csv,CURRENT_ONLY,CURRENT_OFFICIAL_SNAPSHOT_ONLY,Current official Nifty 500 industry metadata retained for diagnostics only; not projected backward for historical sector-relative features.
LLOYDSME,INE281B01032,Metals & Mining,NIFTY_METAL,,,https://www.niftyindices.com/IndexConstituent/ind_nifty500list.csv,CURRENT_ONLY,CURRENT_OFFICIAL_SNAPSHOT_ONLY,Current official Nifty 500 industry metadata retained for diagnostics only; not projected backward for historical sector-relative features.
LODHA,INE670K01029,Realty,NIFTY_REALTY,,,https://www.niftyindices.com/IndexConstituent/ind_nifty500list.csv,CURRENT_ONLY,CURRENT_OFFICIAL_SNAPSHOT_ONLY,Current official Nifty 500 industry metadata retained for diagnostics only; not projected backward for historical sector-relative features.
LUPIN,INE326A01037,Healthcare,NIFTY_HEALTHCARE_INDEX,,,https://www.niftyindices.com/IndexConstituent/ind_nifty500list.csv,CURRENT_ONLY,CURRENT_OFFICIAL_SNAPSHOT_ONLY,Current official Nifty 500 industry metadata retained for diagnostics only; not projected backward for historical sector-relative features.
MMTC,INE123F01029,Services,,,,https://www.niftyindices.com/IndexConstituent/ind_nifty500list.csv,UNAVAILABLE,NONE,No supported official sector index mapping was assigned from current metadata.
MRF,INE883A01011,Automobile and Auto Components,NIFTY_AUTO,,,https://www.niftyindices.com/IndexConstituent/ind_nifty500list.csv,CURRENT_ONLY,CURRENT_OFFICIAL_SNAPSHOT_ONLY,Current official Nifty 500 industry metadata retained for diagnostics only; not projected backward for historical sector-relative features.
MGL,INE002S01010,Oil Gas & Consumable Fuels,NIFTY_OIL_AND_GAS,,,https://www.niftyindices.com/IndexConstituent/ind_nifty500list.csv,CURRENT_ONLY,CURRENT_OFFICIAL_SNAPSHOT_ONLY,Current official Nifty 500 industry metadata retained for diagnostics only; not projected backward for historical sector-relative features.
M&MFIN,INE774D01024,Financial Services,NIFTY_FINANCIAL_SERVICES,,,https://www.niftyindices.com/IndexConstituent/ind_nifty500list.csv,CURRENT_ONLY,CURRENT_OFFICIAL_SNAPSHOT_ONLY,Current official Nifty 500 industry metadata retained for diagnostics only; not projected backward for historical sector-relative features.
M&M,INE101A01026,Automobile and Auto Components,NIFTY_AUTO,,,https://www.niftyindices.com/IndexConstituent/ind_nifty500list.csv,CURRENT_ONLY,CURRENT_OFFICIAL_SNAPSHOT_ONLY,Current official Nifty 500 industry metadata retained for diagnostics only; not projected backward for historical sector-relative features.
MANAPPURAM,INE522D01027,Financial Services,NIFTY_FINANCIAL_SERVICES,,,https://www.niftyindices.com/IndexConstituent/ind_nifty500list.csv,CURRENT_ONLY,CURRENT_OFFICIAL_SNAPSHOT_ONLY,Current official Nifty 500 industry metadata retained for diagnostics only; not projected backward for historical sector-relative features.
MRPL,INE103A01014,Oil Gas & Consumable Fuels,NIFTY_OIL_AND_GAS,,,https://www.niftyindices.com/IndexConstituent/ind_nifty500list.csv,CURRENT_ONLY,CURRENT_OFFICIAL_SNAPSHOT_ONLY,Current official Nifty 500 industry metadata retained for diagnostics only; not projected backward for historical sector-relative features.
MANKIND,INE634S01028,Healthcare,NIFTY_HEALTHCARE_INDEX,,,https://www.niftyindices.com/IndexConstituent/ind_nifty500list.csv,CURRENT_ONLY,CURRENT_OFFICIAL_SNAPSHOT_ONLY,Current official Nifty 500 industry metadata retained for diagnostics only; not projected backward for historical sector-relative features.
MARICO,INE196A01026,Fast Moving Consumer Goods,NIFTY_FMCG,,,https://www.niftyindices.com/IndexConstituent/ind_nifty500list.csv,CURRENT_ONLY,CURRENT_OFFICIAL_SNAPSHOT_ONLY,Current official Nifty 500 industry metadata retained for diagnostics only; not projected backward for historical sector-relative features.
MARUTI,INE585B01010,Automobile and Auto Components,NIFTY_AUTO,,,https://www.niftyindices.com/IndexConstituent/ind_nifty500list.csv,CURRENT_ONLY,CURRENT_OFFICIAL_SNAPSHOT_ONLY,Current official Nifty 500 industry metadata retained for diagnostics only; not projected backward for historical sector-relative features.
MFSL,INE180A01020,Financial Services,NIFTY_FINANCIAL_SERVICES,,,https://www.niftyindices.com/IndexConstituent/ind_nifty500list.csv,CURRENT_ONLY,CURRENT_OFFICIAL_SNAPSHOT_ONLY,Current official Nifty 500 industry metadata retained for diagnostics only; not projected backward for historical sector-relative features.
MAXHEALTH,INE027H01010,Healthcare,NIFTY_HEALTHCARE_INDEX,,,https://www.niftyindices.com/IndexConstituent/ind_nifty500list.csv,CURRENT_ONLY,CURRENT_OFFICIAL_SNAPSHOT_ONLY,Current official Nifty 500 industry metadata retained for diagnostics only; not projected backward for historical sector-relative features.
MAZDOCK,INE249Z01020,Capital Goods,NIFTY_CAPITAL_GOODS,,,https://www.niftyindices.com/IndexConstituent/ind_nifty500list.csv,CURRENT_ONLY,CURRENT_OFFICIAL_SNAPSHOT_ONLY,Current official Nifty 500 industry metadata retained for diagnostics only; not projected backward for historical sector-relative features.
MEESHO,INE0VDM01015,Consumer Services,NIFTY_CONSUMER_SERVICES,,,https://www.niftyindices.com/IndexConstituent/ind_nifty500list.csv,CURRENT_ONLY,CURRENT_OFFICIAL_SNAPSHOT_ONLY,Current official Nifty 500 industry metadata retained for diagnostics only; not projected backward for historical sector-relative features.
MINDACORP,INE842C01021,Automobile and Auto Components,NIFTY_AUTO,,,https://www.niftyindices.com/IndexConstituent/ind_nifty500list.csv,CURRENT_ONLY,CURRENT_OFFICIAL_SNAPSHOT_ONLY,Current official Nifty 500 industry metadata retained for diagnostics only; not projected backward for historical sector-relative features.
MSUMI,INE0FS801015,Automobile and Auto Components,NIFTY_AUTO,,,https://www.niftyindices.com/IndexConstituent/ind_nifty500list.csv,CURRENT_ONLY,CURRENT_OFFICIAL_SNAPSHOT_ONLY,Current official Nifty 500 industry metadata retained for diagnostics only; not projected backward for historical sector-relative features.
MOTILALOFS,INE338I01027,Financial Services,NIFTY_FINANCIAL_SERVICES,,,https://www.niftyindices.com/IndexConstituent/ind_nifty500list.csv,CURRENT_ONLY,CURRENT_OFFICIAL_SNAPSHOT_ONLY,Current official Nifty 500 industry metadata retained for diagnostics only; not projected backward for historical sector-relative features.
MPHASIS,INE356A01018,Information Technology,NIFTY_IT,,,https://www.niftyindices.com/IndexConstituent/ind_nifty500list.csv,CURRENT_ONLY,CURRENT_OFFICIAL_SNAPSHOT_ONLY,Current official Nifty 500 industry metadata retained for diagnostics only; not projected backward for historical sector-relative features.
MCX,INE745G01043,Financial Services,NIFTY_FINANCIAL_SERVICES,,,https://www.niftyindices.com/IndexConstituent/ind_nifty500list.csv,CURRENT_ONLY,CURRENT_OFFICIAL_SNAPSHOT_ONLY,Current official Nifty 500 industry metadata retained for diagnostics only; not projected backward for historical sector-relative features.
MUTHOOTFIN,INE414G01012,Financial Services,NIFTY_FINANCIAL_SERVICES,,,https://www.niftyindices.com/IndexConstituent/ind_nifty500list.csv,CURRENT_ONLY,CURRENT_OFFICIAL_SNAPSHOT_ONLY,Current official Nifty 500 industry metadata retained for diagnostics only; not projected backward for historical sector-relative features.
NATCOPHARM,INE987B01026,Healthcare,NIFTY_HEALTHCARE_INDEX,,,https://www.niftyindices.com/IndexConstituent/ind_nifty500list.csv,CURRENT_ONLY,CURRENT_OFFICIAL_SNAPSHOT_ONLY,Current official Nifty 500 industry metadata retained for diagnostics only; not projected backward for historical sector-relative features.
NBCC,INE095N01031,Construction,NIFTY_CONSTRUCTION,,,https://www.niftyindices.com/IndexConstituent/ind_nifty500list.csv,CURRENT_ONLY,CURRENT_OFFICIAL_SNAPSHOT_ONLY,Current official Nifty 500 industry metadata retained for diagnostics only; not projected backward for historical sector-relative features.
NCC,INE868B01028,Construction,NIFTY_CONSTRUCTION,,,https://www.niftyindices.com/IndexConstituent/ind_nifty500list.csv,CURRENT_ONLY,CURRENT_OFFICIAL_SNAPSHOT_ONLY,Current official Nifty 500 industry metadata retained for diagnostics only; not projected backward for historical sector-relative features.
NHPC,INE848E01016,Power,NIFTY_POWER,,,https://www.niftyindices.com/IndexConstituent/ind_nifty500list.csv,CURRENT_ONLY,CURRENT_OFFICIAL_SNAPSHOT_ONLY,Current official Nifty 500 industry metadata retained for diagnostics only; not projected backward for historical sector-relative features.
NLCINDIA,INE589A01014,Power,NIFTY_POWER,,,https://www.niftyindices.com/IndexConstituent/ind_nifty500list.csv,CURRENT_ONLY,CURRENT_OFFICIAL_SNAPSHOT_ONLY,Current official Nifty 500 industry metadata retained for diagnostics only; not projected backward for historical sector-relative features.
NMDC,INE584A01023,Metals & Mining,NIFTY_METAL,,,https://www.niftyindices.com/IndexConstituent/ind_nifty500list.csv,CURRENT_ONLY,CURRENT_OFFICIAL_SNAPSHOT_ONLY,Current official Nifty 500 industry metadata retained for diagnostics only; not projected backward for historical sector-relative features.
NSLNISP,INE0NNS01018,Metals & Mining,NIFTY_METAL,,,https://www.niftyindices.com/IndexConstituent/ind_nifty500list.csv,CURRENT_ONLY,CURRENT_OFFICIAL_SNAPSHOT_ONLY,Current official Nifty 500 industry metadata retained for diagnostics only; not projected backward for historical sector-relative features.
NTPCGREEN,INE0ONG01011,Power,NIFTY_POWER,,,https://www.niftyindices.com/IndexConstituent/ind_nifty500list.csv,CURRENT_ONLY,CURRENT_OFFICIAL_SNAPSHOT_ONLY,Current official Nifty 500 industry metadata retained for diagnostics only; not projected backward for historical sector-relative features.
NTPC,INE733E01010,Power,NIFTY_POWER,,,https://www.niftyindices.com/IndexConstituent/ind_nifty500list.csv,CURRENT_ONLY,CURRENT_OFFICIAL_SNAPSHOT_ONLY,Current official Nifty 500 industry metadata retained for diagnostics only; not projected backward for historical sector-relative features.
NH,INE410P01011,Healthcare,NIFTY_HEALTHCARE_INDEX,,,https://www.niftyindices.com/IndexConstituent/ind_nifty500list.csv,CURRENT_ONLY,CURRENT_OFFICIAL_SNAPSHOT_ONLY,Current official Nifty 500 industry metadata retained for diagnostics only; not projected backward for historical sector-relative features.
NATIONALUM,INE139A01034,Metals & Mining,NIFTY_METAL,,,https://www.niftyindices.com/IndexConstituent/ind_nifty500list.csv,CURRENT_ONLY,CURRENT_OFFICIAL_SNAPSHOT_ONLY,Current official Nifty 500 industry metadata retained for diagnostics only; not projected backward for historical sector-relative features.
NAVA,INE725A01030,Power,NIFTY_POWER,,,https://www.niftyindices.com/IndexConstituent/ind_nifty500list.csv,CURRENT_ONLY,CURRENT_OFFICIAL_SNAPSHOT_ONLY,Current official Nifty 500 industry metadata retained for diagnostics only; not projected backward for historical sector-relative features.
NAVINFLUOR,INE048G01026,Chemicals,NIFTY_CHEMICALS,,,https://www.niftyindices.com/IndexConstituent/ind_nifty500list.csv,CURRENT_ONLY,CURRENT_OFFICIAL_SNAPSHOT_ONLY,Current official Nifty 500 industry metadata retained for diagnostics only; not projected backward for historical sector-relative features.
NESTLEIND,INE239A01024,Fast Moving Consumer Goods,NIFTY_FMCG,,,https://www.niftyindices.com/IndexConstituent/ind_nifty500list.csv,CURRENT_ONLY,CURRENT_OFFICIAL_SNAPSHOT_ONLY,Current official Nifty 500 industry metadata retained for diagnostics only; not projected backward for historical sector-relative features.
NETWEB,INE0NT901020,Information Technology,NIFTY_IT,,,https://www.niftyindices.com/IndexConstituent/ind_nifty500list.csv,CURRENT_ONLY,CURRENT_OFFICIAL_SNAPSHOT_ONLY,Current official Nifty 500 industry metadata retained for diagnostics only; not projected backward for historical sector-relative features.
NEULANDLAB,INE794A01010,Healthcare,NIFTY_HEALTHCARE_INDEX,,,https://www.niftyindices.com/IndexConstituent/ind_nifty500list.csv,CURRENT_ONLY,CURRENT_OFFICIAL_SNAPSHOT_ONLY,Current official Nifty 500 industry metadata retained for diagnostics only; not projected backward for historical sector-relative features.
NEWGEN,INE619B01017,Information Technology,NIFTY_IT,,,https://www.niftyindices.com/IndexConstituent/ind_nifty500list.csv,CURRENT_ONLY,CURRENT_OFFICIAL_SNAPSHOT_ONLY,Current official Nifty 500 industry metadata retained for diagnostics only; not projected backward for historical sector-relative features.
NAM-INDIA,INE298J01013,Financial Services,NIFTY_FINANCIAL_SERVICES,,,https://www.niftyindices.com/IndexConstituent/ind_nifty500list.csv,CURRENT_ONLY,CURRENT_OFFICIAL_SNAPSHOT_ONLY,Current official Nifty 500 industry metadata retained for diagnostics only; not projected backward for historical sector-relative features.
NIVABUPA,INE995S01015,Financial Services,NIFTY_FINANCIAL_SERVICES,,,https://www.niftyindices.com/IndexConstituent/ind_nifty500list.csv,CURRENT_ONLY,CURRENT_OFFICIAL_SNAPSHOT_ONLY,Current official Nifty 500 industry metadata retained for diagnostics only; not projected backward for historical sector-relative features.
NUVAMA,INE531F01023,Financial Services,NIFTY_FINANCIAL_SERVICES,,,https://www.niftyindices.com/IndexConstituent/ind_nifty500list.csv,CURRENT_ONLY,CURRENT_OFFICIAL_SNAPSHOT_ONLY,Current official Nifty 500 industry metadata retained for diagnostics only; not projected backward for historical sector-relative features.
NUVOCO,INE118D01016,Construction Materials,,,,https://www.niftyindices.com/IndexConstituent/ind_nifty500list.csv,UNAVAILABLE,NONE,No supported official sector index mapping was assigned from current metadata.
OBEROIRLTY,INE093I01010,Realty,NIFTY_REALTY,,,https://www.niftyindices.com/IndexConstituent/ind_nifty500list.csv,CURRENT_ONLY,CURRENT_OFFICIAL_SNAPSHOT_ONLY,Current official Nifty 500 industry metadata retained for diagnostics only; not projected backward for historical sector-relative features.
ONGC,INE213A01029,Oil Gas & Consumable Fuels,NIFTY_OIL_AND_GAS,,,https://www.niftyindices.com/IndexConstituent/ind_nifty500list.csv,CURRENT_ONLY,CURRENT_OFFICIAL_SNAPSHOT_ONLY,Current official Nifty 500 industry metadata retained for diagnostics only; not projected backward for historical sector-relative features.
OIL,INE274J01014,Oil Gas & Consumable Fuels,NIFTY_OIL_AND_GAS,,,https://www.niftyindices.com/IndexConstituent/ind_nifty500list.csv,CURRENT_ONLY,CURRENT_OFFICIAL_SNAPSHOT_ONLY,Current official Nifty 500 industry metadata retained for diagnostics only; not projected backward for historical sector-relative features.
OLAELEC,INE0LXG01040,Automobile and Auto Components,NIFTY_AUTO,,,https://www.niftyindices.com/IndexConstituent/ind_nifty500list.csv,CURRENT_ONLY,CURRENT_OFFICIAL_SNAPSHOT_ONLY,Current official Nifty 500 industry metadata retained for diagnostics only; not projected backward for historical sector-relative features.
OLECTRA,INE260D01016,Automobile and Auto Components,NIFTY_AUTO,,,https://www.niftyindices.com/IndexConstituent/ind_nifty500list.csv,CURRENT_ONLY,CURRENT_OFFICIAL_SNAPSHOT_ONLY,Current official Nifty 500 industry metadata retained for diagnostics only; not projected backward for historical sector-relative features.
PAYTM,INE982J01020,Financial Services,NIFTY_FINANCIAL_SERVICES,,,https://www.niftyindices.com/IndexConstituent/ind_nifty500list.csv,CURRENT_ONLY,CURRENT_OFFICIAL_SNAPSHOT_ONLY,Current official Nifty 500 industry metadata retained for diagnostics only; not projected backward for historical sector-relative features.
ONESOURCE,INE013P01021,Healthcare,NIFTY_HEALTHCARE_INDEX,,,https://www.niftyindices.com/IndexConstituent/ind_nifty500list.csv,CURRENT_ONLY,CURRENT_OFFICIAL_SNAPSHOT_ONLY,Current official Nifty 500 industry metadata retained for diagnostics only; not projected backward for historical sector-relative features.
OFSS,INE881D01027,Information Technology,NIFTY_IT,,,https://www.niftyindices.com/IndexConstituent/ind_nifty500list.csv,CURRENT_ONLY,CURRENT_OFFICIAL_SNAPSHOT_ONLY,Current official Nifty 500 industry metadata retained for diagnostics only; not projected backward for historical sector-relative features.
POLICYBZR,INE417T01026,Financial Services,NIFTY_FINANCIAL_SERVICES,,,https://www.niftyindices.com/IndexConstituent/ind_nifty500list.csv,CURRENT_ONLY,CURRENT_OFFICIAL_SNAPSHOT_ONLY,Current official Nifty 500 industry metadata retained for diagnostics only; not projected backward for historical sector-relative features.
PCBL,INE602A01031,Chemicals,NIFTY_CHEMICALS,,,https://www.niftyindices.com/IndexConstituent/ind_nifty500list.csv,CURRENT_ONLY,CURRENT_OFFICIAL_SNAPSHOT_ONLY,Current official Nifty 500 industry metadata retained for diagnostics only; not projected backward for historical sector-relative features.
PGEL,INE457L01029,Consumer Durables,NIFTY_CONSUMER_DURABLES,,,https://www.niftyindices.com/IndexConstituent/ind_nifty500list.csv,CURRENT_ONLY,CURRENT_OFFICIAL_SNAPSHOT_ONLY,Current official Nifty 500 industry metadata retained for diagnostics only; not projected backward for historical sector-relative features.
PIIND,INE603J01030,Chemicals,NIFTY_CHEMICALS,,,https://www.niftyindices.com/IndexConstituent/ind_nifty500list.csv,CURRENT_ONLY,CURRENT_OFFICIAL_SNAPSHOT_ONLY,Current official Nifty 500 industry metadata retained for diagnostics only; not projected backward for historical sector-relative features.
PNBHOUSING,INE572E01012,Financial Services,NIFTY_FINANCIAL_SERVICES,,,https://www.niftyindices.com/IndexConstituent/ind_nifty500list.csv,CURRENT_ONLY,CURRENT_OFFICIAL_SNAPSHOT_ONLY,Current official Nifty 500 industry metadata retained for diagnostics only; not projected backward for historical sector-relative features.
PTCIL,INE596F01018,Capital Goods,NIFTY_CAPITAL_GOODS,,,https://www.niftyindices.com/IndexConstituent/ind_nifty500list.csv,CURRENT_ONLY,CURRENT_OFFICIAL_SNAPSHOT_ONLY,Current official Nifty 500 industry metadata retained for diagnostics only; not projected backward for historical sector-relative features.
PVRINOX,INE191H01014,Media Entertainment & Publication,NIFTY_MEDIA,,,https://www.niftyindices.com/IndexConstituent/ind_nifty500list.csv,CURRENT_ONLY,CURRENT_OFFICIAL_SNAPSHOT_ONLY,Current official Nifty 500 industry metadata retained for diagnostics only; not projected backward for historical sector-relative features.
PAGEIND,INE761H01022,Textiles,,,,https://www.niftyindices.com/IndexConstituent/ind_nifty500list.csv,UNAVAILABLE,NONE,No supported official sector index mapping was assigned from current metadata.
PARADEEP,INE088F01024,Chemicals,NIFTY_CHEMICALS,,,https://www.niftyindices.com/IndexConstituent/ind_nifty500list.csv,CURRENT_ONLY,CURRENT_OFFICIAL_SNAPSHOT_ONLY,Current official Nifty 500 industry metadata retained for diagnostics only; not projected backward for historical sector-relative features.
PATANJALI,INE619A01035,Fast Moving Consumer Goods,NIFTY_FMCG,,,https://www.niftyindices.com/IndexConstituent/ind_nifty500list.csv,CURRENT_ONLY,CURRENT_OFFICIAL_SNAPSHOT_ONLY,Current official Nifty 500 industry metadata retained for diagnostics only; not projected backward for historical sector-relative features.
PERSISTENT,INE262H01021,Information Technology,NIFTY_IT,,,https://www.niftyindices.com/IndexConstituent/ind_nifty500list.csv,CURRENT_ONLY,CURRENT_OFFICIAL_SNAPSHOT_ONLY,Current official Nifty 500 industry metadata retained for diagnostics only; not projected backward for historical sector-relative features.
PETRONET,INE347G01014,Oil Gas & Consumable Fuels,NIFTY_OIL_AND_GAS,,,https://www.niftyindices.com/IndexConstituent/ind_nifty500list.csv,CURRENT_ONLY,CURRENT_OFFICIAL_SNAPSHOT_ONLY,Current official Nifty 500 industry metadata retained for diagnostics only; not projected backward for historical sector-relative features.
PFIZER,INE182A01018,Healthcare,NIFTY_HEALTHCARE_INDEX,,,https://www.niftyindices.com/IndexConstituent/ind_nifty500list.csv,CURRENT_ONLY,CURRENT_OFFICIAL_SNAPSHOT_ONLY,Current official Nifty 500 industry metadata retained for diagnostics only; not projected backward for historical sector-relative features.
PHOENIXLTD,INE211B01039,Realty,NIFTY_REALTY,,,https://www.niftyindices.com/IndexConstituent/ind_nifty500list.csv,CURRENT_ONLY,CURRENT_OFFICIAL_SNAPSHOT_ONLY,Current official Nifty 500 industry metadata retained for diagnostics only; not projected backward for historical sector-relative features.
PWL,INE0LP301011,Consumer Services,NIFTY_CONSUMER_SERVICES,,,https://www.niftyindices.com/IndexConstituent/ind_nifty500list.csv,CURRENT_ONLY,CURRENT_OFFICIAL_SNAPSHOT_ONLY,Current official Nifty 500 industry metadata retained for diagnostics only; not projected backward for historical sector-relative features.
PIDILITIND,INE318A01026,Chemicals,NIFTY_CHEMICALS,,,https://www.niftyindices.com/IndexConstituent/ind_nifty500list.csv,CURRENT_ONLY,CURRENT_OFFICIAL_SNAPSHOT_ONLY,Current official Nifty 500 industry metadata retained for diagnostics only; not projected backward for historical sector-relative features.
PINELABS,INE15B701018,Financial Services,NIFTY_FINANCIAL_SERVICES,,,https://www.niftyindices.com/IndexConstituent/ind_nifty500list.csv,CURRENT_ONLY,CURRENT_OFFICIAL_SNAPSHOT_ONLY,Current official Nifty 500 industry metadata retained for diagnostics only; not projected backward for historical sector-relative features.
PIRAMALFIN,INE202B01038,Financial Services,NIFTY_FINANCIAL_SERVICES,,,https://www.niftyindices.com/IndexConstituent/ind_nifty500list.csv,CURRENT_ONLY,CURRENT_OFFICIAL_SNAPSHOT_ONLY,Current official Nifty 500 industry metadata retained for diagnostics only; not projected backward for historical sector-relative features.
PPLPHARMA,INE0DK501011,Healthcare,NIFTY_HEALTHCARE_INDEX,,,https://www.niftyindices.com/IndexConstituent/ind_nifty500list.csv,CURRENT_ONLY,CURRENT_OFFICIAL_SNAPSHOT_ONLY,Current official Nifty 500 industry metadata retained for diagnostics only; not projected backward for historical sector-relative features.
POLYMED,INE205C01021,Healthcare,NIFTY_HEALTHCARE_INDEX,,,https://www.niftyindices.com/IndexConstituent/ind_nifty500list.csv,CURRENT_ONLY,CURRENT_OFFICIAL_SNAPSHOT_ONLY,Current official Nifty 500 industry metadata retained for diagnostics only; not projected backward for historical sector-relative features.
POLYCAB,INE455K01017,Capital Goods,NIFTY_CAPITAL_GOODS,,,https://www.niftyindices.com/IndexConstituent/ind_nifty500list.csv,CURRENT_ONLY,CURRENT_OFFICIAL_SNAPSHOT_ONLY,Current official Nifty 500 industry metadata retained for diagnostics only; not projected backward for historical sector-relative features.
POONAWALLA,INE511C01022,Financial Services,NIFTY_FINANCIAL_SERVICES,,,https://www.niftyindices.com/IndexConstituent/ind_nifty500list.csv,CURRENT_ONLY,CURRENT_OFFICIAL_SNAPSHOT_ONLY,Current official Nifty 500 industry metadata retained for diagnostics only; not projected backward for historical sector-relative features.
PFC,INE134E01011,Financial Services,NIFTY_FINANCIAL_SERVICES,,,https://www.niftyindices.com/IndexConstituent/ind_nifty500list.csv,CURRENT_ONLY,CURRENT_OFFICIAL_SNAPSHOT_ONLY,Current official Nifty 500 industry metadata retained for diagnostics only; not projected backward for historical sector-relative features.
POWERGRID,INE752E01010,Power,NIFTY_POWER,,,https://www.niftyindices.com/IndexConstituent/ind_nifty500list.csv,CURRENT_ONLY,CURRENT_OFFICIAL_SNAPSHOT_ONLY,Current official Nifty 500 industry metadata retained for diagnostics only; not projected backward for historical sector-relative features.
PREMIERENE,INE0BS701011,Capital Goods,NIFTY_CAPITAL_GOODS,,,https://www.niftyindices.com/IndexConstituent/ind_nifty500list.csv,CURRENT_ONLY,CURRENT_OFFICIAL_SNAPSHOT_ONLY,Current official Nifty 500 industry metadata retained for diagnostics only; not projected backward for historical sector-relative features.
PRESTIGE,INE811K01011,Realty,NIFTY_REALTY,,,https://www.niftyindices.com/IndexConstituent/ind_nifty500list.csv,CURRENT_ONLY,CURRENT_OFFICIAL_SNAPSHOT_ONLY,Current official Nifty 500 industry metadata retained for diagnostics only; not projected backward for historical sector-relative features.
PFOCUS,INE367G01038,Media Entertainment & Publication,NIFTY_MEDIA,,,https://www.niftyindices.com/IndexConstituent/ind_nifty500list.csv,CURRENT_ONLY,CURRENT_OFFICIAL_SNAPSHOT_ONLY,Current official Nifty 500 industry metadata retained for diagnostics only; not projected backward for historical sector-relative features.
PNB,INE160A01022,Financial Services,NIFTY_FINANCIAL_SERVICES,,,https://www.niftyindices.com/IndexConstituent/ind_nifty500list.csv,CURRENT_ONLY,CURRENT_OFFICIAL_SNAPSHOT_ONLY,Current official Nifty 500 industry metadata retained for diagnostics only; not projected backward for historical sector-relative features.
RRKABEL,INE777K01022,Capital Goods,NIFTY_CAPITAL_GOODS,,,https://www.niftyindices.com/IndexConstituent/ind_nifty500list.csv,CURRENT_ONLY,CURRENT_OFFICIAL_SNAPSHOT_ONLY,Current official Nifty 500 industry metadata retained for diagnostics only; not projected backward for historical sector-relative features.
RBLBANK,INE976G01028,Financial Services,NIFTY_FINANCIAL_SERVICES,,,https://www.niftyindices.com/IndexConstituent/ind_nifty500list.csv,CURRENT_ONLY,CURRENT_OFFICIAL_SNAPSHOT_ONLY,Current official Nifty 500 industry metadata retained for diagnostics only; not projected backward for historical sector-relative features.
RECLTD,INE020B01018,Financial Services,NIFTY_FINANCIAL_SERVICES,,,https://www.niftyindices.com/IndexConstituent/ind_nifty500list.csv,CURRENT_ONLY,CURRENT_OFFICIAL_SNAPSHOT_ONLY,Current official Nifty 500 industry metadata retained for diagnostics only; not projected backward for historical sector-relative features.
RHIM,INE743M01012,Capital Goods,NIFTY_CAPITAL_GOODS,,,https://www.niftyindices.com/IndexConstituent/ind_nifty500list.csv,CURRENT_ONLY,CURRENT_OFFICIAL_SNAPSHOT_ONLY,Current official Nifty 500 industry metadata retained for diagnostics only; not projected backward for historical sector-relative features.
RITES,INE320J01015,Construction,NIFTY_CONSTRUCTION,,,https://www.niftyindices.com/IndexConstituent/ind_nifty500list.csv,CURRENT_ONLY,CURRENT_OFFICIAL_SNAPSHOT_ONLY,Current official Nifty 500 industry metadata retained for diagnostics only; not projected backward for historical sector-relative features.
RADICO,INE944F01028,Fast Moving Consumer Goods,NIFTY_FMCG,,,https://www.niftyindices.com/IndexConstituent/ind_nifty500list.csv,CURRENT_ONLY,CURRENT_OFFICIAL_SNAPSHOT_ONLY,Current official Nifty 500 industry metadata retained for diagnostics only; not projected backward for historical sector-relative features.
RVNL,INE415G01027,Construction,NIFTY_CONSTRUCTION,,,https://www.niftyindices.com/IndexConstituent/ind_nifty500list.csv,CURRENT_ONLY,CURRENT_OFFICIAL_SNAPSHOT_ONLY,Current official Nifty 500 industry metadata retained for diagnostics only; not projected backward for historical sector-relative features.
RAILTEL,INE0DD101019,Telecommunication,NIFTY_TELECOMMUNICATIONS,,,https://www.niftyindices.com/IndexConstituent/ind_nifty500list.csv,CURRENT_ONLY,CURRENT_OFFICIAL_SNAPSHOT_ONLY,Current official Nifty 500 industry metadata retained for diagnostics only; not projected backward for historical sector-relative features.
RAINBOW,INE961O01016,Healthcare,NIFTY_HEALTHCARE_INDEX,,,https://www.niftyindices.com/IndexConstituent/ind_nifty500list.csv,CURRENT_ONLY,CURRENT_OFFICIAL_SNAPSHOT_ONLY,Current official Nifty 500 industry metadata retained for diagnostics only; not projected backward for historical sector-relative features.
RKFORGE,INE399G01023,Automobile and Auto Components,NIFTY_AUTO,,,https://www.niftyindices.com/IndexConstituent/ind_nifty500list.csv,CURRENT_ONLY,CURRENT_OFFICIAL_SNAPSHOT_ONLY,Current official Nifty 500 industry metadata retained for diagnostics only; not projected backward for historical sector-relative features.
REDINGTON,INE891D01026,Services,,,,https://www.niftyindices.com/IndexConstituent/ind_nifty500list.csv,UNAVAILABLE,NONE,No supported official sector index mapping was assigned from current metadata.
RELIANCE,INE002A01018,Oil Gas & Consumable Fuels,NIFTY_OIL_AND_GAS,,,https://www.niftyindices.com/IndexConstituent/ind_nifty500list.csv,CURRENT_ONLY,CURRENT_OFFICIAL_SNAPSHOT_ONLY,Current official Nifty 500 industry metadata retained for diagnostics only; not projected backward for historical sector-relative features.
RPOWER,INE614G01033,Power,NIFTY_POWER,,,https://www.niftyindices.com/IndexConstituent/ind_nifty500list.csv,CURRENT_ONLY,CURRENT_OFFICIAL_SNAPSHOT_ONLY,Current official Nifty 500 industry metadata retained for diagnostics only; not projected backward for historical sector-relative features.
SBFC,INE423Y01016,Financial Services,NIFTY_FINANCIAL_SERVICES,,,https://www.niftyindices.com/IndexConstituent/ind_nifty500list.csv,CURRENT_ONLY,CURRENT_OFFICIAL_SNAPSHOT_ONLY,Current official Nifty 500 industry metadata retained for diagnostics only; not projected backward for historical sector-relative features.
SBICARD,INE018E01016,Financial Services,NIFTY_FINANCIAL_SERVICES,,,https://www.niftyindices.com/IndexConstituent/ind_nifty500list.csv,CURRENT_ONLY,CURRENT_OFFICIAL_SNAPSHOT_ONLY,Current official Nifty 500 industry metadata retained for diagnostics only; not projected backward for historical sector-relative features.
SBILIFE,INE123W01016,Financial Services,NIFTY_FINANCIAL_SERVICES,,,https://www.niftyindices.com/IndexConstituent/ind_nifty500list.csv,CURRENT_ONLY,CURRENT_OFFICIAL_SNAPSHOT_ONLY,Current official Nifty 500 industry metadata retained for diagnostics only; not projected backward for historical sector-relative features.
SJVN,INE002L01015,Power,NIFTY_POWER,,,https://www.niftyindices.com/IndexConstituent/ind_nifty500list.csv,CURRENT_ONLY,CURRENT_OFFICIAL_SNAPSHOT_ONLY,Current official Nifty 500 industry metadata retained for diagnostics only; not projected backward for historical sector-relative features.
SRF,INE647A01010,Chemicals,NIFTY_CHEMICALS,,,https://www.niftyindices.com/IndexConstituent/ind_nifty500list.csv,CURRENT_ONLY,CURRENT_OFFICIAL_SNAPSHOT_ONLY,Current official Nifty 500 industry metadata retained for diagnostics only; not projected backward for historical sector-relative features.
SAGILITY,INE0W2G01015,Information Technology,NIFTY_IT,,,https://www.niftyindices.com/IndexConstituent/ind_nifty500list.csv,CURRENT_ONLY,CURRENT_OFFICIAL_SNAPSHOT_ONLY,Current official Nifty 500 industry metadata retained for diagnostics only; not projected backward for historical sector-relative features.
SAILIFE,INE570L01029,Healthcare,NIFTY_HEALTHCARE_INDEX,,,https://www.niftyindices.com/IndexConstituent/ind_nifty500list.csv,CURRENT_ONLY,CURRENT_OFFICIAL_SNAPSHOT_ONLY,Current official Nifty 500 industry metadata retained for diagnostics only; not projected backward for historical sector-relative features.
SAMMAANCAP,INE148I01020,Financial Services,NIFTY_FINANCIAL_SERVICES,,,https://www.niftyindices.com/IndexConstituent/ind_nifty500list.csv,CURRENT_ONLY,CURRENT_OFFICIAL_SNAPSHOT_ONLY,Current official Nifty 500 industry metadata retained for diagnostics only; not projected backward for historical sector-relative features.
MOTHERSON,INE775A01035,Automobile and Auto Components,NIFTY_AUTO,,,https://www.niftyindices.com/IndexConstituent/ind_nifty500list.csv,CURRENT_ONLY,CURRENT_OFFICIAL_SNAPSHOT_ONLY,Current official Nifty 500 industry metadata retained for diagnostics only; not projected backward for historical sector-relative features.
SAPPHIRE,INE806T01020,Consumer Services,NIFTY_CONSUMER_SERVICES,,,https://www.niftyindices.com/IndexConstituent/ind_nifty500list.csv,CURRENT_ONLY,CURRENT_OFFICIAL_SNAPSHOT_ONLY,Current official Nifty 500 industry metadata retained for diagnostics only; not projected backward for historical sector-relative features.
SARDAEN,INE385C01021,Metals & Mining,NIFTY_METAL,,,https://www.niftyindices.com/IndexConstituent/ind_nifty500list.csv,CURRENT_ONLY,CURRENT_OFFICIAL_SNAPSHOT_ONLY,Current official Nifty 500 industry metadata retained for diagnostics only; not projected backward for historical sector-relative features.
SAREGAMA,INE979A01025,Media Entertainment & Publication,NIFTY_MEDIA,,,https://www.niftyindices.com/IndexConstituent/ind_nifty500list.csv,CURRENT_ONLY,CURRENT_OFFICIAL_SNAPSHOT_ONLY,Current official Nifty 500 industry metadata retained for diagnostics only; not projected backward for historical sector-relative features.
SCHAEFFLER,INE513A01022,Automobile and Auto Components,NIFTY_AUTO,,,https://www.niftyindices.com/IndexConstituent/ind_nifty500list.csv,CURRENT_ONLY,CURRENT_OFFICIAL_SNAPSHOT_ONLY,Current official Nifty 500 industry metadata retained for diagnostics only; not projected backward for historical sector-relative features.
SCHNEIDER,INE839M01018,Capital Goods,NIFTY_CAPITAL_GOODS,,,https://www.niftyindices.com/IndexConstituent/ind_nifty500list.csv,CURRENT_ONLY,CURRENT_OFFICIAL_SNAPSHOT_ONLY,Current official Nifty 500 industry metadata retained for diagnostics only; not projected backward for historical sector-relative features.
SCI,INE109A01011,Services,,,,https://www.niftyindices.com/IndexConstituent/ind_nifty500list.csv,UNAVAILABLE,NONE,No supported official sector index mapping was assigned from current metadata.
SHREECEM,INE070A01015,Construction Materials,,,,https://www.niftyindices.com/IndexConstituent/ind_nifty500list.csv,UNAVAILABLE,NONE,No supported official sector index mapping was assigned from current metadata.
SHRIRAMFIN,INE721A01047,Financial Services,NIFTY_FINANCIAL_SERVICES,,,https://www.niftyindices.com/IndexConstituent/ind_nifty500list.csv,CURRENT_ONLY,CURRENT_OFFICIAL_SNAPSHOT_ONLY,Current official Nifty 500 industry metadata retained for diagnostics only; not projected backward for historical sector-relative features.
SHYAMMETL,INE810G01011,Capital Goods,NIFTY_CAPITAL_GOODS,,,https://www.niftyindices.com/IndexConstituent/ind_nifty500list.csv,CURRENT_ONLY,CURRENT_OFFICIAL_SNAPSHOT_ONLY,Current official Nifty 500 industry metadata retained for diagnostics only; not projected backward for historical sector-relative features.
ENRIN,INE1NPP01017,Capital Goods,NIFTY_CAPITAL_GOODS,,,https://www.niftyindices.com/IndexConstituent/ind_nifty500list.csv,CURRENT_ONLY,CURRENT_OFFICIAL_SNAPSHOT_ONLY,Current official Nifty 500 industry metadata retained for diagnostics only; not projected backward for historical sector-relative features.
SIEMENS,INE003A01024,Capital Goods,NIFTY_CAPITAL_GOODS,,,https://www.niftyindices.com/IndexConstituent/ind_nifty500list.csv,CURRENT_ONLY,CURRENT_OFFICIAL_SNAPSHOT_ONLY,Current official Nifty 500 industry metadata retained for diagnostics only; not projected backward for historical sector-relative features.
SIGNATURE,INE903U01023,Realty,NIFTY_REALTY,,,https://www.niftyindices.com/IndexConstituent/ind_nifty500list.csv,CURRENT_ONLY,CURRENT_OFFICIAL_SNAPSHOT_ONLY,Current official Nifty 500 industry metadata retained for diagnostics only; not projected backward for historical sector-relative features.
SOBHA,INE671H01015,Realty,NIFTY_REALTY,,,https://www.niftyindices.com/IndexConstituent/ind_nifty500list.csv,CURRENT_ONLY,CURRENT_OFFICIAL_SNAPSHOT_ONLY,Current official Nifty 500 industry metadata retained for diagnostics only; not projected backward for historical sector-relative features.
SOLARINDS,INE343H01029,Chemicals,NIFTY_CHEMICALS,,,https://www.niftyindices.com/IndexConstituent/ind_nifty500list.csv,CURRENT_ONLY,CURRENT_OFFICIAL_SNAPSHOT_ONLY,Current official Nifty 500 industry metadata retained for diagnostics only; not projected backward for historical sector-relative features.
SONACOMS,INE073K01018,Automobile and Auto Components,NIFTY_AUTO,,,https://www.niftyindices.com/IndexConstituent/ind_nifty500list.csv,CURRENT_ONLY,CURRENT_OFFICIAL_SNAPSHOT_ONLY,Current official Nifty 500 industry metadata retained for diagnostics only; not projected backward for historical sector-relative features.
SONATSOFTW,INE269A01021,Information Technology,NIFTY_IT,,,https://www.niftyindices.com/IndexConstituent/ind_nifty500list.csv,CURRENT_ONLY,CURRENT_OFFICIAL_SNAPSHOT_ONLY,Current official Nifty 500 industry metadata retained for diagnostics only; not projected backward for historical sector-relative features.
STARHEALTH,INE575P01011,Financial Services,NIFTY_FINANCIAL_SERVICES,,,https://www.niftyindices.com/IndexConstituent/ind_nifty500list.csv,CURRENT_ONLY,CURRENT_OFFICIAL_SNAPSHOT_ONLY,Current official Nifty 500 industry metadata retained for diagnostics only; not projected backward for historical sector-relative features.
SBIN,INE062A01020,Financial Services,NIFTY_FINANCIAL_SERVICES,,,https://www.niftyindices.com/IndexConstituent/ind_nifty500list.csv,CURRENT_ONLY,CURRENT_OFFICIAL_SNAPSHOT_ONLY,Current official Nifty 500 industry metadata retained for diagnostics only; not projected backward for historical sector-relative features.
SAIL,INE114A01011,Metals & Mining,NIFTY_METAL,,,https://www.niftyindices.com/IndexConstituent/ind_nifty500list.csv,CURRENT_ONLY,CURRENT_OFFICIAL_SNAPSHOT_ONLY,Current official Nifty 500 industry metadata retained for diagnostics only; not projected backward for historical sector-relative features.
SUMICHEM,INE258G01013,Chemicals,NIFTY_CHEMICALS,,,https://www.niftyindices.com/IndexConstituent/ind_nifty500list.csv,CURRENT_ONLY,CURRENT_OFFICIAL_SNAPSHOT_ONLY,Current official Nifty 500 industry metadata retained for diagnostics only; not projected backward for historical sector-relative features.
SUNPHARMA,INE044A01036,Healthcare,NIFTY_HEALTHCARE_INDEX,,,https://www.niftyindices.com/IndexConstituent/ind_nifty500list.csv,CURRENT_ONLY,CURRENT_OFFICIAL_SNAPSHOT_ONLY,Current official Nifty 500 industry metadata retained for diagnostics only; not projected backward for historical sector-relative features.
SUNTV,INE424H01027,Media Entertainment & Publication,NIFTY_MEDIA,,,https://www.niftyindices.com/IndexConstituent/ind_nifty500list.csv,CURRENT_ONLY,CURRENT_OFFICIAL_SNAPSHOT_ONLY,Current official Nifty 500 industry metadata retained for diagnostics only; not projected backward for historical sector-relative features.
SUNDARMFIN,INE660A01013,Financial Services,NIFTY_FINANCIAL_SERVICES,,,https://www.niftyindices.com/IndexConstituent/ind_nifty500list.csv,CURRENT_ONLY,CURRENT_OFFICIAL_SNAPSHOT_ONLY,Current official Nifty 500 industry metadata retained for diagnostics only; not projected backward for historical sector-relative features.
SUPREMEIND,INE195A01028,Capital Goods,NIFTY_CAPITAL_GOODS,,,https://www.niftyindices.com/IndexConstituent/ind_nifty500list.csv,CURRENT_ONLY,CURRENT_OFFICIAL_SNAPSHOT_ONLY,Current official Nifty 500 industry metadata retained for diagnostics only; not projected backward for historical sector-relative features.
SPLPETRO,INE663A01033,Chemicals,NIFTY_CHEMICALS,,,https://www.niftyindices.com/IndexConstituent/ind_nifty500list.csv,CURRENT_ONLY,CURRENT_OFFICIAL_SNAPSHOT_ONLY,Current official Nifty 500 industry metadata retained for diagnostics only; not projected backward for historical sector-relative features.
SUZLON,INE040H01021,Capital Goods,NIFTY_CAPITAL_GOODS,,,https://www.niftyindices.com/IndexConstituent/ind_nifty500list.csv,CURRENT_ONLY,CURRENT_OFFICIAL_SNAPSHOT_ONLY,Current official Nifty 500 industry metadata retained for diagnostics only; not projected backward for historical sector-relative features.
SWANCORP,INE665A01038,Chemicals,NIFTY_CHEMICALS,,,https://www.niftyindices.com/IndexConstituent/ind_nifty500list.csv,CURRENT_ONLY,CURRENT_OFFICIAL_SNAPSHOT_ONLY,Current official Nifty 500 industry metadata retained for diagnostics only; not projected backward for historical sector-relative features.
SWIGGY,INE00H001014,Consumer Services,NIFTY_CONSUMER_SERVICES,,,https://www.niftyindices.com/IndexConstituent/ind_nifty500list.csv,CURRENT_ONLY,CURRENT_OFFICIAL_SNAPSHOT_ONLY,Current official Nifty 500 industry metadata retained for diagnostics only; not projected backward for historical sector-relative features.
SYNGENE,INE398R01022,Healthcare,NIFTY_HEALTHCARE_INDEX,,,https://www.niftyindices.com/IndexConstituent/ind_nifty500list.csv,CURRENT_ONLY,CURRENT_OFFICIAL_SNAPSHOT_ONLY,Current official Nifty 500 industry metadata retained for diagnostics only; not projected backward for historical sector-relative features.
SYRMA,INE0DYJ01015,Capital Goods,NIFTY_CAPITAL_GOODS,,,https://www.niftyindices.com/IndexConstituent/ind_nifty500list.csv,CURRENT_ONLY,CURRENT_OFFICIAL_SNAPSHOT_ONLY,Current official Nifty 500 industry metadata retained for diagnostics only; not projected backward for historical sector-relative features.
TBOTEK,INE673O01025,Consumer Services,NIFTY_CONSUMER_SERVICES,,,https://www.niftyindices.com/IndexConstituent/ind_nifty500list.csv,CURRENT_ONLY,CURRENT_OFFICIAL_SNAPSHOT_ONLY,Current official Nifty 500 industry metadata retained for diagnostics only; not projected backward for historical sector-relative features.
TVSMOTOR,INE494B01023,Automobile and Auto Components,NIFTY_AUTO,,,https://www.niftyindices.com/IndexConstituent/ind_nifty500list.csv,CURRENT_ONLY,CURRENT_OFFICIAL_SNAPSHOT_ONLY,Current official Nifty 500 industry metadata retained for diagnostics only; not projected backward for historical sector-relative features.
TATACAP,INE976I01016,Financial Services,NIFTY_FINANCIAL_SERVICES,,,https://www.niftyindices.com/IndexConstituent/ind_nifty500list.csv,CURRENT_ONLY,CURRENT_OFFICIAL_SNAPSHOT_ONLY,Current official Nifty 500 industry metadata retained for diagnostics only; not projected backward for historical sector-relative features.
TATACHEM,INE092A01019,Chemicals,NIFTY_CHEMICALS,,,https://www.niftyindices.com/IndexConstituent/ind_nifty500list.csv,CURRENT_ONLY,CURRENT_OFFICIAL_SNAPSHOT_ONLY,Current official Nifty 500 industry metadata retained for diagnostics only; not projected backward for historical sector-relative features.
TATACOMM,INE151A01013,Telecommunication,NIFTY_TELECOMMUNICATIONS,,,https://www.niftyindices.com/IndexConstituent/ind_nifty500list.csv,CURRENT_ONLY,CURRENT_OFFICIAL_SNAPSHOT_ONLY,Current official Nifty 500 industry metadata retained for diagnostics only; not projected backward for historical sector-relative features.
TCS,INE467B01029,Information Technology,NIFTY_IT,,,https://www.niftyindices.com/IndexConstituent/ind_nifty500list.csv,CURRENT_ONLY,CURRENT_OFFICIAL_SNAPSHOT_ONLY,Current official Nifty 500 industry metadata retained for diagnostics only; not projected backward for historical sector-relative features.
TATACONSUM,INE192A01025,Fast Moving Consumer Goods,NIFTY_FMCG,,,https://www.niftyindices.com/IndexConstituent/ind_nifty500list.csv,CURRENT_ONLY,CURRENT_OFFICIAL_SNAPSHOT_ONLY,Current official Nifty 500 industry metadata retained for diagnostics only; not projected backward for historical sector-relative features.
TATAELXSI,INE670A01012,Information Technology,NIFTY_IT,,,https://www.niftyindices.com/IndexConstituent/ind_nifty500list.csv,CURRENT_ONLY,CURRENT_OFFICIAL_SNAPSHOT_ONLY,Current official Nifty 500 industry metadata retained for diagnostics only; not projected backward for historical sector-relative features.
TATAINVEST,INE672A01026,Financial Services,NIFTY_FINANCIAL_SERVICES,,,https://www.niftyindices.com/IndexConstituent/ind_nifty500list.csv,CURRENT_ONLY,CURRENT_OFFICIAL_SNAPSHOT_ONLY,Current official Nifty 500 industry metadata retained for diagnostics only; not projected backward for historical sector-relative features.
TMCV,INE1TAE01010,Capital Goods,NIFTY_CAPITAL_GOODS,,,https://www.niftyindices.com/IndexConstituent/ind_nifty500list.csv,CURRENT_ONLY,CURRENT_OFFICIAL_SNAPSHOT_ONLY,Current official Nifty 500 industry metadata retained for diagnostics only; not projected backward for historical sector-relative features.
TMPV,INE155A01022,Automobile and Auto Components,NIFTY_AUTO,,,https://www.niftyindices.com/IndexConstituent/ind_nifty500list.csv,CURRENT_ONLY,CURRENT_OFFICIAL_SNAPSHOT_ONLY,Current official Nifty 500 industry metadata retained for diagnostics only; not projected backward for historical sector-relative features.
TATAPOWER,INE245A01021,Power,NIFTY_POWER,,,https://www.niftyindices.com/IndexConstituent/ind_nifty500list.csv,CURRENT_ONLY,CURRENT_OFFICIAL_SNAPSHOT_ONLY,Current official Nifty 500 industry metadata retained for diagnostics only; not projected backward for historical sector-relative features.
TATASTEEL,INE081A01020,Metals & Mining,NIFTY_METAL,,,https://www.niftyindices.com/IndexConstituent/ind_nifty500list.csv,CURRENT_ONLY,CURRENT_OFFICIAL_SNAPSHOT_ONLY,Current official Nifty 500 industry metadata retained for diagnostics only; not projected backward for historical sector-relative features.
TATATECH,INE142M01025,Information Technology,NIFTY_IT,,,https://www.niftyindices.com/IndexConstituent/ind_nifty500list.csv,CURRENT_ONLY,CURRENT_OFFICIAL_SNAPSHOT_ONLY,Current official Nifty 500 industry metadata retained for diagnostics only; not projected backward for historical sector-relative features.
TTML,INE517B01013,Telecommunication,NIFTY_TELECOMMUNICATIONS,,,https://www.niftyindices.com/IndexConstituent/ind_nifty500list.csv,CURRENT_ONLY,CURRENT_OFFICIAL_SNAPSHOT_ONLY,Current official Nifty 500 industry metadata retained for diagnostics only; not projected backward for historical sector-relative features.
TECHM,INE669C01036,Information Technology,NIFTY_IT,,,https://www.niftyindices.com/IndexConstituent/ind_nifty500list.csv,CURRENT_ONLY,CURRENT_OFFICIAL_SNAPSHOT_ONLY,Current official Nifty 500 industry metadata retained for diagnostics only; not projected backward for historical sector-relative features.
TECHNOE,INE285K01026,Construction,NIFTY_CONSTRUCTION,,,https://www.niftyindices.com/IndexConstituent/ind_nifty500list.csv,CURRENT_ONLY,CURRENT_OFFICIAL_SNAPSHOT_ONLY,Current official Nifty 500 industry metadata retained for diagnostics only; not projected backward for historical sector-relative features.
TEGA,INE011K01018,Capital Goods,NIFTY_CAPITAL_GOODS,,,https://www.niftyindices.com/IndexConstituent/ind_nifty500list.csv,CURRENT_ONLY,CURRENT_OFFICIAL_SNAPSHOT_ONLY,Current official Nifty 500 industry metadata retained for diagnostics only; not projected backward for historical sector-relative features.
TEJASNET,INE010J01012,Telecommunication,NIFTY_TELECOMMUNICATIONS,,,https://www.niftyindices.com/IndexConstituent/ind_nifty500list.csv,CURRENT_ONLY,CURRENT_OFFICIAL_SNAPSHOT_ONLY,Current official Nifty 500 industry metadata retained for diagnostics only; not projected backward for historical sector-relative features.
TENNIND,INE19RI01016,Automobile and Auto Components,NIFTY_AUTO,,,https://www.niftyindices.com/IndexConstituent/ind_nifty500list.csv,CURRENT_ONLY,CURRENT_OFFICIAL_SNAPSHOT_ONLY,Current official Nifty 500 industry metadata retained for diagnostics only; not projected backward for historical sector-relative features.
NIACL,INE470Y01017,Financial Services,NIFTY_FINANCIAL_SERVICES,,,https://www.niftyindices.com/IndexConstituent/ind_nifty500list.csv,CURRENT_ONLY,CURRENT_OFFICIAL_SNAPSHOT_ONLY,Current official Nifty 500 industry metadata retained for diagnostics only; not projected backward for historical sector-relative features.
RAMCOCEM,INE331A01037,Construction Materials,,,,https://www.niftyindices.com/IndexConstituent/ind_nifty500list.csv,UNAVAILABLE,NONE,No supported official sector index mapping was assigned from current metadata.
THERMAX,INE152A01029,Capital Goods,NIFTY_CAPITAL_GOODS,,,https://www.niftyindices.com/IndexConstituent/ind_nifty500list.csv,CURRENT_ONLY,CURRENT_OFFICIAL_SNAPSHOT_ONLY,Current official Nifty 500 industry metadata retained for diagnostics only; not projected backward for historical sector-relative features.
TIMKEN,INE325A01013,Capital Goods,NIFTY_CAPITAL_GOODS,,,https://www.niftyindices.com/IndexConstituent/ind_nifty500list.csv,CURRENT_ONLY,CURRENT_OFFICIAL_SNAPSHOT_ONLY,Current official Nifty 500 industry metadata retained for diagnostics only; not projected backward for historical sector-relative features.
TITAGARH,INE615H01020,Capital Goods,NIFTY_CAPITAL_GOODS,,,https://www.niftyindices.com/IndexConstituent/ind_nifty500list.csv,CURRENT_ONLY,CURRENT_OFFICIAL_SNAPSHOT_ONLY,Current official Nifty 500 industry metadata retained for diagnostics only; not projected backward for historical sector-relative features.
TITAN,INE280A01028,Consumer Durables,NIFTY_CONSUMER_DURABLES,,,https://www.niftyindices.com/IndexConstituent/ind_nifty500list.csv,CURRENT_ONLY,CURRENT_OFFICIAL_SNAPSHOT_ONLY,Current official Nifty 500 industry metadata retained for diagnostics only; not projected backward for historical sector-relative features.
TORNTPHARM,INE685A01028,Healthcare,NIFTY_HEALTHCARE_INDEX,,,https://www.niftyindices.com/IndexConstituent/ind_nifty500list.csv,CURRENT_ONLY,CURRENT_OFFICIAL_SNAPSHOT_ONLY,Current official Nifty 500 industry metadata retained for diagnostics only; not projected backward for historical sector-relative features.
TORNTPOWER,INE813H01021,Power,NIFTY_POWER,,,https://www.niftyindices.com/IndexConstituent/ind_nifty500list.csv,CURRENT_ONLY,CURRENT_OFFICIAL_SNAPSHOT_ONLY,Current official Nifty 500 industry metadata retained for diagnostics only; not projected backward for historical sector-relative features.
TARIL,INE763I01026,Capital Goods,NIFTY_CAPITAL_GOODS,,,https://www.niftyindices.com/IndexConstituent/ind_nifty500list.csv,CURRENT_ONLY,CURRENT_OFFICIAL_SNAPSHOT_ONLY,Current official Nifty 500 industry metadata retained for diagnostics only; not projected backward for historical sector-relative features.
TRAVELFOOD,INE103V01028,Consumer Services,NIFTY_CONSUMER_SERVICES,,,https://www.niftyindices.com/IndexConstituent/ind_nifty500list.csv,CURRENT_ONLY,CURRENT_OFFICIAL_SNAPSHOT_ONLY,Current official Nifty 500 industry metadata retained for diagnostics only; not projected backward for historical sector-relative features.
TRENT,INE849A01020,Consumer Services,NIFTY_CONSUMER_SERVICES,,,https://www.niftyindices.com/IndexConstituent/ind_nifty500list.csv,CURRENT_ONLY,CURRENT_OFFICIAL_SNAPSHOT_ONLY,Current official Nifty 500 industry metadata retained for diagnostics only; not projected backward for historical sector-relative features.
TRIDENT,INE064C01022,Textiles,,,,https://www.niftyindices.com/IndexConstituent/ind_nifty500list.csv,UNAVAILABLE,NONE,No supported official sector index mapping was assigned from current metadata.
TRITURBINE,INE152M01016,Capital Goods,NIFTY_CAPITAL_GOODS,,,https://www.niftyindices.com/IndexConstituent/ind_nifty500list.csv,CURRENT_ONLY,CURRENT_OFFICIAL_SNAPSHOT_ONLY,Current official Nifty 500 industry metadata retained for diagnostics only; not projected backward for historical sector-relative features.
TIINDIA,INE974X01010,Automobile and Auto Components,NIFTY_AUTO,,,https://www.niftyindices.com/IndexConstituent/ind_nifty500list.csv,CURRENT_ONLY,CURRENT_OFFICIAL_SNAPSHOT_ONLY,Current official Nifty 500 industry metadata retained for diagnostics only; not projected backward for historical sector-relative features.
UCOBANK,INE691A01018,Financial Services,NIFTY_FINANCIAL_SERVICES,,,https://www.niftyindices.com/IndexConstituent/ind_nifty500list.csv,CURRENT_ONLY,CURRENT_OFFICIAL_SNAPSHOT_ONLY,Current official Nifty 500 industry metadata retained for diagnostics only; not projected backward for historical sector-relative features.
UNOMINDA,INE405E01023,Automobile and Auto Components,NIFTY_AUTO,,,https://www.niftyindices.com/IndexConstituent/ind_nifty500list.csv,CURRENT_ONLY,CURRENT_OFFICIAL_SNAPSHOT_ONLY,Current official Nifty 500 industry metadata retained for diagnostics only; not projected backward for historical sector-relative features.
UPL,INE628A01036,Chemicals,NIFTY_CHEMICALS,,,https://www.niftyindices.com/IndexConstituent/ind_nifty500list.csv,CURRENT_ONLY,CURRENT_OFFICIAL_SNAPSHOT_ONLY,Current official Nifty 500 industry metadata retained for diagnostics only; not projected backward for historical sector-relative features.
UTIAMC,INE094J01016,Financial Services,NIFTY_FINANCIAL_SERVICES,,,https://www.niftyindices.com/IndexConstituent/ind_nifty500list.csv,CURRENT_ONLY,CURRENT_OFFICIAL_SNAPSHOT_ONLY,Current official Nifty 500 industry metadata retained for diagnostics only; not projected backward for historical sector-relative features.
ULTRACEMCO,INE481G01011,Construction Materials,,,,https://www.niftyindices.com/IndexConstituent/ind_nifty500list.csv,UNAVAILABLE,NONE,No supported official sector index mapping was assigned from current metadata.
UNIONBANK,INE692A01016,Financial Services,NIFTY_FINANCIAL_SERVICES,,,https://www.niftyindices.com/IndexConstituent/ind_nifty500list.csv,CURRENT_ONLY,CURRENT_OFFICIAL_SNAPSHOT_ONLY,Current official Nifty 500 industry metadata retained for diagnostics only; not projected backward for historical sector-relative features.
UBL,INE686F01025,Fast Moving Consumer Goods,NIFTY_FMCG,,,https://www.niftyindices.com/IndexConstituent/ind_nifty500list.csv,CURRENT_ONLY,CURRENT_OFFICIAL_SNAPSHOT_ONLY,Current official Nifty 500 industry metadata retained for diagnostics only; not projected backward for historical sector-relative features.
UNITDSPR,INE854D01024,Fast Moving Consumer Goods,NIFTY_FMCG,,,https://www.niftyindices.com/IndexConstituent/ind_nifty500list.csv,CURRENT_ONLY,CURRENT_OFFICIAL_SNAPSHOT_ONLY,Current official Nifty 500 industry metadata retained for diagnostics only; not projected backward for historical sector-relative features.
URBANCO,INE0CAZ01013,Consumer Services,NIFTY_CONSUMER_SERVICES,,,https://www.niftyindices.com/IndexConstituent/ind_nifty500list.csv,CURRENT_ONLY,CURRENT_OFFICIAL_SNAPSHOT_ONLY,Current official Nifty 500 industry metadata retained for diagnostics only; not projected backward for historical sector-relative features.
USHAMART,INE228A01035,Capital Goods,NIFTY_CAPITAL_GOODS,,,https://www.niftyindices.com/IndexConstituent/ind_nifty500list.csv,CURRENT_ONLY,CURRENT_OFFICIAL_SNAPSHOT_ONLY,Current official Nifty 500 industry metadata retained for diagnostics only; not projected backward for historical sector-relative features.
VTL,INE825A01020,Textiles,,,,https://www.niftyindices.com/IndexConstituent/ind_nifty500list.csv,UNAVAILABLE,NONE,No supported official sector index mapping was assigned from current metadata.
VBL,INE200M01039,Fast Moving Consumer Goods,NIFTY_FMCG,,,https://www.niftyindices.com/IndexConstituent/ind_nifty500list.csv,CURRENT_ONLY,CURRENT_OFFICIAL_SNAPSHOT_ONLY,Current official Nifty 500 industry metadata retained for diagnostics only; not projected backward for historical sector-relative features.
VEDL,INE205A01025,Metals & Mining,NIFTY_METAL,,,https://www.niftyindices.com/IndexConstituent/ind_nifty500list.csv,CURRENT_ONLY,CURRENT_OFFICIAL_SNAPSHOT_ONLY,Current official Nifty 500 industry metadata retained for diagnostics only; not projected backward for historical sector-relative features.
VIJAYA,INE043W01024,Healthcare,NIFTY_HEALTHCARE_INDEX,,,https://www.niftyindices.com/IndexConstituent/ind_nifty500list.csv,CURRENT_ONLY,CURRENT_OFFICIAL_SNAPSHOT_ONLY,Current official Nifty 500 industry metadata retained for diagnostics only; not projected backward for historical sector-relative features.
VMM,INE01EA01019,Consumer Services,NIFTY_CONSUMER_SERVICES,,,https://www.niftyindices.com/IndexConstituent/ind_nifty500list.csv,CURRENT_ONLY,CURRENT_OFFICIAL_SNAPSHOT_ONLY,Current official Nifty 500 industry metadata retained for diagnostics only; not projected backward for historical sector-relative features.
IDEA,INE669E01016,Telecommunication,NIFTY_TELECOMMUNICATIONS,,,https://www.niftyindices.com/IndexConstituent/ind_nifty500list.csv,CURRENT_ONLY,CURRENT_OFFICIAL_SNAPSHOT_ONLY,Current official Nifty 500 industry metadata retained for diagnostics only; not projected backward for historical sector-relative features.
VOLTAS,INE226A01021,Consumer Durables,NIFTY_CONSUMER_DURABLES,,,https://www.niftyindices.com/IndexConstituent/ind_nifty500list.csv,CURRENT_ONLY,CURRENT_OFFICIAL_SNAPSHOT_ONLY,Current official Nifty 500 industry metadata retained for diagnostics only; not projected backward for historical sector-relative features.
WAAREEENER,INE377N01017,Capital Goods,NIFTY_CAPITAL_GOODS,,,https://www.niftyindices.com/IndexConstituent/ind_nifty500list.csv,CURRENT_ONLY,CURRENT_OFFICIAL_SNAPSHOT_ONLY,Current official Nifty 500 industry metadata retained for diagnostics only; not projected backward for historical sector-relative features.
WELCORP,INE191B01025,Capital Goods,NIFTY_CAPITAL_GOODS,,,https://www.niftyindices.com/IndexConstituent/ind_nifty500list.csv,CURRENT_ONLY,CURRENT_OFFICIAL_SNAPSHOT_ONLY,Current official Nifty 500 industry metadata retained for diagnostics only; not projected backward for historical sector-relative features.
WELSPUNLIV,INE192B01031,Textiles,,,,https://www.niftyindices.com/IndexConstituent/ind_nifty500list.csv,UNAVAILABLE,NONE,No supported official sector index mapping was assigned from current metadata.
WHIRLPOOL,INE716A01013,Consumer Durables,NIFTY_CONSUMER_DURABLES,,,https://www.niftyindices.com/IndexConstituent/ind_nifty500list.csv,CURRENT_ONLY,CURRENT_OFFICIAL_SNAPSHOT_ONLY,Current official Nifty 500 industry metadata retained for diagnostics only; not projected backward for historical sector-relative features.
WIPRO,INE075A01022,Information Technology,NIFTY_IT,,,https://www.niftyindices.com/IndexConstituent/ind_nifty500list.csv,CURRENT_ONLY,CURRENT_OFFICIAL_SNAPSHOT_ONLY,Current official Nifty 500 industry metadata retained for diagnostics only; not projected backward for historical sector-relative features.
WOCKPHARMA,INE049B01025,Healthcare,NIFTY_HEALTHCARE_INDEX,,,https://www.niftyindices.com/IndexConstituent/ind_nifty500list.csv,CURRENT_ONLY,CURRENT_OFFICIAL_SNAPSHOT_ONLY,Current official Nifty 500 industry metadata retained for diagnostics only; not projected backward for historical sector-relative features.
YESBANK,INE528G01035,Financial Services,NIFTY_FINANCIAL_SERVICES,,,https://www.niftyindices.com/IndexConstituent/ind_nifty500list.csv,CURRENT_ONLY,CURRENT_OFFICIAL_SNAPSHOT_ONLY,Current official Nifty 500 industry metadata retained for diagnostics only; not projected backward for historical sector-relative features.
ZFCVINDIA,INE342J01019,Automobile and Auto Components,NIFTY_AUTO,,,https://www.niftyindices.com/IndexConstituent/ind_nifty500list.csv,CURRENT_ONLY,CURRENT_OFFICIAL_SNAPSHOT_ONLY,Current official Nifty 500 industry metadata retained for diagnostics only; not projected backward for historical sector-relative features.
ZEEL,INE256A01028,Media Entertainment & Publication,NIFTY_MEDIA,,,https://www.niftyindices.com/IndexConstituent/ind_nifty500list.csv,CURRENT_ONLY,CURRENT_OFFICIAL_SNAPSHOT_ONLY,Current official Nifty 500 industry metadata retained for diagnostics only; not projected backward for historical sector-relative features.
ZENTEC,INE251B01027,Capital Goods,NIFTY_CAPITAL_GOODS,,,https://www.niftyindices.com/IndexConstituent/ind_nifty500list.csv,CURRENT_ONLY,CURRENT_OFFICIAL_SNAPSHOT_ONLY,Current official Nifty 500 industry metadata retained for diagnostics only; not projected backward for historical sector-relative features.
ZENSARTECH,INE520A01027,Information Technology,NIFTY_IT,,,https://www.niftyindices.com/IndexConstituent/ind_nifty500list.csv,CURRENT_ONLY,CURRENT_OFFICIAL_SNAPSHOT_ONLY,Current official Nifty 500 industry metadata retained for diagnostics only; not projected backward for historical sector-relative features.
ZYDUSLIFE,INE010B01027,Healthcare,NIFTY_HEALTHCARE_INDEX,,,https://www.niftyindices.com/IndexConstituent/ind_nifty500list.csv,CURRENT_ONLY,CURRENT_OFFICIAL_SNAPSHOT_ONLY,Current official Nifty 500 industry metadata retained for diagnostics only; not projected backward for historical sector-relative features.
ZYDUSWELL,INE768C01028,Fast Moving Consumer Goods,NIFTY_FMCG,,,https://www.niftyindices.com/IndexConstituent/ind_nifty500list.csv,CURRENT_ONLY,CURRENT_OFFICIAL_SNAPSHOT_ONLY,Current official Nifty 500 industry metadata retained for diagnostics only; not projected backward for historical sector-relative features.
ECLERX,INE738I01010,Services,,,,https://www.niftyindices.com/IndexConstituent/ind_nifty500list.csv,UNAVAILABLE,NONE,No supported official sector index mapping was assigned from current metadata.
