trading_date,session_type,source_reference,source_available,notes
2021-09-07,NORMAL,https://nsearchives.nseindia.com/products/content/sec_bhavdata_full_07092021.csv,True,
2021-09-08,NORMAL,https://nsearchives.nseindia.com/products/content/sec_bhavdata_full_08092021.csv,True,
2021-09-09,NORMAL,https://nsearchives.nseindia.com/products/content/sec_bhavdata_full_09092021.csv,True,
2021-09-10,UNKNOWN,https://nsearchives.nseindia.com/products/content/sec_bhavdata_full_10092021.csv,False,Official file did not contain the requested trading date.
2021-09-11,UNKNOWN,,False,No official cash-market daily file found; treated as non-session.
2021-09-12,UNKNOWN,https://nsearchives.nseindia.com/products/content/sec_bhavdata_full_12092021.csv,False,Official file did not contain the requested trading date.
2021-09-13,NORMAL,https://nsearchives.nseindia.com/products/content/sec_bhavdata_full_13092021.csv,True,
2021-09-14,NORMAL,https://nsearchives.nseindia.com/products/content/sec_bhavdata_full_14092021.csv,True,
2021-09-15,NORMAL,https://nsearchives.nseindia.com/products/content/sec_bhavdata_full_15092021.csv,True,
2021-09-16,NORMAL,https://nsearchives.nseindia.com/products/content/sec_bhavdata_full_16092021.csv,True,
2021-09-17,NORMAL,https://nsearchives.nseindia.com/products/content/sec_bhavdata_full_17092021.csv,True,
2021-09-18,UNKNOWN,,False,No official cash-market daily file found; treated as non-session.
2021-09-19,UNKNOWN,https://nsearchives.nseindia.com/products/content/sec_bhavdata_full_19092021.csv,False,Official file did not contain the requested trading date.
2021-09-20,NORMAL,https://nsearchives.nseindia.com/products/content/sec_bhavdata_full_20092021.csv,True,
2021-09-21,NORMAL,https://nsearchives.nseindia.com/products/content/sec_bhavdata_full_21092021.csv,True,
2021-09-22,NORMAL,https://nsearchives.nseindia.com/products/content/sec_bhavdata_full_22092021.csv,True,
2021-09-23,NORMAL,https://nsearchives.nseindia.com/products/content/sec_bhavdata_full_23092021.csv,True,
2021-09-24,NORMAL,https://nsearchives.nseindia.com/products/content/sec_bhavdata_full_24092021.csv,True,
2021-09-25,UNKNOWN,,False,No official cash-market daily file found; treated as non-session.
2021-09-26,UNKNOWN,https://nsearchives.nseindia.com/products/content/sec_bhavdata_full_26092021.csv,False,Official file did not contain the requested trading date.
2021-09-27,NORMAL,https://nsearchives.nseindia.com/products/content/sec_bhavdata_full_27092021.csv,True,
2021-09-28,NORMAL,https://nsearchives.nseindia.com/products/content/sec_bhavdata_full_28092021.csv,True,
2021-09-29,NORMAL,https://nsearchives.nseindia.com/products/content/sec_bhavdata_full_29092021.csv,True,
2021-09-30,NORMAL,https://nsearchives.nseindia.com/products/content/sec_bhavdata_full_30092021.csv,True,
2021-10-01,NORMAL,https://nsearchives.nseindia.com/products/content/sec_bhavdata_full_01102021.csv,True,
2021-10-02,UNKNOWN,,False,No official cash-market daily file found; treated as non-session.
2021-10-03,UNKNOWN,https://nsearchives.nseindia.com/products/content/sec_bhavdata_full_03102021.csv,False,Official file did not contain the requested trading date.
2021-10-04,NORMAL,https://nsearchives.nseindia.com/products/content/sec_bhavdata_full_04102021.csv,True,
2021-10-05,NORMAL,https://nsearchives.nseindia.com/products/content/sec_bhavdata_full_05102021.csv,True,
2021-10-06,NORMAL,https://nsearchives.nseindia.com/products/content/sec_bhavdata_full_06102021.csv,True,
2021-10-07,NORMAL,https://nsearchives.nseindia.com/products/content/sec_bhavdata_full_07102021.csv,True,
2021-10-08,NORMAL,https://nsearchives.nseindia.com/products/content/sec_bhavdata_full_08102021.csv,True,
2021-10-09,UNKNOWN,,False,No official cash-market daily file found; treated as non-session.
2021-10-10,UNKNOWN,https://nsearchives.nseindia.com/products/content/sec_bhavdata_full_10102021.csv,False,Official file did not contain the requested trading date.
2021-10-11,NORMAL,https://nsearchives.nseindia.com/products/content/sec_bhavdata_full_11102021.csv,True,
2021-10-12,NORMAL,https://nsearchives.nseindia.com/products/content/sec_bhavdata_full_12102021.csv,True,
2021-10-13,NORMAL,https://nsearchives.nseindia.com/products/content/sec_bhavdata_full_13102021.csv,True,
2021-10-14,NORMAL,https://nsearchives.nseindia.com/products/content/sec_bhavdata_full_14102021.csv,True,
2021-10-15,UNKNOWN,https://nsearchives.nseindia.com/products/content/sec_bhavdata_full_15102021.csv,False,Official file did not contain the requested trading date.
2021-10-16,UNKNOWN,,False,No official cash-market daily file found; treated as non-session.
2021-10-17,UNKNOWN,https://nsearchives.nseindia.com/products/content/sec_bhavdata_full_17102021.csv,False,Official file did not contain the requested trading date.
2021-10-18,NORMAL,https://nsearchives.nseindia.com/products/content/sec_bhavdata_full_18102021.csv,True,
2021-10-19,NORMAL,https://nsearchives.nseindia.com/products/content/sec_bhavdata_full_19102021.csv,True,
2021-10-20,NORMAL,https://nsearchives.nseindia.com/products/content/sec_bhavdata_full_20102021.csv,True,
2021-10-21,NORMAL,https://nsearchives.nseindia.com/products/content/sec_bhavdata_full_21102021.csv,True,
2021-10-22,NORMAL,https://nsearchives.nseindia.com/products/content/sec_bhavdata_full_22102021.csv,True,
2021-10-23,UNKNOWN,,False,No official cash-market daily file found; treated as non-session.
2021-10-24,UNKNOWN,https://nsearchives.nseindia.com/products/content/sec_bhavdata_full_24102021.csv,False,Official file did not contain the requested trading date.
2021-10-25,NORMAL,https://nsearchives.nseindia.com/products/content/sec_bhavdata_full_25102021.csv,True,
2021-10-26,NORMAL,https://nsearchives.nseindia.com/products/content/sec_bhavdata_full_26102021.csv,True,
2021-10-27,NORMAL,https://nsearchives.nseindia.com/products/content/sec_bhavdata_full_27102021.csv,True,
2021-10-28,NORMAL,https://nsearchives.nseindia.com/products/content/sec_bhavdata_full_28102021.csv,True,
2021-10-29,NORMAL,https://nsearchives.nseindia.com/products/content/sec_bhavdata_full_29102021.csv,True,
2021-10-30,UNKNOWN,,False,No official cash-market daily file found; treated as non-session.
2021-10-31,UNKNOWN,https://nsearchives.nseindia.com/products/content/sec_bhavdata_full_31102021.csv,False,Official file did not contain the requested trading date.
2021-11-01,NORMAL,https://nsearchives.nseindia.com/products/content/sec_bhavdata_full_01112021.csv,True,
2021-11-02,NORMAL,https://nsearchives.nseindia.com/products/content/sec_bhavdata_full_02112021.csv,True,
2021-11-03,NORMAL,https://nsearchives.nseindia.com/products/content/sec_bhavdata_full_03112021.csv,True,
2021-11-04,UNKNOWN,https://nsearchives.nseindia.com/products/content/sec_bhavdata_full_04112021.csv,False,Official file did not contain the requested trading date.
2021-11-05,UNKNOWN,https://nsearchives.nseindia.com/products/content/sec_bhavdata_full_05112021.csv,False,Official file did not contain the requested trading date.
2021-11-06,UNKNOWN,,False,No official cash-market daily file found; treated as non-session.
2021-11-07,UNKNOWN,https://nsearchives.nseindia.com/products/content/sec_bhavdata_full_07112021.csv,False,Official file did not contain the requested trading date.
2021-11-08,NORMAL,https://nsearchives.nseindia.com/products/content/sec_bhavdata_full_08112021.csv,True,
2021-11-09,NORMAL,https://nsearchives.nseindia.com/products/content/sec_bhavdata_full_09112021.csv,True,
2021-11-10,NORMAL,https://nsearchives.nseindia.com/products/content/sec_bhavdata_full_10112021.csv,True,
2021-11-11,NORMAL,https://nsearchives.nseindia.com/products/content/sec_bhavdata_full_11112021.csv,True,
2021-11-12,NORMAL,https://nsearchives.nseindia.com/products/content/sec_bhavdata_full_12112021.csv,True,
2021-11-13,UNKNOWN,,False,No official cash-market daily file found; treated as non-session.
2021-11-14,UNKNOWN,https://nsearchives.nseindia.com/products/content/sec_bhavdata_full_14112021.csv,False,Official file did not contain the requested trading date.
2021-11-15,NORMAL,https://nsearchives.nseindia.com/products/content/sec_bhavdata_full_15112021.csv,True,
2021-11-16,NORMAL,https://nsearchives.nseindia.com/products/content/sec_bhavdata_full_16112021.csv,True,
2021-11-17,NORMAL,https://nsearchives.nseindia.com/products/content/sec_bhavdata_full_17112021.csv,True,
2021-11-18,NORMAL,https://nsearchives.nseindia.com/products/content/sec_bhavdata_full_18112021.csv,True,
2021-11-19,UNKNOWN,https://nsearchives.nseindia.com/products/content/sec_bhavdata_full_19112021.csv,False,Official file did not contain the requested trading date.
2021-11-20,UNKNOWN,,False,No official cash-market daily file found; treated as non-session.
2021-11-21,UNKNOWN,https://nsearchives.nseindia.com/products/content/sec_bhavdata_full_21112021.csv,False,Official file did not contain the requested trading date.
2021-11-22,NORMAL,https://nsearchives.nseindia.com/products/content/sec_bhavdata_full_22112021.csv,True,
2021-11-23,NORMAL,https://nsearchives.nseindia.com/products/content/sec_bhavdata_full_23112021.csv,True,
2021-11-24,NORMAL,https://nsearchives.nseindia.com/products/content/sec_bhavdata_full_24112021.csv,True,
2021-11-25,NORMAL,https://nsearchives.nseindia.com/products/content/sec_bhavdata_full_25112021.csv,True,
2021-11-26,NORMAL,https://nsearchives.nseindia.com/products/content/sec_bhavdata_full_26112021.csv,True,
2021-11-27,UNKNOWN,,False,No official cash-market daily file found; treated as non-session.
2021-11-28,UNKNOWN,https://nsearchives.nseindia.com/products/content/sec_bhavdata_full_28112021.csv,False,Official file did not contain the requested trading date.
2021-11-29,NORMAL,https://nsearchives.nseindia.com/products/content/sec_bhavdata_full_29112021.csv,True,
2021-11-30,NORMAL,https://nsearchives.nseindia.com/products/content/sec_bhavdata_full_30112021.csv,True,
2021-12-01,NORMAL,https://nsearchives.nseindia.com/products/content/sec_bhavdata_full_01122021.csv,True,
2021-12-02,NORMAL,https://nsearchives.nseindia.com/products/content/sec_bhavdata_full_02122021.csv,True,
2021-12-03,NORMAL,https://nsearchives.nseindia.com/products/content/sec_bhavdata_full_03122021.csv,True,
2021-12-04,UNKNOWN,,False,No official cash-market daily file found; treated as non-session.
2021-12-05,UNKNOWN,https://nsearchives.nseindia.com/products/content/sec_bhavdata_full_05122021.csv,False,Official file did not contain the requested trading date.
2021-12-06,NORMAL,https://nsearchives.nseindia.com/products/content/sec_bhavdata_full_06122021.csv,True,
2021-12-07,NORMAL,https://nsearchives.nseindia.com/products/content/sec_bhavdata_full_07122021.csv,True,
2021-12-08,NORMAL,https://nsearchives.nseindia.com/products/content/sec_bhavdata_full_08122021.csv,True,
2021-12-09,NORMAL,https://nsearchives.nseindia.com/products/content/sec_bhavdata_full_09122021.csv,True,
2021-12-10,NORMAL,https://nsearchives.nseindia.com/products/content/sec_bhavdata_full_10122021.csv,True,
2021-12-11,UNKNOWN,,False,No official cash-market daily file found; treated as non-session.
2021-12-12,UNKNOWN,https://nsearchives.nseindia.com/products/content/sec_bhavdata_full_12122021.csv,False,Official file did not contain the requested trading date.
2021-12-13,NORMAL,https://nsearchives.nseindia.com/products/content/sec_bhavdata_full_13122021.csv,True,
2021-12-14,NORMAL,https://nsearchives.nseindia.com/products/content/sec_bhavdata_full_14122021.csv,True,
2021-12-15,NORMAL,https://nsearchives.nseindia.com/products/content/sec_bhavdata_full_15122021.csv,True,
2021-12-16,NORMAL,https://nsearchives.nseindia.com/products/content/sec_bhavdata_full_16122021.csv,True,
2021-12-17,NORMAL,https://nsearchives.nseindia.com/products/content/sec_bhavdata_full_17122021.csv,True,
2021-12-18,UNKNOWN,,False,No official cash-market daily file found; treated as non-session.
2021-12-19,UNKNOWN,https://nsearchives.nseindia.com/products/content/sec_bhavdata_full_19122021.csv,False,Official file did not contain the requested trading date.
2021-12-20,NORMAL,https://nsearchives.nseindia.com/products/content/sec_bhavdata_full_20122021.csv,True,
2021-12-21,NORMAL,https://nsearchives.nseindia.com/products/content/sec_bhavdata_full_21122021.csv,True,
2021-12-22,NORMAL,https://nsearchives.nseindia.com/products/content/sec_bhavdata_full_22122021.csv,True,
2021-12-23,NORMAL,https://nsearchives.nseindia.com/products/content/sec_bhavdata_full_23122021.csv,True,
2021-12-24,NORMAL,https://nsearchives.nseindia.com/products/content/sec_bhavdata_full_24122021.csv,True,
2021-12-25,UNKNOWN,,False,No official cash-market daily file found; treated as non-session.
2021-12-26,UNKNOWN,https://nsearchives.nseindia.com/products/content/sec_bhavdata_full_26122021.csv,False,Official file did not contain the requested trading date.
2021-12-27,NORMAL,https://nsearchives.nseindia.com/products/content/sec_bhavdata_full_27122021.csv,True,
2021-12-28,NORMAL,https://nsearchives.nseindia.com/products/content/sec_bhavdata_full_28122021.csv,True,
2021-12-29,NORMAL,https://nsearchives.nseindia.com/products/content/sec_bhavdata_full_29122021.csv,True,
2021-12-30,NORMAL,https://nsearchives.nseindia.com/products/content/sec_bhavdata_full_30122021.csv,True,
2021-12-31,NORMAL,https://nsearchives.nseindia.com/products/content/sec_bhavdata_full_31122021.csv,True,
2022-01-01,UNKNOWN,,False,No official cash-market daily file found; treated as non-session.
2022-01-02,UNKNOWN,https://nsearchives.nseindia.com/products/content/sec_bhavdata_full_02012022.csv,False,Official file did not contain the requested trading date.
2022-01-03,NORMAL,https://nsearchives.nseindia.com/products/content/sec_bhavdata_full_03012022.csv,True,
2022-01-04,NORMAL,https://nsearchives.nseindia.com/products/content/sec_bhavdata_full_04012022.csv,True,
2022-01-05,NORMAL,https://nsearchives.nseindia.com/products/content/sec_bhavdata_full_05012022.csv,True,
2022-01-06,NORMAL,https://nsearchives.nseindia.com/products/content/sec_bhavdata_full_06012022.csv,True,
2022-01-07,NORMAL,https://nsearchives.nseindia.com/products/content/sec_bhavdata_full_07012022.csv,True,
2022-01-08,UNKNOWN,,False,No official cash-market daily file found; treated as non-session.
2022-01-09,UNKNOWN,https://nsearchives.nseindia.com/products/content/sec_bhavdata_full_09012022.csv,False,Official file did not contain the requested trading date.
2022-01-10,NORMAL,https://nsearchives.nseindia.com/products/content/sec_bhavdata_full_10012022.csv,True,
2022-01-11,NORMAL,https://nsearchives.nseindia.com/products/content/sec_bhavdata_full_11012022.csv,True,
2022-01-12,NORMAL,https://nsearchives.nseindia.com/products/content/sec_bhavdata_full_12012022.csv,True,
2022-01-13,NORMAL,https://nsearchives.nseindia.com/products/content/sec_bhavdata_full_13012022.csv,True,
2022-01-14,NORMAL,https://nsearchives.nseindia.com/products/content/sec_bhavdata_full_14012022.csv,True,
2022-01-15,UNKNOWN,,False,No official cash-market daily file found; treated as non-session.
2022-01-16,UNKNOWN,https://nsearchives.nseindia.com/products/content/sec_bhavdata_full_16012022.csv,False,Official file did not contain the requested trading date.
2022-01-17,NORMAL,https://nsearchives.nseindia.com/products/content/sec_bhavdata_full_17012022.csv,True,
2022-01-18,NORMAL,https://nsearchives.nseindia.com/products/content/sec_bhavdata_full_18012022.csv,True,
2022-01-19,NORMAL,https://nsearchives.nseindia.com/products/content/sec_bhavdata_full_19012022.csv,True,
2022-01-20,NORMAL,https://nsearchives.nseindia.com/products/content/sec_bhavdata_full_20012022.csv,True,
2022-01-21,NORMAL,https://nsearchives.nseindia.com/products/content/sec_bhavdata_full_21012022.csv,True,
2022-01-22,UNKNOWN,,False,No official cash-market daily file found; treated as non-session.
2022-01-23,UNKNOWN,https://nsearchives.nseindia.com/products/content/sec_bhavdata_full_23012022.csv,False,Official file did not contain the requested trading date.
2022-01-24,NORMAL,https://nsearchives.nseindia.com/products/content/sec_bhavdata_full_24012022.csv,True,
2022-01-25,NORMAL,https://nsearchives.nseindia.com/products/content/sec_bhavdata_full_25012022.csv,True,
2022-01-26,UNKNOWN,https://nsearchives.nseindia.com/products/content/sec_bhavdata_full_26012022.csv,False,Official file did not contain the requested trading date.
2022-01-27,NORMAL,https://nsearchives.nseindia.com/products/content/sec_bhavdata_full_27012022.csv,True,
2022-01-28,NORMAL,https://nsearchives.nseindia.com/products/content/sec_bhavdata_full_28012022.csv,True,
2022-01-29,UNKNOWN,,False,No official cash-market daily file found; treated as non-session.
2022-01-30,UNKNOWN,https://nsearchives.nseindia.com/products/content/sec_bhavdata_full_30012022.csv,False,Official file did not contain the requested trading date.
2022-01-31,NORMAL,https://nsearchives.nseindia.com/products/content/sec_bhavdata_full_31012022.csv,True,
2022-02-01,NORMAL,https://nsearchives.nseindia.com/products/content/sec_bhavdata_full_01022022.csv,True,
2022-02-02,NORMAL,https://nsearchives.nseindia.com/products/content/sec_bhavdata_full_02022022.csv,True,
2022-02-03,NORMAL,https://nsearchives.nseindia.com/products/content/sec_bhavdata_full_03022022.csv,True,
2022-02-04,NORMAL,https://nsearchives.nseindia.com/products/content/sec_bhavdata_full_04022022.csv,True,
2022-02-05,UNKNOWN,,False,No official cash-market daily file found; treated as non-session.
2022-02-06,UNKNOWN,https://nsearchives.nseindia.com/products/content/sec_bhavdata_full_06022022.csv,False,Official file did not contain the requested trading date.
2022-02-07,NORMAL,https://nsearchives.nseindia.com/products/content/sec_bhavdata_full_07022022.csv,True,
2022-02-08,NORMAL,https://nsearchives.nseindia.com/products/content/sec_bhavdata_full_08022022.csv,True,
2022-02-09,NORMAL,https://nsearchives.nseindia.com/products/content/sec_bhavdata_full_09022022.csv,True,
2022-02-10,NORMAL,https://nsearchives.nseindia.com/products/content/sec_bhavdata_full_10022022.csv,True,
2022-02-11,NORMAL,https://nsearchives.nseindia.com/products/content/sec_bhavdata_full_11022022.csv,True,
2022-02-12,UNKNOWN,,False,No official cash-market daily file found; treated as non-session.
2022-02-13,UNKNOWN,https://nsearchives.nseindia.com/products/content/sec_bhavdata_full_13022022.csv,False,Official file did not contain the requested trading date.
2022-02-14,NORMAL,https://nsearchives.nseindia.com/products/content/sec_bhavdata_full_14022022.csv,True,
2022-02-15,NORMAL,https://nsearchives.nseindia.com/products/content/sec_bhavdata_full_15022022.csv,True,
2022-02-16,NORMAL,https://nsearchives.nseindia.com/products/content/sec_bhavdata_full_16022022.csv,True,
2022-02-17,NORMAL,https://nsearchives.nseindia.com/products/content/sec_bhavdata_full_17022022.csv,True,
2022-02-18,NORMAL,https://nsearchives.nseindia.com/products/content/sec_bhavdata_full_18022022.csv,True,
2022-02-19,UNKNOWN,,False,No official cash-market daily file found; treated as non-session.
2022-02-20,UNKNOWN,https://nsearchives.nseindia.com/products/content/sec_bhavdata_full_20022022.csv,False,Official file did not contain the requested trading date.
2022-02-21,NORMAL,https://nsearchives.nseindia.com/products/content/sec_bhavdata_full_21022022.csv,True,
2022-02-22,NORMAL,https://nsearchives.nseindia.com/products/content/sec_bhavdata_full_22022022.csv,True,
2022-02-23,NORMAL,https://nsearchives.nseindia.com/products/content/sec_bhavdata_full_23022022.csv,True,
2022-02-24,NORMAL,https://nsearchives.nseindia.com/products/content/sec_bhavdata_full_24022022.csv,True,
2022-02-25,NORMAL,https://nsearchives.nseindia.com/products/content/sec_bhavdata_full_25022022.csv,True,
2022-02-26,UNKNOWN,,False,No official cash-market daily file found; treated as non-session.
2022-02-27,UNKNOWN,https://nsearchives.nseindia.com/products/content/sec_bhavdata_full_27022022.csv,False,Official file did not contain the requested trading date.
2022-02-28,NORMAL,https://nsearchives.nseindia.com/products/content/sec_bhavdata_full_28022022.csv,True,
2022-03-01,UNKNOWN,https://nsearchives.nseindia.com/products/content/sec_bhavdata_full_01032022.csv,False,Official file did not contain the requested trading date.
2022-03-02,NORMAL,https://nsearchives.nseindia.com/products/content/sec_bhavdata_full_02032022.csv,True,
2022-03-03,NORMAL,https://nsearchives.nseindia.com/products/content/sec_bhavdata_full_03032022.csv,True,
2022-03-04,NORMAL,https://nsearchives.nseindia.com/products/content/sec_bhavdata_full_04032022.csv,True,
2022-03-05,UNKNOWN,,False,No official cash-market daily file found; treated as non-session.
2022-03-06,UNKNOWN,https://nsearchives.nseindia.com/products/content/sec_bhavdata_full_06032022.csv,False,Official file did not contain the requested trading date.
2022-03-07,NORMAL,https://nsearchives.nseindia.com/products/content/sec_bhavdata_full_07032022.csv,True,
2022-03-08,NORMAL,https://nsearchives.nseindia.com/products/content/sec_bhavdata_full_08032022.csv,True,
2022-03-09,NORMAL,https://nsearchives.nseindia.com/products/content/sec_bhavdata_full_09032022.csv,True,
2022-03-10,NORMAL,https://nsearchives.nseindia.com/products/content/sec_bhavdata_full_10032022.csv,True,
2022-03-11,NORMAL,https://nsearchives.nseindia.com/products/content/sec_bhavdata_full_11032022.csv,True,
2022-03-12,UNKNOWN,,False,No official cash-market daily file found; treated as non-session.
2022-03-13,UNKNOWN,https://nsearchives.nseindia.com/products/content/sec_bhavdata_full_13032022.csv,False,Official file did not contain the requested trading date.
2022-03-14,NORMAL,https://nsearchives.nseindia.com/products/content/sec_bhavdata_full_14032022.csv,True,
2022-03-15,NORMAL,https://nsearchives.nseindia.com/products/content/sec_bhavdata_full_15032022.csv,True,
2022-03-16,NORMAL,https://nsearchives.nseindia.com/products/content/sec_bhavdata_full_16032022.csv,True,
2022-03-17,NORMAL,https://nsearchives.nseindia.com/products/content/sec_bhavdata_full_17032022.csv,True,
2022-03-18,UNKNOWN,https://nsearchives.nseindia.com/products/content/sec_bhavdata_full_18032022.csv,False,Official file did not contain the requested trading date.
2022-03-19,UNKNOWN,,False,No official cash-market daily file found; treated as non-session.
2022-03-20,UNKNOWN,https://nsearchives.nseindia.com/products/content/sec_bhavdata_full_20032022.csv,False,Official file did not contain the requested trading date.
2022-03-21,NORMAL,https://nsearchives.nseindia.com/products/content/sec_bhavdata_full_21032022.csv,True,
2022-03-22,NORMAL,https://nsearchives.nseindia.com/products/content/sec_bhavdata_full_22032022.csv,True,
2022-03-23,NORMAL,https://nsearchives.nseindia.com/products/content/sec_bhavdata_full_23032022.csv,True,
2022-03-24,NORMAL,https://nsearchives.nseindia.com/products/content/sec_bhavdata_full_24032022.csv,True,
2022-03-25,NORMAL,https://nsearchives.nseindia.com/products/content/sec_bhavdata_full_25032022.csv,True,
2022-03-26,UNKNOWN,,False,No official cash-market daily file found; treated as non-session.
2022-03-27,UNKNOWN,https://nsearchives.nseindia.com/products/content/sec_bhavdata_full_27032022.csv,False,Official file did not contain the requested trading date.
2022-03-28,NORMAL,https://nsearchives.nseindia.com/products/content/sec_bhavdata_full_28032022.csv,True,
2022-03-29,NORMAL,https://nsearchives.nseindia.com/products/content/sec_bhavdata_full_29032022.csv,True,
2022-03-30,NORMAL,https://nsearchives.nseindia.com/products/content/sec_bhavdata_full_30032022.csv,True,
2022-03-31,NORMAL,https://nsearchives.nseindia.com/products/content/sec_bhavdata_full_31032022.csv,True,
2022-04-01,NORMAL,https://nsearchives.nseindia.com/products/content/sec_bhavdata_full_01042022.csv,True,
2022-04-02,UNKNOWN,,False,No official cash-market daily file found; treated as non-session.
2022-04-03,UNKNOWN,,False,No official cash-market daily file found; treated as non-session.
2022-04-04,NORMAL,https://nsearchives.nseindia.com/products/content/sec_bhavdata_full_04042022.csv,True,
2022-04-05,NORMAL,https://nsearchives.nseindia.com/products/content/sec_bhavdata_full_05042022.csv,True,
2022-04-06,NORMAL,https://nsearchives.nseindia.com/products/content/sec_bhavdata_full_06042022.csv,True,
2022-04-07,NORMAL,https://nsearchives.nseindia.com/products/content/sec_bhavdata_full_07042022.csv,True,
2022-04-08,NORMAL,https://nsearchives.nseindia.com/products/content/sec_bhavdata_full_08042022.csv,True,
2022-04-09,UNKNOWN,,False,No official cash-market daily file found; treated as non-session.
2022-04-10,UNKNOWN,https://nsearchives.nseindia.com/products/content/sec_bhavdata_full_10042022.csv,False,Official file did not contain the requested trading date.
2022-04-11,NORMAL,https://nsearchives.nseindia.com/products/content/sec_bhavdata_full_11042022.csv,True,
2022-04-12,NORMAL,https://nsearchives.nseindia.com/products/content/sec_bhavdata_full_12042022.csv,True,
2022-04-13,NORMAL,https://nsearchives.nseindia.com/products/content/sec_bhavdata_full_13042022.csv,True,
2022-04-14,UNKNOWN,https://nsearchives.nseindia.com/products/content/sec_bhavdata_full_14042022.csv,False,Official file did not contain the requested trading date.
2022-04-15,UNKNOWN,https://nsearchives.nseindia.com/products/content/sec_bhavdata_full_15042022.csv,False,Official file did not contain the requested trading date.
2022-04-16,UNKNOWN,,False,No official cash-market daily file found; treated as non-session.
2022-04-17,UNKNOWN,https://nsearchives.nseindia.com/products/content/sec_bhavdata_full_17042022.csv,False,Official file did not contain the requested trading date.
2022-04-18,NORMAL,https://nsearchives.nseindia.com/products/content/sec_bhavdata_full_18042022.csv,True,
2022-04-19,NORMAL,https://nsearchives.nseindia.com/products/content/sec_bhavdata_full_19042022.csv,True,
2022-04-20,NORMAL,https://nsearchives.nseindia.com/products/content/sec_bhavdata_full_20042022.csv,True,
2022-04-21,NORMAL,https://nsearchives.nseindia.com/products/content/sec_bhavdata_full_21042022.csv,True,
2022-04-22,NORMAL,https://nsearchives.nseindia.com/products/content/sec_bhavdata_full_22042022.csv,True,
2022-04-23,UNKNOWN,,False,No official cash-market daily file found; treated as non-session.
2022-04-24,UNKNOWN,https://nsearchives.nseindia.com/products/content/sec_bhavdata_full_24042022.csv,False,Official file did not contain the requested trading date.
2022-04-25,NORMAL,https://nsearchives.nseindia.com/products/content/sec_bhavdata_full_25042022.csv,True,
2022-04-26,NORMAL,https://nsearchives.nseindia.com/products/content/sec_bhavdata_full_26042022.csv,True,
2022-04-27,NORMAL,https://nsearchives.nseindia.com/products/content/sec_bhavdata_full_27042022.csv,True,
2022-04-28,NORMAL,https://nsearchives.nseindia.com/products/content/sec_bhavdata_full_28042022.csv,True,
2022-04-29,NORMAL,https://nsearchives.nseindia.com/products/content/sec_bhavdata_full_29042022.csv,True,
2022-04-30,UNKNOWN,,False,No official cash-market daily file found; treated as non-session.
2022-05-01,UNKNOWN,https://nsearchives.nseindia.com/products/content/sec_bhavdata_full_01052022.csv,False,Official file did not contain the requested trading date.
2022-05-02,NORMAL,https://nsearchives.nseindia.com/products/content/sec_bhavdata_full_02052022.csv,True,
2022-05-03,UNKNOWN,https://nsearchives.nseindia.com/products/content/sec_bhavdata_full_03052022.csv,False,Official file did not contain the requested trading date.
2022-05-04,NORMAL,https://nsearchives.nseindia.com/products/content/sec_bhavdata_full_04052022.csv,True,
2022-05-05,NORMAL,https://nsearchives.nseindia.com/products/content/sec_bhavdata_full_05052022.csv,True,
2022-05-06,NORMAL,https://nsearchives.nseindia.com/products/content/sec_bhavdata_full_06052022.csv,True,
2022-05-07,UNKNOWN,,False,No official cash-market daily file found; treated as non-session.
2022-05-08,UNKNOWN,https://nsearchives.nseindia.com/products/content/sec_bhavdata_full_08052022.csv,False,Official file did not contain the requested trading date.
2022-05-09,NORMAL,https://nsearchives.nseindia.com/products/content/sec_bhavdata_full_09052022.csv,True,
2022-05-10,NORMAL,https://nsearchives.nseindia.com/products/content/sec_bhavdata_full_10052022.csv,True,
2022-05-11,NORMAL,https://nsearchives.nseindia.com/products/content/sec_bhavdata_full_11052022.csv,True,
2022-05-12,NORMAL,https://nsearchives.nseindia.com/products/content/sec_bhavdata_full_12052022.csv,True,
2022-05-13,NORMAL,https://nsearchives.nseindia.com/products/content/sec_bhavdata_full_13052022.csv,True,
2022-05-14,UNKNOWN,,False,No official cash-market daily file found; treated as non-session.
2022-05-15,UNKNOWN,https://nsearchives.nseindia.com/products/content/sec_bhavdata_full_15052022.csv,False,Official file did not contain the requested trading date.
2022-05-16,NORMAL,https://nsearchives.nseindia.com/products/content/sec_bhavdata_full_16052022.csv,True,
2022-05-17,NORMAL,https://nsearchives.nseindia.com/products/content/sec_bhavdata_full_17052022.csv,True,
2022-05-18,NORMAL,https://nsearchives.nseindia.com/products/content/sec_bhavdata_full_18052022.csv,True,
2022-05-19,NORMAL,https://nsearchives.nseindia.com/products/content/sec_bhavdata_full_19052022.csv,True,
2022-05-20,NORMAL,https://nsearchives.nseindia.com/products/content/sec_bhavdata_full_20052022.csv,True,
2022-05-21,UNKNOWN,,False,No official cash-market daily file found; treated as non-session.
2022-05-22,UNKNOWN,https://nsearchives.nseindia.com/products/content/sec_bhavdata_full_22052022.csv,False,Official file did not contain the requested trading date.
2022-05-23,NORMAL,https://nsearchives.nseindia.com/products/content/sec_bhavdata_full_23052022.csv,True,
2022-05-24,NORMAL,https://nsearchives.nseindia.com/products/content/sec_bhavdata_full_24052022.csv,True,
2022-05-25,NORMAL,https://nsearchives.nseindia.com/products/content/sec_bhavdata_full_25052022.csv,True,
2022-05-26,NORMAL,https://nsearchives.nseindia.com/products/content/sec_bhavdata_full_26052022.csv,True,
2022-05-27,NORMAL,https://nsearchives.nseindia.com/products/content/sec_bhavdata_full_27052022.csv,True,
2022-05-28,UNKNOWN,,False,No official cash-market daily file found; treated as non-session.
2022-05-29,UNKNOWN,https://nsearchives.nseindia.com/products/content/sec_bhavdata_full_29052022.csv,False,Official file did not contain the requested trading date.
2022-05-30,NORMAL,https://nsearchives.nseindia.com/products/content/sec_bhavdata_full_30052022.csv,True,
2022-05-31,NORMAL,https://nsearchives.nseindia.com/products/content/sec_bhavdata_full_31052022.csv,True,
2022-06-01,NORMAL,https://nsearchives.nseindia.com/products/content/sec_bhavdata_full_01062022.csv,True,
2022-06-02,NORMAL,https://nsearchives.nseindia.com/products/content/sec_bhavdata_full_02062022.csv,True,
2022-06-03,NORMAL,https://nsearchives.nseindia.com/products/content/sec_bhavdata_full_03062022.csv,True,
2022-06-04,UNKNOWN,,False,No official cash-market daily file found; treated as non-session.
2022-06-05,UNKNOWN,https://nsearchives.nseindia.com/products/content/sec_bhavdata_full_05062022.csv,False,Official file did not contain the requested trading date.
2022-06-06,NORMAL,https://nsearchives.nseindia.com/products/content/sec_bhavdata_full_06062022.csv,True,
2022-06-07,NORMAL,https://nsearchives.nseindia.com/products/content/sec_bhavdata_full_07062022.csv,True,
2022-06-08,NORMAL,https://nsearchives.nseindia.com/products/content/sec_bhavdata_full_08062022.csv,True,
2022-06-09,NORMAL,https://nsearchives.nseindia.com/products/content/sec_bhavdata_full_09062022.csv,True,
2022-06-10,NORMAL,https://nsearchives.nseindia.com/products/content/sec_bhavdata_full_10062022.csv,True,
2022-06-11,UNKNOWN,,False,No official cash-market daily file found; treated as non-session.
2022-06-12,UNKNOWN,https://nsearchives.nseindia.com/products/content/sec_bhavdata_full_12062022.csv,False,Official file did not contain the requested trading date.
2022-06-13,NORMAL,https://nsearchives.nseindia.com/products/content/sec_bhavdata_full_13062022.csv,True,
2022-06-14,NORMAL,https://nsearchives.nseindia.com/products/content/sec_bhavdata_full_14062022.csv,True,
2022-06-15,NORMAL,https://nsearchives.nseindia.com/products/content/sec_bhavdata_full_15062022.csv,True,
2022-06-16,NORMAL,https://nsearchives.nseindia.com/products/content/sec_bhavdata_full_16062022.csv,True,
2022-06-17,NORMAL,https://nsearchives.nseindia.com/products/content/sec_bhavdata_full_17062022.csv,True,
2022-06-18,UNKNOWN,,False,No official cash-market daily file found; treated as non-session.
2022-06-19,UNKNOWN,https://nsearchives.nseindia.com/products/content/sec_bhavdata_full_19062022.csv,False,Official file did not contain the requested trading date.
2022-06-20,NORMAL,https://nsearchives.nseindia.com/products/content/sec_bhavdata_full_20062022.csv,True,
2022-06-21,NORMAL,https://nsearchives.nseindia.com/products/content/sec_bhavdata_full_21062022.csv,True,
2022-06-22,NORMAL,https://nsearchives.nseindia.com/products/content/sec_bhavdata_full_22062022.csv,True,
2022-06-23,NORMAL,https://nsearchives.nseindia.com/products/content/sec_bhavdata_full_23062022.csv,True,
2022-06-24,NORMAL,https://nsearchives.nseindia.com/products/content/sec_bhavdata_full_24062022.csv,True,
2022-06-25,UNKNOWN,,False,No official cash-market daily file found; treated as non-session.
2022-06-26,UNKNOWN,https://nsearchives.nseindia.com/products/content/sec_bhavdata_full_26062022.csv,False,Official file did not contain the requested trading date.
2022-06-27,NORMAL,https://nsearchives.nseindia.com/products/content/sec_bhavdata_full_27062022.csv,True,
2022-06-28,NORMAL,https://nsearchives.nseindia.com/products/content/sec_bhavdata_full_28062022.csv,True,
2022-06-29,NORMAL,https://nsearchives.nseindia.com/products/content/sec_bhavdata_full_29062022.csv,True,
2022-06-30,NORMAL,https://nsearchives.nseindia.com/products/content/sec_bhavdata_full_30062022.csv,True,
2022-07-01,NORMAL,https://nsearchives.nseindia.com/products/content/sec_bhavdata_full_01072022.csv,True,
2022-07-02,UNKNOWN,,False,No official cash-market daily file found; treated as non-session.
2022-07-03,UNKNOWN,https://nsearchives.nseindia.com/products/content/sec_bhavdata_full_03072022.csv,False,Official file did not contain the requested trading date.
2022-07-04,NORMAL,https://nsearchives.nseindia.com/products/content/sec_bhavdata_full_04072022.csv,True,
2022-07-05,NORMAL,https://nsearchives.nseindia.com/products/content/sec_bhavdata_full_05072022.csv,True,
2022-07-06,NORMAL,https://nsearchives.nseindia.com/products/content/sec_bhavdata_full_06072022.csv,True,
2022-07-07,NORMAL,https://nsearchives.nseindia.com/products/content/sec_bhavdata_full_07072022.csv,True,
2022-07-08,NORMAL,https://nsearchives.nseindia.com/products/content/sec_bhavdata_full_08072022.csv,True,
2022-07-09,UNKNOWN,,False,No official cash-market daily file found; treated as non-session.
2022-07-10,UNKNOWN,https://nsearchives.nseindia.com/products/content/sec_bhavdata_full_10072022.csv,False,Official file did not contain the requested trading date.
2022-07-11,NORMAL,https://nsearchives.nseindia.com/products/content/sec_bhavdata_full_11072022.csv,True,
2022-07-12,NORMAL,https://nsearchives.nseindia.com/products/content/sec_bhavdata_full_12072022.csv,True,
2022-07-13,NORMAL,https://nsearchives.nseindia.com/products/content/sec_bhavdata_full_13072022.csv,True,
2022-07-14,NORMAL,https://nsearchives.nseindia.com/products/content/sec_bhavdata_full_14072022.csv,True,
2022-07-15,NORMAL,https://nsearchives.nseindia.com/products/content/sec_bhavdata_full_15072022.csv,True,
2022-07-16,UNKNOWN,,False,No official cash-market daily file found; treated as non-session.
2022-07-17,UNKNOWN,https://nsearchives.nseindia.com/products/content/sec_bhavdata_full_17072022.csv,False,Official file did not contain the requested trading date.
2022-07-18,NORMAL,https://nsearchives.nseindia.com/products/content/sec_bhavdata_full_18072022.csv,True,
2022-07-19,NORMAL,https://nsearchives.nseindia.com/products/content/sec_bhavdata_full_19072022.csv,True,
2022-07-20,NORMAL,https://nsearchives.nseindia.com/products/content/sec_bhavdata_full_20072022.csv,True,
2022-07-21,NORMAL,https://nsearchives.nseindia.com/products/content/sec_bhavdata_full_21072022.csv,True,
2022-07-22,NORMAL,https://nsearchives.nseindia.com/products/content/sec_bhavdata_full_22072022.csv,True,
2022-07-23,UNKNOWN,,False,No official cash-market daily file found; treated as non-session.
2022-07-24,UNKNOWN,https://nsearchives.nseindia.com/products/content/sec_bhavdata_full_24072022.csv,False,Official file did not contain the requested trading date.
2022-07-25,NORMAL,https://nsearchives.nseindia.com/products/content/sec_bhavdata_full_25072022.csv,True,
2022-07-26,NORMAL,https://nsearchives.nseindia.com/products/content/sec_bhavdata_full_26072022.csv,True,
2022-07-27,NORMAL,https://nsearchives.nseindia.com/products/content/sec_bhavdata_full_27072022.csv,True,
2022-07-28,NORMAL,https://nsearchives.nseindia.com/products/content/sec_bhavdata_full_28072022.csv,True,
2022-07-29,NORMAL,https://nsearchives.nseindia.com/products/content/sec_bhavdata_full_29072022.csv,True,
2022-07-30,UNKNOWN,,False,No official cash-market daily file found; treated as non-session.
2022-07-31,UNKNOWN,https://nsearchives.nseindia.com/products/content/sec_bhavdata_full_31072022.csv,False,Official file did not contain the requested trading date.
2022-08-01,NORMAL,https://nsearchives.nseindia.com/products/content/sec_bhavdata_full_01082022.csv,True,
2022-08-02,NORMAL,https://nsearchives.nseindia.com/products/content/sec_bhavdata_full_02082022.csv,True,
2022-08-03,NORMAL,https://nsearchives.nseindia.com/products/content/sec_bhavdata_full_03082022.csv,True,
2022-08-04,NORMAL,https://nsearchives.nseindia.com/products/content/sec_bhavdata_full_04082022.csv,True,
2022-08-05,NORMAL,https://nsearchives.nseindia.com/products/content/sec_bhavdata_full_05082022.csv,True,
2022-08-06,UNKNOWN,,False,No official cash-market daily file found; treated as non-session.
2022-08-07,UNKNOWN,https://nsearchives.nseindia.com/products/content/sec_bhavdata_full_07082022.csv,False,Official file did not contain the requested trading date.
2022-08-08,NORMAL,https://nsearchives.nseindia.com/products/content/sec_bhavdata_full_08082022.csv,True,
2022-08-09,UNKNOWN,,False,No official cash-market daily file found; treated as non-session.
2022-08-10,NORMAL,https://nsearchives.nseindia.com/products/content/sec_bhavdata_full_10082022.csv,True,
2022-08-11,NORMAL,https://nsearchives.nseindia.com/products/content/sec_bhavdata_full_11082022.csv,True,
2022-08-12,NORMAL,https://nsearchives.nseindia.com/products/content/sec_bhavdata_full_12082022.csv,True,
2022-08-13,UNKNOWN,,False,No official cash-market daily file found; treated as non-session.
2022-08-14,UNKNOWN,https://nsearchives.nseindia.com/products/content/sec_bhavdata_full_14082022.csv,False,Official file did not contain the requested trading date.
2022-08-15,UNKNOWN,https://nsearchives.nseindia.com/products/content/sec_bhavdata_full_15082022.csv,False,Official file did not contain the requested trading date.
2022-08-16,NORMAL,https://nsearchives.nseindia.com/products/content/sec_bhavdata_full_16082022.csv,True,
2022-08-17,NORMAL,https://nsearchives.nseindia.com/products/content/sec_bhavdata_full_17082022.csv,True,
2022-08-18,NORMAL,https://nsearchives.nseindia.com/products/content/sec_bhavdata_full_18082022.csv,True,
2022-08-19,NORMAL,https://nsearchives.nseindia.com/products/content/sec_bhavdata_full_19082022.csv,True,
2022-08-20,UNKNOWN,,False,No official cash-market daily file found; treated as non-session.
2022-08-21,UNKNOWN,https://nsearchives.nseindia.com/products/content/sec_bhavdata_full_21082022.csv,False,Official file did not contain the requested trading date.
2022-08-22,NORMAL,https://nsearchives.nseindia.com/products/content/sec_bhavdata_full_22082022.csv,True,
2022-08-23,NORMAL,https://nsearchives.nseindia.com/products/content/sec_bhavdata_full_23082022.csv,True,
2022-08-24,NORMAL,https://nsearchives.nseindia.com/products/content/sec_bhavdata_full_24082022.csv,True,
2022-08-25,NORMAL,https://nsearchives.nseindia.com/products/content/sec_bhavdata_full_25082022.csv,True,
2022-08-26,NORMAL,https://nsearchives.nseindia.com/products/content/sec_bhavdata_full_26082022.csv,True,
2022-08-27,UNKNOWN,,False,No official cash-market daily file found; treated as non-session.
2022-08-28,UNKNOWN,https://nsearchives.nseindia.com/products/content/sec_bhavdata_full_28082022.csv,False,Official file did not contain the requested trading date.
2022-08-29,NORMAL,https://nsearchives.nseindia.com/products/content/sec_bhavdata_full_29082022.csv,True,
2022-08-30,NORMAL,https://nsearchives.nseindia.com/products/content/sec_bhavdata_full_30082022.csv,True,
2022-08-31,UNKNOWN,https://nsearchives.nseindia.com/products/content/sec_bhavdata_full_31082022.csv,False,Official file did not contain the requested trading date.
2022-09-01,NORMAL,https://nsearchives.nseindia.com/products/content/sec_bhavdata_full_01092022.csv,True,
2022-09-02,NORMAL,https://nsearchives.nseindia.com/products/content/sec_bhavdata_full_02092022.csv,True,
2022-09-03,UNKNOWN,,False,No official cash-market daily file found; treated as non-session.
2022-09-04,UNKNOWN,https://nsearchives.nseindia.com/products/content/sec_bhavdata_full_04092022.csv,False,Official file did not contain the requested trading date.
2022-09-05,NORMAL,https://nsearchives.nseindia.com/products/content/sec_bhavdata_full_05092022.csv,True,
2022-09-06,NORMAL,https://nsearchives.nseindia.com/products/content/sec_bhavdata_full_06092022.csv,True,
2022-09-07,NORMAL,https://nsearchives.nseindia.com/products/content/sec_bhavdata_full_07092022.csv,True,
2022-09-08,NORMAL,https://nsearchives.nseindia.com/products/content/sec_bhavdata_full_08092022.csv,True,
2022-09-09,NORMAL,https://nsearchives.nseindia.com/products/content/sec_bhavdata_full_09092022.csv,True,
2022-09-10,UNKNOWN,,False,No official cash-market daily file found; treated as non-session.
2022-09-11,UNKNOWN,https://nsearchives.nseindia.com/products/content/sec_bhavdata_full_11092022.csv,False,Official file did not contain the requested trading date.
2022-09-12,NORMAL,https://nsearchives.nseindia.com/products/content/sec_bhavdata_full_12092022.csv,True,
2022-09-13,NORMAL,https://nsearchives.nseindia.com/products/content/sec_bhavdata_full_13092022.csv,True,
2022-09-14,NORMAL,https://nsearchives.nseindia.com/products/content/sec_bhavdata_full_14092022.csv,True,
2022-09-15,NORMAL,https://nsearchives.nseindia.com/products/content/sec_bhavdata_full_15092022.csv,True,
2022-09-16,NORMAL,https://nsearchives.nseindia.com/products/content/sec_bhavdata_full_16092022.csv,True,
2022-09-17,UNKNOWN,,False,No official cash-market daily file found; treated as non-session.
2022-09-18,UNKNOWN,https://nsearchives.nseindia.com/products/content/sec_bhavdata_full_18092022.csv,False,Official file did not contain the requested trading date.
2022-09-19,NORMAL,https://nsearchives.nseindia.com/products/content/sec_bhavdata_full_19092022.csv,True,
2022-09-20,NORMAL,https://nsearchives.nseindia.com/products/content/sec_bhavdata_full_20092022.csv,True,
2022-09-21,NORMAL,https://nsearchives.nseindia.com/products/content/sec_bhavdata_full_21092022.csv,True,
2022-09-22,NORMAL,https://nsearchives.nseindia.com/products/content/sec_bhavdata_full_22092022.csv,True,
2022-09-23,NORMAL,https://nsearchives.nseindia.com/products/content/sec_bhavdata_full_23092022.csv,True,
2022-09-24,UNKNOWN,,False,No official cash-market daily file found; treated as non-session.
2022-09-25,UNKNOWN,https://nsearchives.nseindia.com/products/content/sec_bhavdata_full_25092022.csv,False,Official file did not contain the requested trading date.
2022-09-26,NORMAL,https://nsearchives.nseindia.com/products/content/sec_bhavdata_full_26092022.csv,True,
2022-09-27,NORMAL,https://nsearchives.nseindia.com/products/content/sec_bhavdata_full_27092022.csv,True,
2022-09-28,NORMAL,https://nsearchives.nseindia.com/products/content/sec_bhavdata_full_28092022.csv,True,
2022-09-29,NORMAL,https://nsearchives.nseindia.com/products/content/sec_bhavdata_full_29092022.csv,True,
2022-09-30,NORMAL,https://nsearchives.nseindia.com/products/content/sec_bhavdata_full_30092022.csv,True,
2022-10-01,UNKNOWN,,False,No official cash-market daily file found; treated as non-session.
2022-10-02,UNKNOWN,https://nsearchives.nseindia.com/products/content/sec_bhavdata_full_02102022.csv,False,Official file did not contain the requested trading date.
2022-10-03,NORMAL,https://nsearchives.nseindia.com/products/content/sec_bhavdata_full_03102022.csv,True,
2022-10-04,NORMAL,https://nsearchives.nseindia.com/products/content/sec_bhavdata_full_04102022.csv,True,
2022-10-05,UNKNOWN,https://nsearchives.nseindia.com/products/content/sec_bhavdata_full_05102022.csv,False,Official file did not contain the requested trading date.
2022-10-06,NORMAL,https://nsearchives.nseindia.com/products/content/sec_bhavdata_full_06102022.csv,True,
2022-10-07,NORMAL,https://nsearchives.nseindia.com/products/content/sec_bhavdata_full_07102022.csv,True,
2022-10-08,UNKNOWN,,False,No official cash-market daily file found; treated as non-session.
2022-10-09,UNKNOWN,https://nsearchives.nseindia.com/products/content/sec_bhavdata_full_09102022.csv,False,Official file did not contain the requested trading date.
2022-10-10,NORMAL,https://nsearchives.nseindia.com/products/content/sec_bhavdata_full_10102022.csv,True,
2022-10-11,NORMAL,https://nsearchives.nseindia.com/products/content/sec_bhavdata_full_11102022.csv,True,
2022-10-12,NORMAL,https://nsearchives.nseindia.com/products/content/sec_bhavdata_full_12102022.csv,True,
2022-10-13,NORMAL,https://nsearchives.nseindia.com/products/content/sec_bhavdata_full_13102022.csv,True,
2022-10-14,NORMAL,https://nsearchives.nseindia.com/products/content/sec_bhavdata_full_14102022.csv,True,
2022-10-15,UNKNOWN,,False,No official cash-market daily file found; treated as non-session.
2022-10-16,UNKNOWN,https://nsearchives.nseindia.com/products/content/sec_bhavdata_full_16102022.csv,False,Official file did not contain the requested trading date.
2022-10-17,NORMAL,https://nsearchives.nseindia.com/products/content/sec_bhavdata_full_17102022.csv,True,
2022-10-18,NORMAL,https://nsearchives.nseindia.com/products/content/sec_bhavdata_full_18102022.csv,True,
2022-10-19,NORMAL,https://nsearchives.nseindia.com/products/content/sec_bhavdata_full_19102022.csv,True,
2022-10-20,NORMAL,https://nsearchives.nseindia.com/products/content/sec_bhavdata_full_20102022.csv,True,
2022-10-21,NORMAL,https://nsearchives.nseindia.com/products/content/sec_bhavdata_full_21102022.csv,True,
2022-10-22,UNKNOWN,,False,No official cash-market daily file found; treated as non-session.
2022-10-23,UNKNOWN,https://nsearchives.nseindia.com/products/content/sec_bhavdata_full_23102022.csv,False,Official file did not contain the requested trading date.
2022-10-24,NORMAL,https://nsearchives.nseindia.com/products/content/sec_bhavdata_full_24102022.csv,True,
2022-10-25,NORMAL,https://nsearchives.nseindia.com/products/content/sec_bhavdata_full_25102022.csv,True,
2022-10-26,UNKNOWN,https://nsearchives.nseindia.com/products/content/sec_bhavdata_full_26102022.csv,False,Official file did not contain the requested trading date.
2022-10-27,NORMAL,https://nsearchives.nseindia.com/products/content/sec_bhavdata_full_27102022.csv,True,
2022-10-28,NORMAL,https://nsearchives.nseindia.com/products/content/sec_bhavdata_full_28102022.csv,True,
2022-10-29,UNKNOWN,,False,No official cash-market daily file found; treated as non-session.
2022-10-30,UNKNOWN,https://nsearchives.nseindia.com/products/content/sec_bhavdata_full_30102022.csv,False,Official file did not contain the requested trading date.
2022-10-31,NORMAL,https://nsearchives.nseindia.com/products/content/sec_bhavdata_full_31102022.csv,True,
2022-11-01,NORMAL,https://nsearchives.nseindia.com/products/content/sec_bhavdata_full_01112022.csv,True,
2022-11-02,NORMAL,https://nsearchives.nseindia.com/products/content/sec_bhavdata_full_02112022.csv,True,
2022-11-03,NORMAL,https://nsearchives.nseindia.com/products/content/sec_bhavdata_full_03112022.csv,True,
2022-11-04,NORMAL,https://nsearchives.nseindia.com/products/content/sec_bhavdata_full_04112022.csv,True,
2022-11-05,UNKNOWN,,False,No official cash-market daily file found; treated as non-session.
2022-11-06,UNKNOWN,https://nsearchives.nseindia.com/products/content/sec_bhavdata_full_06112022.csv,False,Official file did not contain the requested trading date.
2022-11-07,NORMAL,https://nsearchives.nseindia.com/products/content/sec_bhavdata_full_07112022.csv,True,
2022-11-08,UNKNOWN,https://nsearchives.nseindia.com/products/content/sec_bhavdata_full_08112022.csv,False,Official file did not contain the requested trading date.
2022-11-09,NORMAL,https://nsearchives.nseindia.com/products/content/sec_bhavdata_full_09112022.csv,True,
2022-11-10,NORMAL,https://nsearchives.nseindia.com/products/content/sec_bhavdata_full_10112022.csv,True,
2022-11-11,NORMAL,https://nsearchives.nseindia.com/products/content/sec_bhavdata_full_11112022.csv,True,
2022-11-12,UNKNOWN,,False,No official cash-market daily file found; treated as non-session.
2022-11-13,UNKNOWN,https://nsearchives.nseindia.com/products/content/sec_bhavdata_full_13112022.csv,False,Official file did not contain the requested trading date.
2022-11-14,NORMAL,https://nsearchives.nseindia.com/products/content/sec_bhavdata_full_14112022.csv,True,
2022-11-15,NORMAL,https://nsearchives.nseindia.com/products/content/sec_bhavdata_full_15112022.csv,True,
2022-11-16,NORMAL,https://nsearchives.nseindia.com/products/content/sec_bhavdata_full_16112022.csv,True,
2022-11-17,NORMAL,https://nsearchives.nseindia.com/products/content/sec_bhavdata_full_17112022.csv,True,
2022-11-18,NORMAL,https://nsearchives.nseindia.com/products/content/sec_bhavdata_full_18112022.csv,True,
2022-11-19,UNKNOWN,,False,No official cash-market daily file found; treated as non-session.
2022-11-20,UNKNOWN,https://nsearchives.nseindia.com/products/content/sec_bhavdata_full_20112022.csv,False,Official file did not contain the requested trading date.
2022-11-21,NORMAL,https://nsearchives.nseindia.com/products/content/sec_bhavdata_full_21112022.csv,True,
2022-11-22,NORMAL,https://nsearchives.nseindia.com/products/content/sec_bhavdata_full_22112022.csv,True,
2022-11-23,NORMAL,https://nsearchives.nseindia.com/products/content/sec_bhavdata_full_23112022.csv,True,
2022-11-24,NORMAL,https://nsearchives.nseindia.com/products/content/sec_bhavdata_full_24112022.csv,True,
2022-11-25,NORMAL,https://nsearchives.nseindia.com/products/content/sec_bhavdata_full_25112022.csv,True,
2022-11-26,UNKNOWN,,False,No official cash-market daily file found; treated as non-session.
2022-11-27,UNKNOWN,https://nsearchives.nseindia.com/products/content/sec_bhavdata_full_27112022.csv,False,Official file did not contain the requested trading date.
2022-11-28,NORMAL,https://nsearchives.nseindia.com/products/content/sec_bhavdata_full_28112022.csv,True,
2022-11-29,NORMAL,https://nsearchives.nseindia.com/products/content/sec_bhavdata_full_29112022.csv,True,
2022-11-30,NORMAL,https://nsearchives.nseindia.com/products/content/sec_bhavdata_full_30112022.csv,True,
2022-12-01,NORMAL,https://nsearchives.nseindia.com/products/content/sec_bhavdata_full_01122022.csv,True,
2022-12-02,NORMAL,https://nsearchives.nseindia.com/products/content/sec_bhavdata_full_02122022.csv,True,
2022-12-03,UNKNOWN,,False,No official cash-market daily file found; treated as non-session.
2022-12-04,UNKNOWN,https://nsearchives.nseindia.com/products/content/sec_bhavdata_full_04122022.csv,False,Official file did not contain the requested trading date.
2022-12-05,NORMAL,https://nsearchives.nseindia.com/products/content/sec_bhavdata_full_05122022.csv,True,
2022-12-06,NORMAL,https://nsearchives.nseindia.com/products/content/sec_bhavdata_full_06122022.csv,True,
2022-12-07,NORMAL,https://nsearchives.nseindia.com/products/content/sec_bhavdata_full_07122022.csv,True,
2022-12-08,NORMAL,https://nsearchives.nseindia.com/products/content/sec_bhavdata_full_08122022.csv,True,
2022-12-09,NORMAL,https://nsearchives.nseindia.com/products/content/sec_bhavdata_full_09122022.csv,True,
2022-12-10,UNKNOWN,,False,No official cash-market daily file found; treated as non-session.
2022-12-11,UNKNOWN,https://nsearchives.nseindia.com/products/content/sec_bhavdata_full_11122022.csv,False,Official file did not contain the requested trading date.
2022-12-12,NORMAL,https://nsearchives.nseindia.com/products/content/sec_bhavdata_full_12122022.csv,True,
2022-12-13,NORMAL,https://nsearchives.nseindia.com/products/content/sec_bhavdata_full_13122022.csv,True,
2022-12-14,NORMAL,https://nsearchives.nseindia.com/products/content/sec_bhavdata_full_14122022.csv,True,
2022-12-15,NORMAL,https://nsearchives.nseindia.com/products/content/sec_bhavdata_full_15122022.csv,True,
2022-12-16,NORMAL,https://nsearchives.nseindia.com/products/content/sec_bhavdata_full_16122022.csv,True,
2022-12-17,UNKNOWN,,False,No official cash-market daily file found; treated as non-session.
2022-12-18,UNKNOWN,https://nsearchives.nseindia.com/products/content/sec_bhavdata_full_18122022.csv,False,Official file did not contain the requested trading date.
2022-12-19,NORMAL,https://nsearchives.nseindia.com/products/content/sec_bhavdata_full_19122022.csv,True,
2022-12-20,NORMAL,https://nsearchives.nseindia.com/products/content/sec_bhavdata_full_20122022.csv,True,
2022-12-21,NORMAL,https://nsearchives.nseindia.com/products/content/sec_bhavdata_full_21122022.csv,True,
2022-12-22,NORMAL,https://nsearchives.nseindia.com/products/content/sec_bhavdata_full_22122022.csv,True,
2022-12-23,NORMAL,https://nsearchives.nseindia.com/products/content/sec_bhavdata_full_23122022.csv,True,
2022-12-24,UNKNOWN,,False,No official cash-market daily file found; treated as non-session.
2022-12-25,UNKNOWN,https://nsearchives.nseindia.com/products/content/sec_bhavdata_full_25122022.csv,False,Official file did not contain the requested trading date.
2022-12-26,NORMAL,https://nsearchives.nseindia.com/products/content/sec_bhavdata_full_26122022.csv,True,
2022-12-27,NORMAL,https://nsearchives.nseindia.com/products/content/sec_bhavdata_full_27122022.csv,True,
2022-12-28,NORMAL,https://nsearchives.nseindia.com/products/content/sec_bhavdata_full_28122022.csv,True,
2022-12-29,NORMAL,https://nsearchives.nseindia.com/products/content/sec_bhavdata_full_29122022.csv,True,
2022-12-30,NORMAL,https://nsearchives.nseindia.com/products/content/sec_bhavdata_full_30122022.csv,True,
2022-12-31,UNKNOWN,,False,No official cash-market daily file found; treated as non-session.
2023-01-01,UNKNOWN,https://nsearchives.nseindia.com/products/content/sec_bhavdata_full_01012023.csv,False,Official file did not contain the requested trading date.
2023-01-02,NORMAL,https://nsearchives.nseindia.com/products/content/sec_bhavdata_full_02012023.csv,True,
2023-01-03,NORMAL,https://nsearchives.nseindia.com/products/content/sec_bhavdata_full_03012023.csv,True,
2023-01-04,NORMAL,https://nsearchives.nseindia.com/products/content/sec_bhavdata_full_04012023.csv,True,
2023-01-05,NORMAL,https://nsearchives.nseindia.com/products/content/sec_bhavdata_full_05012023.csv,True,
2023-01-06,NORMAL,https://nsearchives.nseindia.com/products/content/sec_bhavdata_full_06012023.csv,True,
2023-01-07,UNKNOWN,,False,No official cash-market daily file found; treated as non-session.
2023-01-08,UNKNOWN,https://nsearchives.nseindia.com/products/content/sec_bhavdata_full_08012023.csv,False,Official file did not contain the requested trading date.
2023-01-09,NORMAL,https://nsearchives.nseindia.com/products/content/sec_bhavdata_full_09012023.csv,True,
2023-01-10,NORMAL,https://nsearchives.nseindia.com/products/content/sec_bhavdata_full_10012023.csv,True,
2023-01-11,NORMAL,https://nsearchives.nseindia.com/products/content/sec_bhavdata_full_11012023.csv,True,
2023-01-12,NORMAL,https://nsearchives.nseindia.com/products/content/sec_bhavdata_full_12012023.csv,True,
2023-01-13,NORMAL,https://nsearchives.nseindia.com/products/content/sec_bhavdata_full_13012023.csv,True,
2023-01-14,UNKNOWN,,False,No official cash-market daily file found; treated as non-session.
2023-01-15,UNKNOWN,https://nsearchives.nseindia.com/products/content/sec_bhavdata_full_15012023.csv,False,Official file did not contain the requested trading date.
2023-01-16,NORMAL,https://nsearchives.nseindia.com/products/content/sec_bhavdata_full_16012023.csv,True,
2023-01-17,NORMAL,https://nsearchives.nseindia.com/products/content/sec_bhavdata_full_17012023.csv,True,
2023-01-18,NORMAL,https://nsearchives.nseindia.com/products/content/sec_bhavdata_full_18012023.csv,True,
2023-01-19,NORMAL,https://nsearchives.nseindia.com/products/content/sec_bhavdata_full_19012023.csv,True,
2023-01-20,NORMAL,https://nsearchives.nseindia.com/products/content/sec_bhavdata_full_20012023.csv,True,
2023-01-21,UNKNOWN,,False,No official cash-market daily file found; treated as non-session.
2023-01-22,UNKNOWN,https://nsearchives.nseindia.com/products/content/sec_bhavdata_full_22012023.csv,False,Official file did not contain the requested trading date.
2023-01-23,NORMAL,https://nsearchives.nseindia.com/products/content/sec_bhavdata_full_23012023.csv,True,
2023-01-24,NORMAL,https://nsearchives.nseindia.com/products/content/sec_bhavdata_full_24012023.csv,True,
2023-01-25,NORMAL,https://nsearchives.nseindia.com/products/content/sec_bhavdata_full_25012023.csv,True,
2023-01-26,UNKNOWN,https://nsearchives.nseindia.com/products/content/sec_bhavdata_full_26012023.csv,False,Official file did not contain the requested trading date.
2023-01-27,NORMAL,https://nsearchives.nseindia.com/products/content/sec_bhavdata_full_27012023.csv,True,
2023-01-28,UNKNOWN,,False,No official cash-market daily file found; treated as non-session.
2023-01-29,UNKNOWN,https://nsearchives.nseindia.com/products/content/sec_bhavdata_full_29012023.csv,False,Official file did not contain the requested trading date.
2023-01-30,NORMAL,https://nsearchives.nseindia.com/products/content/sec_bhavdata_full_30012023.csv,True,
2023-01-31,NORMAL,https://nsearchives.nseindia.com/products/content/sec_bhavdata_full_31012023.csv,True,
2023-02-01,NORMAL,https://nsearchives.nseindia.com/products/content/sec_bhavdata_full_01022023.csv,True,
2023-02-02,NORMAL,https://nsearchives.nseindia.com/products/content/sec_bhavdata_full_02022023.csv,True,
2023-02-03,NORMAL,https://nsearchives.nseindia.com/products/content/sec_bhavdata_full_03022023.csv,True,
2023-02-04,UNKNOWN,,False,No official cash-market daily file found; treated as non-session.
2023-02-05,UNKNOWN,https://nsearchives.nseindia.com/products/content/sec_bhavdata_full_05022023.csv,False,Official file did not contain the requested trading date.
2023-02-06,NORMAL,https://nsearchives.nseindia.com/products/content/sec_bhavdata_full_06022023.csv,True,
2023-02-07,NORMAL,https://nsearchives.nseindia.com/products/content/sec_bhavdata_full_07022023.csv,True,
2023-02-08,NORMAL,https://nsearchives.nseindia.com/products/content/sec_bhavdata_full_08022023.csv,True,
2023-02-09,NORMAL,https://nsearchives.nseindia.com/products/content/sec_bhavdata_full_09022023.csv,True,
2023-02-10,NORMAL,https://nsearchives.nseindia.com/products/content/sec_bhavdata_full_10022023.csv,True,
2023-02-11,UNKNOWN,,False,No official cash-market daily file found; treated as non-session.
2023-02-12,UNKNOWN,https://nsearchives.nseindia.com/products/content/sec_bhavdata_full_12022023.csv,False,Official file did not contain the requested trading date.
2023-02-13,NORMAL,https://nsearchives.nseindia.com/products/content/sec_bhavdata_full_13022023.csv,True,
2023-02-14,NORMAL,https://nsearchives.nseindia.com/products/content/sec_bhavdata_full_14022023.csv,True,
2023-02-15,NORMAL,https://nsearchives.nseindia.com/products/content/sec_bhavdata_full_15022023.csv,True,
2023-02-16,NORMAL,https://nsearchives.nseindia.com/products/content/sec_bhavdata_full_16022023.csv,True,
2023-02-17,NORMAL,https://nsearchives.nseindia.com/products/content/sec_bhavdata_full_17022023.csv,True,
2023-02-18,UNKNOWN,,False,No official cash-market daily file found; treated as non-session.
2023-02-19,UNKNOWN,https://nsearchives.nseindia.com/products/content/sec_bhavdata_full_19022023.csv,False,Official file did not contain the requested trading date.
2023-02-20,NORMAL,https://nsearchives.nseindia.com/products/content/sec_bhavdata_full_20022023.csv,True,
2023-02-21,NORMAL,https://nsearchives.nseindia.com/products/content/sec_bhavdata_full_21022023.csv,True,
2023-02-22,NORMAL,https://nsearchives.nseindia.com/products/content/sec_bhavdata_full_22022023.csv,True,
2023-02-23,NORMAL,https://nsearchives.nseindia.com/products/content/sec_bhavdata_full_23022023.csv,True,
2023-02-24,NORMAL,https://nsearchives.nseindia.com/products/content/sec_bhavdata_full_24022023.csv,True,
2023-02-25,UNKNOWN,,False,No official cash-market daily file found; treated as non-session.
2023-02-26,UNKNOWN,https://nsearchives.nseindia.com/products/content/sec_bhavdata_full_26022023.csv,False,Official file did not contain the requested trading date.
2023-02-27,NORMAL,https://nsearchives.nseindia.com/products/content/sec_bhavdata_full_27022023.csv,True,
2023-02-28,NORMAL,https://nsearchives.nseindia.com/products/content/sec_bhavdata_full_28022023.csv,True,
2023-03-01,NORMAL,https://nsearchives.nseindia.com/products/content/sec_bhavdata_full_01032023.csv,True,
2023-03-02,NORMAL,https://nsearchives.nseindia.com/products/content/sec_bhavdata_full_02032023.csv,True,
2023-03-03,NORMAL,https://nsearchives.nseindia.com/products/content/sec_bhavdata_full_03032023.csv,True,
2023-03-04,UNKNOWN,,False,No official cash-market daily file found; treated as non-session.
2023-03-05,UNKNOWN,https://nsearchives.nseindia.com/products/content/sec_bhavdata_full_05032023.csv,False,Official file did not contain the requested trading date.
2023-03-06,NORMAL,https://nsearchives.nseindia.com/products/content/sec_bhavdata_full_06032023.csv,True,
2023-03-07,UNKNOWN,https://nsearchives.nseindia.com/products/content/sec_bhavdata_full_07032023.csv,False,Official file did not contain the requested trading date.
2023-03-08,NORMAL,https://nsearchives.nseindia.com/products/content/sec_bhavdata_full_08032023.csv,True,
2023-03-09,NORMAL,https://nsearchives.nseindia.com/products/content/sec_bhavdata_full_09032023.csv,True,
2023-03-10,NORMAL,https://nsearchives.nseindia.com/products/content/sec_bhavdata_full_10032023.csv,True,
2023-03-11,UNKNOWN,,False,No official cash-market daily file found; treated as non-session.
2023-03-12,UNKNOWN,https://nsearchives.nseindia.com/products/content/sec_bhavdata_full_12032023.csv,False,Official file did not contain the requested trading date.
2023-03-13,NORMAL,https://nsearchives.nseindia.com/products/content/sec_bhavdata_full_13032023.csv,True,
2023-03-14,NORMAL,https://nsearchives.nseindia.com/products/content/sec_bhavdata_full_14032023.csv,True,
2023-03-15,NORMAL,https://nsearchives.nseindia.com/products/content/sec_bhavdata_full_15032023.csv,True,
2023-03-16,NORMAL,https://nsearchives.nseindia.com/products/content/sec_bhavdata_full_16032023.csv,True,
2023-03-17,NORMAL,https://nsearchives.nseindia.com/products/content/sec_bhavdata_full_17032023.csv,True,
2023-03-18,UNKNOWN,,False,No official cash-market daily file found; treated as non-session.
2023-03-19,UNKNOWN,https://nsearchives.nseindia.com/products/content/sec_bhavdata_full_19032023.csv,False,Official file did not contain the requested trading date.
2023-03-20,NORMAL,https://nsearchives.nseindia.com/products/content/sec_bhavdata_full_20032023.csv,True,
2023-03-21,NORMAL,https://nsearchives.nseindia.com/products/content/sec_bhavdata_full_21032023.csv,True,
2023-03-22,NORMAL,https://nsearchives.nseindia.com/products/content/sec_bhavdata_full_22032023.csv,True,
2023-03-23,NORMAL,https://nsearchives.nseindia.com/products/content/sec_bhavdata_full_23032023.csv,True,
2023-03-24,NORMAL,https://nsearchives.nseindia.com/products/content/sec_bhavdata_full_24032023.csv,True,
2023-03-25,UNKNOWN,,False,No official cash-market daily file found; treated as non-session.
2023-03-26,UNKNOWN,https://nsearchives.nseindia.com/products/content/sec_bhavdata_full_26032023.csv,False,Official file did not contain the requested trading date.
2023-03-27,NORMAL,https://nsearchives.nseindia.com/products/content/sec_bhavdata_full_27032023.csv,True,
2023-03-28,NORMAL,https://nsearchives.nseindia.com/products/content/sec_bhavdata_full_28032023.csv,True,
2023-03-29,NORMAL,https://nsearchives.nseindia.com/products/content/sec_bhavdata_full_29032023.csv,True,
2023-03-30,UNKNOWN,https://nsearchives.nseindia.com/products/content/sec_bhavdata_full_30032023.csv,False,Official file did not contain the requested trading date.
2023-03-31,NORMAL,https://nsearchives.nseindia.com/products/content/sec_bhavdata_full_31032023.csv,True,
2023-04-01,UNKNOWN,,False,No official cash-market daily file found; treated as non-session.
2023-04-02,UNKNOWN,https://nsearchives.nseindia.com/products/content/sec_bhavdata_full_02042023.csv,False,Official file did not contain the requested trading date.
2023-04-03,NORMAL,https://nsearchives.nseindia.com/products/content/sec_bhavdata_full_03042023.csv,True,
2023-04-04,UNKNOWN,https://nsearchives.nseindia.com/products/content/sec_bhavdata_full_04042023.csv,False,Official file did not contain the requested trading date.
2023-04-05,NORMAL,https://nsearchives.nseindia.com/products/content/sec_bhavdata_full_05042023.csv,True,
2023-04-06,NORMAL,https://nsearchives.nseindia.com/products/content/sec_bhavdata_full_06042023.csv,True,
2023-04-07,UNKNOWN,https://nsearchives.nseindia.com/products/content/sec_bhavdata_full_07042023.csv,False,Official file did not contain the requested trading date.
2023-04-08,UNKNOWN,,False,No official cash-market daily file found; treated as non-session.
2023-04-09,UNKNOWN,https://nsearchives.nseindia.com/products/content/sec_bhavdata_full_09042023.csv,False,Official file did not contain the requested trading date.
2023-04-10,NORMAL,https://nsearchives.nseindia.com/products/content/sec_bhavdata_full_10042023.csv,True,
2023-04-11,NORMAL,https://nsearchives.nseindia.com/products/content/sec_bhavdata_full_11042023.csv,True,
2023-04-12,NORMAL,https://nsearchives.nseindia.com/products/content/sec_bhavdata_full_12042023.csv,True,
2023-04-13,NORMAL,https://nsearchives.nseindia.com/products/content/sec_bhavdata_full_13042023.csv,True,
2023-04-14,UNKNOWN,https://nsearchives.nseindia.com/products/content/sec_bhavdata_full_14042023.csv,False,Official file did not contain the requested trading date.
2023-04-15,UNKNOWN,,False,No official cash-market daily file found; treated as non-session.
2023-04-16,UNKNOWN,https://nsearchives.nseindia.com/products/content/sec_bhavdata_full_16042023.csv,False,Official file did not contain the requested trading date.
2023-04-17,NORMAL,https://nsearchives.nseindia.com/products/content/sec_bhavdata_full_17042023.csv,True,
2023-04-18,NORMAL,https://nsearchives.nseindia.com/products/content/sec_bhavdata_full_18042023.csv,True,
2023-04-19,NORMAL,https://nsearchives.nseindia.com/products/content/sec_bhavdata_full_19042023.csv,True,
2023-04-20,NORMAL,https://nsearchives.nseindia.com/products/content/sec_bhavdata_full_20042023.csv,True,
2023-04-21,NORMAL,https://nsearchives.nseindia.com/products/content/sec_bhavdata_full_21042023.csv,True,
2023-04-22,UNKNOWN,,False,No official cash-market daily file found; treated as non-session.
2023-04-23,UNKNOWN,https://nsearchives.nseindia.com/products/content/sec_bhavdata_full_23042023.csv,False,Official file did not contain the requested trading date.
2023-04-24,NORMAL,https://nsearchives.nseindia.com/products/content/sec_bhavdata_full_24042023.csv,True,
2023-04-25,NORMAL,https://nsearchives.nseindia.com/products/content/sec_bhavdata_full_25042023.csv,True,
2023-04-26,NORMAL,https://nsearchives.nseindia.com/products/content/sec_bhavdata_full_26042023.csv,True,
2023-04-27,NORMAL,https://nsearchives.nseindia.com/products/content/sec_bhavdata_full_27042023.csv,True,
2023-04-28,NORMAL,https://nsearchives.nseindia.com/products/content/sec_bhavdata_full_28042023.csv,True,
2023-04-29,UNKNOWN,,False,No official cash-market daily file found; treated as non-session.
2023-04-30,UNKNOWN,https://nsearchives.nseindia.com/products/content/sec_bhavdata_full_30042023.csv,False,Official file did not contain the requested trading date.
2023-05-01,UNKNOWN,https://nsearchives.nseindia.com/products/content/sec_bhavdata_full_01052023.csv,False,Official file did not contain the requested trading date.
2023-05-02,NORMAL,https://nsearchives.nseindia.com/products/content/sec_bhavdata_full_02052023.csv,True,
2023-05-03,NORMAL,https://nsearchives.nseindia.com/products/content/sec_bhavdata_full_03052023.csv,True,
2023-05-04,NORMAL,https://nsearchives.nseindia.com/products/content/sec_bhavdata_full_04052023.csv,True,
2023-05-05,NORMAL,https://nsearchives.nseindia.com/products/content/sec_bhavdata_full_05052023.csv,True,
2023-05-06,UNKNOWN,,False,No official cash-market daily file found; treated as non-session.
2023-05-07,UNKNOWN,https://nsearchives.nseindia.com/products/content/sec_bhavdata_full_07052023.csv,False,Official file did not contain the requested trading date.
2023-05-08,NORMAL,https://nsearchives.nseindia.com/products/content/sec_bhavdata_full_08052023.csv,True,
2023-05-09,NORMAL,https://nsearchives.nseindia.com/products/content/sec_bhavdata_full_09052023.csv,True,
2023-05-10,NORMAL,https://nsearchives.nseindia.com/products/content/sec_bhavdata_full_10052023.csv,True,
2023-05-11,NORMAL,https://nsearchives.nseindia.com/products/content/sec_bhavdata_full_11052023.csv,True,
2023-05-12,NORMAL,https://nsearchives.nseindia.com/products/content/sec_bhavdata_full_12052023.csv,True,
2023-05-13,UNKNOWN,,False,No official cash-market daily file found; treated as non-session.
2023-05-14,UNKNOWN,https://nsearchives.nseindia.com/products/content/sec_bhavdata_full_14052023.csv,False,Official file did not contain the requested trading date.
2023-05-15,NORMAL,https://nsearchives.nseindia.com/products/content/sec_bhavdata_full_15052023.csv,True,
2023-05-16,NORMAL,https://nsearchives.nseindia.com/products/content/sec_bhavdata_full_16052023.csv,True,
2023-05-17,NORMAL,https://nsearchives.nseindia.com/products/content/sec_bhavdata_full_17052023.csv,True,
2023-05-18,NORMAL,https://nsearchives.nseindia.com/products/content/sec_bhavdata_full_18052023.csv,True,
2023-05-19,NORMAL,https://nsearchives.nseindia.com/products/content/sec_bhavdata_full_19052023.csv,True,
2023-05-20,UNKNOWN,,False,No official cash-market daily file found; treated as non-session.
2023-05-21,UNKNOWN,https://nsearchives.nseindia.com/products/content/sec_bhavdata_full_21052023.csv,False,Official file did not contain the requested trading date.
2023-05-22,NORMAL,https://nsearchives.nseindia.com/products/content/sec_bhavdata_full_22052023.csv,True,
2023-05-23,NORMAL,https://nsearchives.nseindia.com/products/content/sec_bhavdata_full_23052023.csv,True,
2023-05-24,NORMAL,https://nsearchives.nseindia.com/products/content/sec_bhavdata_full_24052023.csv,True,
2023-05-25,NORMAL,https://nsearchives.nseindia.com/products/content/sec_bhavdata_full_25052023.csv,True,
2023-05-26,NORMAL,https://nsearchives.nseindia.com/products/content/sec_bhavdata_full_26052023.csv,True,
2023-05-27,UNKNOWN,,False,No official cash-market daily file found; treated as non-session.
2023-05-28,UNKNOWN,https://nsearchives.nseindia.com/products/content/sec_bhavdata_full_28052023.csv,False,Official file did not contain the requested trading date.
2023-05-29,NORMAL,https://nsearchives.nseindia.com/products/content/sec_bhavdata_full_29052023.csv,True,
2023-05-30,NORMAL,https://nsearchives.nseindia.com/products/content/sec_bhavdata_full_30052023.csv,True,
2023-05-31,NORMAL,https://nsearchives.nseindia.com/products/content/sec_bhavdata_full_31052023.csv,True,
2023-06-01,NORMAL,https://nsearchives.nseindia.com/products/content/sec_bhavdata_full_01062023.csv,True,
2023-06-02,NORMAL,https://nsearchives.nseindia.com/products/content/sec_bhavdata_full_02062023.csv,True,
2023-06-03,UNKNOWN,,False,No official cash-market daily file found; treated as non-session.
2023-06-04,UNKNOWN,https://nsearchives.nseindia.com/products/content/sec_bhavdata_full_04062023.csv,False,Official file did not contain the requested trading date.
2023-06-05,NORMAL,https://nsearchives.nseindia.com/products/content/sec_bhavdata_full_05062023.csv,True,
2023-06-06,NORMAL,https://nsearchives.nseindia.com/products/content/sec_bhavdata_full_06062023.csv,True,
2023-06-07,NORMAL,https://nsearchives.nseindia.com/products/content/sec_bhavdata_full_07062023.csv,True,
2023-06-08,NORMAL,https://nsearchives.nseindia.com/products/content/sec_bhavdata_full_08062023.csv,True,
2023-06-09,NORMAL,https://nsearchives.nseindia.com/products/content/sec_bhavdata_full_09062023.csv,True,
2023-06-10,UNKNOWN,,False,No official cash-market daily file found; treated as non-session.
2023-06-11,UNKNOWN,https://nsearchives.nseindia.com/products/content/sec_bhavdata_full_11062023.csv,False,Official file did not contain the requested trading date.
2023-06-12,NORMAL,https://nsearchives.nseindia.com/products/content/sec_bhavdata_full_12062023.csv,True,
2023-06-13,NORMAL,https://nsearchives.nseindia.com/products/content/sec_bhavdata_full_13062023.csv,True,
2023-06-14,NORMAL,https://nsearchives.nseindia.com/products/content/sec_bhavdata_full_14062023.csv,True,
2023-06-15,NORMAL,https://nsearchives.nseindia.com/products/content/sec_bhavdata_full_15062023.csv,True,
2023-06-16,NORMAL,https://nsearchives.nseindia.com/products/content/sec_bhavdata_full_16062023.csv,True,
2023-06-17,UNKNOWN,,False,No official cash-market daily file found; treated as non-session.
2023-06-18,UNKNOWN,https://nsearchives.nseindia.com/products/content/sec_bhavdata_full_18062023.csv,False,Official file did not contain the requested trading date.
2023-06-19,NORMAL,https://nsearchives.nseindia.com/products/content/sec_bhavdata_full_19062023.csv,True,
2023-06-20,NORMAL,https://nsearchives.nseindia.com/products/content/sec_bhavdata_full_20062023.csv,True,
2023-06-21,NORMAL,https://nsearchives.nseindia.com/products/content/sec_bhavdata_full_21062023.csv,True,
2023-06-22,NORMAL,https://nsearchives.nseindia.com/products/content/sec_bhavdata_full_22062023.csv,True,
2023-06-23,NORMAL,https://nsearchives.nseindia.com/products/content/sec_bhavdata_full_23062023.csv,True,
2023-06-24,UNKNOWN,,False,No official cash-market daily file found; treated as non-session.
2023-06-25,UNKNOWN,https://nsearchives.nseindia.com/products/content/sec_bhavdata_full_25062023.csv,False,Official file did not contain the requested trading date.
2023-06-26,NORMAL,https://nsearchives.nseindia.com/products/content/sec_bhavdata_full_26062023.csv,True,
2023-06-27,NORMAL,https://nsearchives.nseindia.com/products/content/sec_bhavdata_full_27062023.csv,True,
2023-06-28,NORMAL,https://nsearchives.nseindia.com/products/content/sec_bhavdata_full_28062023.csv,True,
2023-06-29,UNKNOWN,https://nsearchives.nseindia.com/products/content/sec_bhavdata_full_29062023.csv,False,Official file did not contain the requested trading date.
2023-06-30,NORMAL,https://nsearchives.nseindia.com/products/content/sec_bhavdata_full_30062023.csv,True,
2023-07-01,UNKNOWN,,False,No official cash-market daily file found; treated as non-session.
2023-07-02,UNKNOWN,https://nsearchives.nseindia.com/products/content/sec_bhavdata_full_02072023.csv,False,Official file did not contain the requested trading date.
2023-07-03,NORMAL,https://nsearchives.nseindia.com/products/content/sec_bhavdata_full_03072023.csv,True,
2023-07-04,NORMAL,https://nsearchives.nseindia.com/products/content/sec_bhavdata_full_04072023.csv,True,
2023-07-05,NORMAL,https://nsearchives.nseindia.com/products/content/sec_bhavdata_full_05072023.csv,True,
2023-07-06,NORMAL,https://nsearchives.nseindia.com/products/content/sec_bhavdata_full_06072023.csv,True,
2023-07-07,NORMAL,https://nsearchives.nseindia.com/products/content/sec_bhavdata_full_07072023.csv,True,
2023-07-08,UNKNOWN,,False,No official cash-market daily file found; treated as non-session.
2023-07-09,UNKNOWN,https://nsearchives.nseindia.com/products/content/sec_bhavdata_full_09072023.csv,False,Official file did not contain the requested trading date.
2023-07-10,NORMAL,https://nsearchives.nseindia.com/products/content/sec_bhavdata_full_10072023.csv,True,
2023-07-11,NORMAL,https://nsearchives.nseindia.com/products/content/sec_bhavdata_full_11072023.csv,True,
2023-07-12,NORMAL,https://nsearchives.nseindia.com/products/content/sec_bhavdata_full_12072023.csv,True,
2023-07-13,NORMAL,https://nsearchives.nseindia.com/products/content/sec_bhavdata_full_13072023.csv,True,
2023-07-14,NORMAL,https://nsearchives.nseindia.com/products/content/sec_bhavdata_full_14072023.csv,True,
2023-07-15,UNKNOWN,,False,No official cash-market daily file found; treated as non-session.
2023-07-16,UNKNOWN,https://nsearchives.nseindia.com/products/content/sec_bhavdata_full_16072023.csv,False,Official file did not contain the requested trading date.
2023-07-17,NORMAL,https://nsearchives.nseindia.com/products/content/sec_bhavdata_full_17072023.csv,True,
2023-07-18,NORMAL,https://nsearchives.nseindia.com/products/content/sec_bhavdata_full_18072023.csv,True,
2023-07-19,NORMAL,https://nsearchives.nseindia.com/products/content/sec_bhavdata_full_19072023.csv,True,
2023-07-20,NORMAL,https://nsearchives.nseindia.com/products/content/sec_bhavdata_full_20072023.csv,True,
2023-07-21,NORMAL,https://nsearchives.nseindia.com/products/content/sec_bhavdata_full_21072023.csv,True,
2023-07-22,UNKNOWN,,False,No official cash-market daily file found; treated as non-session.
2023-07-23,UNKNOWN,https://nsearchives.nseindia.com/products/content/sec_bhavdata_full_23072023.csv,False,Official file did not contain the requested trading date.
2023-07-24,NORMAL,https://nsearchives.nseindia.com/products/content/sec_bhavdata_full_24072023.csv,True,
2023-07-25,NORMAL,https://nsearchives.nseindia.com/products/content/sec_bhavdata_full_25072023.csv,True,
2023-07-26,NORMAL,https://nsearchives.nseindia.com/products/content/sec_bhavdata_full_26072023.csv,True,
2023-07-27,NORMAL,https://nsearchives.nseindia.com/products/content/sec_bhavdata_full_27072023.csv,True,
2023-07-28,NORMAL,https://nsearchives.nseindia.com/products/content/sec_bhavdata_full_28072023.csv,True,
2023-07-29,UNKNOWN,,False,No official cash-market daily file found; treated as non-session.
2023-07-30,UNKNOWN,,False,No official cash-market daily file found; treated as non-session.
2023-07-31,NORMAL,https://nsearchives.nseindia.com/products/content/sec_bhavdata_full_31072023.csv,True,
2023-08-01,NORMAL,https://nsearchives.nseindia.com/products/content/sec_bhavdata_full_01082023.csv,True,
2023-08-02,NORMAL,https://nsearchives.nseindia.com/products/content/sec_bhavdata_full_02082023.csv,True,
2023-08-03,NORMAL,https://nsearchives.nseindia.com/products/content/sec_bhavdata_full_03082023.csv,True,
2023-08-04,NORMAL,https://nsearchives.nseindia.com/products/content/sec_bhavdata_full_04082023.csv,True,
2023-08-05,UNKNOWN,,False,No official cash-market daily file found; treated as non-session.
2023-08-06,UNKNOWN,https://nsearchives.nseindia.com/products/content/sec_bhavdata_full_06082023.csv,False,Official file did not contain the requested trading date.
2023-08-07,NORMAL,https://nsearchives.nseindia.com/products/content/sec_bhavdata_full_07082023.csv,True,
2023-08-08,NORMAL,https://nsearchives.nseindia.com/products/content/sec_bhavdata_full_08082023.csv,True,
2023-08-09,NORMAL,https://nsearchives.nseindia.com/products/content/sec_bhavdata_full_09082023.csv,True,
2023-08-10,NORMAL,https://nsearchives.nseindia.com/products/content/sec_bhavdata_full_10082023.csv,True,
2023-08-11,NORMAL,https://nsearchives.nseindia.com/products/content/sec_bhavdata_full_11082023.csv,True,
2023-08-12,UNKNOWN,,False,No official cash-market daily file found; treated as non-session.
2023-08-13,UNKNOWN,https://nsearchives.nseindia.com/products/content/sec_bhavdata_full_13082023.csv,False,Official file did not contain the requested trading date.
2023-08-14,NORMAL,https://nsearchives.nseindia.com/products/content/sec_bhavdata_full_14082023.csv,True,
2023-08-15,UNKNOWN,https://nsearchives.nseindia.com/products/content/sec_bhavdata_full_15082023.csv,False,Official file did not contain the requested trading date.
2023-08-16,NORMAL,https://nsearchives.nseindia.com/products/content/sec_bhavdata_full_16082023.csv,True,
2023-08-17,NORMAL,https://nsearchives.nseindia.com/products/content/sec_bhavdata_full_17082023.csv,True,
2023-08-18,NORMAL,https://nsearchives.nseindia.com/products/content/sec_bhavdata_full_18082023.csv,True,
2023-08-19,UNKNOWN,,False,No official cash-market daily file found; treated as non-session.
2023-08-20,UNKNOWN,https://nsearchives.nseindia.com/products/content/sec_bhavdata_full_20082023.csv,False,Official file did not contain the requested trading date.
2023-08-21,NORMAL,https://nsearchives.nseindia.com/products/content/sec_bhavdata_full_21082023.csv,True,
2023-08-22,NORMAL,https://nsearchives.nseindia.com/products/content/sec_bhavdata_full_22082023.csv,True,
2023-08-23,NORMAL,https://nsearchives.nseindia.com/products/content/sec_bhavdata_full_23082023.csv,True,
2023-08-24,NORMAL,https://nsearchives.nseindia.com/products/content/sec_bhavdata_full_24082023.csv,True,
2023-08-25,NORMAL,https://nsearchives.nseindia.com/products/content/sec_bhavdata_full_25082023.csv,True,
2023-08-26,UNKNOWN,,False,No official cash-market daily file found; treated as non-session.
2023-08-27,UNKNOWN,https://nsearchives.nseindia.com/products/content/sec_bhavdata_full_27082023.csv,False,Official file did not contain the requested trading date.
2023-08-28,NORMAL,https://nsearchives.nseindia.com/products/content/sec_bhavdata_full_28082023.csv,True,
2023-08-29,NORMAL,https://nsearchives.nseindia.com/products/content/sec_bhavdata_full_29082023.csv,True,
2023-08-30,NORMAL,https://nsearchives.nseindia.com/products/content/sec_bhavdata_full_30082023.csv,True,
2023-08-31,NORMAL,https://nsearchives.nseindia.com/products/content/sec_bhavdata_full_31082023.csv,True,
2023-09-01,NORMAL,https://nsearchives.nseindia.com/products/content/sec_bhavdata_full_01092023.csv,True,
2023-09-02,UNKNOWN,,False,No official cash-market daily file found; treated as non-session.
2023-09-03,UNKNOWN,https://nsearchives.nseindia.com/products/content/sec_bhavdata_full_03092023.csv,False,Official file did not contain the requested trading date.
2023-09-04,NORMAL,https://nsearchives.nseindia.com/products/content/sec_bhavdata_full_04092023.csv,True,
2023-09-05,NORMAL,https://nsearchives.nseindia.com/products/content/sec_bhavdata_full_05092023.csv,True,
2023-09-06,NORMAL,https://nsearchives.nseindia.com/products/content/sec_bhavdata_full_06092023.csv,True,
2023-09-07,NORMAL,https://nsearchives.nseindia.com/products/content/sec_bhavdata_full_07092023.csv,True,
2023-09-08,NORMAL,https://nsearchives.nseindia.com/products/content/sec_bhavdata_full_08092023.csv,True,
2023-09-09,UNKNOWN,,False,No official cash-market daily file found; treated as non-session.
2023-09-10,UNKNOWN,https://nsearchives.nseindia.com/products/content/sec_bhavdata_full_10092023.csv,False,Official file did not contain the requested trading date.
2023-09-11,NORMAL,https://nsearchives.nseindia.com/products/content/sec_bhavdata_full_11092023.csv,True,
2023-09-12,NORMAL,https://nsearchives.nseindia.com/products/content/sec_bhavdata_full_12092023.csv,True,
2023-09-13,NORMAL,https://nsearchives.nseindia.com/products/content/sec_bhavdata_full_13092023.csv,True,
2023-09-14,NORMAL,https://nsearchives.nseindia.com/products/content/sec_bhavdata_full_14092023.csv,True,
2023-09-15,NORMAL,https://nsearchives.nseindia.com/products/content/sec_bhavdata_full_15092023.csv,True,
2023-09-16,UNKNOWN,,False,No official cash-market daily file found; treated as non-session.
2023-09-17,UNKNOWN,https://nsearchives.nseindia.com/products/content/sec_bhavdata_full_17092023.csv,False,Official file did not contain the requested trading date.
2023-09-18,NORMAL,https://nsearchives.nseindia.com/products/content/sec_bhavdata_full_18092023.csv,True,
2023-09-19,UNKNOWN,https://nsearchives.nseindia.com/products/content/sec_bhavdata_full_19092023.csv,False,Official file did not contain the requested trading date.
2023-09-20,NORMAL,https://nsearchives.nseindia.com/products/content/sec_bhavdata_full_20092023.csv,True,
2023-09-21,NORMAL,https://nsearchives.nseindia.com/products/content/sec_bhavdata_full_21092023.csv,True,
2023-09-22,NORMAL,https://nsearchives.nseindia.com/products/content/sec_bhavdata_full_22092023.csv,True,
2023-09-23,UNKNOWN,,False,No official cash-market daily file found; treated as non-session.
2023-09-24,UNKNOWN,https://nsearchives.nseindia.com/products/content/sec_bhavdata_full_24092023.csv,False,Official file did not contain the requested trading date.
2023-09-25,NORMAL,https://nsearchives.nseindia.com/products/content/sec_bhavdata_full_25092023.csv,True,
2023-09-26,NORMAL,https://nsearchives.nseindia.com/products/content/sec_bhavdata_full_26092023.csv,True,
2023-09-27,NORMAL,https://nsearchives.nseindia.com/products/content/sec_bhavdata_full_27092023.csv,True,
2023-09-28,NORMAL,https://nsearchives.nseindia.com/products/content/sec_bhavdata_full_28092023.csv,True,
2023-09-29,NORMAL,https://nsearchives.nseindia.com/products/content/sec_bhavdata_full_29092023.csv,True,
2023-09-30,UNKNOWN,,False,No official cash-market daily file found; treated as non-session.
2023-10-01,UNKNOWN,https://nsearchives.nseindia.com/products/content/sec_bhavdata_full_01102023.csv,False,Official file did not contain the requested trading date.
2023-10-02,UNKNOWN,https://nsearchives.nseindia.com/products/content/sec_bhavdata_full_02102023.csv,False,Official file did not contain the requested trading date.
2023-10-03,NORMAL,https://nsearchives.nseindia.com/products/content/sec_bhavdata_full_03102023.csv,True,
2023-10-04,NORMAL,https://nsearchives.nseindia.com/products/content/sec_bhavdata_full_04102023.csv,True,
2023-10-05,NORMAL,https://nsearchives.nseindia.com/products/content/sec_bhavdata_full_05102023.csv,True,
2023-10-06,NORMAL,https://nsearchives.nseindia.com/products/content/sec_bhavdata_full_06102023.csv,True,
2023-10-07,UNKNOWN,,False,No official cash-market daily file found; treated as non-session.
2023-10-08,UNKNOWN,https://nsearchives.nseindia.com/products/content/sec_bhavdata_full_08102023.csv,False,Official file did not contain the requested trading date.
2023-10-09,NORMAL,https://nsearchives.nseindia.com/products/content/sec_bhavdata_full_09102023.csv,True,
2023-10-10,NORMAL,https://nsearchives.nseindia.com/products/content/sec_bhavdata_full_10102023.csv,True,
2023-10-11,NORMAL,https://nsearchives.nseindia.com/products/content/sec_bhavdata_full_11102023.csv,True,
2023-10-12,NORMAL,https://nsearchives.nseindia.com/products/content/sec_bhavdata_full_12102023.csv,True,
2023-10-13,NORMAL,https://nsearchives.nseindia.com/products/content/sec_bhavdata_full_13102023.csv,True,
2023-10-14,UNKNOWN,,False,No official cash-market daily file found; treated as non-session.
2023-10-15,UNKNOWN,https://nsearchives.nseindia.com/products/content/sec_bhavdata_full_15102023.csv,False,Official file did not contain the requested trading date.
2023-10-16,NORMAL,https://nsearchives.nseindia.com/products/content/sec_bhavdata_full_16102023.csv,True,
2023-10-17,NORMAL,https://nsearchives.nseindia.com/products/content/sec_bhavdata_full_17102023.csv,True,
2023-10-18,NORMAL,https://nsearchives.nseindia.com/products/content/sec_bhavdata_full_18102023.csv,True,
2023-10-19,NORMAL,https://nsearchives.nseindia.com/products/content/sec_bhavdata_full_19102023.csv,True,
2023-10-20,NORMAL,https://nsearchives.nseindia.com/products/content/sec_bhavdata_full_20102023.csv,True,
2023-10-21,UNKNOWN,,False,No official cash-market daily file found; treated as non-session.
2023-10-22,UNKNOWN,https://nsearchives.nseindia.com/products/content/sec_bhavdata_full_22102023.csv,False,Official file did not contain the requested trading date.
2023-10-23,NORMAL,https://nsearchives.nseindia.com/products/content/sec_bhavdata_full_23102023.csv,True,
2023-10-24,UNKNOWN,https://nsearchives.nseindia.com/products/content/sec_bhavdata_full_24102023.csv,False,Official file did not contain the requested trading date.
2023-10-25,NORMAL,https://nsearchives.nseindia.com/products/content/sec_bhavdata_full_25102023.csv,True,
2023-10-26,NORMAL,https://nsearchives.nseindia.com/products/content/sec_bhavdata_full_26102023.csv,True,
2023-10-27,NORMAL,https://nsearchives.nseindia.com/products/content/sec_bhavdata_full_27102023.csv,True,
2023-10-28,UNKNOWN,,False,No official cash-market daily file found; treated as non-session.
2023-10-29,UNKNOWN,,False,No official cash-market daily file found; treated as non-session.
2023-10-30,NORMAL,https://nsearchives.nseindia.com/products/content/sec_bhavdata_full_30102023.csv,True,
2023-10-31,NORMAL,https://nsearchives.nseindia.com/products/content/sec_bhavdata_full_31102023.csv,True,
2023-11-01,NORMAL,https://nsearchives.nseindia.com/products/content/sec_bhavdata_full_01112023.csv,True,
2023-11-02,NORMAL,https://nsearchives.nseindia.com/products/content/sec_bhavdata_full_02112023.csv,True,
2023-11-03,NORMAL,https://nsearchives.nseindia.com/products/content/sec_bhavdata_full_03112023.csv,True,
2023-11-04,UNKNOWN,,False,No official cash-market daily file found; treated as non-session.
2023-11-05,UNKNOWN,https://nsearchives.nseindia.com/products/content/sec_bhavdata_full_05112023.csv,False,Official file did not contain the requested trading date.
2023-11-06,NORMAL,https://nsearchives.nseindia.com/products/content/sec_bhavdata_full_06112023.csv,True,
2023-11-07,NORMAL,https://nsearchives.nseindia.com/products/content/sec_bhavdata_full_07112023.csv,True,
2023-11-08,NORMAL,https://nsearchives.nseindia.com/products/content/sec_bhavdata_full_08112023.csv,True,
2023-11-09,NORMAL,https://nsearchives.nseindia.com/products/content/sec_bhavdata_full_09112023.csv,True,
2023-11-10,NORMAL,https://nsearchives.nseindia.com/products/content/sec_bhavdata_full_10112023.csv,True,
2023-11-11,UNKNOWN,,False,No official cash-market daily file found; treated as non-session.
2023-11-12,SPECIAL,https://nsearchives.nseindia.com/products/content/sec_bhavdata_full_12112023.csv,True,
2023-11-13,NORMAL,https://nsearchives.nseindia.com/products/content/sec_bhavdata_full_13112023.csv,True,
2023-11-14,UNKNOWN,https://nsearchives.nseindia.com/products/content/sec_bhavdata_full_14112023.csv,False,Official file did not contain the requested trading date.
2023-11-15,NORMAL,https://nsearchives.nseindia.com/products/content/sec_bhavdata_full_15112023.csv,True,
2023-11-16,NORMAL,https://nsearchives.nseindia.com/products/content/sec_bhavdata_full_16112023.csv,True,
2023-11-17,NORMAL,https://nsearchives.nseindia.com/products/content/sec_bhavdata_full_17112023.csv,True,
2023-11-18,UNKNOWN,,False,No official cash-market daily file found; treated as non-session.
2023-11-19,UNKNOWN,https://nsearchives.nseindia.com/products/content/sec_bhavdata_full_19112023.csv,False,Official file did not contain the requested trading date.
2023-11-20,NORMAL,https://nsearchives.nseindia.com/products/content/sec_bhavdata_full_20112023.csv,True,
2023-11-21,NORMAL,https://nsearchives.nseindia.com/products/content/sec_bhavdata_full_21112023.csv,True,
2023-11-22,NORMAL,https://nsearchives.nseindia.com/products/content/sec_bhavdata_full_22112023.csv,True,
2023-11-23,NORMAL,https://nsearchives.nseindia.com/products/content/sec_bhavdata_full_23112023.csv,True,
2023-11-24,NORMAL,https://nsearchives.nseindia.com/products/content/sec_bhavdata_full_24112023.csv,True,
2023-11-25,UNKNOWN,,False,No official cash-market daily file found; treated as non-session.
2023-11-26,UNKNOWN,https://nsearchives.nseindia.com/products/content/sec_bhavdata_full_26112023.csv,False,Official file did not contain the requested trading date.
2023-11-27,UNKNOWN,https://nsearchives.nseindia.com/products/content/sec_bhavdata_full_27112023.csv,False,Official file did not contain the requested trading date.
2023-11-28,NORMAL,https://nsearchives.nseindia.com/products/content/sec_bhavdata_full_28112023.csv,True,
2023-11-29,NORMAL,https://nsearchives.nseindia.com/products/content/sec_bhavdata_full_29112023.csv,True,
2023-11-30,NORMAL,https://nsearchives.nseindia.com/products/content/sec_bhavdata_full_30112023.csv,True,
2023-12-01,NORMAL,https://nsearchives.nseindia.com/products/content/sec_bhavdata_full_01122023.csv,True,
2023-12-02,UNKNOWN,,False,No official cash-market daily file found; treated as non-session.
2023-12-03,UNKNOWN,https://nsearchives.nseindia.com/products/content/sec_bhavdata_full_03122023.csv,False,Official file did not contain the requested trading date.
2023-12-04,NORMAL,https://nsearchives.nseindia.com/products/content/sec_bhavdata_full_04122023.csv,True,
2023-12-05,NORMAL,https://nsearchives.nseindia.com/products/content/sec_bhavdata_full_05122023.csv,True,
2023-12-06,NORMAL,https://nsearchives.nseindia.com/products/content/sec_bhavdata_full_06122023.csv,True,
2023-12-07,NORMAL,https://nsearchives.nseindia.com/products/content/sec_bhavdata_full_07122023.csv,True,
2023-12-08,NORMAL,https://nsearchives.nseindia.com/products/content/sec_bhavdata_full_08122023.csv,True,
2023-12-09,UNKNOWN,,False,No official cash-market daily file found; treated as non-session.
2023-12-10,UNKNOWN,https://nsearchives.nseindia.com/products/content/sec_bhavdata_full_10122023.csv,False,Official file did not contain the requested trading date.
2023-12-11,NORMAL,https://nsearchives.nseindia.com/products/content/sec_bhavdata_full_11122023.csv,True,
2023-12-12,NORMAL,https://nsearchives.nseindia.com/products/content/sec_bhavdata_full_12122023.csv,True,
2023-12-13,NORMAL,https://nsearchives.nseindia.com/products/content/sec_bhavdata_full_13122023.csv,True,
2023-12-14,NORMAL,https://nsearchives.nseindia.com/products/content/sec_bhavdata_full_14122023.csv,True,
2023-12-15,NORMAL,https://nsearchives.nseindia.com/products/content/sec_bhavdata_full_15122023.csv,True,
2023-12-16,UNKNOWN,,False,No official cash-market daily file found; treated as non-session.
2023-12-17,UNKNOWN,https://nsearchives.nseindia.com/products/content/sec_bhavdata_full_17122023.csv,False,Official file did not contain the requested trading date.
2023-12-18,NORMAL,https://nsearchives.nseindia.com/products/content/sec_bhavdata_full_18122023.csv,True,
2023-12-19,NORMAL,https://nsearchives.nseindia.com/products/content/sec_bhavdata_full_19122023.csv,True,
2023-12-20,NORMAL,https://nsearchives.nseindia.com/products/content/sec_bhavdata_full_20122023.csv,True,
2023-12-21,NORMAL,https://nsearchives.nseindia.com/products/content/sec_bhavdata_full_21122023.csv,True,
2023-12-22,NORMAL,https://nsearchives.nseindia.com/products/content/sec_bhavdata_full_22122023.csv,True,
2023-12-23,UNKNOWN,,False,No official cash-market daily file found; treated as non-session.
2023-12-24,UNKNOWN,https://nsearchives.nseindia.com/products/content/sec_bhavdata_full_24122023.csv,False,Official file did not contain the requested trading date.
2023-12-25,UNKNOWN,https://nsearchives.nseindia.com/products/content/sec_bhavdata_full_25122023.csv,False,Official file did not contain the requested trading date.
2023-12-26,NORMAL,https://nsearchives.nseindia.com/products/content/sec_bhavdata_full_26122023.csv,True,
2023-12-27,NORMAL,https://nsearchives.nseindia.com/products/content/sec_bhavdata_full_27122023.csv,True,
2023-12-28,NORMAL,https://nsearchives.nseindia.com/products/content/sec_bhavdata_full_28122023.csv,True,
2023-12-29,NORMAL,https://nsearchives.nseindia.com/products/content/sec_bhavdata_full_29122023.csv,True,
2023-12-30,UNKNOWN,,False,No official cash-market daily file found; treated as non-session.
2023-12-31,UNKNOWN,https://nsearchives.nseindia.com/products/content/sec_bhavdata_full_31122023.csv,False,Official file did not contain the requested trading date.
2024-01-01,NORMAL,https://nsearchives.nseindia.com/products/content/sec_bhavdata_full_01012024.csv,True,
2024-01-02,NORMAL,https://nsearchives.nseindia.com/products/content/sec_bhavdata_full_02012024.csv,True,
2024-01-03,NORMAL,https://nsearchives.nseindia.com/products/content/sec_bhavdata_full_03012024.csv,True,
2024-01-04,NORMAL,https://nsearchives.nseindia.com/products/content/sec_bhavdata_full_04012024.csv,True,
2024-01-05,NORMAL,https://nsearchives.nseindia.com/products/content/sec_bhavdata_full_05012024.csv,True,
2024-01-06,UNKNOWN,,False,No official cash-market daily file found; treated as non-session.
2024-01-07,UNKNOWN,https://nsearchives.nseindia.com/products/content/sec_bhavdata_full_07012024.csv,False,Official file did not contain the requested trading date.
2024-01-08,NORMAL,https://nsearchives.nseindia.com/products/content/sec_bhavdata_full_08012024.csv,True,
2024-01-09,NORMAL,https://nsearchives.nseindia.com/products/content/sec_bhavdata_full_09012024.csv,True,
2024-01-10,NORMAL,https://nsearchives.nseindia.com/products/content/sec_bhavdata_full_10012024.csv,True,
2024-01-11,NORMAL,https://nsearchives.nseindia.com/products/content/sec_bhavdata_full_11012024.csv,True,
2024-01-12,NORMAL,https://nsearchives.nseindia.com/products/content/sec_bhavdata_full_12012024.csv,True,
2024-01-13,UNKNOWN,,False,No official cash-market daily file found; treated as non-session.
2024-01-14,UNKNOWN,https://nsearchives.nseindia.com/products/content/sec_bhavdata_full_14012024.csv,False,Official file did not contain the requested trading date.
2024-01-15,NORMAL,https://nsearchives.nseindia.com/products/content/sec_bhavdata_full_15012024.csv,True,
2024-01-16,NORMAL,https://nsearchives.nseindia.com/products/content/sec_bhavdata_full_16012024.csv,True,
2024-01-17,NORMAL,https://nsearchives.nseindia.com/products/content/sec_bhavdata_full_17012024.csv,True,
2024-01-18,NORMAL,https://nsearchives.nseindia.com/products/content/sec_bhavdata_full_18012024.csv,True,
2024-01-19,NORMAL,https://nsearchives.nseindia.com/products/content/sec_bhavdata_full_19012024.csv,True,
2024-01-20,SPECIAL,https://nsearchives.nseindia.com/products/content/sec_bhavdata_full_20012024.csv,True,
2024-01-21,UNKNOWN,https://nsearchives.nseindia.com/products/content/sec_bhavdata_full_21012024.csv,False,Official file did not contain the requested trading date.
2024-01-22,UNKNOWN,https://nsearchives.nseindia.com/products/content/sec_bhavdata_full_22012024.csv,False,Official file did not contain the requested trading date.
2024-01-23,NORMAL,https://nsearchives.nseindia.com/products/content/sec_bhavdata_full_23012024.csv,True,
2024-01-24,NORMAL,https://nsearchives.nseindia.com/products/content/sec_bhavdata_full_24012024.csv,True,
2024-01-25,NORMAL,https://nsearchives.nseindia.com/products/content/sec_bhavdata_full_25012024.csv,True,
2024-01-26,UNKNOWN,https://nsearchives.nseindia.com/products/content/sec_bhavdata_full_26012024.csv,False,Official file did not contain the requested trading date.
2024-01-27,UNKNOWN,,False,No official cash-market daily file found; treated as non-session.
2024-01-28,UNKNOWN,https://nsearchives.nseindia.com/products/content/sec_bhavdata_full_28012024.csv,False,Official file did not contain the requested trading date.
2024-01-29,NORMAL,https://nsearchives.nseindia.com/products/content/sec_bhavdata_full_29012024.csv,True,
2024-01-30,NORMAL,https://nsearchives.nseindia.com/products/content/sec_bhavdata_full_30012024.csv,True,
2024-01-31,NORMAL,https://nsearchives.nseindia.com/products/content/sec_bhavdata_full_31012024.csv,True,
2024-02-01,NORMAL,https://nsearchives.nseindia.com/products/content/sec_bhavdata_full_01022024.csv,True,
2024-02-02,NORMAL,https://nsearchives.nseindia.com/products/content/sec_bhavdata_full_02022024.csv,True,
2024-02-03,UNKNOWN,,False,No official cash-market daily file found; treated as non-session.
2024-02-04,UNKNOWN,https://nsearchives.nseindia.com/products/content/sec_bhavdata_full_04022024.csv,False,Official file did not contain the requested trading date.
2024-02-05,NORMAL,https://nsearchives.nseindia.com/products/content/sec_bhavdata_full_05022024.csv,True,
2024-02-06,NORMAL,https://nsearchives.nseindia.com/products/content/sec_bhavdata_full_06022024.csv,True,
2024-02-07,NORMAL,https://nsearchives.nseindia.com/products/content/sec_bhavdata_full_07022024.csv,True,
2024-02-08,NORMAL,https://nsearchives.nseindia.com/products/content/sec_bhavdata_full_08022024.csv,True,
2024-02-09,NORMAL,https://nsearchives.nseindia.com/products/content/sec_bhavdata_full_09022024.csv,True,
2024-02-10,UNKNOWN,,False,No official cash-market daily file found; treated as non-session.
2024-02-11,UNKNOWN,https://nsearchives.nseindia.com/products/content/sec_bhavdata_full_11022024.csv,False,Official file did not contain the requested trading date.
2024-02-12,NORMAL,https://nsearchives.nseindia.com/products/content/sec_bhavdata_full_12022024.csv,True,
2024-02-13,NORMAL,https://nsearchives.nseindia.com/products/content/sec_bhavdata_full_13022024.csv,True,
2024-02-14,NORMAL,https://nsearchives.nseindia.com/products/content/sec_bhavdata_full_14022024.csv,True,
2024-02-15,NORMAL,https://nsearchives.nseindia.com/products/content/sec_bhavdata_full_15022024.csv,True,
2024-02-16,NORMAL,https://nsearchives.nseindia.com/products/content/sec_bhavdata_full_16022024.csv,True,
2024-02-17,UNKNOWN,,False,No official cash-market daily file found; treated as non-session.
2024-02-18,UNKNOWN,https://nsearchives.nseindia.com/products/content/sec_bhavdata_full_18022024.csv,False,Official file did not contain the requested trading date.
2024-02-19,NORMAL,https://nsearchives.nseindia.com/products/content/sec_bhavdata_full_19022024.csv,True,
2024-02-20,NORMAL,https://nsearchives.nseindia.com/products/content/sec_bhavdata_full_20022024.csv,True,
2024-02-21,NORMAL,https://nsearchives.nseindia.com/products/content/sec_bhavdata_full_21022024.csv,True,
2024-02-22,NORMAL,https://nsearchives.nseindia.com/products/content/sec_bhavdata_full_22022024.csv,True,
2024-02-23,NORMAL,https://nsearchives.nseindia.com/products/content/sec_bhavdata_full_23022024.csv,True,
2024-02-24,UNKNOWN,,False,No official cash-market daily file found; treated as non-session.
2024-02-25,UNKNOWN,https://nsearchives.nseindia.com/products/content/sec_bhavdata_full_25022024.csv,False,Official file did not contain the requested trading date.
2024-02-26,NORMAL,https://nsearchives.nseindia.com/products/content/sec_bhavdata_full_26022024.csv,True,
2024-02-27,NORMAL,https://nsearchives.nseindia.com/products/content/sec_bhavdata_full_27022024.csv,True,
2024-02-28,NORMAL,https://nsearchives.nseindia.com/products/content/sec_bhavdata_full_28022024.csv,True,
2024-02-29,NORMAL,https://nsearchives.nseindia.com/products/content/sec_bhavdata_full_29022024.csv,True,
2024-03-01,NORMAL,https://nsearchives.nseindia.com/products/content/sec_bhavdata_full_01032024.csv,True,
2024-03-02,SPECIAL,https://nsearchives.nseindia.com/products/content/sec_bhavdata_full_02032024.csv,True,
2024-03-03,UNKNOWN,https://nsearchives.nseindia.com/products/content/sec_bhavdata_full_03032024.csv,False,Official file did not contain the requested trading date.
2024-03-04,NORMAL,https://nsearchives.nseindia.com/products/content/sec_bhavdata_full_04032024.csv,True,
2024-03-05,NORMAL,https://nsearchives.nseindia.com/products/content/sec_bhavdata_full_05032024.csv,True,
2024-03-06,NORMAL,https://nsearchives.nseindia.com/products/content/sec_bhavdata_full_06032024.csv,True,
2024-03-07,NORMAL,https://nsearchives.nseindia.com/products/content/sec_bhavdata_full_07032024.csv,True,
2024-03-08,UNKNOWN,https://nsearchives.nseindia.com/products/content/sec_bhavdata_full_08032024.csv,False,Official file did not contain the requested trading date.
2024-03-09,UNKNOWN,,False,No official cash-market daily file found; treated as non-session.
2024-03-10,UNKNOWN,https://nsearchives.nseindia.com/products/content/sec_bhavdata_full_10032024.csv,False,Official file did not contain the requested trading date.
2024-03-11,NORMAL,https://nsearchives.nseindia.com/products/content/sec_bhavdata_full_11032024.csv,True,
2024-03-12,NORMAL,https://nsearchives.nseindia.com/products/content/sec_bhavdata_full_12032024.csv,True,
2024-03-13,NORMAL,https://nsearchives.nseindia.com/products/content/sec_bhavdata_full_13032024.csv,True,
2024-03-14,NORMAL,https://nsearchives.nseindia.com/products/content/sec_bhavdata_full_14032024.csv,True,
2024-03-15,NORMAL,https://nsearchives.nseindia.com/products/content/sec_bhavdata_full_15032024.csv,True,
2024-03-16,UNKNOWN,,False,No official cash-market daily file found; treated as non-session.
2024-03-17,UNKNOWN,https://nsearchives.nseindia.com/products/content/sec_bhavdata_full_17032024.csv,False,Official file did not contain the requested trading date.
2024-03-18,NORMAL,https://nsearchives.nseindia.com/products/content/sec_bhavdata_full_18032024.csv,True,
2024-03-19,NORMAL,https://nsearchives.nseindia.com/products/content/sec_bhavdata_full_19032024.csv,True,
2024-03-20,NORMAL,https://nsearchives.nseindia.com/products/content/sec_bhavdata_full_20032024.csv,True,
2024-03-21,NORMAL,https://nsearchives.nseindia.com/products/content/sec_bhavdata_full_21032024.csv,True,
2024-03-22,NORMAL,https://nsearchives.nseindia.com/products/content/sec_bhavdata_full_22032024.csv,True,
2024-03-23,UNKNOWN,,False,No official cash-market daily file found; treated as non-session.
2024-03-24,UNKNOWN,https://nsearchives.nseindia.com/products/content/sec_bhavdata_full_24032024.csv,False,Official file did not contain the requested trading date.
2024-03-25,UNKNOWN,https://nsearchives.nseindia.com/products/content/sec_bhavdata_full_25032024.csv,False,Official file did not contain the requested trading date.
2024-03-26,NORMAL,https://nsearchives.nseindia.com/products/content/sec_bhavdata_full_26032024.csv,True,
2024-03-27,NORMAL,https://nsearchives.nseindia.com/products/content/sec_bhavdata_full_27032024.csv,True,
2024-03-28,NORMAL,https://nsearchives.nseindia.com/products/content/sec_bhavdata_full_28032024.csv,True,
2024-03-29,UNKNOWN,https://nsearchives.nseindia.com/products/content/sec_bhavdata_full_29032024.csv,False,Official file did not contain the requested trading date.
2024-03-30,UNKNOWN,,False,No official cash-market daily file found; treated as non-session.
2024-03-31,UNKNOWN,https://nsearchives.nseindia.com/products/content/sec_bhavdata_full_31032024.csv,False,Official file did not contain the requested trading date.
2024-04-01,NORMAL,https://nsearchives.nseindia.com/products/content/sec_bhavdata_full_01042024.csv,True,
2024-04-02,NORMAL,https://nsearchives.nseindia.com/products/content/sec_bhavdata_full_02042024.csv,True,
2024-04-03,NORMAL,https://nsearchives.nseindia.com/products/content/sec_bhavdata_full_03042024.csv,True,
2024-04-04,NORMAL,https://nsearchives.nseindia.com/products/content/sec_bhavdata_full_04042024.csv,True,
2024-04-05,NORMAL,https://nsearchives.nseindia.com/products/content/sec_bhavdata_full_05042024.csv,True,
2024-04-06,UNKNOWN,,False,No official cash-market daily file found; treated as non-session.
2024-04-07,UNKNOWN,https://nsearchives.nseindia.com/products/content/sec_bhavdata_full_07042024.csv,False,Official file did not contain the requested trading date.
2024-04-08,NORMAL,https://nsearchives.nseindia.com/products/content/sec_bhavdata_full_08042024.csv,True,
2024-04-09,NORMAL,https://nsearchives.nseindia.com/products/content/sec_bhavdata_full_09042024.csv,True,
2024-04-10,NORMAL,https://nsearchives.nseindia.com/products/content/sec_bhavdata_full_10042024.csv,True,
2024-04-11,UNKNOWN,https://nsearchives.nseindia.com/products/content/sec_bhavdata_full_11042024.csv,False,Official file did not contain the requested trading date.
2024-04-12,NORMAL,https://nsearchives.nseindia.com/products/content/sec_bhavdata_full_12042024.csv,True,
2024-04-13,UNKNOWN,,False,No official cash-market daily file found; treated as non-session.
2024-04-14,UNKNOWN,https://nsearchives.nseindia.com/products/content/sec_bhavdata_full_14042024.csv,False,Official file did not contain the requested trading date.
2024-04-15,NORMAL,https://nsearchives.nseindia.com/products/content/sec_bhavdata_full_15042024.csv,True,
2024-04-16,NORMAL,https://nsearchives.nseindia.com/products/content/sec_bhavdata_full_16042024.csv,True,
2024-04-17,UNKNOWN,https://nsearchives.nseindia.com/products/content/sec_bhavdata_full_17042024.csv,False,Official file did not contain the requested trading date.
2024-04-18,NORMAL,https://nsearchives.nseindia.com/products/content/sec_bhavdata_full_18042024.csv,True,
2024-04-19,NORMAL,https://nsearchives.nseindia.com/products/content/sec_bhavdata_full_19042024.csv,True,
2024-04-20,UNKNOWN,,False,No official cash-market daily file found; treated as non-session.
2024-04-21,UNKNOWN,https://nsearchives.nseindia.com/products/content/sec_bhavdata_full_21042024.csv,False,Official file did not contain the requested trading date.
2024-04-22,NORMAL,https://nsearchives.nseindia.com/products/content/sec_bhavdata_full_22042024.csv,True,
2024-04-23,NORMAL,https://nsearchives.nseindia.com/products/content/sec_bhavdata_full_23042024.csv,True,
2024-04-24,NORMAL,https://nsearchives.nseindia.com/products/content/sec_bhavdata_full_24042024.csv,True,
2024-04-25,NORMAL,https://nsearchives.nseindia.com/products/content/sec_bhavdata_full_25042024.csv,True,
2024-04-26,NORMAL,https://nsearchives.nseindia.com/products/content/sec_bhavdata_full_26042024.csv,True,
2024-04-27,UNKNOWN,,False,No official cash-market daily file found; treated as non-session.
2024-04-28,UNKNOWN,https://nsearchives.nseindia.com/products/content/sec_bhavdata_full_28042024.csv,False,Official file did not contain the requested trading date.
2024-04-29,NORMAL,https://nsearchives.nseindia.com/products/content/sec_bhavdata_full_29042024.csv,True,
2024-04-30,NORMAL,https://nsearchives.nseindia.com/products/content/sec_bhavdata_full_30042024.csv,True,
2024-05-01,UNKNOWN,https://nsearchives.nseindia.com/products/content/sec_bhavdata_full_01052024.csv,False,Official file did not contain the requested trading date.
2024-05-02,NORMAL,https://nsearchives.nseindia.com/products/content/sec_bhavdata_full_02052024.csv,True,
2024-05-03,NORMAL,https://nsearchives.nseindia.com/products/content/sec_bhavdata_full_03052024.csv,True,
2024-05-04,UNKNOWN,,False,No official cash-market daily file found; treated as non-session.
2024-05-05,UNKNOWN,https://nsearchives.nseindia.com/products/content/sec_bhavdata_full_05052024.csv,False,Official file did not contain the requested trading date.
2024-05-06,NORMAL,https://nsearchives.nseindia.com/products/content/sec_bhavdata_full_06052024.csv,True,
2024-05-07,NORMAL,https://nsearchives.nseindia.com/products/content/sec_bhavdata_full_07052024.csv,True,
2024-05-08,NORMAL,https://nsearchives.nseindia.com/products/content/sec_bhavdata_full_08052024.csv,True,
2024-05-09,NORMAL,https://nsearchives.nseindia.com/products/content/sec_bhavdata_full_09052024.csv,True,
2024-05-10,NORMAL,https://nsearchives.nseindia.com/products/content/sec_bhavdata_full_10052024.csv,True,
2024-05-11,UNKNOWN,,False,No official cash-market daily file found; treated as non-session.
2024-05-12,UNKNOWN,https://nsearchives.nseindia.com/products/content/sec_bhavdata_full_12052024.csv,False,Official file did not contain the requested trading date.
2024-05-13,NORMAL,https://nsearchives.nseindia.com/products/content/sec_bhavdata_full_13052024.csv,True,
2024-05-14,NORMAL,https://nsearchives.nseindia.com/products/content/sec_bhavdata_full_14052024.csv,True,
2024-05-15,NORMAL,https://nsearchives.nseindia.com/products/content/sec_bhavdata_full_15052024.csv,True,
2024-05-16,NORMAL,https://nsearchives.nseindia.com/products/content/sec_bhavdata_full_16052024.csv,True,
2024-05-17,NORMAL,https://nsearchives.nseindia.com/products/content/sec_bhavdata_full_17052024.csv,True,
2024-05-18,SPECIAL,https://nsearchives.nseindia.com/products/content/sec_bhavdata_full_18052024.csv,True,
2024-05-19,UNKNOWN,https://nsearchives.nseindia.com/products/content/sec_bhavdata_full_19052024.csv,False,Official file did not contain the requested trading date.
2024-05-20,UNKNOWN,https://nsearchives.nseindia.com/products/content/sec_bhavdata_full_20052024.csv,False,Official file did not contain the requested trading date.
2024-05-21,NORMAL,https://nsearchives.nseindia.com/products/content/sec_bhavdata_full_21052024.csv,True,
2024-05-22,NORMAL,https://nsearchives.nseindia.com/products/content/sec_bhavdata_full_22052024.csv,True,
2024-05-23,NORMAL,https://nsearchives.nseindia.com/products/content/sec_bhavdata_full_23052024.csv,True,
2024-05-24,NORMAL,https://nsearchives.nseindia.com/products/content/sec_bhavdata_full_24052024.csv,True,
2024-05-25,UNKNOWN,,False,No official cash-market daily file found; treated as non-session.
2024-05-26,UNKNOWN,https://nsearchives.nseindia.com/products/content/sec_bhavdata_full_26052024.csv,False,Official file did not contain the requested trading date.
2024-05-27,NORMAL,https://nsearchives.nseindia.com/products/content/sec_bhavdata_full_27052024.csv,True,
2024-05-28,NORMAL,https://nsearchives.nseindia.com/products/content/sec_bhavdata_full_28052024.csv,True,
2024-05-29,NORMAL,https://nsearchives.nseindia.com/products/content/sec_bhavdata_full_29052024.csv,True,
2024-05-30,NORMAL,https://nsearchives.nseindia.com/products/content/sec_bhavdata_full_30052024.csv,True,
2024-05-31,NORMAL,https://nsearchives.nseindia.com/products/content/sec_bhavdata_full_31052024.csv,True,
2024-06-01,UNKNOWN,,False,No official cash-market daily file found; treated as non-session.
2024-06-02,UNKNOWN,https://nsearchives.nseindia.com/products/content/sec_bhavdata_full_02062024.csv,False,Official file did not contain the requested trading date.
2024-06-03,NORMAL,https://nsearchives.nseindia.com/products/content/sec_bhavdata_full_03062024.csv,True,
2024-06-04,NORMAL,https://nsearchives.nseindia.com/products/content/sec_bhavdata_full_04062024.csv,True,
2024-06-05,NORMAL,https://nsearchives.nseindia.com/products/content/sec_bhavdata_full_05062024.csv,True,
2024-06-06,NORMAL,https://nsearchives.nseindia.com/products/content/sec_bhavdata_full_06062024.csv,True,
2024-06-07,NORMAL,https://nsearchives.nseindia.com/products/content/sec_bhavdata_full_07062024.csv,True,
2024-06-08,UNKNOWN,,False,No official cash-market daily file found; treated as non-session.
2024-06-09,UNKNOWN,https://nsearchives.nseindia.com/products/content/sec_bhavdata_full_09062024.csv,False,Official file did not contain the requested trading date.
2024-06-10,NORMAL,https://nsearchives.nseindia.com/products/content/sec_bhavdata_full_10062024.csv,True,
2024-06-11,NORMAL,https://nsearchives.nseindia.com/products/content/sec_bhavdata_full_11062024.csv,True,
2024-06-12,NORMAL,https://nsearchives.nseindia.com/products/content/sec_bhavdata_full_12062024.csv,True,
2024-06-13,NORMAL,https://nsearchives.nseindia.com/products/content/sec_bhavdata_full_13062024.csv,True,
2024-06-14,NORMAL,https://nsearchives.nseindia.com/products/content/sec_bhavdata_full_14062024.csv,True,
2024-06-15,UNKNOWN,,False,No official cash-market daily file found; treated as non-session.
2024-06-16,UNKNOWN,https://nsearchives.nseindia.com/products/content/sec_bhavdata_full_16062024.csv,False,Official file did not contain the requested trading date.
2024-06-17,UNKNOWN,https://nsearchives.nseindia.com/products/content/sec_bhavdata_full_17062024.csv,False,Official file did not contain the requested trading date.
2024-06-18,NORMAL,https://nsearchives.nseindia.com/products/content/sec_bhavdata_full_18062024.csv,True,
2024-06-19,NORMAL,https://nsearchives.nseindia.com/products/content/sec_bhavdata_full_19062024.csv,True,
2024-06-20,NORMAL,https://nsearchives.nseindia.com/products/content/sec_bhavdata_full_20062024.csv,True,
2024-06-21,NORMAL,https://nsearchives.nseindia.com/products/content/sec_bhavdata_full_21062024.csv,True,
2024-06-22,UNKNOWN,,False,No official cash-market daily file found; treated as non-session.
2024-06-23,UNKNOWN,https://nsearchives.nseindia.com/products/content/sec_bhavdata_full_23062024.csv,False,Official file did not contain the requested trading date.
2024-06-24,NORMAL,https://nsearchives.nseindia.com/products/content/sec_bhavdata_full_24062024.csv,True,
2024-06-25,NORMAL,https://nsearchives.nseindia.com/products/content/sec_bhavdata_full_25062024.csv,True,
2024-06-26,NORMAL,https://nsearchives.nseindia.com/products/content/sec_bhavdata_full_26062024.csv,True,
2024-06-27,NORMAL,https://nsearchives.nseindia.com/products/content/sec_bhavdata_full_27062024.csv,True,
2024-06-28,NORMAL,https://nsearchives.nseindia.com/products/content/sec_bhavdata_full_28062024.csv,True,
2024-06-29,UNKNOWN,,False,No official cash-market daily file found; treated as non-session.
2024-06-30,UNKNOWN,https://nsearchives.nseindia.com/products/content/sec_bhavdata_full_30062024.csv,False,Official file did not contain the requested trading date.
2024-07-01,NORMAL,https://nsearchives.nseindia.com/products/content/sec_bhavdata_full_01072024.csv,True,
2024-07-02,NORMAL,https://nsearchives.nseindia.com/products/content/sec_bhavdata_full_02072024.csv,True,
2024-07-03,NORMAL,https://nsearchives.nseindia.com/products/content/sec_bhavdata_full_03072024.csv,True,
2024-07-04,NORMAL,https://nsearchives.nseindia.com/products/content/sec_bhavdata_full_04072024.csv,True,
2024-07-05,NORMAL,https://nsearchives.nseindia.com/products/content/sec_bhavdata_full_05072024.csv,True,
2024-07-06,UNKNOWN,,False,No official cash-market daily file found; treated as non-session.
2024-07-07,UNKNOWN,https://nsearchives.nseindia.com/products/content/sec_bhavdata_full_07072024.csv,False,Official file did not contain the requested trading date.
2024-07-08,NORMAL,https://nsearchives.nseindia.com/products/content/sec_bhavdata_full_08072024.csv,True,
2024-07-09,NORMAL,https://nsearchives.nseindia.com/products/content/sec_bhavdata_full_09072024.csv,True,
2024-07-10,NORMAL,https://nsearchives.nseindia.com/products/content/sec_bhavdata_full_10072024.csv,True,
2024-07-11,NORMAL,https://nsearchives.nseindia.com/products/content/sec_bhavdata_full_11072024.csv,True,
2024-07-12,NORMAL,https://nsearchives.nseindia.com/products/content/sec_bhavdata_full_12072024.csv,True,
2024-07-13,UNKNOWN,,False,No official cash-market daily file found; treated as non-session.
2024-07-14,UNKNOWN,https://nsearchives.nseindia.com/products/content/sec_bhavdata_full_14072024.csv,False,Official file did not contain the requested trading date.
2024-07-15,NORMAL,https://nsearchives.nseindia.com/products/content/sec_bhavdata_full_15072024.csv,True,
2024-07-16,NORMAL,https://nsearchives.nseindia.com/products/content/sec_bhavdata_full_16072024.csv,True,
2024-07-17,UNKNOWN,https://nsearchives.nseindia.com/products/content/sec_bhavdata_full_17072024.csv,False,Official file did not contain the requested trading date.
2024-07-18,NORMAL,https://nsearchives.nseindia.com/products/content/sec_bhavdata_full_18072024.csv,True,
2024-07-19,NORMAL,https://nsearchives.nseindia.com/products/content/sec_bhavdata_full_19072024.csv,True,
2024-07-20,UNKNOWN,,False,No official cash-market daily file found; treated as non-session.
2024-07-21,UNKNOWN,https://nsearchives.nseindia.com/products/content/sec_bhavdata_full_21072024.csv,False,Official file did not contain the requested trading date.
2024-07-22,NORMAL,https://nsearchives.nseindia.com/products/content/sec_bhavdata_full_22072024.csv,True,
2024-07-23,NORMAL,https://nsearchives.nseindia.com/products/content/sec_bhavdata_full_23072024.csv,True,
2024-07-24,NORMAL,https://nsearchives.nseindia.com/products/content/sec_bhavdata_full_24072024.csv,True,
2024-07-25,NORMAL,https://nsearchives.nseindia.com/products/content/sec_bhavdata_full_25072024.csv,True,
2024-07-26,NORMAL,https://nsearchives.nseindia.com/products/content/sec_bhavdata_full_26072024.csv,True,
2024-07-27,UNKNOWN,,False,No official cash-market daily file found; treated as non-session.
2024-07-28,UNKNOWN,https://nsearchives.nseindia.com/products/content/sec_bhavdata_full_28072024.csv,False,Official file did not contain the requested trading date.
2024-07-29,NORMAL,https://nsearchives.nseindia.com/products/content/sec_bhavdata_full_29072024.csv,True,
2024-07-30,NORMAL,https://nsearchives.nseindia.com/products/content/sec_bhavdata_full_30072024.csv,True,
2024-07-31,NORMAL,https://nsearchives.nseindia.com/products/content/sec_bhavdata_full_31072024.csv,True,
2024-08-01,NORMAL,https://nsearchives.nseindia.com/products/content/sec_bhavdata_full_01082024.csv,True,
2024-08-02,NORMAL,https://nsearchives.nseindia.com/products/content/sec_bhavdata_full_02082024.csv,True,
2024-08-03,UNKNOWN,,False,No official cash-market daily file found; treated as non-session.
2024-08-04,UNKNOWN,https://nsearchives.nseindia.com/products/content/sec_bhavdata_full_04082024.csv,False,Official file did not contain the requested trading date.
2024-08-05,NORMAL,https://nsearchives.nseindia.com/products/content/sec_bhavdata_full_05082024.csv,True,
2024-08-06,NORMAL,https://nsearchives.nseindia.com/products/content/sec_bhavdata_full_06082024.csv,True,
2024-08-07,NORMAL,https://nsearchives.nseindia.com/products/content/sec_bhavdata_full_07082024.csv,True,
2024-08-08,NORMAL,https://nsearchives.nseindia.com/products/content/sec_bhavdata_full_08082024.csv,True,
2024-08-09,NORMAL,https://nsearchives.nseindia.com/products/content/sec_bhavdata_full_09082024.csv,True,
2024-08-10,UNKNOWN,,False,No official cash-market daily file found; treated as non-session.
2024-08-11,UNKNOWN,https://nsearchives.nseindia.com/products/content/sec_bhavdata_full_11082024.csv,False,Official file did not contain the requested trading date.
2024-08-12,NORMAL,https://nsearchives.nseindia.com/products/content/sec_bhavdata_full_12082024.csv,True,
2024-08-13,NORMAL,https://nsearchives.nseindia.com/products/content/sec_bhavdata_full_13082024.csv,True,
2024-08-14,NORMAL,https://nsearchives.nseindia.com/products/content/sec_bhavdata_full_14082024.csv,True,
2024-08-15,UNKNOWN,https://nsearchives.nseindia.com/products/content/sec_bhavdata_full_15082024.csv,False,Official file did not contain the requested trading date.
2024-08-16,NORMAL,https://nsearchives.nseindia.com/products/content/sec_bhavdata_full_16082024.csv,True,
2024-08-17,UNKNOWN,,False,No official cash-market daily file found; treated as non-session.
2024-08-18,UNKNOWN,https://nsearchives.nseindia.com/products/content/sec_bhavdata_full_18082024.csv,False,Official file did not contain the requested trading date.
2024-08-19,NORMAL,https://nsearchives.nseindia.com/products/content/sec_bhavdata_full_19082024.csv,True,
2024-08-20,NORMAL,https://nsearchives.nseindia.com/products/content/sec_bhavdata_full_20082024.csv,True,
2024-08-21,NORMAL,https://nsearchives.nseindia.com/products/content/sec_bhavdata_full_21082024.csv,True,
2024-08-22,NORMAL,https://nsearchives.nseindia.com/products/content/sec_bhavdata_full_22082024.csv,True,
2024-08-23,NORMAL,https://nsearchives.nseindia.com/products/content/sec_bhavdata_full_23082024.csv,True,
2024-08-24,UNKNOWN,,False,No official cash-market daily file found; treated as non-session.
2024-08-25,UNKNOWN,https://nsearchives.nseindia.com/products/content/sec_bhavdata_full_25082024.csv,False,Official file did not contain the requested trading date.
2024-08-26,NORMAL,https://nsearchives.nseindia.com/products/content/sec_bhavdata_full_26082024.csv,True,
2024-08-27,NORMAL,https://nsearchives.nseindia.com/products/content/sec_bhavdata_full_27082024.csv,True,
2024-08-28,NORMAL,https://nsearchives.nseindia.com/products/content/sec_bhavdata_full_28082024.csv,True,
2024-08-29,NORMAL,https://nsearchives.nseindia.com/products/content/sec_bhavdata_full_29082024.csv,True,
2024-08-30,NORMAL,https://nsearchives.nseindia.com/products/content/sec_bhavdata_full_30082024.csv,True,
2024-08-31,UNKNOWN,,False,No official cash-market daily file found; treated as non-session.
2024-09-01,UNKNOWN,https://nsearchives.nseindia.com/products/content/sec_bhavdata_full_01092024.csv,False,Official file did not contain the requested trading date.
2024-09-02,NORMAL,https://nsearchives.nseindia.com/products/content/sec_bhavdata_full_02092024.csv,True,
2024-09-03,NORMAL,https://nsearchives.nseindia.com/products/content/sec_bhavdata_full_03092024.csv,True,
2024-09-04,NORMAL,https://nsearchives.nseindia.com/products/content/sec_bhavdata_full_04092024.csv,True,
2024-09-05,NORMAL,https://nsearchives.nseindia.com/products/content/sec_bhavdata_full_05092024.csv,True,
2024-09-06,NORMAL,https://nsearchives.nseindia.com/products/content/sec_bhavdata_full_06092024.csv,True,
2024-09-07,UNKNOWN,,False,No official cash-market daily file found; treated as non-session.
2024-09-08,UNKNOWN,https://nsearchives.nseindia.com/products/content/sec_bhavdata_full_08092024.csv,False,Official file did not contain the requested trading date.
2024-09-09,NORMAL,https://nsearchives.nseindia.com/products/content/sec_bhavdata_full_09092024.csv,True,
2024-09-10,NORMAL,https://nsearchives.nseindia.com/products/content/sec_bhavdata_full_10092024.csv,True,
2024-09-11,NORMAL,https://nsearchives.nseindia.com/products/content/sec_bhavdata_full_11092024.csv,True,
2024-09-12,NORMAL,https://nsearchives.nseindia.com/products/content/sec_bhavdata_full_12092024.csv,True,
2024-09-13,NORMAL,https://nsearchives.nseindia.com/products/content/sec_bhavdata_full_13092024.csv,True,
2024-09-14,UNKNOWN,,False,No official cash-market daily file found; treated as non-session.
2024-09-15,UNKNOWN,https://nsearchives.nseindia.com/products/content/sec_bhavdata_full_15092024.csv,False,Official file did not contain the requested trading date.
2024-09-16,NORMAL,https://nsearchives.nseindia.com/products/content/sec_bhavdata_full_16092024.csv,True,
2024-09-17,NORMAL,https://nsearchives.nseindia.com/products/content/sec_bhavdata_full_17092024.csv,True,
2024-09-18,NORMAL,https://nsearchives.nseindia.com/products/content/sec_bhavdata_full_18092024.csv,True,
2024-09-19,NORMAL,https://nsearchives.nseindia.com/products/content/sec_bhavdata_full_19092024.csv,True,
2024-09-20,NORMAL,https://nsearchives.nseindia.com/products/content/sec_bhavdata_full_20092024.csv,True,
2024-09-21,UNKNOWN,,False,No official cash-market daily file found; treated as non-session.
2024-09-22,UNKNOWN,https://nsearchives.nseindia.com/products/content/sec_bhavdata_full_22092024.csv,False,Official file did not contain the requested trading date.
2024-09-23,NORMAL,https://nsearchives.nseindia.com/products/content/sec_bhavdata_full_23092024.csv,True,
2024-09-24,NORMAL,https://nsearchives.nseindia.com/products/content/sec_bhavdata_full_24092024.csv,True,
2024-09-25,NORMAL,https://nsearchives.nseindia.com/products/content/sec_bhavdata_full_25092024.csv,True,
2024-09-26,NORMAL,https://nsearchives.nseindia.com/products/content/sec_bhavdata_full_26092024.csv,True,
2024-09-27,NORMAL,https://nsearchives.nseindia.com/products/content/sec_bhavdata_full_27092024.csv,True,
2024-09-28,UNKNOWN,,False,No official cash-market daily file found; treated as non-session.
2024-09-29,UNKNOWN,https://nsearchives.nseindia.com/products/content/sec_bhavdata_full_29092024.csv,False,Official file did not contain the requested trading date.
2024-09-30,NORMAL,https://nsearchives.nseindia.com/products/content/sec_bhavdata_full_30092024.csv,True,
2024-10-01,NORMAL,https://nsearchives.nseindia.com/products/content/sec_bhavdata_full_01102024.csv,True,
2024-10-02,UNKNOWN,https://nsearchives.nseindia.com/products/content/sec_bhavdata_full_02102024.csv,False,Official file did not contain the requested trading date.
2024-10-03,NORMAL,https://nsearchives.nseindia.com/products/content/sec_bhavdata_full_03102024.csv,True,
2024-10-04,NORMAL,https://nsearchives.nseindia.com/products/content/sec_bhavdata_full_04102024.csv,True,
2024-10-05,UNKNOWN,,False,No official cash-market daily file found; treated as non-session.
2024-10-06,UNKNOWN,https://nsearchives.nseindia.com/products/content/sec_bhavdata_full_06102024.csv,False,Official file did not contain the requested trading date.
2024-10-07,NORMAL,https://nsearchives.nseindia.com/products/content/sec_bhavdata_full_07102024.csv,True,
2024-10-08,NORMAL,https://nsearchives.nseindia.com/products/content/sec_bhavdata_full_08102024.csv,True,
2024-10-09,NORMAL,https://nsearchives.nseindia.com/products/content/sec_bhavdata_full_09102024.csv,True,
2024-10-10,NORMAL,https://nsearchives.nseindia.com/products/content/sec_bhavdata_full_10102024.csv,True,
2024-10-11,NORMAL,https://nsearchives.nseindia.com/products/content/sec_bhavdata_full_11102024.csv,True,
2024-10-12,UNKNOWN,,False,No official cash-market daily file found; treated as non-session.
2024-10-13,UNKNOWN,https://nsearchives.nseindia.com/products/content/sec_bhavdata_full_13102024.csv,False,Official file did not contain the requested trading date.
2024-10-14,NORMAL,https://nsearchives.nseindia.com/products/content/sec_bhavdata_full_14102024.csv,True,
2024-10-15,NORMAL,https://nsearchives.nseindia.com/products/content/sec_bhavdata_full_15102024.csv,True,
2024-10-16,NORMAL,https://nsearchives.nseindia.com/products/content/sec_bhavdata_full_16102024.csv,True,
2024-10-17,NORMAL,https://nsearchives.nseindia.com/products/content/sec_bhavdata_full_17102024.csv,True,
2024-10-18,NORMAL,https://nsearchives.nseindia.com/products/content/sec_bhavdata_full_18102024.csv,True,
2024-10-19,UNKNOWN,,False,No official cash-market daily file found; treated as non-session.
2024-10-20,UNKNOWN,https://nsearchives.nseindia.com/products/content/sec_bhavdata_full_20102024.csv,False,Official file did not contain the requested trading date.
2024-10-21,NORMAL,https://nsearchives.nseindia.com/products/content/sec_bhavdata_full_21102024.csv,True,
2024-10-22,NORMAL,https://nsearchives.nseindia.com/products/content/sec_bhavdata_full_22102024.csv,True,
2024-10-23,NORMAL,https://nsearchives.nseindia.com/products/content/sec_bhavdata_full_23102024.csv,True,
2024-10-24,NORMAL,https://nsearchives.nseindia.com/products/content/sec_bhavdata_full_24102024.csv,True,
2024-10-25,NORMAL,https://nsearchives.nseindia.com/products/content/sec_bhavdata_full_25102024.csv,True,
2024-10-26,UNKNOWN,,False,No official cash-market daily file found; treated as non-session.
2024-10-27,UNKNOWN,https://nsearchives.nseindia.com/products/content/sec_bhavdata_full_27102024.csv,False,Official file did not contain the requested trading date.
2024-10-28,NORMAL,https://nsearchives.nseindia.com/products/content/sec_bhavdata_full_28102024.csv,True,
2024-10-29,NORMAL,https://nsearchives.nseindia.com/products/content/sec_bhavdata_full_29102024.csv,True,
2024-10-30,NORMAL,https://nsearchives.nseindia.com/products/content/sec_bhavdata_full_30102024.csv,True,
2024-10-31,NORMAL,https://nsearchives.nseindia.com/products/content/sec_bhavdata_full_31102024.csv,True,
2024-11-01,NORMAL,https://nsearchives.nseindia.com/products/content/sec_bhavdata_full_01112024.csv,True,
2024-11-02,UNKNOWN,,False,No official cash-market daily file found; treated as non-session.
2024-11-03,UNKNOWN,https://nsearchives.nseindia.com/products/content/sec_bhavdata_full_03112024.csv,False,Official file did not contain the requested trading date.
2024-11-04,NORMAL,https://nsearchives.nseindia.com/products/content/sec_bhavdata_full_04112024.csv,True,
2024-11-05,NORMAL,https://nsearchives.nseindia.com/products/content/sec_bhavdata_full_05112024.csv,True,
2024-11-06,NORMAL,https://nsearchives.nseindia.com/products/content/sec_bhavdata_full_06112024.csv,True,
2024-11-07,NORMAL,https://nsearchives.nseindia.com/products/content/sec_bhavdata_full_07112024.csv,True,
2024-11-08,NORMAL,https://nsearchives.nseindia.com/products/content/sec_bhavdata_full_08112024.csv,True,
2024-11-09,UNKNOWN,,False,No official cash-market daily file found; treated as non-session.
2024-11-10,UNKNOWN,https://nsearchives.nseindia.com/products/content/sec_bhavdata_full_10112024.csv,False,Official file did not contain the requested trading date.
2024-11-11,NORMAL,https://nsearchives.nseindia.com/products/content/sec_bhavdata_full_11112024.csv,True,
2024-11-12,NORMAL,https://nsearchives.nseindia.com/products/content/sec_bhavdata_full_12112024.csv,True,
2024-11-13,NORMAL,https://nsearchives.nseindia.com/products/content/sec_bhavdata_full_13112024.csv,True,
2024-11-14,NORMAL,https://nsearchives.nseindia.com/products/content/sec_bhavdata_full_14112024.csv,True,
2024-11-15,UNKNOWN,,False,No official cash-market daily file found; treated as non-session.
2024-11-16,UNKNOWN,,False,No official cash-market daily file found; treated as non-session.
2024-11-17,UNKNOWN,https://nsearchives.nseindia.com/products/content/sec_bhavdata_full_17112024.csv,False,Official file did not contain the requested trading date.
2024-11-18,NORMAL,https://nsearchives.nseindia.com/products/content/sec_bhavdata_full_18112024.csv,True,
2024-11-19,NORMAL,https://nsearchives.nseindia.com/products/content/sec_bhavdata_full_19112024.csv,True,
2024-11-20,UNKNOWN,https://nsearchives.nseindia.com/products/content/sec_bhavdata_full_20112024.csv,False,Official file did not contain the requested trading date.
2024-11-21,NORMAL,https://nsearchives.nseindia.com/products/content/sec_bhavdata_full_21112024.csv,True,
2024-11-22,NORMAL,https://nsearchives.nseindia.com/products/content/sec_bhavdata_full_22112024.csv,True,
2024-11-23,UNKNOWN,,False,No official cash-market daily file found; treated as non-session.
2024-11-24,UNKNOWN,https://nsearchives.nseindia.com/products/content/sec_bhavdata_full_24112024.csv,False,Official file did not contain the requested trading date.
2024-11-25,NORMAL,https://nsearchives.nseindia.com/products/content/sec_bhavdata_full_25112024.csv,True,
2024-11-26,NORMAL,https://nsearchives.nseindia.com/products/content/sec_bhavdata_full_26112024.csv,True,
2024-11-27,NORMAL,https://nsearchives.nseindia.com/products/content/sec_bhavdata_full_27112024.csv,True,
2024-11-28,NORMAL,https://nsearchives.nseindia.com/products/content/sec_bhavdata_full_28112024.csv,True,
2024-11-29,NORMAL,https://nsearchives.nseindia.com/products/content/sec_bhavdata_full_29112024.csv,True,
2024-11-30,UNKNOWN,,False,No official cash-market daily file found; treated as non-session.
2024-12-01,UNKNOWN,https://nsearchives.nseindia.com/products/content/sec_bhavdata_full_01122024.csv,False,Official file did not contain the requested trading date.
2024-12-02,NORMAL,https://nsearchives.nseindia.com/products/content/sec_bhavdata_full_02122024.csv,True,
2024-12-03,NORMAL,https://nsearchives.nseindia.com/products/content/sec_bhavdata_full_03122024.csv,True,
2024-12-04,NORMAL,https://nsearchives.nseindia.com/products/content/sec_bhavdata_full_04122024.csv,True,
2024-12-05,NORMAL,https://nsearchives.nseindia.com/products/content/sec_bhavdata_full_05122024.csv,True,
2024-12-06,NORMAL,https://nsearchives.nseindia.com/products/content/sec_bhavdata_full_06122024.csv,True,
2024-12-07,UNKNOWN,,False,No official cash-market daily file found; treated as non-session.
2024-12-08,UNKNOWN,https://nsearchives.nseindia.com/products/content/sec_bhavdata_full_08122024.csv,False,Official file did not contain the requested trading date.
2024-12-09,NORMAL,https://nsearchives.nseindia.com/products/content/sec_bhavdata_full_09122024.csv,True,
2024-12-10,NORMAL,https://nsearchives.nseindia.com/products/content/sec_bhavdata_full_10122024.csv,True,
2024-12-11,NORMAL,https://nsearchives.nseindia.com/products/content/sec_bhavdata_full_11122024.csv,True,
2024-12-12,NORMAL,https://nsearchives.nseindia.com/products/content/sec_bhavdata_full_12122024.csv,True,
2024-12-13,NORMAL,https://nsearchives.nseindia.com/products/content/sec_bhavdata_full_13122024.csv,True,
2024-12-14,UNKNOWN,,False,No official cash-market daily file found; treated as non-session.
2024-12-15,UNKNOWN,https://nsearchives.nseindia.com/products/content/sec_bhavdata_full_15122024.csv,False,Official file did not contain the requested trading date.
2024-12-16,NORMAL,https://nsearchives.nseindia.com/products/content/sec_bhavdata_full_16122024.csv,True,
2024-12-17,NORMAL,https://nsearchives.nseindia.com/products/content/sec_bhavdata_full_17122024.csv,True,
2024-12-18,NORMAL,https://nsearchives.nseindia.com/products/content/sec_bhavdata_full_18122024.csv,True,
2024-12-19,NORMAL,https://nsearchives.nseindia.com/products/content/sec_bhavdata_full_19122024.csv,True,
2024-12-20,NORMAL,https://nsearchives.nseindia.com/products/content/sec_bhavdata_full_20122024.csv,True,
2024-12-21,UNKNOWN,,False,No official cash-market daily file found; treated as non-session.
2024-12-22,UNKNOWN,https://nsearchives.nseindia.com/products/content/sec_bhavdata_full_22122024.csv,False,Official file did not contain the requested trading date.
2024-12-23,NORMAL,https://nsearchives.nseindia.com/products/content/sec_bhavdata_full_23122024.csv,True,
2024-12-24,NORMAL,https://nsearchives.nseindia.com/products/content/sec_bhavdata_full_24122024.csv,True,
2024-12-25,UNKNOWN,https://nsearchives.nseindia.com/products/content/sec_bhavdata_full_25122024.csv,False,Official file did not contain the requested trading date.
2024-12-26,NORMAL,https://nsearchives.nseindia.com/products/content/sec_bhavdata_full_26122024.csv,True,
2024-12-27,NORMAL,https://nsearchives.nseindia.com/products/content/sec_bhavdata_full_27122024.csv,True,
2024-12-28,UNKNOWN,,False,No official cash-market daily file found; treated as non-session.
2024-12-29,UNKNOWN,https://nsearchives.nseindia.com/products/content/sec_bhavdata_full_29122024.csv,False,Official file did not contain the requested trading date.
2024-12-30,NORMAL,https://nsearchives.nseindia.com/products/content/sec_bhavdata_full_30122024.csv,True,
2024-12-31,NORMAL,https://nsearchives.nseindia.com/products/content/sec_bhavdata_full_31122024.csv,True,
2025-01-01,NORMAL,https://nsearchives.nseindia.com/products/content/sec_bhavdata_full_01012025.csv,True,
2025-01-02,NORMAL,https://nsearchives.nseindia.com/products/content/sec_bhavdata_full_02012025.csv,True,
2025-01-03,NORMAL,https://nsearchives.nseindia.com/products/content/sec_bhavdata_full_03012025.csv,True,
2025-01-04,UNKNOWN,,False,No official cash-market daily file found; treated as non-session.
2025-01-05,UNKNOWN,https://nsearchives.nseindia.com/products/content/sec_bhavdata_full_05012025.csv,False,Official file did not contain the requested trading date.
2025-01-06,NORMAL,https://nsearchives.nseindia.com/products/content/sec_bhavdata_full_06012025.csv,True,
2025-01-07,NORMAL,https://nsearchives.nseindia.com/products/content/sec_bhavdata_full_07012025.csv,True,
2025-01-08,NORMAL,https://nsearchives.nseindia.com/products/content/sec_bhavdata_full_08012025.csv,True,
2025-01-09,NORMAL,https://nsearchives.nseindia.com/products/content/sec_bhavdata_full_09012025.csv,True,
2025-01-10,NORMAL,https://nsearchives.nseindia.com/products/content/sec_bhavdata_full_10012025.csv,True,
2025-01-11,UNKNOWN,,False,No official cash-market daily file found; treated as non-session.
2025-01-12,UNKNOWN,https://nsearchives.nseindia.com/products/content/sec_bhavdata_full_12012025.csv,False,Official file did not contain the requested trading date.
2025-01-13,NORMAL,https://nsearchives.nseindia.com/products/content/sec_bhavdata_full_13012025.csv,True,
2025-01-14,NORMAL,https://nsearchives.nseindia.com/products/content/sec_bhavdata_full_14012025.csv,True,
2025-01-15,NORMAL,https://nsearchives.nseindia.com/products/content/sec_bhavdata_full_15012025.csv,True,
2025-01-16,NORMAL,https://nsearchives.nseindia.com/products/content/sec_bhavdata_full_16012025.csv,True,
2025-01-17,NORMAL,https://nsearchives.nseindia.com/products/content/sec_bhavdata_full_17012025.csv,True,
2025-01-18,UNKNOWN,,False,No official cash-market daily file found; treated as non-session.
2025-01-19,UNKNOWN,https://nsearchives.nseindia.com/products/content/sec_bhavdata_full_19012025.csv,False,Official file did not contain the requested trading date.
2025-01-20,NORMAL,https://nsearchives.nseindia.com/products/content/sec_bhavdata_full_20012025.csv,True,
2025-01-21,NORMAL,https://nsearchives.nseindia.com/products/content/sec_bhavdata_full_21012025.csv,True,
2025-01-22,NORMAL,https://nsearchives.nseindia.com/products/content/sec_bhavdata_full_22012025.csv,True,
2025-01-23,NORMAL,https://nsearchives.nseindia.com/products/content/sec_bhavdata_full_23012025.csv,True,
2025-01-24,NORMAL,https://nsearchives.nseindia.com/products/content/sec_bhavdata_full_24012025.csv,True,
2025-01-25,UNKNOWN,,False,No official cash-market daily file found; treated as non-session.
2025-01-26,UNKNOWN,https://nsearchives.nseindia.com/products/content/sec_bhavdata_full_26012025.csv,False,Official file did not contain the requested trading date.
2025-01-27,NORMAL,https://nsearchives.nseindia.com/products/content/sec_bhavdata_full_27012025.csv,True,
2025-01-28,NORMAL,https://nsearchives.nseindia.com/products/content/sec_bhavdata_full_28012025.csv,True,
2025-01-29,NORMAL,https://nsearchives.nseindia.com/products/content/sec_bhavdata_full_29012025.csv,True,
2025-01-30,NORMAL,https://nsearchives.nseindia.com/products/content/sec_bhavdata_full_30012025.csv,True,
2025-01-31,NORMAL,https://nsearchives.nseindia.com/products/content/sec_bhavdata_full_31012025.csv,True,
2025-02-01,SPECIAL,https://nsearchives.nseindia.com/products/content/sec_bhavdata_full_01022025.csv,True,
2025-02-02,UNKNOWN,https://nsearchives.nseindia.com/products/content/sec_bhavdata_full_02022025.csv,False,Official file did not contain the requested trading date.
2025-02-03,NORMAL,https://nsearchives.nseindia.com/products/content/sec_bhavdata_full_03022025.csv,True,
2025-02-04,NORMAL,https://nsearchives.nseindia.com/products/content/sec_bhavdata_full_04022025.csv,True,
2025-02-05,NORMAL,https://nsearchives.nseindia.com/products/content/sec_bhavdata_full_05022025.csv,True,
2025-02-06,NORMAL,https://nsearchives.nseindia.com/products/content/sec_bhavdata_full_06022025.csv,True,
2025-02-07,NORMAL,https://nsearchives.nseindia.com/products/content/sec_bhavdata_full_07022025.csv,True,
2025-02-08,UNKNOWN,,False,No official cash-market daily file found; treated as non-session.
2025-02-09,UNKNOWN,https://nsearchives.nseindia.com/products/content/sec_bhavdata_full_09022025.csv,False,Official file did not contain the requested trading date.
2025-02-10,NORMAL,https://nsearchives.nseindia.com/products/content/sec_bhavdata_full_10022025.csv,True,
2025-02-11,NORMAL,https://nsearchives.nseindia.com/products/content/sec_bhavdata_full_11022025.csv,True,
2025-02-12,NORMAL,https://nsearchives.nseindia.com/products/content/sec_bhavdata_full_12022025.csv,True,
2025-02-13,NORMAL,https://nsearchives.nseindia.com/products/content/sec_bhavdata_full_13022025.csv,True,
2025-02-14,NORMAL,https://nsearchives.nseindia.com/products/content/sec_bhavdata_full_14022025.csv,True,
2025-02-15,UNKNOWN,,False,No official cash-market daily file found; treated as non-session.
2025-02-16,UNKNOWN,https://nsearchives.nseindia.com/products/content/sec_bhavdata_full_16022025.csv,False,Official file did not contain the requested trading date.
2025-02-17,NORMAL,https://nsearchives.nseindia.com/products/content/sec_bhavdata_full_17022025.csv,True,
2025-02-18,NORMAL,https://nsearchives.nseindia.com/products/content/sec_bhavdata_full_18022025.csv,True,
2025-02-19,NORMAL,https://nsearchives.nseindia.com/products/content/sec_bhavdata_full_19022025.csv,True,
2025-02-20,NORMAL,https://nsearchives.nseindia.com/products/content/sec_bhavdata_full_20022025.csv,True,
2025-02-21,NORMAL,https://nsearchives.nseindia.com/products/content/sec_bhavdata_full_21022025.csv,True,
2025-02-22,UNKNOWN,,False,No official cash-market daily file found; treated as non-session.
2025-02-23,UNKNOWN,https://nsearchives.nseindia.com/products/content/sec_bhavdata_full_23022025.csv,False,Official file did not contain the requested trading date.
2025-02-24,NORMAL,https://nsearchives.nseindia.com/products/content/sec_bhavdata_full_24022025.csv,True,
2025-02-25,NORMAL,https://nsearchives.nseindia.com/products/content/sec_bhavdata_full_25022025.csv,True,
2025-02-26,UNKNOWN,,False,No official cash-market daily file found; treated as non-session.
2025-02-27,NORMAL,https://nsearchives.nseindia.com/products/content/sec_bhavdata_full_27022025.csv,True,
2025-02-28,NORMAL,https://nsearchives.nseindia.com/products/content/sec_bhavdata_full_28022025.csv,True,
2025-03-01,UNKNOWN,,False,No official cash-market daily file found; treated as non-session.
2025-03-02,UNKNOWN,https://nsearchives.nseindia.com/products/content/sec_bhavdata_full_02032025.csv,False,Official file did not contain the requested trading date.
2025-03-03,NORMAL,https://nsearchives.nseindia.com/products/content/sec_bhavdata_full_03032025.csv,True,
2025-03-04,NORMAL,https://nsearchives.nseindia.com/products/content/sec_bhavdata_full_04032025.csv,True,
2025-03-05,NORMAL,https://nsearchives.nseindia.com/products/content/sec_bhavdata_full_05032025.csv,True,
2025-03-06,NORMAL,https://nsearchives.nseindia.com/products/content/sec_bhavdata_full_06032025.csv,True,
2025-03-07,NORMAL,https://nsearchives.nseindia.com/products/content/sec_bhavdata_full_07032025.csv,True,
2025-03-08,UNKNOWN,,False,No official cash-market daily file found; treated as non-session.
2025-03-09,UNKNOWN,https://nsearchives.nseindia.com/products/content/sec_bhavdata_full_09032025.csv,False,Official file did not contain the requested trading date.
2025-03-10,NORMAL,https://nsearchives.nseindia.com/products/content/sec_bhavdata_full_10032025.csv,True,
2025-03-11,NORMAL,https://nsearchives.nseindia.com/products/content/sec_bhavdata_full_11032025.csv,True,
2025-03-12,NORMAL,https://nsearchives.nseindia.com/products/content/sec_bhavdata_full_12032025.csv,True,
2025-03-13,NORMAL,https://nsearchives.nseindia.com/products/content/sec_bhavdata_full_13032025.csv,True,
2025-03-14,UNKNOWN,,False,No official cash-market daily file found; treated as non-session.
2025-03-15,UNKNOWN,,False,No official cash-market daily file found; treated as non-session.
2025-03-16,UNKNOWN,https://nsearchives.nseindia.com/products/content/sec_bhavdata_full_16032025.csv,False,Official file did not contain the requested trading date.
2025-03-17,NORMAL,https://nsearchives.nseindia.com/products/content/sec_bhavdata_full_17032025.csv,True,
2025-03-18,NORMAL,https://nsearchives.nseindia.com/products/content/sec_bhavdata_full_18032025.csv,True,
2025-03-19,NORMAL,https://nsearchives.nseindia.com/products/content/sec_bhavdata_full_19032025.csv,True,
2025-03-20,NORMAL,https://nsearchives.nseindia.com/products/content/sec_bhavdata_full_20032025.csv,True,
2025-03-21,NORMAL,https://nsearchives.nseindia.com/products/content/sec_bhavdata_full_21032025.csv,True,
2025-03-22,UNKNOWN,,False,No official cash-market daily file found; treated as non-session.
2025-03-23,UNKNOWN,https://nsearchives.nseindia.com/products/content/sec_bhavdata_full_23032025.csv,False,Official file did not contain the requested trading date.
2025-03-24,NORMAL,https://nsearchives.nseindia.com/products/content/sec_bhavdata_full_24032025.csv,True,
2025-03-25,NORMAL,https://nsearchives.nseindia.com/products/content/sec_bhavdata_full_25032025.csv,True,
2025-03-26,NORMAL,https://nsearchives.nseindia.com/products/content/sec_bhavdata_full_26032025.csv,True,
2025-03-27,NORMAL,https://nsearchives.nseindia.com/products/content/sec_bhavdata_full_27032025.csv,True,
2025-03-28,NORMAL,https://nsearchives.nseindia.com/products/content/sec_bhavdata_full_28032025.csv,True,
2025-03-29,UNKNOWN,,False,No official cash-market daily file found; treated as non-session.
2025-03-30,UNKNOWN,https://nsearchives.nseindia.com/products/content/sec_bhavdata_full_30032025.csv,False,Official file did not contain the requested trading date.
2025-03-31,UNKNOWN,,False,No official cash-market daily file found; treated as non-session.
2025-04-01,NORMAL,https://nsearchives.nseindia.com/products/content/sec_bhavdata_full_01042025.csv,True,
2025-04-02,NORMAL,https://nsearchives.nseindia.com/products/content/sec_bhavdata_full_02042025.csv,True,
2025-04-03,NORMAL,https://nsearchives.nseindia.com/products/content/sec_bhavdata_full_03042025.csv,True,
2025-04-04,NORMAL,https://nsearchives.nseindia.com/products/content/sec_bhavdata_full_04042025.csv,True,
2025-04-05,UNKNOWN,,False,No official cash-market daily file found; treated as non-session.
2025-04-06,UNKNOWN,https://nsearchives.nseindia.com/products/content/sec_bhavdata_full_06042025.csv,False,Official file did not contain the requested trading date.
2025-04-07,NORMAL,https://nsearchives.nseindia.com/products/content/sec_bhavdata_full_07042025.csv,True,
2025-04-08,NORMAL,https://nsearchives.nseindia.com/products/content/sec_bhavdata_full_08042025.csv,True,
2025-04-09,NORMAL,https://nsearchives.nseindia.com/products/content/sec_bhavdata_full_09042025.csv,True,
2025-04-10,UNKNOWN,,False,No official cash-market daily file found; treated as non-session.
2025-04-11,NORMAL,https://nsearchives.nseindia.com/products/content/sec_bhavdata_full_11042025.csv,True,
2025-04-12,UNKNOWN,,False,No official cash-market daily file found; treated as non-session.
2025-04-13,UNKNOWN,https://nsearchives.nseindia.com/products/content/sec_bhavdata_full_13042025.csv,False,Official file did not contain the requested trading date.
2025-04-14,UNKNOWN,,False,No official cash-market daily file found; treated as non-session.
2025-04-15,NORMAL,https://nsearchives.nseindia.com/products/content/sec_bhavdata_full_15042025.csv,True,
2025-04-16,NORMAL,https://nsearchives.nseindia.com/products/content/sec_bhavdata_full_16042025.csv,True,
2025-04-17,NORMAL,https://nsearchives.nseindia.com/products/content/sec_bhavdata_full_17042025.csv,True,
2025-04-18,UNKNOWN,,False,No official cash-market daily file found; treated as non-session.
2025-04-19,UNKNOWN,,False,No official cash-market daily file found; treated as non-session.
2025-04-20,UNKNOWN,https://nsearchives.nseindia.com/products/content/sec_bhavdata_full_20042025.csv,False,Official file did not contain the requested trading date.
2025-04-21,NORMAL,https://nsearchives.nseindia.com/products/content/sec_bhavdata_full_21042025.csv,True,
2025-04-22,NORMAL,https://nsearchives.nseindia.com/products/content/sec_bhavdata_full_22042025.csv,True,
2025-04-23,NORMAL,https://nsearchives.nseindia.com/products/content/sec_bhavdata_full_23042025.csv,True,
2025-04-24,NORMAL,https://nsearchives.nseindia.com/products/content/sec_bhavdata_full_24042025.csv,True,
2025-04-25,NORMAL,https://nsearchives.nseindia.com/products/content/sec_bhavdata_full_25042025.csv,True,
2025-04-26,UNKNOWN,,False,No official cash-market daily file found; treated as non-session.
2025-04-27,UNKNOWN,https://nsearchives.nseindia.com/products/content/sec_bhavdata_full_27042025.csv,False,Official file did not contain the requested trading date.
2025-04-28,NORMAL,https://nsearchives.nseindia.com/products/content/sec_bhavdata_full_28042025.csv,True,
2025-04-29,NORMAL,https://nsearchives.nseindia.com/products/content/sec_bhavdata_full_29042025.csv,True,
2025-04-30,NORMAL,https://nsearchives.nseindia.com/products/content/sec_bhavdata_full_30042025.csv,True,
2025-05-01,UNKNOWN,,False,No official cash-market daily file found; treated as non-session.
2025-05-02,NORMAL,https://nsearchives.nseindia.com/products/content/sec_bhavdata_full_02052025.csv,True,
2025-05-03,UNKNOWN,,False,No official cash-market daily file found; treated as non-session.
2025-05-04,UNKNOWN,https://nsearchives.nseindia.com/products/content/sec_bhavdata_full_04052025.csv,False,Official file did not contain the requested trading date.
2025-05-05,NORMAL,https://nsearchives.nseindia.com/products/content/sec_bhavdata_full_05052025.csv,True,
2025-05-06,NORMAL,https://nsearchives.nseindia.com/products/content/sec_bhavdata_full_06052025.csv,True,
2025-05-07,NORMAL,https://nsearchives.nseindia.com/products/content/sec_bhavdata_full_07052025.csv,True,
2025-05-08,NORMAL,https://nsearchives.nseindia.com/products/content/sec_bhavdata_full_08052025.csv,True,
2025-05-09,NORMAL,https://nsearchives.nseindia.com/products/content/sec_bhavdata_full_09052025.csv,True,
2025-05-10,UNKNOWN,,False,No official cash-market daily file found; treated as non-session.
2025-05-11,UNKNOWN,https://nsearchives.nseindia.com/products/content/sec_bhavdata_full_11052025.csv,False,Official file did not contain the requested trading date.
2025-05-12,NORMAL,https://nsearchives.nseindia.com/products/content/sec_bhavdata_full_12052025.csv,True,
2025-05-13,NORMAL,https://nsearchives.nseindia.com/products/content/sec_bhavdata_full_13052025.csv,True,
2025-05-14,NORMAL,https://nsearchives.nseindia.com/products/content/sec_bhavdata_full_14052025.csv,True,
2025-05-15,NORMAL,https://nsearchives.nseindia.com/products/content/sec_bhavdata_full_15052025.csv,True,
2025-05-16,NORMAL,https://nsearchives.nseindia.com/products/content/sec_bhavdata_full_16052025.csv,True,
2025-05-17,UNKNOWN,,False,No official cash-market daily file found; treated as non-session.
2025-05-18,UNKNOWN,https://nsearchives.nseindia.com/products/content/sec_bhavdata_full_18052025.csv,False,Official file did not contain the requested trading date.
2025-05-19,NORMAL,https://nsearchives.nseindia.com/products/content/sec_bhavdata_full_19052025.csv,True,
2025-05-20,NORMAL,https://nsearchives.nseindia.com/products/content/sec_bhavdata_full_20052025.csv,True,
2025-05-21,NORMAL,https://nsearchives.nseindia.com/products/content/sec_bhavdata_full_21052025.csv,True,
2025-05-22,NORMAL,https://nsearchives.nseindia.com/products/content/sec_bhavdata_full_22052025.csv,True,
2025-05-23,NORMAL,https://nsearchives.nseindia.com/products/content/sec_bhavdata_full_23052025.csv,True,
2025-05-24,UNKNOWN,,False,No official cash-market daily file found; treated as non-session.
2025-05-25,UNKNOWN,https://nsearchives.nseindia.com/products/content/sec_bhavdata_full_25052025.csv,False,Official file did not contain the requested trading date.
2025-05-26,NORMAL,https://nsearchives.nseindia.com/products/content/sec_bhavdata_full_26052025.csv,True,
2025-05-27,NORMAL,https://nsearchives.nseindia.com/products/content/sec_bhavdata_full_27052025.csv,True,
2025-05-28,NORMAL,https://nsearchives.nseindia.com/products/content/sec_bhavdata_full_28052025.csv,True,
2025-05-29,NORMAL,https://nsearchives.nseindia.com/products/content/sec_bhavdata_full_29052025.csv,True,
2025-05-30,NORMAL,https://nsearchives.nseindia.com/products/content/sec_bhavdata_full_30052025.csv,True,
2025-05-31,UNKNOWN,,False,No official cash-market daily file found; treated as non-session.
2025-06-01,UNKNOWN,https://nsearchives.nseindia.com/products/content/sec_bhavdata_full_01062025.csv,False,Official file did not contain the requested trading date.
2025-06-02,NORMAL,https://nsearchives.nseindia.com/products/content/sec_bhavdata_full_02062025.csv,True,
2025-06-03,NORMAL,https://nsearchives.nseindia.com/products/content/sec_bhavdata_full_03062025.csv,True,
2025-06-04,NORMAL,https://nsearchives.nseindia.com/products/content/sec_bhavdata_full_04062025.csv,True,
2025-06-05,NORMAL,https://nsearchives.nseindia.com/products/content/sec_bhavdata_full_05062025.csv,True,
2025-06-06,NORMAL,https://nsearchives.nseindia.com/products/content/sec_bhavdata_full_06062025.csv,True,
2025-06-07,UNKNOWN,,False,No official cash-market daily file found; treated as non-session.
2025-06-08,UNKNOWN,https://nsearchives.nseindia.com/products/content/sec_bhavdata_full_08062025.csv,False,Official file did not contain the requested trading date.
2025-06-09,NORMAL,https://nsearchives.nseindia.com/products/content/sec_bhavdata_full_09062025.csv,True,
2025-06-10,NORMAL,https://nsearchives.nseindia.com/products/content/sec_bhavdata_full_10062025.csv,True,
2025-06-11,NORMAL,https://nsearchives.nseindia.com/products/content/sec_bhavdata_full_11062025.csv,True,
2025-06-12,NORMAL,https://nsearchives.nseindia.com/products/content/sec_bhavdata_full_12062025.csv,True,
2025-06-13,NORMAL,https://nsearchives.nseindia.com/products/content/sec_bhavdata_full_13062025.csv,True,
2025-06-14,UNKNOWN,,False,No official cash-market daily file found; treated as non-session.
2025-06-15,UNKNOWN,https://nsearchives.nseindia.com/products/content/sec_bhavdata_full_15062025.csv,False,Official file did not contain the requested trading date.
2025-06-16,NORMAL,https://nsearchives.nseindia.com/products/content/sec_bhavdata_full_16062025.csv,True,
2025-06-17,NORMAL,https://nsearchives.nseindia.com/products/content/sec_bhavdata_full_17062025.csv,True,
2025-06-18,NORMAL,https://nsearchives.nseindia.com/products/content/sec_bhavdata_full_18062025.csv,True,
2025-06-19,NORMAL,https://nsearchives.nseindia.com/products/content/sec_bhavdata_full_19062025.csv,True,
2025-06-20,NORMAL,https://nsearchives.nseindia.com/products/content/sec_bhavdata_full_20062025.csv,True,
2025-06-21,UNKNOWN,,False,No official cash-market daily file found; treated as non-session.
2025-06-22,UNKNOWN,https://nsearchives.nseindia.com/products/content/sec_bhavdata_full_22062025.csv,False,Official file did not contain the requested trading date.
2025-06-23,NORMAL,https://nsearchives.nseindia.com/products/content/sec_bhavdata_full_23062025.csv,True,
2025-06-24,NORMAL,https://nsearchives.nseindia.com/products/content/sec_bhavdata_full_24062025.csv,True,
2025-06-25,NORMAL,https://nsearchives.nseindia.com/products/content/sec_bhavdata_full_25062025.csv,True,
2025-06-26,NORMAL,https://nsearchives.nseindia.com/products/content/sec_bhavdata_full_26062025.csv,True,
2025-06-27,NORMAL,https://nsearchives.nseindia.com/products/content/sec_bhavdata_full_27062025.csv,True,
2025-06-28,UNKNOWN,,False,No official cash-market daily file found; treated as non-session.
2025-06-29,UNKNOWN,https://nsearchives.nseindia.com/products/content/sec_bhavdata_full_29062025.csv,False,Official file did not contain the requested trading date.
2025-06-30,NORMAL,https://nsearchives.nseindia.com/products/content/sec_bhavdata_full_30062025.csv,True,
2025-07-01,NORMAL,https://nsearchives.nseindia.com/products/content/sec_bhavdata_full_01072025.csv,True,
2025-07-02,NORMAL,https://nsearchives.nseindia.com/products/content/sec_bhavdata_full_02072025.csv,True,
2025-07-03,NORMAL,https://nsearchives.nseindia.com/products/content/sec_bhavdata_full_03072025.csv,True,
2025-07-04,NORMAL,https://nsearchives.nseindia.com/products/content/sec_bhavdata_full_04072025.csv,True,
2025-07-05,UNKNOWN,,False,No official cash-market daily file found; treated as non-session.
2025-07-06,UNKNOWN,https://nsearchives.nseindia.com/products/content/sec_bhavdata_full_06072025.csv,False,Official file did not contain the requested trading date.
2025-07-07,NORMAL,https://nsearchives.nseindia.com/products/content/sec_bhavdata_full_07072025.csv,True,
2025-07-08,NORMAL,https://nsearchives.nseindia.com/products/content/sec_bhavdata_full_08072025.csv,True,
2025-07-09,NORMAL,https://nsearchives.nseindia.com/products/content/sec_bhavdata_full_09072025.csv,True,
2025-07-10,NORMAL,https://nsearchives.nseindia.com/products/content/sec_bhavdata_full_10072025.csv,True,
2025-07-11,NORMAL,https://nsearchives.nseindia.com/products/content/sec_bhavdata_full_11072025.csv,True,
2025-07-12,UNKNOWN,,False,No official cash-market daily file found; treated as non-session.
2025-07-13,UNKNOWN,https://nsearchives.nseindia.com/products/content/sec_bhavdata_full_13072025.csv,False,Official file did not contain the requested trading date.
2025-07-14,NORMAL,https://nsearchives.nseindia.com/products/content/sec_bhavdata_full_14072025.csv,True,
2025-07-15,NORMAL,https://nsearchives.nseindia.com/products/content/sec_bhavdata_full_15072025.csv,True,
2025-07-16,NORMAL,https://nsearchives.nseindia.com/products/content/sec_bhavdata_full_16072025.csv,True,
2025-07-17,NORMAL,https://nsearchives.nseindia.com/products/content/sec_bhavdata_full_17072025.csv,True,
2025-07-18,NORMAL,https://nsearchives.nseindia.com/products/content/sec_bhavdata_full_18072025.csv,True,
2025-07-19,UNKNOWN,,False,No official cash-market daily file found; treated as non-session.
2025-07-20,UNKNOWN,https://nsearchives.nseindia.com/products/content/sec_bhavdata_full_20072025.csv,False,Official file did not contain the requested trading date.
2025-07-21,NORMAL,https://nsearchives.nseindia.com/products/content/sec_bhavdata_full_21072025.csv,True,
2025-07-22,NORMAL,https://nsearchives.nseindia.com/products/content/sec_bhavdata_full_22072025.csv,True,
2025-07-23,NORMAL,https://nsearchives.nseindia.com/products/content/sec_bhavdata_full_23072025.csv,True,
2025-07-24,NORMAL,https://nsearchives.nseindia.com/products/content/sec_bhavdata_full_24072025.csv,True,
2025-07-25,NORMAL,https://nsearchives.nseindia.com/products/content/sec_bhavdata_full_25072025.csv,True,
2025-07-26,UNKNOWN,,False,No official cash-market daily file found; treated as non-session.
2025-07-27,UNKNOWN,https://nsearchives.nseindia.com/products/content/sec_bhavdata_full_27072025.csv,False,Official file did not contain the requested trading date.
2025-07-28,NORMAL,https://nsearchives.nseindia.com/products/content/sec_bhavdata_full_28072025.csv,True,
2025-07-29,NORMAL,https://nsearchives.nseindia.com/products/content/sec_bhavdata_full_29072025.csv,True,
2025-07-30,NORMAL,https://nsearchives.nseindia.com/products/content/sec_bhavdata_full_30072025.csv,True,
2025-07-31,NORMAL,https://nsearchives.nseindia.com/products/content/sec_bhavdata_full_31072025.csv,True,
2025-08-01,NORMAL,https://nsearchives.nseindia.com/products/content/sec_bhavdata_full_01082025.csv,True,
2025-08-02,UNKNOWN,,False,No official cash-market daily file found; treated as non-session.
2025-08-03,UNKNOWN,https://nsearchives.nseindia.com/products/content/sec_bhavdata_full_03082025.csv,False,Official file did not contain the requested trading date.
2025-08-04,NORMAL,https://nsearchives.nseindia.com/products/content/sec_bhavdata_full_04082025.csv,True,
2025-08-05,NORMAL,https://nsearchives.nseindia.com/products/content/sec_bhavdata_full_05082025.csv,True,
2025-08-06,NORMAL,https://nsearchives.nseindia.com/products/content/sec_bhavdata_full_06082025.csv,True,
2025-08-07,NORMAL,https://nsearchives.nseindia.com/products/content/sec_bhavdata_full_07082025.csv,True,
2025-08-08,NORMAL,https://nsearchives.nseindia.com/products/content/sec_bhavdata_full_08082025.csv,True,
2025-08-09,UNKNOWN,,False,No official cash-market daily file found; treated as non-session.
2025-08-10,UNKNOWN,https://nsearchives.nseindia.com/products/content/sec_bhavdata_full_10082025.csv,False,Official file did not contain the requested trading date.
2025-08-11,NORMAL,https://nsearchives.nseindia.com/products/content/sec_bhavdata_full_11082025.csv,True,
2025-08-12,NORMAL,https://nsearchives.nseindia.com/products/content/sec_bhavdata_full_12082025.csv,True,
2025-08-13,NORMAL,https://nsearchives.nseindia.com/products/content/sec_bhavdata_full_13082025.csv,True,
2025-08-14,NORMAL,https://nsearchives.nseindia.com/products/content/sec_bhavdata_full_14082025.csv,True,
2025-08-15,UNKNOWN,,False,No official cash-market daily file found; treated as non-session.
2025-08-16,UNKNOWN,,False,No official cash-market daily file found; treated as non-session.
2025-08-17,UNKNOWN,https://nsearchives.nseindia.com/products/content/sec_bhavdata_full_17082025.csv,False,Official file did not contain the requested trading date.
2025-08-18,NORMAL,https://nsearchives.nseindia.com/products/content/sec_bhavdata_full_18082025.csv,True,
2025-08-19,NORMAL,https://nsearchives.nseindia.com/products/content/sec_bhavdata_full_19082025.csv,True,
2025-08-20,NORMAL,https://nsearchives.nseindia.com/products/content/sec_bhavdata_full_20082025.csv,True,
2025-08-21,NORMAL,https://nsearchives.nseindia.com/products/content/sec_bhavdata_full_21082025.csv,True,
2025-08-22,NORMAL,https://nsearchives.nseindia.com/products/content/sec_bhavdata_full_22082025.csv,True,
2025-08-23,UNKNOWN,,False,No official cash-market daily file found; treated as non-session.
2025-08-24,UNKNOWN,https://nsearchives.nseindia.com/products/content/sec_bhavdata_full_24082025.csv,False,Official file did not contain the requested trading date.
2025-08-25,NORMAL,https://nsearchives.nseindia.com/products/content/sec_bhavdata_full_25082025.csv,True,
2025-08-26,NORMAL,https://nsearchives.nseindia.com/products/content/sec_bhavdata_full_26082025.csv,True,
2025-08-27,UNKNOWN,,False,No official cash-market daily file found; treated as non-session.
2025-08-28,NORMAL,https://nsearchives.nseindia.com/products/content/sec_bhavdata_full_28082025.csv,True,
2025-08-29,NORMAL,https://nsearchives.nseindia.com/products/content/sec_bhavdata_full_29082025.csv,True,
2025-08-30,UNKNOWN,,False,No official cash-market daily file found; treated as non-session.
2025-08-31,UNKNOWN,https://nsearchives.nseindia.com/products/content/sec_bhavdata_full_31082025.csv,False,Official file did not contain the requested trading date.
2025-09-01,NORMAL,https://nsearchives.nseindia.com/products/content/sec_bhavdata_full_01092025.csv,True,
2025-09-02,NORMAL,https://nsearchives.nseindia.com/products/content/sec_bhavdata_full_02092025.csv,True,
2025-09-03,NORMAL,https://nsearchives.nseindia.com/products/content/sec_bhavdata_full_03092025.csv,True,
2025-09-04,NORMAL,https://nsearchives.nseindia.com/products/content/sec_bhavdata_full_04092025.csv,True,
2025-09-05,NORMAL,https://nsearchives.nseindia.com/products/content/sec_bhavdata_full_05092025.csv,True,
2025-09-06,UNKNOWN,,False,No official cash-market daily file found; treated as non-session.
2025-09-07,UNKNOWN,https://nsearchives.nseindia.com/products/content/sec_bhavdata_full_07092025.csv,False,Official file did not contain the requested trading date.
2025-09-08,NORMAL,https://nsearchives.nseindia.com/products/content/sec_bhavdata_full_08092025.csv,True,
2025-09-09,NORMAL,https://nsearchives.nseindia.com/products/content/sec_bhavdata_full_09092025.csv,True,
2025-09-10,NORMAL,https://nsearchives.nseindia.com/products/content/sec_bhavdata_full_10092025.csv,True,
2025-09-11,NORMAL,https://nsearchives.nseindia.com/products/content/sec_bhavdata_full_11092025.csv,True,
2025-09-12,NORMAL,https://nsearchives.nseindia.com/products/content/sec_bhavdata_full_12092025.csv,True,
2025-09-13,UNKNOWN,,False,No official cash-market daily file found; treated as non-session.
2025-09-14,UNKNOWN,https://nsearchives.nseindia.com/products/content/sec_bhavdata_full_14092025.csv,False,Official file did not contain the requested trading date.
2025-09-15,NORMAL,https://nsearchives.nseindia.com/products/content/sec_bhavdata_full_15092025.csv,True,
2025-09-16,NORMAL,https://nsearchives.nseindia.com/products/content/sec_bhavdata_full_16092025.csv,True,
2025-09-17,NORMAL,https://nsearchives.nseindia.com/products/content/sec_bhavdata_full_17092025.csv,True,
2025-09-18,NORMAL,https://nsearchives.nseindia.com/products/content/sec_bhavdata_full_18092025.csv,True,
2025-09-19,NORMAL,https://nsearchives.nseindia.com/products/content/sec_bhavdata_full_19092025.csv,True,
2025-09-20,UNKNOWN,,False,No official cash-market daily file found; treated as non-session.
2025-09-21,UNKNOWN,https://nsearchives.nseindia.com/products/content/sec_bhavdata_full_21092025.csv,False,Official file did not contain the requested trading date.
2025-09-22,NORMAL,https://nsearchives.nseindia.com/products/content/sec_bhavdata_full_22092025.csv,True,
2025-09-23,NORMAL,https://nsearchives.nseindia.com/products/content/sec_bhavdata_full_23092025.csv,True,
2025-09-24,NORMAL,https://nsearchives.nseindia.com/products/content/sec_bhavdata_full_24092025.csv,True,
2025-09-25,NORMAL,https://nsearchives.nseindia.com/products/content/sec_bhavdata_full_25092025.csv,True,
2025-09-26,NORMAL,https://nsearchives.nseindia.com/products/content/sec_bhavdata_full_26092025.csv,True,
2025-09-27,UNKNOWN,,False,No official cash-market daily file found; treated as non-session.
2025-09-28,UNKNOWN,https://nsearchives.nseindia.com/products/content/sec_bhavdata_full_28092025.csv,False,Official file did not contain the requested trading date.
2025-09-29,NORMAL,https://nsearchives.nseindia.com/products/content/sec_bhavdata_full_29092025.csv,True,
2025-09-30,NORMAL,https://nsearchives.nseindia.com/products/content/sec_bhavdata_full_30092025.csv,True,
2025-10-01,NORMAL,https://nsearchives.nseindia.com/products/content/sec_bhavdata_full_01102025.csv,True,
2025-10-02,UNKNOWN,,False,No official cash-market daily file found; treated as non-session.
2025-10-03,NORMAL,https://nsearchives.nseindia.com/products/content/sec_bhavdata_full_03102025.csv,True,
2025-10-04,UNKNOWN,,False,No official cash-market daily file found; treated as non-session.
2025-10-05,UNKNOWN,https://nsearchives.nseindia.com/products/content/sec_bhavdata_full_05102025.csv,False,Official file did not contain the requested trading date.
2025-10-06,NORMAL,https://nsearchives.nseindia.com/products/content/sec_bhavdata_full_06102025.csv,True,
2025-10-07,NORMAL,https://nsearchives.nseindia.com/products/content/sec_bhavdata_full_07102025.csv,True,
2025-10-08,NORMAL,https://nsearchives.nseindia.com/products/content/sec_bhavdata_full_08102025.csv,True,
2025-10-09,NORMAL,https://nsearchives.nseindia.com/products/content/sec_bhavdata_full_09102025.csv,True,
2025-10-10,NORMAL,https://nsearchives.nseindia.com/products/content/sec_bhavdata_full_10102025.csv,True,
2025-10-11,UNKNOWN,,False,No official cash-market daily file found; treated as non-session.
2025-10-12,UNKNOWN,https://nsearchives.nseindia.com/products/content/sec_bhavdata_full_12102025.csv,False,Official file did not contain the requested trading date.
2025-10-13,NORMAL,https://nsearchives.nseindia.com/products/content/sec_bhavdata_full_13102025.csv,True,
2025-10-14,NORMAL,https://nsearchives.nseindia.com/products/content/sec_bhavdata_full_14102025.csv,True,
2025-10-15,NORMAL,https://nsearchives.nseindia.com/products/content/sec_bhavdata_full_15102025.csv,True,
2025-10-16,NORMAL,https://nsearchives.nseindia.com/products/content/sec_bhavdata_full_16102025.csv,True,
2025-10-17,NORMAL,https://nsearchives.nseindia.com/products/content/sec_bhavdata_full_17102025.csv,True,
2025-10-18,UNKNOWN,,False,No official cash-market daily file found; treated as non-session.
2025-10-19,UNKNOWN,https://nsearchives.nseindia.com/products/content/sec_bhavdata_full_19102025.csv,False,Official file did not contain the requested trading date.
2025-10-20,NORMAL,https://nsearchives.nseindia.com/products/content/sec_bhavdata_full_20102025.csv,True,
2025-10-21,NORMAL,https://nsearchives.nseindia.com/products/content/sec_bhavdata_full_21102025.csv,True,
2025-10-22,UNKNOWN,https://nsearchives.nseindia.com/products/content/sec_bhavdata_full_22102025.csv,False,Official file did not contain the requested trading date.
2025-10-23,NORMAL,https://nsearchives.nseindia.com/products/content/sec_bhavdata_full_23102025.csv,True,
2025-10-24,NORMAL,https://nsearchives.nseindia.com/products/content/sec_bhavdata_full_24102025.csv,True,
2025-10-25,UNKNOWN,,False,No official cash-market daily file found; treated as non-session.
2025-10-26,UNKNOWN,https://nsearchives.nseindia.com/products/content/sec_bhavdata_full_26102025.csv,False,Official file did not contain the requested trading date.
2025-10-27,NORMAL,https://nsearchives.nseindia.com/products/content/sec_bhavdata_full_27102025.csv,True,
2025-10-28,NORMAL,https://nsearchives.nseindia.com/products/content/sec_bhavdata_full_28102025.csv,True,
2025-10-29,NORMAL,https://nsearchives.nseindia.com/products/content/sec_bhavdata_full_29102025.csv,True,
2025-10-30,NORMAL,https://nsearchives.nseindia.com/products/content/sec_bhavdata_full_30102025.csv,True,
2025-10-31,NORMAL,https://nsearchives.nseindia.com/products/content/sec_bhavdata_full_31102025.csv,True,
2025-11-01,UNKNOWN,,False,No official cash-market daily file found; treated as non-session.
2025-11-02,UNKNOWN,https://nsearchives.nseindia.com/products/content/sec_bhavdata_full_02112025.csv,False,Official file did not contain the requested trading date.
2025-11-03,NORMAL,https://nsearchives.nseindia.com/products/content/sec_bhavdata_full_03112025.csv,True,
2025-11-04,NORMAL,https://nsearchives.nseindia.com/products/content/sec_bhavdata_full_04112025.csv,True,
2025-11-05,UNKNOWN,https://nsearchives.nseindia.com/products/content/sec_bhavdata_full_05112025.csv,False,Official file did not contain the requested trading date.
2025-11-06,NORMAL,https://nsearchives.nseindia.com/products/content/sec_bhavdata_full_06112025.csv,True,
2025-11-07,NORMAL,https://nsearchives.nseindia.com/products/content/sec_bhavdata_full_07112025.csv,True,
2025-11-08,UNKNOWN,,False,No official cash-market daily file found; treated as non-session.
2025-11-09,UNKNOWN,https://nsearchives.nseindia.com/products/content/sec_bhavdata_full_09112025.csv,False,Official file did not contain the requested trading date.
2025-11-10,NORMAL,https://nsearchives.nseindia.com/products/content/sec_bhavdata_full_10112025.csv,True,
2025-11-11,NORMAL,https://nsearchives.nseindia.com/products/content/sec_bhavdata_full_11112025.csv,True,
2025-11-12,NORMAL,https://nsearchives.nseindia.com/products/content/sec_bhavdata_full_12112025.csv,True,
2025-11-13,NORMAL,https://nsearchives.nseindia.com/products/content/sec_bhavdata_full_13112025.csv,True,
2025-11-14,NORMAL,https://nsearchives.nseindia.com/products/content/sec_bhavdata_full_14112025.csv,True,
2025-11-15,UNKNOWN,,False,No official cash-market daily file found; treated as non-session.
2025-11-16,UNKNOWN,https://nsearchives.nseindia.com/products/content/sec_bhavdata_full_16112025.csv,False,Official file did not contain the requested trading date.
2025-11-17,NORMAL,https://nsearchives.nseindia.com/products/content/sec_bhavdata_full_17112025.csv,True,
2025-11-18,NORMAL,https://nsearchives.nseindia.com/products/content/sec_bhavdata_full_18112025.csv,True,
2025-11-19,NORMAL,https://nsearchives.nseindia.com/products/content/sec_bhavdata_full_19112025.csv,True,
2025-11-20,NORMAL,https://nsearchives.nseindia.com/products/content/sec_bhavdata_full_20112025.csv,True,
2025-11-21,NORMAL,https://nsearchives.nseindia.com/products/content/sec_bhavdata_full_21112025.csv,True,
2025-11-22,UNKNOWN,,False,No official cash-market daily file found; treated as non-session.
2025-11-23,UNKNOWN,https://nsearchives.nseindia.com/products/content/sec_bhavdata_full_23112025.csv,False,Official file did not contain the requested trading date.
2025-11-24,NORMAL,https://nsearchives.nseindia.com/products/content/sec_bhavdata_full_24112025.csv,True,
2025-11-25,NORMAL,https://nsearchives.nseindia.com/products/content/sec_bhavdata_full_25112025.csv,True,
2025-11-26,NORMAL,https://nsearchives.nseindia.com/products/content/sec_bhavdata_full_26112025.csv,True,
2025-11-27,NORMAL,https://nsearchives.nseindia.com/products/content/sec_bhavdata_full_27112025.csv,True,
2025-11-28,NORMAL,https://nsearchives.nseindia.com/products/content/sec_bhavdata_full_28112025.csv,True,
2025-11-29,UNKNOWN,,False,No official cash-market daily file found; treated as non-session.
2025-11-30,UNKNOWN,https://nsearchives.nseindia.com/products/content/sec_bhavdata_full_30112025.csv,False,Official file did not contain the requested trading date.
2025-12-01,NORMAL,https://nsearchives.nseindia.com/products/content/sec_bhavdata_full_01122025.csv,True,
2025-12-02,NORMAL,https://nsearchives.nseindia.com/products/content/sec_bhavdata_full_02122025.csv,True,
2025-12-03,NORMAL,https://nsearchives.nseindia.com/products/content/sec_bhavdata_full_03122025.csv,True,
2025-12-04,NORMAL,https://nsearchives.nseindia.com/products/content/sec_bhavdata_full_04122025.csv,True,
2025-12-05,NORMAL,https://nsearchives.nseindia.com/products/content/sec_bhavdata_full_05122025.csv,True,
2025-12-06,UNKNOWN,,False,No official cash-market daily file found; treated as non-session.
2025-12-07,UNKNOWN,https://nsearchives.nseindia.com/products/content/sec_bhavdata_full_07122025.csv,False,Official file did not contain the requested trading date.
2025-12-08,NORMAL,https://nsearchives.nseindia.com/products/content/sec_bhavdata_full_08122025.csv,True,
2025-12-09,NORMAL,https://nsearchives.nseindia.com/products/content/sec_bhavdata_full_09122025.csv,True,
2025-12-10,NORMAL,https://nsearchives.nseindia.com/products/content/sec_bhavdata_full_10122025.csv,True,
2025-12-11,NORMAL,https://nsearchives.nseindia.com/products/content/sec_bhavdata_full_11122025.csv,True,
2025-12-12,NORMAL,https://nsearchives.nseindia.com/products/content/sec_bhavdata_full_12122025.csv,True,
2025-12-13,UNKNOWN,,False,No official cash-market daily file found; treated as non-session.
2025-12-14,UNKNOWN,https://nsearchives.nseindia.com/products/content/sec_bhavdata_full_14122025.csv,False,Official file did not contain the requested trading date.
2025-12-15,NORMAL,https://nsearchives.nseindia.com/products/content/sec_bhavdata_full_15122025.csv,True,
2025-12-16,NORMAL,https://nsearchives.nseindia.com/products/content/sec_bhavdata_full_16122025.csv,True,
2025-12-17,NORMAL,https://nsearchives.nseindia.com/products/content/sec_bhavdata_full_17122025.csv,True,
2025-12-18,NORMAL,https://nsearchives.nseindia.com/products/content/sec_bhavdata_full_18122025.csv,True,
2025-12-19,NORMAL,https://nsearchives.nseindia.com/products/content/sec_bhavdata_full_19122025.csv,True,
2025-12-20,UNKNOWN,,False,No official cash-market daily file found; treated as non-session.
2025-12-21,UNKNOWN,https://nsearchives.nseindia.com/products/content/sec_bhavdata_full_21122025.csv,False,Official file did not contain the requested trading date.
2025-12-22,NORMAL,https://nsearchives.nseindia.com/products/content/sec_bhavdata_full_22122025.csv,True,
2025-12-23,NORMAL,https://nsearchives.nseindia.com/products/content/sec_bhavdata_full_23122025.csv,True,
2025-12-24,NORMAL,https://nsearchives.nseindia.com/products/content/sec_bhavdata_full_24122025.csv,True,
2025-12-25,UNKNOWN,https://nsearchives.nseindia.com/products/content/sec_bhavdata_full_25122025.csv,False,Official file did not contain the requested trading date.
2025-12-26,NORMAL,https://nsearchives.nseindia.com/products/content/sec_bhavdata_full_26122025.csv,True,
2025-12-27,UNKNOWN,,False,No official cash-market daily file found; treated as non-session.
2025-12-28,UNKNOWN,https://nsearchives.nseindia.com/products/content/sec_bhavdata_full_28122025.csv,False,Official file did not contain the requested trading date.
2025-12-29,NORMAL,https://nsearchives.nseindia.com/products/content/sec_bhavdata_full_29122025.csv,True,
2025-12-30,NORMAL,https://nsearchives.nseindia.com/products/content/sec_bhavdata_full_30122025.csv,True,
2025-12-31,NORMAL,https://nsearchives.nseindia.com/products/content/sec_bhavdata_full_31122025.csv,True,
2026-01-01,NORMAL,https://nsearchives.nseindia.com/products/content/sec_bhavdata_full_01012026.csv,True,
2026-01-02,NORMAL,https://nsearchives.nseindia.com/products/content/sec_bhavdata_full_02012026.csv,True,
2026-01-03,UNKNOWN,,False,No official cash-market daily file found; treated as non-session.
2026-01-04,UNKNOWN,https://nsearchives.nseindia.com/products/content/sec_bhavdata_full_04012026.csv,False,Official file did not contain the requested trading date.
2026-01-05,NORMAL,https://nsearchives.nseindia.com/products/content/sec_bhavdata_full_05012026.csv,True,
2026-01-06,NORMAL,https://nsearchives.nseindia.com/products/content/sec_bhavdata_full_06012026.csv,True,
2026-01-07,NORMAL,https://nsearchives.nseindia.com/products/content/sec_bhavdata_full_07012026.csv,True,
2026-01-08,NORMAL,https://nsearchives.nseindia.com/products/content/sec_bhavdata_full_08012026.csv,True,
2026-01-09,NORMAL,https://nsearchives.nseindia.com/products/content/sec_bhavdata_full_09012026.csv,True,
2026-01-10,UNKNOWN,,False,No official cash-market daily file found; treated as non-session.
2026-01-11,UNKNOWN,https://nsearchives.nseindia.com/products/content/sec_bhavdata_full_11012026.csv,False,Official file did not contain the requested trading date.
2026-01-12,NORMAL,https://nsearchives.nseindia.com/products/content/sec_bhavdata_full_12012026.csv,True,
2026-01-13,NORMAL,https://nsearchives.nseindia.com/products/content/sec_bhavdata_full_13012026.csv,True,
2026-01-14,NORMAL,https://nsearchives.nseindia.com/products/content/sec_bhavdata_full_14012026.csv,True,
2026-01-15,UNKNOWN,https://nsearchives.nseindia.com/products/content/sec_bhavdata_full_15012026.csv,False,Official file did not contain the requested trading date.
2026-01-16,NORMAL,https://nsearchives.nseindia.com/products/content/sec_bhavdata_full_16012026.csv,True,
2026-01-17,UNKNOWN,,False,No official cash-market daily file found; treated as non-session.
2026-01-18,UNKNOWN,https://nsearchives.nseindia.com/products/content/sec_bhavdata_full_18012026.csv,False,Official file did not contain the requested trading date.
2026-01-19,NORMAL,https://nsearchives.nseindia.com/products/content/sec_bhavdata_full_19012026.csv,True,
2026-01-20,NORMAL,https://nsearchives.nseindia.com/products/content/sec_bhavdata_full_20012026.csv,True,
2026-01-21,NORMAL,https://nsearchives.nseindia.com/products/content/sec_bhavdata_full_21012026.csv,True,
2026-01-22,NORMAL,https://nsearchives.nseindia.com/products/content/sec_bhavdata_full_22012026.csv,True,
2026-01-23,NORMAL,https://nsearchives.nseindia.com/products/content/sec_bhavdata_full_23012026.csv,True,
2026-01-24,UNKNOWN,,False,No official cash-market daily file found; treated as non-session.
2026-01-25,UNKNOWN,https://nsearchives.nseindia.com/products/content/sec_bhavdata_full_25012026.csv,False,Official file did not contain the requested trading date.
2026-01-26,UNKNOWN,https://nsearchives.nseindia.com/products/content/sec_bhavdata_full_26012026.csv,False,Official file did not contain the requested trading date.
2026-01-27,NORMAL,https://nsearchives.nseindia.com/products/content/sec_bhavdata_full_27012026.csv,True,
2026-01-28,NORMAL,https://nsearchives.nseindia.com/products/content/sec_bhavdata_full_28012026.csv,True,
2026-01-29,NORMAL,https://nsearchives.nseindia.com/products/content/sec_bhavdata_full_29012026.csv,True,
2026-01-30,NORMAL,https://nsearchives.nseindia.com/products/content/sec_bhavdata_full_30012026.csv,True,
2026-01-31,UNKNOWN,,False,No official cash-market daily file found; treated as non-session.
2026-02-01,SPECIAL,https://nsearchives.nseindia.com/products/content/sec_bhavdata_full_01022026.csv,True,
2026-02-02,NORMAL,https://nsearchives.nseindia.com/products/content/sec_bhavdata_full_02022026.csv,True,
2026-02-03,NORMAL,https://nsearchives.nseindia.com/products/content/sec_bhavdata_full_03022026.csv,True,
2026-02-04,NORMAL,https://nsearchives.nseindia.com/products/content/sec_bhavdata_full_04022026.csv,True,
2026-02-05,NORMAL,https://nsearchives.nseindia.com/products/content/sec_bhavdata_full_05022026.csv,True,
2026-02-06,NORMAL,https://nsearchives.nseindia.com/products/content/sec_bhavdata_full_06022026.csv,True,
2026-02-07,UNKNOWN,,False,No official cash-market daily file found; treated as non-session.
2026-02-08,UNKNOWN,https://nsearchives.nseindia.com/products/content/sec_bhavdata_full_08022026.csv,False,Official file did not contain the requested trading date.
2026-02-09,NORMAL,https://nsearchives.nseindia.com/products/content/sec_bhavdata_full_09022026.csv,True,
2026-02-10,NORMAL,https://nsearchives.nseindia.com/products/content/sec_bhavdata_full_10022026.csv,True,
2026-02-11,NORMAL,https://nsearchives.nseindia.com/products/content/sec_bhavdata_full_11022026.csv,True,
2026-02-12,NORMAL,https://nsearchives.nseindia.com/products/content/sec_bhavdata_full_12022026.csv,True,
2026-02-13,NORMAL,https://nsearchives.nseindia.com/products/content/sec_bhavdata_full_13022026.csv,True,
2026-02-14,UNKNOWN,,False,No official cash-market daily file found; treated as non-session.
2026-02-15,UNKNOWN,https://nsearchives.nseindia.com/products/content/sec_bhavdata_full_15022026.csv,False,Official file did not contain the requested trading date.
2026-02-16,NORMAL,https://nsearchives.nseindia.com/products/content/sec_bhavdata_full_16022026.csv,True,
2026-02-17,NORMAL,https://nsearchives.nseindia.com/products/content/sec_bhavdata_full_17022026.csv,True,
2026-02-18,NORMAL,https://nsearchives.nseindia.com/products/content/sec_bhavdata_full_18022026.csv,True,
2026-02-19,NORMAL,https://nsearchives.nseindia.com/products/content/sec_bhavdata_full_19022026.csv,True,
2026-02-20,NORMAL,https://nsearchives.nseindia.com/products/content/sec_bhavdata_full_20022026.csv,True,
2026-02-21,UNKNOWN,,False,No official cash-market daily file found; treated as non-session.
2026-02-22,UNKNOWN,https://nsearchives.nseindia.com/products/content/sec_bhavdata_full_22022026.csv,False,Official file did not contain the requested trading date.
2026-02-23,NORMAL,https://nsearchives.nseindia.com/products/content/sec_bhavdata_full_23022026.csv,True,
2026-02-24,NORMAL,https://nsearchives.nseindia.com/products/content/sec_bhavdata_full_24022026.csv,True,
2026-02-25,NORMAL,https://nsearchives.nseindia.com/products/content/sec_bhavdata_full_25022026.csv,True,
2026-02-26,NORMAL,https://nsearchives.nseindia.com/products/content/sec_bhavdata_full_26022026.csv,True,
2026-02-27,NORMAL,https://nsearchives.nseindia.com/products/content/sec_bhavdata_full_27022026.csv,True,
2026-02-28,UNKNOWN,,False,No official cash-market daily file found; treated as non-session.
2026-03-01,UNKNOWN,https://nsearchives.nseindia.com/products/content/sec_bhavdata_full_01032026.csv,False,Official file did not contain the requested trading date.
2026-03-02,NORMAL,https://nsearchives.nseindia.com/products/content/sec_bhavdata_full_02032026.csv,True,
2026-03-03,UNKNOWN,https://nsearchives.nseindia.com/products/content/sec_bhavdata_full_03032026.csv,False,Official file did not contain the requested trading date.
2026-03-04,NORMAL,https://nsearchives.nseindia.com/products/content/sec_bhavdata_full_04032026.csv,True,
2026-03-05,NORMAL,https://nsearchives.nseindia.com/products/content/sec_bhavdata_full_05032026.csv,True,
2026-03-06,NORMAL,https://nsearchives.nseindia.com/products/content/sec_bhavdata_full_06032026.csv,True,
2026-03-07,UNKNOWN,,False,No official cash-market daily file found; treated as non-session.
2026-03-08,UNKNOWN,https://nsearchives.nseindia.com/products/content/sec_bhavdata_full_08032026.csv,False,Official file did not contain the requested trading date.
2026-03-09,NORMAL,https://nsearchives.nseindia.com/products/content/sec_bhavdata_full_09032026.csv,True,
2026-03-10,NORMAL,https://nsearchives.nseindia.com/products/content/sec_bhavdata_full_10032026.csv,True,
2026-03-11,NORMAL,https://nsearchives.nseindia.com/products/content/sec_bhavdata_full_11032026.csv,True,
2026-03-12,NORMAL,https://nsearchives.nseindia.com/products/content/sec_bhavdata_full_12032026.csv,True,
2026-03-13,NORMAL,https://nsearchives.nseindia.com/products/content/sec_bhavdata_full_13032026.csv,True,
2026-03-14,UNKNOWN,,False,No official cash-market daily file found; treated as non-session.
2026-03-15,UNKNOWN,https://nsearchives.nseindia.com/products/content/sec_bhavdata_full_15032026.csv,False,Official file did not contain the requested trading date.
2026-03-16,NORMAL,https://nsearchives.nseindia.com/products/content/sec_bhavdata_full_16032026.csv,True,
2026-03-17,NORMAL,https://nsearchives.nseindia.com/products/content/sec_bhavdata_full_17032026.csv,True,
2026-03-18,NORMAL,https://nsearchives.nseindia.com/products/content/sec_bhavdata_full_18032026.csv,True,
2026-03-19,NORMAL,https://nsearchives.nseindia.com/products/content/sec_bhavdata_full_19032026.csv,True,
2026-03-20,NORMAL,https://nsearchives.nseindia.com/products/content/sec_bhavdata_full_20032026.csv,True,
2026-03-21,UNKNOWN,,False,No official cash-market daily file found; treated as non-session.
2026-03-22,UNKNOWN,https://nsearchives.nseindia.com/products/content/sec_bhavdata_full_22032026.csv,False,Official file did not contain the requested trading date.
2026-03-23,NORMAL,https://nsearchives.nseindia.com/products/content/sec_bhavdata_full_23032026.csv,True,
2026-03-24,NORMAL,https://nsearchives.nseindia.com/products/content/sec_bhavdata_full_24032026.csv,True,
2026-03-25,NORMAL,https://nsearchives.nseindia.com/products/content/sec_bhavdata_full_25032026.csv,True,
2026-03-26,UNKNOWN,https://nsearchives.nseindia.com/products/content/sec_bhavdata_full_26032026.csv,False,Official file did not contain the requested trading date.
2026-03-27,NORMAL,https://nsearchives.nseindia.com/products/content/sec_bhavdata_full_27032026.csv,True,
2026-03-28,UNKNOWN,,False,No official cash-market daily file found; treated as non-session.
2026-03-29,UNKNOWN,https://nsearchives.nseindia.com/products/content/sec_bhavdata_full_29032026.csv,False,Official file did not contain the requested trading date.
2026-03-30,NORMAL,https://nsearchives.nseindia.com/products/content/sec_bhavdata_full_30032026.csv,True,
2026-03-31,UNKNOWN,https://nsearchives.nseindia.com/products/content/sec_bhavdata_full_31032026.csv,False,Official file did not contain the requested trading date.
2026-04-01,NORMAL,https://nsearchives.nseindia.com/products/content/sec_bhavdata_full_01042026.csv,True,
2026-04-02,NORMAL,https://nsearchives.nseindia.com/products/content/sec_bhavdata_full_02042026.csv,True,
2026-04-03,UNKNOWN,https://nsearchives.nseindia.com/products/content/sec_bhavdata_full_03042026.csv,False,Official file did not contain the requested trading date.
2026-04-04,UNKNOWN,,False,No official cash-market daily file found; treated as non-session.
2026-04-05,UNKNOWN,https://nsearchives.nseindia.com/products/content/sec_bhavdata_full_05042026.csv,False,Official file did not contain the requested trading date.
2026-04-06,NORMAL,https://nsearchives.nseindia.com/products/content/sec_bhavdata_full_06042026.csv,True,
2026-04-07,NORMAL,https://nsearchives.nseindia.com/products/content/sec_bhavdata_full_07042026.csv,True,
2026-04-08,NORMAL,https://nsearchives.nseindia.com/products/content/sec_bhavdata_full_08042026.csv,True,
2026-04-09,NORMAL,https://nsearchives.nseindia.com/products/content/sec_bhavdata_full_09042026.csv,True,
2026-04-10,NORMAL,https://nsearchives.nseindia.com/products/content/sec_bhavdata_full_10042026.csv,True,
2026-04-11,UNKNOWN,,False,No official cash-market daily file found; treated as non-session.
2026-04-12,UNKNOWN,https://nsearchives.nseindia.com/products/content/sec_bhavdata_full_12042026.csv,False,Official file did not contain the requested trading date.
2026-04-13,NORMAL,https://nsearchives.nseindia.com/products/content/sec_bhavdata_full_13042026.csv,True,
2026-04-14,UNKNOWN,https://nsearchives.nseindia.com/products/content/sec_bhavdata_full_14042026.csv,False,Official file did not contain the requested trading date.
2026-04-15,NORMAL,https://nsearchives.nseindia.com/products/content/sec_bhavdata_full_15042026.csv,True,
2026-04-16,NORMAL,https://nsearchives.nseindia.com/products/content/sec_bhavdata_full_16042026.csv,True,
2026-04-17,NORMAL,https://nsearchives.nseindia.com/products/content/sec_bhavdata_full_17042026.csv,True,
2026-04-18,UNKNOWN,,False,No official cash-market daily file found; treated as non-session.
2026-04-19,UNKNOWN,https://nsearchives.nseindia.com/products/content/sec_bhavdata_full_19042026.csv,False,Official file did not contain the requested trading date.
2026-04-20,NORMAL,https://nsearchives.nseindia.com/products/content/sec_bhavdata_full_20042026.csv,True,
2026-04-21,NORMAL,https://nsearchives.nseindia.com/products/content/sec_bhavdata_full_21042026.csv,True,
2026-04-22,NORMAL,https://nsearchives.nseindia.com/products/content/sec_bhavdata_full_22042026.csv,True,
2026-04-23,NORMAL,https://nsearchives.nseindia.com/products/content/sec_bhavdata_full_23042026.csv,True,
2026-04-24,NORMAL,https://nsearchives.nseindia.com/products/content/sec_bhavdata_full_24042026.csv,True,
2026-04-25,UNKNOWN,,False,No official cash-market daily file found; treated as non-session.
2026-04-26,UNKNOWN,https://nsearchives.nseindia.com/products/content/sec_bhavdata_full_26042026.csv,False,Official file did not contain the requested trading date.
2026-04-27,NORMAL,https://nsearchives.nseindia.com/products/content/sec_bhavdata_full_27042026.csv,True,
2026-04-28,NORMAL,https://nsearchives.nseindia.com/products/content/sec_bhavdata_full_28042026.csv,True,
2026-04-29,NORMAL,https://nsearchives.nseindia.com/products/content/sec_bhavdata_full_29042026.csv,True,
2026-04-30,NORMAL,https://nsearchives.nseindia.com/products/content/sec_bhavdata_full_30042026.csv,True,
2026-05-01,UNKNOWN,https://nsearchives.nseindia.com/products/content/sec_bhavdata_full_01052026.csv,False,Official file did not contain the requested trading date.
2026-05-02,UNKNOWN,,False,No official cash-market daily file found; treated as non-session.
2026-05-03,UNKNOWN,https://nsearchives.nseindia.com/products/content/sec_bhavdata_full_03052026.csv,False,Official file did not contain the requested trading date.
2026-05-04,NORMAL,https://nsearchives.nseindia.com/products/content/sec_bhavdata_full_04052026.csv,True,
2026-05-05,NORMAL,https://nsearchives.nseindia.com/products/content/sec_bhavdata_full_05052026.csv,True,
2026-05-06,NORMAL,https://nsearchives.nseindia.com/products/content/sec_bhavdata_full_06052026.csv,True,
2026-05-07,NORMAL,https://nsearchives.nseindia.com/products/content/sec_bhavdata_full_07052026.csv,True,
2026-05-08,NORMAL,https://nsearchives.nseindia.com/products/content/sec_bhavdata_full_08052026.csv,True,
2026-05-09,UNKNOWN,,False,No official cash-market daily file found; treated as non-session.
2026-05-10,UNKNOWN,https://nsearchives.nseindia.com/products/content/sec_bhavdata_full_10052026.csv,False,Official file did not contain the requested trading date.
2026-05-11,NORMAL,https://nsearchives.nseindia.com/products/content/sec_bhavdata_full_11052026.csv,True,
2026-05-12,NORMAL,https://nsearchives.nseindia.com/products/content/sec_bhavdata_full_12052026.csv,True,
2026-05-13,NORMAL,https://nsearchives.nseindia.com/products/content/sec_bhavdata_full_13052026.csv,True,
2026-05-14,NORMAL,https://nsearchives.nseindia.com/products/content/sec_bhavdata_full_14052026.csv,True,
2026-05-15,NORMAL,https://nsearchives.nseindia.com/products/content/sec_bhavdata_full_15052026.csv,True,
2026-05-16,UNKNOWN,,False,No official cash-market daily file found; treated as non-session.
2026-05-17,UNKNOWN,https://nsearchives.nseindia.com/products/content/sec_bhavdata_full_17052026.csv,False,Official file did not contain the requested trading date.
2026-05-18,NORMAL,https://nsearchives.nseindia.com/products/content/sec_bhavdata_full_18052026.csv,True,
2026-05-19,NORMAL,https://nsearchives.nseindia.com/products/content/sec_bhavdata_full_19052026.csv,True,
2026-05-20,NORMAL,https://nsearchives.nseindia.com/products/content/sec_bhavdata_full_20052026.csv,True,
2026-05-21,NORMAL,https://nsearchives.nseindia.com/products/content/sec_bhavdata_full_21052026.csv,True,
2026-05-22,NORMAL,https://nsearchives.nseindia.com/products/content/sec_bhavdata_full_22052026.csv,True,
2026-05-23,UNKNOWN,,False,No official cash-market daily file found; treated as non-session.
2026-05-24,UNKNOWN,https://nsearchives.nseindia.com/products/content/sec_bhavdata_full_24052026.csv,False,Official file did not contain the requested trading date.
2026-05-25,NORMAL,https://nsearchives.nseindia.com/products/content/sec_bhavdata_full_25052026.csv,True,
2026-05-26,NORMAL,https://nsearchives.nseindia.com/products/content/sec_bhavdata_full_26052026.csv,True,
2026-05-27,NORMAL,https://nsearchives.nseindia.com/products/content/sec_bhavdata_full_27052026.csv,True,
2026-05-28,UNKNOWN,https://nsearchives.nseindia.com/products/content/sec_bhavdata_full_28052026.csv,False,Official file did not contain the requested trading date.
2026-05-29,NORMAL,https://nsearchives.nseindia.com/products/content/sec_bhavdata_full_29052026.csv,True,
2026-05-30,UNKNOWN,,False,No official cash-market daily file found; treated as non-session.
2026-05-31,UNKNOWN,https://nsearchives.nseindia.com/products/content/sec_bhavdata_full_31052026.csv,False,Official file did not contain the requested trading date.
2026-06-01,NORMAL,https://nsearchives.nseindia.com/products/content/sec_bhavdata_full_01062026.csv,True,
2026-06-02,NORMAL,https://nsearchives.nseindia.com/products/content/sec_bhavdata_full_02062026.csv,True,
2026-06-03,NORMAL,https://nsearchives.nseindia.com/products/content/sec_bhavdata_full_03062026.csv,True,
2026-06-04,NORMAL,https://nsearchives.nseindia.com/products/content/sec_bhavdata_full_04062026.csv,True,
2026-06-05,NORMAL,https://nsearchives.nseindia.com/products/content/sec_bhavdata_full_05062026.csv,True,
2026-06-06,UNKNOWN,,False,No official cash-market daily file found; treated as non-session.
2026-06-07,UNKNOWN,https://nsearchives.nseindia.com/products/content/sec_bhavdata_full_07062026.csv,False,Official file did not contain the requested trading date.
2026-06-08,NORMAL,https://nsearchives.nseindia.com/products/content/sec_bhavdata_full_08062026.csv,True,
2026-06-09,NORMAL,https://nsearchives.nseindia.com/products/content/sec_bhavdata_full_09062026.csv,True,
2026-06-10,NORMAL,https://nsearchives.nseindia.com/products/content/sec_bhavdata_full_10062026.csv,True,
2026-06-11,NORMAL,https://nsearchives.nseindia.com/products/content/sec_bhavdata_full_11062026.csv,True,
2026-06-12,NORMAL,https://nsearchives.nseindia.com/products/content/sec_bhavdata_full_12062026.csv,True,
2026-06-13,UNKNOWN,,False,No official cash-market daily file found; treated as non-session.
2026-06-14,UNKNOWN,https://nsearchives.nseindia.com/products/content/sec_bhavdata_full_14062026.csv,False,Official file did not contain the requested trading date.
2026-06-15,NORMAL,https://nsearchives.nseindia.com/products/content/sec_bhavdata_full_15062026.csv,True,
2026-06-16,NORMAL,https://nsearchives.nseindia.com/products/content/sec_bhavdata_full_16062026.csv,True,
2026-06-17,NORMAL,https://nsearchives.nseindia.com/products/content/sec_bhavdata_full_17062026.csv,True,
2026-06-18,NORMAL,https://nsearchives.nseindia.com/products/content/sec_bhavdata_full_18062026.csv,True,
2026-06-19,NORMAL,https://nsearchives.nseindia.com/products/content/sec_bhavdata_full_19062026.csv,True,
2026-06-20,UNKNOWN,,False,No official cash-market daily file found; treated as non-session.
2026-06-21,UNKNOWN,https://nsearchives.nseindia.com/products/content/sec_bhavdata_full_21062026.csv,False,Official file did not contain the requested trading date.
2026-06-22,NORMAL,https://nsearchives.nseindia.com/products/content/sec_bhavdata_full_22062026.csv,True,
2026-06-23,NORMAL,https://nsearchives.nseindia.com/products/content/sec_bhavdata_full_23062026.csv,True,
2026-06-24,NORMAL,https://nsearchives.nseindia.com/products/content/sec_bhavdata_full_24062026.csv,True,
2026-06-25,NORMAL,https://nsearchives.nseindia.com/products/content/sec_bhavdata_full_25062026.csv,True,
2026-06-26,UNKNOWN,https://nsearchives.nseindia.com/products/content/sec_bhavdata_full_26062026.csv,False,Official file did not contain the requested trading date.
2026-06-27,UNKNOWN,,False,No official cash-market daily file found; treated as non-session.
2026-06-28,UNKNOWN,https://nsearchives.nseindia.com/products/content/sec_bhavdata_full_28062026.csv,False,Official file did not contain the requested trading date.
2026-06-29,NORMAL,https://nsearchives.nseindia.com/products/content/sec_bhavdata_full_29062026.csv,True,
2026-06-30,NORMAL,https://nsearchives.nseindia.com/products/content/sec_bhavdata_full_30062026.csv,True,
2026-07-01,NORMAL,https://nsearchives.nseindia.com/products/content/sec_bhavdata_full_01072026.csv,True,
2026-07-02,NORMAL,https://nsearchives.nseindia.com/products/content/sec_bhavdata_full_02072026.csv,True,
2026-07-03,NORMAL,https://nsearchives.nseindia.com/products/content/sec_bhavdata_full_03072026.csv,True,
2026-07-04,UNKNOWN,,False,No official cash-market daily file found; treated as non-session.
2026-07-05,UNKNOWN,https://nsearchives.nseindia.com/products/content/sec_bhavdata_full_05072026.csv,False,Official file did not contain the requested trading date.
2026-07-06,NORMAL,https://nsearchives.nseindia.com/products/content/sec_bhavdata_full_06072026.csv,True,
2026-07-07,NORMAL,https://nsearchives.nseindia.com/products/content/sec_bhavdata_full_07072026.csv,True,
2026-07-08,NORMAL,https://nsearchives.nseindia.com/products/content/sec_bhavdata_full_08072026.csv,True,
2026-07-09,NORMAL,https://nsearchives.nseindia.com/products/content/sec_bhavdata_full_09072026.csv,True,
2026-07-10,NORMAL,https://nsearchives.nseindia.com/products/content/sec_bhavdata_full_10072026.csv,True,
2026-07-11,UNKNOWN,,False,No official cash-market daily file found; treated as non-session.
2026-07-12,UNKNOWN,https://nsearchives.nseindia.com/products/content/sec_bhavdata_full_12072026.csv,False,Official file did not contain the requested trading date.
2026-07-13,NORMAL,https://nsearchives.nseindia.com/products/content/sec_bhavdata_full_13072026.csv,True,
2026-07-14,NORMAL,https://nsearchives.nseindia.com/products/content/sec_bhavdata_full_14072026.csv,True,
2026-07-15,NORMAL,https://nsearchives.nseindia.com/products/content/sec_bhavdata_full_15072026.csv,True,
2026-07-16,NORMAL,https://nsearchives.nseindia.com/products/content/sec_bhavdata_full_16072026.csv,True,
2026-07-17,NORMAL,https://nsearchives.nseindia.com/products/content/sec_bhavdata_full_17072026.csv,True,
2026-07-18,UNKNOWN,,False,No official cash-market daily file found; treated as non-session.
2026-07-19,UNKNOWN,https://nsearchives.nseindia.com/products/content/sec_bhavdata_full_19072026.csv,False,Official file did not contain the requested trading date.
2026-07-20,NORMAL,https://nsearchives.nseindia.com/products/content/sec_bhavdata_full_20072026.csv,True,
2026-07-21,NORMAL,https://nsearchives.nseindia.com/products/content/sec_bhavdata_full_21072026.csv,True,
2026-07-22,NORMAL,https://nsearchives.nseindia.com/products/content/sec_bhavdata_full_22072026.csv,True,
2026-07-23,NORMAL,https://nsearchives.nseindia.com/products/content/sec_bhavdata_full_23072026.csv,True,
2026-07-24,NORMAL,https://nsearchives.nseindia.com/products/content/sec_bhavdata_full_24072026.csv,True,
2026-07-25,UNKNOWN,,False,No official cash-market daily file found; treated as non-session.
2026-07-26,UNKNOWN,https://nsearchives.nseindia.com/products/content/sec_bhavdata_full_26072026.csv,False,Official file did not contain the requested trading date.
2026-07-27,NORMAL,https://nsearchives.nseindia.com/products/content/sec_bhavdata_full_27072026.csv,True,
2026-07-28,NORMAL,https://nsearchives.nseindia.com/products/content/sec_bhavdata_full_28072026.csv,True,
2026-07-29,NORMAL,https://nsearchives.nseindia.com/products/content/sec_bhavdata_full_29072026.csv,True,
2026-07-30,NORMAL,https://nsearchives.nseindia.com/products/content/sec_bhavdata_full_30072026.csv,True,
2026-07-31,NORMAL,https://nsearchives.nseindia.com/products/content/sec_bhavdata_full_31072026.csv,True,
2026-08-01,UNKNOWN,,False,No official cash-market daily file found; treated as non-session.
2026-08-02,UNKNOWN,https://nsearchives.nseindia.com/products/content/sec_bhavdata_full_02082026.csv,False,Official file did not contain the requested trading date.
2026-08-03,NORMAL,https://nsearchives.nseindia.com/products/content/sec_bhavdata_full_03082026.csv,True,
2026-08-04,NORMAL,https://nsearchives.nseindia.com/products/content/sec_bhavdata_full_04082026.csv,True,
2026-08-05,NORMAL,https://nsearchives.nseindia.com/products/content/sec_bhavdata_full_05082026.csv,True,
2026-08-06,NORMAL,https://nsearchives.nseindia.com/products/content/sec_bhavdata_full_06082026.csv,True,
2026-08-07,NORMAL,https://nsearchives.nseindia.com/products/content/sec_bhavdata_full_07082026.csv,True,
2026-08-08,UNKNOWN,,False,No official cash-market daily file found; treated as non-session.
2026-08-09,UNKNOWN,https://nsearchives.nseindia.com/products/content/sec_bhavdata_full_09082026.csv,False,Official file did not contain the requested trading date.
2026-08-10,NORMAL,https://nsearchives.nseindia.com/products/content/sec_bhavdata_full_10082026.csv,True,
2026-08-11,NORMAL,https://nsearchives.nseindia.com/products/content/sec_bhavdata_full_11082026.csv,True,
2026-08-12,NORMAL,https://nsearchives.nseindia.com/products/content/sec_bhavdata_full_12082026.csv,True,
2026-08-13,NORMAL,https://nsearchives.nseindia.com/products/content/sec_bhavdata_full_13082026.csv,True,
2026-08-14,NORMAL,https://nsearchives.nseindia.com/products/content/sec_bhavdata_full_14082026.csv,True,
2026-08-15,UNKNOWN,,False,No official cash-market daily file found; treated as non-session.
2026-08-16,UNKNOWN,https://nsearchives.nseindia.com/products/content/sec_bhavdata_full_16082026.csv,False,Official file did not contain the requested trading date.
2026-08-17,NORMAL,https://nsearchives.nseindia.com/products/content/sec_bhavdata_full_17082026.csv,True,
2026-08-18,NORMAL,https://nsearchives.nseindia.com/products/content/sec_bhavdata_full_18082026.csv,True,
2026-08-19,NORMAL,https://nsearchives.nseindia.com/products/content/sec_bhavdata_full_19082026.csv,True,
2026-08-20,NORMAL,https://nsearchives.nseindia.com/products/content/sec_bhavdata_full_20082026.csv,True,
2026-08-21,NORMAL,https://nsearchives.nseindia.com/products/content/sec_bhavdata_full_21082026.csv,True,
2026-08-22,UNKNOWN,,False,No official cash-market daily file found; treated as non-session.
2026-08-23,UNKNOWN,https://nsearchives.nseindia.com/products/content/sec_bhavdata_full_23082026.csv,False,Official file did not contain the requested trading date.
2026-08-24,NORMAL,https://nsearchives.nseindia.com/products/content/sec_bhavdata_full_24082026.csv,True,
2026-08-25,NORMAL,https://nsearchives.nseindia.com/products/content/sec_bhavdata_full_25082026.csv,True,
2026-08-26,NORMAL,https://nsearchives.nseindia.com/products/content/sec_bhavdata_full_26082026.csv,True,
2026-08-27,NORMAL,https://nsearchives.nseindia.com/products/content/sec_bhavdata_full_27082026.csv,True,
2026-08-28,NORMAL,https://nsearchives.nseindia.com/products/content/sec_bhavdata_full_28082026.csv,True,
2026-08-29,UNKNOWN,,False,No official cash-market daily file found; treated as non-session.
2026-08-30,UNKNOWN,https://nsearchives.nseindia.com/products/content/sec_bhavdata_full_30082026.csv,False,Official file did not contain the requested trading date.
2026-08-31,NORMAL,https://nsearchives.nseindia.com/products/content/sec_bhavdata_full_31082026.csv,True,
2026-09-01,NORMAL,https://nsearchives.nseindia.com/products/content/sec_bhavdata_full_01092026.csv,True,
2026-09-02,NORMAL,https://nsearchives.nseindia.com/products/content/sec_bhavdata_full_02092026.csv,True,
2026-09-03,NORMAL,https://nsearchives.nseindia.com/products/content/sec_bhavdata_full_03092026.csv,True,
2026-09-04,NORMAL,https://nsearchives.nseindia.com/products/content/sec_bhavdata_full_04092026.csv,True,
2026-09-05,UNKNOWN,,False,No official cash-market daily file found; treated as non-session.
2026-09-06,UNKNOWN,https://nsearchives.nseindia.com/products/content/sec_bhavdata_full_06092026.csv,False,Official file did not contain the requested trading date.
2026-09-07,NORMAL,https://nsearchives.nseindia.com/products/content/sec_bhavdata_full_07092026.csv,True,
